tag,experiment,model,recipe,tta_group,repeat_id,seed,split,n_test,accuracy,balanced_accuracy,top5_accuracy,precision_macro,recall_macro,f1_macro,precision_weighted,recall_weighted,f1_weighted,sensitivity_macro,specificity_macro,g_mean_macro,cohen_kappa,mcc,auc_macro_ovr,auc_weighted_ovr,average_precision_macro,log_loss,ece,n_zero_recall_classes,params_M,size_MB,gflops,latency_ms,latency_ms_single_pass,tta_views,fps,train_sec,n_epochs,best_epoch,select_src,hier_beta,proto_P1_accuracy,proto_P1_f1_macro,proto_P2_f1_macro,proto_P3_accuracy,proto_P3_f1_macro,proto_leakage_rate,proto_mean_prob_mass_on_absent,proto_off_plant_rate
proposed/Proposed_HMLA_CAFormerS18/seed42,proposed,caformer_s18.sail_in22k_ft_in1k,proposed,klein,0,42,internal_test,1077,0.983287,0.978913,1.0,0.980995,0.978913,0.977895,0.985978,0.983287,0.983177,0.978913,0.999175,0.976519,0.982377,0.982489,0.999717,0.999781,0.99268,0.117119,0.069613,0,23.897,91.16,3.970553856,45.502,11.375,4,22.0,985.0,16,7,ema,0.0,,,,,,,,
proposed/Proposed_HMLA_CAFormerS18/seed42,proposed,caformer_s18.sail_in22k_ft_in1k,proposed,klein,0,42,external,4800,0.69375,0.69375,0.944792,0.699676,0.69375,0.683729,0.699676,0.69375,0.683729,0.69375,0.9595,0.422005,0.639971,0.65117,0.939357,0.939357,0.789149,1.171541,0.04428,0,23.897,91.16,3.970553856,45.502,11.375,4,22.0,985.0,16,7,ema,0.0,0.69375,0.6837285374942921,0.19535101071265487,0.7520833333333333,0.7035588614498308,0.10375,0.21801604516058432,0.10375
benchmark/resnet50/seed42,benchmark,resnet50,standard,none,0,42,internal_test,1077,0.980501,0.975924,1.0,0.978421,0.975924,0.975044,0.983181,0.980501,0.980326,0.975924,0.999034,0.97352,0.979439,0.979554,0.999308,0.999399,0.989704,0.191986,0.12481,0,23.551,89.84,4.109507584,6.499,6.499,1,153.9,780.3,32,31,raw,,,,,,,,,
benchmark/resnet50/seed42,benchmark,resnet50,standard,none,0,42,external,4800,0.507292,0.507292,0.765208,0.681409,0.507292,0.549665,0.681409,0.507292,0.549665,0.507292,0.967,0.006152,0.445118,0.465383,0.88821,0.88821,0.711143,1.926177,0.060135,1,23.551,89.84,4.109507584,6.499,6.499,1,153.9,780.3,32,31,raw,,0.5072916666666667,0.5496645990110982,0.1570470282888852,0.6852083333333333,0.6351301479785006,0.3277083333333333,0.5452244343657366,0.3277083333333333
benchmark/resnet101/seed42,benchmark,resnet101,standard,none,0,42,internal_test,1077,0.975859,0.969722,0.999071,0.974049,0.969722,0.968504,0.980052,0.975859,0.975577,0.969722,0.998806,0.965435,0.974545,0.974725,0.999655,0.999705,0.992746,0.174231,0.099529,0,42.543,162.29,7.831964672,13.185,13.185,1,75.8,1202.4,32,24,raw,,,,,,,,,
benchmark/resnet101/seed42,benchmark,resnet101,standard,none,0,42,external,4800,0.631875,0.631875,0.86625,0.710519,0.631875,0.61535,0.710519,0.631875,0.61535,0.631875,0.950792,0.42905,0.568779,0.585427,0.904914,0.904914,0.721663,1.406744,0.040605,0,42.543,162.29,7.831964672,13.185,13.185,1,75.8,1202.4,32,24,raw,,0.631875,0.6153498165558487,0.1758142333016711,0.6758333333333333,0.6266810342065411,0.12208333333333334,0.2726130278679102,0.12208333333333334
benchmark/densenet121/seed42,benchmark,densenet121,standard,none,0,42,internal_test,1077,0.988858,0.98619,1.0,0.987023,0.98619,0.985858,0.989769,0.988858,0.988766,0.98619,0.999448,0.985316,0.988251,0.988293,0.999829,0.999862,0.996631,0.146783,0.105557,0,6.975,26.61,2.864544256,21.981,21.981,1,45.5,875.2,32,24,raw,,,,,,,,,
benchmark/densenet121/seed42,benchmark,densenet121,standard,none,0,42,external,4800,0.540417,0.540417,0.792292,0.742572,0.540417,0.610129,0.742572,0.540417,0.610129,0.540417,0.985917,0.006598,0.488325,0.509883,0.90165,0.90165,0.759805,1.798542,0.079451,1,6.975,26.61,2.864544256,21.981,21.981,1,45.5,875.2,32,24,raw,,0.5404166666666667,0.6101287661998217,0.1743225046285205,0.745,0.6899304976210167,0.38916666666666666,0.5524688700519437,0.38916666666666666
benchmark/densenet201/seed42,benchmark,densenet201,standard,none,0,42,internal_test,1077,0.987001,0.982679,0.999071,0.985192,0.982679,0.982104,0.989171,0.987001,0.986804,0.982679,0.999359,0.980382,0.986293,0.986389,0.998833,0.998946,0.992848,0.143848,0.09399,0,18.133,69.17,4.338991104,17.854,17.854,1,56.0,1212.2,25,16,raw,,,,,,,,,
benchmark/densenet201/seed42,benchmark,densenet201,standard,none,0,42,external,4800,0.6575,0.6575,0.830833,0.718139,0.6575,0.676595,0.718139,0.6575,0.676595,0.6575,0.969792,0.008133,0.604157,0.620653,0.904991,0.904991,0.760452,1.451887,0.0591,1,18.133,69.17,4.338991104,17.854,17.854,1,56.0,1212.2,25,16,raw,,0.6575,0.6765948216688668,0.19331280619110477,0.7533333333333333,0.7008632674274389,0.19145833333333334,0.365111879058295,0.19145833333333334
benchmark/vgg16/seed42,benchmark,vgg16,standard,none,0,42,internal_test,1077,0.98143,0.975111,0.999071,0.977846,0.975111,0.97559,0.982471,0.98143,0.981317,0.975111,0.99908,0.973109,0.980417,0.980467,0.998959,0.999062,0.994546,0.140656,0.094006,0,134.347,512.49,15.466258432,18.391,18.391,1,54.4,1688.4,32,25,raw,,,,,,,,,
benchmark/vgg16/seed42,benchmark,vgg16,standard,none,0,42,external,4800,0.178958,0.178958,0.670833,0.662784,0.178958,0.258275,0.662784,0.178958,0.258275,0.178958,0.987917,0.002163,0.144841,0.167354,0.790209,0.790209,0.560796,2.920347,0.279038,1,134.347,512.49,15.466258432,18.391,18.391,1,54.4,1688.4,32,25,raw,,0.17895833333333333,0.25827467713979163,0.07379276489708333,0.536875,0.5086704999423731,0.760625,0.7521242016709342,0.760625
benchmark/vgg19/seed42,benchmark,vgg19,standard,none,0,42,internal_test,1077,0.988858,0.985105,0.999071,0.985487,0.985105,0.985129,0.989052,0.988858,0.988834,0.985105,0.999449,0.984244,0.98825,0.98826,0.998843,0.998955,0.99288,0.136941,0.093686,0,139.656,532.75,19.628056576,7.08,7.08,1,141.2,1940.8,32,28,raw,,,,,,,,,
benchmark/vgg19/seed42,benchmark,vgg19,standard,none,0,42,external,4800,0.2975,0.2975,0.688125,0.716328,0.2975,0.408011,0.716328,0.2975,0.408011,0.2975,0.987542,0.003966,0.252687,0.290727,0.798342,0.798342,0.627225,2.616505,0.232203,1,139.656,532.75,19.628056576,7.08,7.08,1,141.2,1940.8,32,28,raw,,0.2975,0.40801108641965866,0.11657459611990245,0.6125,0.5911015049659368,0.6402083333333334,0.6745463440090801,0.6402083333333334
benchmark/inception_v3/seed42,benchmark,inception_v3,standard,none,0,42,internal_test,1077,0.986072,0.982619,0.998143,0.983007,0.982619,0.982391,0.986658,0.986072,0.98602,0.982619,0.99931,0.981686,0.985313,0.985344,0.997443,0.997997,0.983608,0.145256,0.090005,0,21.829,83.27,2.845264,9.857,9.857,1,101.4,645.4,32,26,raw,,,,,,,,,
benchmark/inception_v3/seed42,benchmark,inception_v3,standard,none,0,42,external,4800,0.53,0.53,0.810208,0.679286,0.53,0.579626,0.679286,0.53,0.579626,0.53,0.964792,0.006715,0.467317,0.487859,0.895417,0.895417,0.729297,1.787784,0.047212,1,21.829,83.27,2.845264,9.857,9.857,1,101.4,645.4,32,26,raw,,0.53,0.5796256060698761,0.16560731601996465,0.6964583333333333,0.650934940148806,0.2939583333333333,0.47454564917204456,0.2939583333333333
benchmark/legacy_xception/seed42,benchmark,legacy_xception,standard,none,0,42,internal_test,1077,0.983287,0.978164,0.998143,0.981559,0.978164,0.977555,0.986264,0.983287,0.983159,0.978164,0.999175,0.975343,0.982377,0.982502,0.998264,0.998725,0.991292,0.179752,0.108537,0,20.85,79.54,4.574196,4.712,4.712,1,212.2,960.0,32,23,raw,,,,,,,,,
benchmark/legacy_xception/seed42,benchmark,legacy_xception,standard,none,0,42,external,4800,0.607917,0.607917,0.876042,0.630458,0.607917,0.587509,0.630458,0.607917,0.587509,0.607917,0.944625,0.007264,0.540097,0.562359,0.892823,0.892823,0.717533,1.525342,0.053045,1,20.85,79.54,4.574196,4.712,4.712,1,212.2,960.0,32,23,raw,,0.6079166666666667,0.587508853222419,0.16785967234926255,0.6535416666666667,0.5966330768563757,0.11520833333333333,0.2761438560066381,0.11520833333333333
benchmark/resnext50_32x4d/seed42,benchmark,resnext50_32x4d,standard,none,0,42,internal_test,1077,0.986072,0.981934,0.999071,0.984223,0.981934,0.981541,0.98792,0.986072,0.98591,0.981934,0.999311,0.980081,0.985313,0.985395,0.999844,0.999881,0.99625,0.159137,0.111166,0,23.023,87.83,4.257376256,6.57,6.57,1,152.2,846.8,27,18,raw,,,,,,,,,
benchmark/resnext50_32x4d/seed42,benchmark,resnext50_32x4d,standard,none,0,42,external,4800,0.585625,0.585625,0.842292,0.659716,0.585625,0.591352,0.659716,0.585625,0.591352,0.585625,0.948083,0.299275,0.517682,0.535173,0.9058,0.9058,0.736877,1.561007,0.057325,0,23.023,87.83,4.257376256,6.57,6.57,1,152.2,846.8,27,18,raw,,0.585625,0.5913521656444902,0.1689577616127115,0.6541666666666667,0.6111565383878187,0.15479166666666666,0.34557121258564316,0.15479166666666666
benchmark/legacy_seresnext50_32x4d/seed42,benchmark,legacy_seresnext50_32x4d,standard,none,0,42,internal_test,1077,0.990715,0.986763,0.999071,0.989396,0.986763,0.986657,0.992375,0.990715,0.990553,0.986763,0.999542,0.984957,0.990209,0.990283,0.998728,0.998878,0.992,0.120438,0.069199,0,25.554,97.48,4.2598912,10.244,10.244,1,97.6,1097.1,32,26,raw,,,,,,,,,
benchmark/legacy_seresnext50_32x4d/seed42,benchmark,legacy_seresnext50_32x4d,standard,none,0,42,external,4800,0.657083,0.657083,0.865208,0.766695,0.657083,0.690643,0.766695,0.657083,0.690643,0.657083,0.975625,0.432771,0.605922,0.61916,0.932542,0.932542,0.804729,1.32434,0.065631,0,25.554,97.48,4.2598912,10.244,10.244,1,97.6,1097.1,32,26,raw,,0.6570833333333334,0.6906430381405008,0.19732658232585734,0.7545833333333334,0.7112262667092989,0.22104166666666666,0.31184049576965206,0.22104166666666666
benchmark/mobilenetv3_large_100/seed42,benchmark,mobilenetv3_large_100,standard,none,0,42,internal_test,1077,0.983287,0.979407,0.999071,0.980414,0.979407,0.978748,0.985059,0.983287,0.983321,0.979407,0.999174,0.978063,0.982377,0.982445,0.998987,0.999089,0.993711,0.199702,0.138426,0,4.229,16.13,0.224183296,9.962,9.962,1,100.4,366.3,23,14,raw,,,,,,,,,
benchmark/mobilenetv3_large_100/seed42,benchmark,mobilenetv3_large_100,standard,none,0,42,external,4800,0.608125,0.608125,0.791042,0.745884,0.608125,0.646261,0.745884,0.608125,0.646261,0.608125,0.969417,0.385906,0.551199,0.565374,0.886694,0.886694,0.744181,1.731863,0.206501,0,4.229,16.13,0.224183296,9.962,9.962,1,100.4,366.3,23,14,raw,,0.608125,0.6462608430246037,0.18464595514988677,0.7079166666666666,0.6640411824664953,0.23895833333333333,0.5128334269392023,0.23895833333333333
benchmark/mobilenetv2_100/seed42,benchmark,mobilenetv2_100,standard,none,0,42,internal_test,1077,0.97493,0.969766,0.999071,0.971565,0.969766,0.968771,0.977869,0.97493,0.975023,0.969766,0.99876,0.967372,0.973566,0.973677,0.999422,0.9995,0.989924,0.170512,0.094611,0,2.251,8.59,0.312940096,4.422,4.422,1,226.1,489.6,32,26,raw,,,,,,,,,
benchmark/mobilenetv2_100/seed42,benchmark,mobilenetv2_100,standard,none,0,42,external,4800,0.448333,0.448333,0.734583,0.651472,0.448333,0.501797,0.651472,0.448333,0.501797,0.448333,0.960458,0.005607,0.381766,0.401401,0.877809,0.877809,0.689555,2.059994,0.045575,1,2.251,8.59,0.312940096,4.422,4.422,1,226.1,489.6,32,26,raw,,0.4483333333333333,0.5017970208448458,0.14337057738424164,0.61875,0.5735830476604916,0.3539583333333333,0.537027873434209,0.3539583333333333
benchmark/efficientnet_b0/seed42,benchmark,efficientnet_b0,standard,none,0,42,internal_test,1077,0.979573,0.973325,1.0,0.975216,0.973325,0.972902,0.981084,0.979573,0.979367,0.973325,0.99899,0.970442,0.97846,0.978536,0.999608,0.999705,0.990829,0.159798,0.094677,0,4.034,15.39,0.398099744,12.962,12.962,1,77.2,487.3,27,18,raw,,,,,,,,,
benchmark/efficientnet_b0/seed42,benchmark,efficientnet_b0,standard,none,0,42,external,4800,0.522917,0.522917,0.870417,0.744201,0.522917,0.588154,0.744201,0.522917,0.588154,0.522917,0.965,0.411018,0.460118,0.479115,0.901858,0.901858,0.715802,1.680723,0.100525,0,4.034,15.39,0.398099744,12.962,12.962,1,77.2,487.3,27,18,raw,,0.5229166666666667,0.5881539410840536,0.16804398316687244,0.7027083333333334,0.6852689250752374,0.3020833333333333,0.5119694770928891,0.3020833333333333
benchmark/efficientnet_b3/seed42,benchmark,efficientnet_b3,standard,none,0,42,internal_test,1077,0.975859,0.970118,1.0,0.97241,0.970118,0.969561,0.977981,0.975859,0.975633,0.970118,0.998804,0.967354,0.974544,0.974649,0.999323,0.999431,0.988015,0.213308,0.128832,0,10.729,40.93,0.987252112,20.767,20.767,1,48.2,580.7,20,11,raw,,,,,,,,,
benchmark/efficientnet_b3/seed42,benchmark,efficientnet_b3,standard,none,0,42,external,4800,0.659792,0.659792,0.8775,0.730724,0.659792,0.651035,0.730724,0.659792,0.651035,0.659792,0.951167,0.464494,0.599444,0.614367,0.908919,0.908919,0.734259,1.440239,0.170343,0,10.729,40.93,0.987252112,20.767,20.767,1,48.2,580.7,20,11,raw,,0.6597916666666667,0.6510348004428596,0.18600994298367415,0.6983333333333334,0.6588124077370088,0.09604166666666666,0.37081666232767624,0.09604166666666666
benchmark/mnasnet_100/seed42,benchmark,mnasnet_100,standard,none,0,42,internal_test,1077,0.978644,0.974151,1.0,0.975402,0.974151,0.973356,0.980464,0.978644,0.97851,0.974151,0.998942,0.972084,0.977481,0.977566,0.999629,0.999695,0.991026,0.175481,0.107962,0,3.129,11.94,0.324138752,5.516,5.516,1,181.3,443.7,32,24,raw,,,,,,,,,
benchmark/mnasnet_100/seed42,benchmark,mnasnet_100,standard,none,0,42,external,4800,0.635417,0.635417,0.866667,0.69049,0.635417,0.631747,0.69049,0.635417,0.631747,0.635417,0.947708,0.29038,0.571341,0.595285,0.887511,0.887511,0.744418,1.510564,0.168809,0,3.129,11.94,0.324138752,5.516,5.516,1,181.3,443.7,32,24,raw,,0.6354166666666666,0.6317472394453402,0.18049921127009722,0.6875,0.6486494944949883,0.103125,0.35609926095457317,0.103125
benchmark/regnety_016/seed42,benchmark,regnety_016,standard,none,0,42,internal_test,1077,0.982358,0.978524,1.0,0.97982,0.978524,0.978721,0.982938,0.982358,0.982322,0.978524,0.999123,0.977583,0.981396,0.981422,0.999712,0.999773,0.99236,0.203094,0.14789,0,10.332,39.41,1.627317616,16.169,16.169,1,61.8,393.5,16,7,raw,,,,,,,,,
benchmark/regnety_016/seed42,benchmark,regnety_016,standard,none,0,42,external,4800,0.66,0.66,0.831042,0.675826,0.66,0.648656,0.675826,0.66,0.648656,0.66,0.951042,0.008142,0.599624,0.622265,0.902367,0.902367,0.723872,1.495336,0.122892,1,10.332,39.41,1.627317616,16.169,16.169,1,61.8,393.5,16,7,raw,,0.66,0.6486563904632456,0.18533039727521303,0.7025,0.658676433649663,0.09520833333333334,0.3148907619530473,0.09520833333333334
benchmark/ghostnet_100/seed42,benchmark,ghostnet_100,standard,none,0,42,internal_test,1077,0.98143,0.975949,1.0,0.978369,0.975949,0.975602,0.983433,0.98143,0.981317,0.975949,0.999082,0.973594,0.980418,0.980508,0.999497,0.999584,0.989774,0.177119,0.115668,0,3.928,14.99,0.147020816,10.109,10.109,1,98.9,504.1,32,28,raw,,,,,,,,,
benchmark/ghostnet_100/seed42,benchmark,ghostnet_100,standard,none,0,42,external,4800,0.610208,0.610208,0.846042,0.795434,0.610208,0.661752,0.795434,0.610208,0.661752,0.610208,0.979375,0.370875,0.557613,0.572864,0.925733,0.925733,0.782679,1.533922,0.155947,0,3.928,14.99,0.147020816,10.109,10.109,1,98.9,504.1,32,28,raw,,0.6102083333333334,0.6617522639392297,0.1890720754112085,0.7460416666666667,0.7025365103132852,0.2866666666666667,0.48190163623550686,0.2866666666666667
benchmark/convnext_tiny/seed42,benchmark,convnext_tiny,standard,none,0,42,internal_test,1077,0.98143,0.976627,1.0,0.978518,0.976627,0.976308,0.983079,0.98143,0.981335,0.976627,0.99908,0.974741,0.980418,0.980491,0.999654,0.999713,0.993451,0.152883,0.101398,0,27.836,106.19,4.469685504,5.582,5.582,1,179.2,481.7,19,10,raw,,,,,,,,,
benchmark/convnext_tiny/seed42,benchmark,convnext_tiny,standard,none,0,42,external,4800,0.622708,0.622708,0.809792,0.669434,0.622708,0.64093,0.669434,0.622708,0.64093,0.622708,0.963042,0.286567,0.564035,0.574674,0.930599,0.930599,0.769341,1.520488,0.089498,0,27.836,106.19,4.469685504,5.582,5.582,1,179.2,481.7,19,10,raw,,0.6227083333333333,0.6409297710673899,0.18312279173353999,0.7166666666666667,0.6670324790338951,0.1925,0.31754403003723686,0.1925
benchmark/convnext_small/seed42,benchmark,convnext_small,standard,none,0,42,internal_test,1077,0.976787,0.972873,0.999071,0.9761,0.972873,0.972148,0.979849,0.976787,0.976513,0.972873,0.998846,0.97014,0.975523,0.975673,0.99882,0.99894,0.989316,0.149235,0.077373,0,49.471,188.72,8.704640256,10.224,10.224,1,97.8,834.3,18,9,raw,,,,,,,,,
benchmark/convnext_small/seed42,benchmark,convnext_small,standard,none,0,42,external,4800,0.600833,0.600833,0.821667,0.674943,0.600833,0.606444,0.674943,0.600833,0.606444,0.600833,0.95875,0.237345,0.538795,0.558049,0.937174,0.937174,0.803064,1.560756,0.138182,0,49.471,188.72,8.704640256,10.224,10.224,1,97.8,834.3,18,9,raw,,0.6008333333333333,0.606444343325875,0.17326981237882144,0.6908333333333333,0.645713248826476,0.19291666666666665,0.27850529023811155,0.19291666666666665
benchmark/vit_small_patch16_224/seed42,benchmark,vit_small_patch16_224,standard,none,0,42,internal_test,1077,0.983287,0.978044,0.999071,0.980552,0.978044,0.977822,0.985226,0.983287,0.98322,0.978044,0.999173,0.975767,0.982376,0.982459,0.998951,0.999087,0.988842,0.146834,0.086315,0,21.674,82.68,4.250298624,4.101,4.101,1,243.8,540.8,29,20,raw,,,,,,,,,
benchmark/vit_small_patch16_224/seed42,benchmark,vit_small_patch16_224,standard,none,0,42,external,4800,0.655417,0.655417,0.83125,0.704225,0.655417,0.666263,0.704225,0.655417,0.666263,0.655417,0.964542,0.320834,0.599887,0.613592,0.93209,0.93209,0.788105,1.392692,0.037724,0,21.674,82.68,4.250298624,4.101,4.101,1,243.8,540.8,29,20,raw,,0.6554166666666666,0.6662634395439647,0.1903609827268471,0.7304166666666667,0.6804094202770002,0.16729166666666667,0.3203933617172455,0.16729166666666667
benchmark/vit_base_patch16_224/seed42,benchmark,vit_base_patch16_224,standard,none,0,42,internal_test,1077,0.98143,0.977302,0.999071,0.978186,0.977302,0.976747,0.982796,0.98143,0.98138,0.977302,0.99908,0.975792,0.980419,0.980477,0.998599,0.998699,0.989813,0.141795,0.087601,0,85.815,327.36,16.866660864,8.117,8.117,1,123.2,1025.8,23,14,raw,,,,,,,,,
benchmark/vit_base_patch16_224/seed42,benchmark,vit_base_patch16_224,standard,none,0,42,external,4800,0.510417,0.510417,0.79625,0.715385,0.510417,0.548548,0.715385,0.510417,0.548548,0.510417,0.949375,0.255204,0.439029,0.459763,0.867315,0.867315,0.68537,1.950692,0.199437,0,85.815,327.36,16.866660864,8.117,8.117,1,123.2,1025.8,23,14,raw,,0.5104166666666666,0.5485476131097223,0.1567278894599207,0.6610416666666666,0.6261901474469972,0.23645833333333333,0.3215159583229797,0.23645833333333333
benchmark/swin_tiny_patch4_window7_224/seed42,benchmark,swin_tiny_patch4_window7_224,standard,none,0,42,internal_test,1077,0.988858,0.984631,0.999071,0.984755,0.984631,0.98438,0.98923,0.988858,0.98882,0.984631,0.999451,0.983459,0.988251,0.988269,0.998832,0.998952,0.991459,0.124523,0.08745,0,27.536,105.04,4.508442624,10.251,10.251,1,97.6,1099.0,32,26,raw,,,,,,,,,
benchmark/swin_tiny_patch4_window7_224/seed42,benchmark,swin_tiny_patch4_window7_224,standard,none,0,42,external,4800,0.599167,0.599167,0.805,0.724914,0.599167,0.646407,0.724914,0.599167,0.646407,0.599167,0.973417,0.308522,0.543463,0.558612,0.908081,0.908081,0.756512,1.614306,0.084376,0,27.536,105.04,4.508442624,10.251,10.251,1,97.6,1099.0,32,26,raw,,0.5991666666666666,0.6464069723112373,0.18468770637463924,0.7110416666666667,0.6720321472285534,0.2679166666666667,0.3770213294718754,0.2679166666666667
benchmark/swin_small_patch4_window7_224/seed42,benchmark,swin_small_patch4_window7_224,standard,none,0,42,internal_test,1077,0.987001,0.982074,0.999071,0.982901,0.982074,0.982079,0.987459,0.987001,0.986941,0.982074,0.999358,0.980589,0.986292,0.986316,0.9988,0.998929,0.992637,0.129806,0.079582,0,48.853,186.36,8.767782912,19.666,19.666,1,50.8,1812.2,32,25,raw,,,,,,,,,
benchmark/swin_small_patch4_window7_224/seed42,benchmark,swin_small_patch4_window7_224,standard,none,0,42,external,4800,0.68375,0.68375,0.816667,0.738622,0.68375,0.706768,0.738622,0.68375,0.706768,0.68375,0.978667,0.008444,0.635767,0.651404,0.950158,0.950158,0.826217,1.337523,0.108143,1,48.853,186.36,8.767782912,19.666,19.666,1,50.8,1812.2,32,25,raw,,0.68375,0.7067677361524262,0.20193363890069319,0.761875,0.7105929069000031,0.20958333333333334,0.28927975977060366,0.20958333333333334
benchmark/deit3_small_patch16_224/seed42,benchmark,deit3_small_patch16_224,standard,none,0,42,internal_test,1077,0.983287,0.97846,0.999071,0.980538,0.97846,0.978066,0.985007,0.983287,0.983135,0.97846,0.999173,0.976203,0.982376,0.982455,0.998857,0.998972,0.993929,0.138496,0.092433,0,21.683,82.71,4.250298624,6.18,6.18,1,161.8,588.4,30,21,raw,,,,,,,,,
benchmark/deit3_small_patch16_224/seed42,benchmark,deit3_small_patch16_224,standard,none,0,42,external,4800,0.44625,0.44625,0.8075,0.757443,0.44625,0.538377,0.757443,0.44625,0.538377,0.44625,0.988792,0.214264,0.395657,0.419793,0.902793,0.902793,0.722038,2.031747,0.170872,0,21.683,82.71,4.250298624,6.18,6.18,1,161.8,588.4,30,21,raw,,0.44625,0.5383769534590442,0.15382198670258407,0.7314583333333333,0.7038682568398307,0.4977083333333333,0.548888182510788,0.4977083333333333
benchmark/caformer_s18.sail_in22k_ft_in1k/seed42,benchmark,caformer_s18.sail_in22k_ft_in1k,standard,none,0,42,internal_test,1077,0.979573,0.973891,1.0,0.97778,0.973891,0.973672,0.98203,0.979573,0.979278,0.973891,0.998988,0.970914,0.978459,0.978573,0.999679,0.999745,0.991077,0.149455,0.08614,0,24.336,92.83,3.894573824,10.602,10.602,1,94.3,662.0,14,5,raw,,,,,,,,,
benchmark/caformer_s18.sail_in22k_ft_in1k/seed42,benchmark,caformer_s18.sail_in22k_ft_in1k,standard,none,0,42,external,4800,0.674583,0.674583,0.830208,0.699678,0.674583,0.663887,0.699678,0.674583,0.663887,0.674583,0.960708,0.008138,0.619318,0.6401,0.925676,0.925676,0.775344,1.379223,0.033592,1,24.336,92.83,3.894573824,10.602,10.602,1,94.3,662.0,14,5,raw,,0.6745833333333333,0.6638867999070904,0.18968194283059728,0.74,0.6838719818180533,0.12895833333333334,0.27881028958835186,0.12895833333333334
proposed/Proposed_HMLA_CAFormerS18/seed1234,proposed,caformer_s18.sail_in22k_ft_in1k,proposed,klein,0,1234,internal_test,1077,0.989786,0.986477,1.0,0.98663,0.986477,0.986516,0.989853,0.989786,0.989788,0.986477,0.999495,0.986133,0.98923,0.989232,0.999907,0.99993,0.997602,0.112985,0.083868,0,23.897,91.16,3.970553856,50.107,12.527,4,20.0,1502.1,26,17,raw,0.0,,,,,,,,
proposed/Proposed_HMLA_CAFormerS18/seed1234,proposed,caformer_s18.sail_in22k_ft_in1k,proposed,klein,0,1234,external,4800,0.705417,0.705417,0.86375,0.671565,0.705417,0.684731,0.671565,0.705417,0.684731,0.705417,0.957792,0.008647,0.652309,0.665216,0.934372,0.934372,0.763554,1.251815,0.080733,1,23.897,91.16,3.970553856,50.107,12.527,4,20.0,1502.1,26,17,raw,0.0,0.7054166666666667,0.6847314835225591,0.19563756672073113,0.7491666666666666,0.6966283375647088,0.08354166666666667,0.18165961409754042,0.08354166666666667
benchmark/resnet50/seed1234,benchmark,resnet50,standard,none,0,1234,internal_test,1077,0.977716,0.97375,1.0,0.973189,0.97375,0.972507,0.978995,0.977716,0.977621,0.97375,0.998897,0.972134,0.976503,0.976566,0.999554,0.999609,0.990472,0.190013,0.115929,0,23.551,89.84,4.109507584,10.271,10.271,1,97.4,801.3,32,24,raw,,,,,,,,,
benchmark/resnet50/seed1234,benchmark,resnet50,standard,none,0,1234,external,4800,0.62,0.62,0.860833,0.736874,0.62,0.633478,0.736874,0.62,0.633478,0.62,0.960917,0.326922,0.560235,0.578047,0.911852,0.911852,0.753424,1.477755,0.092144,0,23.551,89.84,4.109507584,10.271,10.271,1,97.4,801.3,32,24,raw,,0.62,0.6334781421762917,0.1809937549075119,0.69625,0.6534199137725321,0.18458333333333332,0.39602925565087693,0.18458333333333332
benchmark/resnet101/seed1234,benchmark,resnet101,standard,none,0,1234,internal_test,1077,0.975859,0.970774,1.0,0.971992,0.970774,0.971139,0.976254,0.975859,0.975838,0.970774,0.9988,0.96954,0.974542,0.974562,0.999533,0.999608,0.989017,0.18962,0.11219,0,42.543,162.29,7.831964672,12.567,12.567,1,79.6,1127.4,32,27,raw,,,,,,,,,
benchmark/resnet101/seed1234,benchmark,resnet101,standard,none,0,1234,external,4800,0.6525,0.6525,0.888958,0.635332,0.6525,0.62058,0.635332,0.6525,0.62058,0.6525,0.945125,0.376087,0.589011,0.603692,0.906507,0.906507,0.706316,1.363989,0.046378,0,42.543,162.29,7.831964672,12.567,12.567,1,79.6,1127.4,32,27,raw,,0.6525,0.620579632044975,0.1773084662985643,0.676875,0.6228265905159541,0.073125,0.23106912496275678,0.073125
benchmark/densenet121/seed1234,benchmark,densenet121,standard,none,0,1234,internal_test,1077,0.987929,0.984456,1.0,0.985312,0.984456,0.984767,0.988104,0.987929,0.987917,0.984456,0.999401,0.983918,0.987271,0.98728,0.999852,0.999884,0.995614,0.145269,0.104937,0,6.975,26.61,2.864544256,17.565,17.565,1,56.9,891.1,31,22,raw,,,,,,,,,
benchmark/densenet121/seed1234,benchmark,densenet121,standard,none,0,1234,external,4800,0.528333,0.528333,0.783958,0.825098,0.528333,0.601074,0.825098,0.528333,0.601074,0.528333,0.985458,0.237251,0.475825,0.496938,0.888275,0.888275,0.738741,1.880231,0.087,0,6.975,26.61,2.864544256,17.565,17.565,1,56.9,891.1,31,22,raw,,0.5283333333333333,0.6010739213634694,0.1717354061038484,0.7416666666666667,0.687333426207648,0.39895833333333336,0.5617714442029743,0.39895833333333336
benchmark/densenet201/seed1234,benchmark,densenet201,standard,none,0,1234,internal_test,1077,0.987929,0.984352,1.0,0.984298,0.984352,0.984078,0.988344,0.987929,0.987937,0.984352,0.999404,0.983776,0.987272,0.987289,0.999907,0.999934,0.997211,0.144729,0.111421,0,18.133,69.17,4.338991104,35.258,35.258,1,28.4,1455.0,32,25,raw,,,,,,,,,
benchmark/densenet201/seed1234,benchmark,densenet201,standard,none,0,1234,external,4800,0.707708,0.707708,0.825417,0.71513,0.707708,0.699877,0.71513,0.707708,0.699877,0.707708,0.962208,0.008702,0.656352,0.675464,0.920108,0.920108,0.786643,1.375916,0.120273,1,18.133,69.17,4.338991104,35.258,35.258,1,28.4,1455.0,32,25,raw,,0.7077083333333334,0.6998766517494452,0.1999647576426986,0.7495833333333334,0.7016369958674162,0.10333333333333333,0.3324570977469375,0.10333333333333333
benchmark/vgg16/seed1234,benchmark,vgg16,standard,none,0,1234,internal_test,1077,0.987929,0.984914,1.0,0.985109,0.984914,0.984676,0.988385,0.987929,0.987914,0.984914,0.999403,0.984322,0.987272,0.987291,0.999893,0.99992,0.997187,0.128193,0.099527,0,134.347,512.49,15.466258432,6.254,6.254,1,159.9,14801.2,32,23,raw,,,,,,,,,
benchmark/vgg16/seed1234,benchmark,vgg16,standard,none,0,1234,external,4800,0.297083,0.297083,0.750625,0.682931,0.297083,0.383778,0.682931,0.297083,0.383778,0.297083,0.977458,0.003783,0.245556,0.275079,0.846597,0.846597,0.654749,2.509435,0.194575,1,134.347,512.49,15.466258432,6.254,6.254,1,159.9,14801.2,32,23,raw,,0.2970833333333333,0.3837779206125181,0.10965083446071948,0.6508333333333334,0.6113250386142896,0.5902083333333333,0.6627189914471334,0.5902083333333333
benchmark/vgg19/seed1234,benchmark,vgg19,standard,none,0,1234,internal_test,1077,0.990715,0.98898,1.0,0.988671,0.98898,0.988676,0.990954,0.990715,0.990715,0.98898,0.99954,0.988705,0.990209,0.990219,0.999805,0.999849,0.993689,0.132357,0.095949,0,139.656,532.75,19.628056576,6.832,6.832,1,146.4,1859.9,32,23,raw,,,,,,,,,
benchmark/vgg19/seed1234,benchmark,vgg19,standard,none,0,1234,external,4800,0.297083,0.297083,0.780833,0.731728,0.297083,0.401756,0.731728,0.297083,0.401756,0.297083,0.98775,0.135423,0.252437,0.294863,0.7899,0.7899,0.620897,2.597791,0.25697,0,139.656,532.75,19.628056576,6.832,6.832,1,146.4,1859.9,32,23,raw,,0.2970833333333333,0.40175593494036166,0.11478740998296047,0.64,0.6241146039637591,0.6416666666666667,0.6697079861471381,0.6416666666666667
benchmark/inception_v3/seed1234,benchmark,inception_v3,standard,none,0,1234,internal_test,1077,0.987001,0.98368,1.0,0.983412,0.98368,0.983169,0.987533,0.987001,0.98699,0.98368,0.999358,0.982852,0.986293,0.986315,0.999847,0.999883,0.996074,0.139371,0.097222,0,21.829,83.27,2.845264,15.218,15.218,1,65.7,750.3,32,27,raw,,,,,,,,,
benchmark/inception_v3/seed1234,benchmark,inception_v3,standard,none,0,1234,external,4800,0.517292,0.517292,0.784583,0.677656,0.517292,0.560026,0.677656,0.517292,0.560026,0.517292,0.956667,0.241618,0.450014,0.470263,0.884196,0.884196,0.695397,1.855099,0.071775,0,21.829,83.27,2.845264,15.218,15.218,1,65.7,750.3,32,27,raw,,0.5172916666666667,0.5600257903984495,0.16000736868527124,0.654375,0.6144092214800653,0.2660416666666667,0.4637740190262654,0.2660416666666667
benchmark/legacy_xception/seed1234,benchmark,legacy_xception,standard,none,0,1234,internal_test,1077,0.985144,0.981636,1.0,0.983009,0.981636,0.981375,0.986537,0.985144,0.985135,0.981636,0.999265,0.980729,0.984335,0.984391,0.999832,0.999865,0.995957,0.273856,0.205207,0,20.85,79.54,4.574196,4.717,4.717,1,212.0,712.3,24,15,raw,,,,,,,,,
benchmark/legacy_xception/seed1234,benchmark,legacy_xception,standard,none,0,1234,external,4800,0.610208,0.610208,0.857917,0.666027,0.610208,0.613523,0.666027,0.610208,0.613523,0.610208,0.953042,0.24845,0.546314,0.563748,0.905786,0.905786,0.726786,1.590259,0.134809,0,20.85,79.54,4.574196,4.717,4.717,1,212.0,712.3,24,15,raw,,0.6102083333333334,0.6135234516974886,0.17529241477071103,0.67875,0.628832191934122,0.155,0.3972117490974536,0.155
benchmark/resnext50_32x4d/seed1234,benchmark,resnext50_32x4d,standard,none,0,1234,internal_test,1077,0.987001,0.984717,1.0,0.984161,0.984717,0.984145,0.987492,0.987001,0.98701,0.984717,0.999356,0.98425,0.986293,0.986314,0.99973,0.999761,0.994077,0.167855,0.117598,0,23.023,87.83,4.257376256,8.627,8.627,1,115.9,834.2,27,18,raw,,,,,,,,,
benchmark/resnext50_32x4d/seed1234,benchmark,resnext50_32x4d,standard,none,0,1234,external,4800,0.628333,0.628333,0.836042,0.657826,0.628333,0.630655,0.657826,0.628333,0.630655,0.628333,0.9595,0.00767,0.568596,0.583168,0.919288,0.919288,0.748492,1.488546,0.059764,1,23.023,87.83,4.257376256,8.627,8.627,1,115.9,834.2,27,18,raw,,0.6283333333333333,0.6306549241194964,0.18018712117699898,0.7083333333333334,0.6551734440434126,0.16916666666666666,0.37912308016789514,0.16916666666666666
benchmark/legacy_seresnext50_32x4d/seed1234,benchmark,legacy_seresnext50_32x4d,standard,none,0,1234,internal_test,1077,0.990715,0.988068,1.0,0.98757,0.988068,0.987692,0.990942,0.990715,0.990724,0.988068,0.999542,0.987685,0.990209,0.990218,0.998547,0.998956,0.990351,0.121343,0.080954,0,25.554,97.48,4.2598912,7.139,7.139,1,140.1,1039.8,31,22,raw,,,,,,,,,
benchmark/legacy_seresnext50_32x4d/seed1234,benchmark,legacy_seresnext50_32x4d,standard,none,0,1234,external,4800,0.709167,0.709167,0.880208,0.744918,0.709167,0.711596,0.744918,0.709167,0.711596,0.709167,0.969292,0.342787,0.660327,0.675486,0.917539,0.917539,0.767296,1.251446,0.053123,0,25.554,97.48,4.2598912,7.139,7.139,1,140.1,1039.8,31,22,raw,,0.7091666666666666,0.711596488586924,0.20331328245340688,0.7620833333333333,0.7169137495184223,0.13729166666666667,0.2540453480198812,0.13729166666666667
benchmark/mobilenetv3_large_100/seed1234,benchmark,mobilenetv3_large_100,standard,none,0,1234,internal_test,1077,0.98143,0.976634,1.0,0.980425,0.976634,0.977411,0.983271,0.98143,0.981483,0.976634,0.999078,0.975411,0.980417,0.980493,0.999857,0.999882,0.996507,0.179373,0.11939,0,4.229,16.13,0.224183296,7.387,7.387,1,135.4,555.3,31,22,raw,,,,,,,,,
benchmark/mobilenetv3_large_100/seed1234,benchmark,mobilenetv3_large_100,standard,none,0,1234,external,4800,0.527708,0.527708,0.772708,0.696803,0.527708,0.592772,0.696803,0.527708,0.592772,0.527708,0.973917,0.006766,0.469521,0.490478,0.871787,0.871787,0.732954,1.985429,0.130916,1,4.229,16.13,0.224183296,7.387,7.387,1,135.4,555.3,31,22,raw,,0.5277083333333333,0.5927718471387523,0.16936338489678637,0.6991666666666667,0.6499535671609219,0.341875,0.5623908893647785,0.341875
benchmark/mobilenetv2_100/seed1234,benchmark,mobilenetv2_100,standard,none,0,1234,internal_test,1077,0.978644,0.973971,1.0,0.973192,0.973971,0.973345,0.97912,0.978644,0.97868,0.973971,0.998943,0.972788,0.977481,0.9775,0.999665,0.99972,0.992559,0.155192,0.095861,0,2.251,8.59,0.312940096,4.975,4.975,1,201.0,545.7,32,28,raw,,,,,,,,,
benchmark/mobilenetv2_100/seed1234,benchmark,mobilenetv2_100,standard,none,0,1234,external,4800,0.40625,0.40625,0.741667,0.662022,0.40625,0.456641,0.662022,0.40625,0.456641,0.40625,0.954625,0.165161,0.336206,0.357928,0.859959,0.859959,0.659354,2.14323,0.048249,0,2.251,8.59,0.312940096,4.975,4.975,1,201.0,545.7,32,28,raw,,0.40625,0.4566407011352236,0.13046877175292101,0.57375,0.554358063962835,0.366875,0.5527118939504059,0.366875
benchmark/efficientnet_b0/seed1234,benchmark,efficientnet_b0,standard,none,0,1234,internal_test,1077,0.990715,0.988753,1.0,0.98851,0.988753,0.988591,0.990759,0.990715,0.990705,0.988753,0.99954,0.988482,0.990209,0.990212,0.999886,0.999905,0.997281,0.150615,0.115284,0,4.034,15.39,0.398099744,14.959,14.959,1,66.8,643.3,30,21,raw,,,,,,,,,
benchmark/efficientnet_b0/seed1234,benchmark,efficientnet_b0,standard,none,0,1234,external,4800,0.504167,0.504167,0.77,0.777062,0.504167,0.580806,0.777062,0.504167,0.580806,0.504167,0.973708,0.3257,0.445415,0.465343,0.847369,0.847369,0.684153,1.962972,0.098226,0,4.034,15.39,0.398099744,14.959,14.959,1,66.8,643.3,30,21,raw,,0.5041666666666667,0.5808060752891568,0.16594459293975908,0.68125,0.6478959307838525,0.364375,0.5458663638532987,0.364375
benchmark/efficientnet_b3/seed1234,benchmark,efficientnet_b3,standard,none,0,1234,internal_test,1077,0.985144,0.982081,0.999071,0.982477,0.982081,0.982129,0.985372,0.985144,0.985115,0.982081,0.999262,0.981638,0.984334,0.984348,0.998503,0.998941,0.99023,0.18944,0.132917,0,10.729,40.93,0.987252112,44.114,44.114,1,22.7,955.2,31,22,raw,,,,,,,,,
benchmark/efficientnet_b3/seed1234,benchmark,efficientnet_b3,standard,none,0,1234,external,4800,0.68875,0.68875,0.839167,0.734853,0.68875,0.672999,0.734853,0.68875,0.672999,0.68875,0.956417,0.383453,0.633344,0.649385,0.904221,0.904221,0.75837,1.402398,0.135796,0,10.729,40.93,0.987252112,44.114,44.114,1,22.7,955.2,31,22,raw,,0.68875,0.672998636047923,0.19228532458512085,0.7379166666666667,0.6867587099133982,0.09333333333333334,0.3438463336274314,0.09333333333333334
benchmark/mnasnet_100/seed1234,benchmark,mnasnet_100,standard,none,0,1234,internal_test,1077,0.984215,0.980452,1.0,0.98158,0.980452,0.980776,0.984502,0.984215,0.98418,0.980452,0.999216,0.979861,0.983355,0.983369,0.999828,0.999859,0.995707,0.178645,0.128218,0,3.129,11.94,0.324138752,7.896,7.896,1,126.6,590.4,32,25,raw,,,,,,,,,
benchmark/mnasnet_100/seed1234,benchmark,mnasnet_100,standard,none,0,1234,external,4800,0.622708,0.622708,0.872708,0.726887,0.622708,0.624732,0.726887,0.622708,0.624732,0.622708,0.944625,0.450133,0.556164,0.571791,0.91554,0.91554,0.756175,1.452638,0.152705,0,3.129,11.94,0.324138752,7.896,7.896,1,126.6,590.4,32,25,raw,,0.6227083333333333,0.6247317496661088,0.1784947856188882,0.6727083333333334,0.6428078432213041,0.10041666666666667,0.37840277773436354,0.10041666666666667
benchmark/regnety_016/seed1234,benchmark,regnety_016,standard,none,0,1234,internal_test,1077,0.991643,0.989502,1.0,0.988876,0.989502,0.989045,0.99189,0.991643,0.991651,0.989502,0.999588,0.989198,0.991188,0.991198,0.99971,0.999772,0.99022,0.177522,0.135056,0,10.332,39.41,1.627317616,21.097,21.097,1,47.4,774.0,27,18,raw,,,,,,,,,
benchmark/regnety_016/seed1234,benchmark,regnety_016,standard,none,0,1234,external,4800,0.667292,0.667292,0.844375,0.699333,0.667292,0.666985,0.699333,0.667292,0.666985,0.667292,0.960333,0.26992,0.611199,0.62684,0.895115,0.895115,0.722164,1.459559,0.101153,0,10.332,39.41,1.627317616,21.097,21.097,1,47.4,774.0,27,18,raw,,0.6672916666666666,0.6669853949900527,0.1905672557114436,0.7414583333333333,0.692927490807195,0.134375,0.33480954520723266,0.134375
benchmark/ghostnet_100/seed1234,benchmark,ghostnet_100,standard,none,0,1234,internal_test,1077,0.976787,0.970796,1.0,0.974217,0.970796,0.971127,0.9782,0.976787,0.976521,0.970796,0.998847,0.968614,0.975521,0.975591,0.999615,0.999657,0.992028,0.210795,0.136771,0,3.928,14.99,0.147020816,10.303,10.303,1,97.1,433.0,21,12,raw,,,,,,,,,
benchmark/ghostnet_100/seed1234,benchmark,ghostnet_100,standard,none,0,1234,external,4800,0.593333,0.593333,0.8475,0.76845,0.593333,0.63339,0.76845,0.593333,0.63339,0.593333,0.968458,0.373331,0.535146,0.549914,0.918417,0.918417,0.749746,1.545871,0.138774,0,3.928,14.99,0.147020816,10.303,10.303,1,97.1,433.0,21,12,raw,,0.5933333333333334,0.6333896934896635,0.18096848385418957,0.7247916666666666,0.684769258858572,0.24895833333333334,0.4525911457694383,0.24895833333333334
benchmark/convnext_tiny/seed1234,benchmark,convnext_tiny,standard,none,0,1234,internal_test,1077,0.986072,0.981889,1.0,0.982266,0.981889,0.981953,0.986266,0.986072,0.986073,0.981889,0.999311,0.981236,0.985313,0.985321,0.999874,0.999903,0.996785,0.135307,0.09136,0,27.836,106.19,4.469685504,8.97,8.97,1,111.5,845.2,32,27,raw,,,,,,,,,
benchmark/convnext_tiny/seed1234,benchmark,convnext_tiny,standard,none,0,1234,external,4800,0.533333,0.533333,0.731667,0.645486,0.533333,0.54488,0.645486,0.533333,0.54488,0.533333,0.949792,0.006459,0.463152,0.48142,0.880926,0.880926,0.715339,1.964237,0.190261,1,27.836,106.19,4.469685504,8.97,8.97,1,111.5,845.2,32,27,raw,,0.5333333333333333,0.5448799857486679,0.15567999592819085,0.6283333333333333,0.5760155043817069,0.215625,0.3119461831121953,0.215625
benchmark/convnext_small/seed1234,benchmark,convnext_small,standard,none,0,1234,internal_test,1077,0.986072,0.983114,1.0,0.982922,0.983114,0.982725,0.986484,0.986072,0.986052,0.983114,0.99931,0.982445,0.985314,0.985332,0.999893,0.999915,0.997417,0.133126,0.094057,0,49.471,188.72,8.704640256,11.122,11.122,1,89.9,1242.4,27,18,raw,,,,,,,,,
benchmark/convnext_small/seed1234,benchmark,convnext_small,standard,none,0,1234,external,4800,0.650417,0.650417,0.927708,0.679229,0.650417,0.634163,0.679229,0.650417,0.634163,0.650417,0.950292,0.007888,0.588809,0.612888,0.931696,0.931696,0.764245,1.411449,0.120375,1,49.471,188.72,8.704640256,11.122,11.122,1,89.9,1242.4,27,18,raw,,0.6504166666666666,0.6341633145127584,0.18118951843221667,0.7004166666666667,0.6511809526949867,0.10104166666666667,0.19878596115479014,0.10104166666666667
benchmark/vit_small_patch16_224/seed1234,benchmark,vit_small_patch16_224,standard,none,0,1234,internal_test,1077,0.985144,0.981886,1.0,0.981616,0.981886,0.981525,0.985385,0.985144,0.985091,0.981886,0.999264,0.981207,0.984334,0.984349,0.999911,0.99993,0.99779,0.129919,0.094195,0,21.674,82.68,4.250298624,6.966,6.966,1,143.6,681.1,32,24,raw,,,,,,,,,
benchmark/vit_small_patch16_224/seed1234,benchmark,vit_small_patch16_224,standard,none,0,1234,external,4800,0.685417,0.685417,0.81,0.684467,0.685417,0.683072,0.684467,0.685417,0.683072,0.685417,0.966542,0.008429,0.633302,0.645938,0.907494,0.907494,0.744451,1.359119,0.021409,1,21.674,82.68,4.250298624,6.966,6.966,1,143.6,681.1,32,24,raw,,0.6854166666666667,0.6830717867351307,0.19516336763860875,0.744375,0.6880710098098793,0.14729166666666665,0.2893867184053185,0.14729166666666665
benchmark/vit_base_patch16_224/seed1234,benchmark,vit_base_patch16_224,standard,none,0,1234,internal_test,1077,0.985144,0.982553,1.0,0.982823,0.982553,0.982487,0.985413,0.985144,0.985126,0.982553,0.999261,0.98207,0.984334,0.984347,0.999738,0.999782,0.992021,0.146667,0.087317,0,85.815,327.36,16.866660864,44.86,44.86,1,22.3,1463.6,32,24,raw,,,,,,,,,
benchmark/vit_base_patch16_224/seed1234,benchmark,vit_base_patch16_224,standard,none,0,1234,external,4800,0.580833,0.580833,0.875625,0.675374,0.580833,0.593194,0.675374,0.580833,0.593194,0.580833,0.943458,0.419817,0.510363,0.524698,0.885165,0.885165,0.674021,1.683604,0.201742,0,85.815,327.36,16.866660864,44.86,44.86,1,22.3,1463.6,32,24,raw,,0.5808333333333333,0.5931936120617943,0.16948388916051266,0.6527083333333333,0.6234182161077605,0.13645833333333332,0.2076051591051661,0.13645833333333332
benchmark/swin_tiny_patch4_window7_224/seed1234,benchmark,swin_tiny_patch4_window7_224,standard,none,0,1234,internal_test,1077,0.989786,0.98686,1.0,0.986134,0.98686,0.986386,0.989981,0.989786,0.989798,0.98686,0.999496,0.986362,0.98923,0.989237,0.999859,0.999896,0.995152,0.117705,0.085758,0,27.536,105.04,4.508442624,42.738,42.738,1,23.4,1097.4,32,30,raw,,,,,,,,,
benchmark/swin_tiny_patch4_window7_224/seed1234,benchmark,swin_tiny_patch4_window7_224,standard,none,0,1234,external,4800,0.59625,0.59625,0.804792,0.735619,0.59625,0.652719,0.735619,0.59625,0.652719,0.59625,0.981042,0.242732,0.543696,0.561025,0.911545,0.911545,0.765056,1.639464,0.079705,0,27.536,105.04,4.508442624,42.738,42.738,1,23.4,1097.4,32,30,raw,,0.59625,0.6527193572653368,0.18649124493295338,0.7366666666666667,0.6882910044370288,0.30895833333333333,0.41589378017662965,0.30895833333333333
benchmark/swin_small_patch4_window7_224/seed1234,benchmark,swin_small_patch4_window7_224,standard,none,0,1234,internal_test,1077,0.990715,0.987255,1.0,0.988434,0.987255,0.987543,0.991105,0.990715,0.990696,0.987255,0.999541,0.986728,0.990209,0.990225,0.999869,0.999906,0.995031,0.115458,0.081144,0,48.853,186.36,8.767782912,45.576,45.576,1,21.9,1647.5,30,21,raw,,,,,,,,,
benchmark/swin_small_patch4_window7_224/seed1234,benchmark,swin_small_patch4_window7_224,standard,none,0,1234,external,4800,0.671458,0.671458,0.829583,0.706942,0.671458,0.672209,0.706942,0.671458,0.672209,0.671458,0.963042,0.36439,0.616768,0.63053,0.923371,0.923371,0.760415,1.381113,0.068738,0,48.853,186.36,8.767782912,45.576,45.576,1,21.9,1647.5,30,21,raw,,0.6714583333333334,0.6722085631306718,0.19205958946590623,0.725,0.6749660982147039,0.14375,0.25514291713228887,0.14375
benchmark/deit3_small_patch16_224/seed1234,benchmark,deit3_small_patch16_224,standard,none,0,1234,internal_test,1077,0.98143,0.977487,0.999071,0.976895,0.977487,0.976768,0.982018,0.98143,0.981356,0.977487,0.999081,0.976298,0.980419,0.980452,0.998911,0.999035,0.986903,0.152816,0.08617,0,21.683,82.71,4.250298624,5.793,5.793,1,172.6,655.1,32,27,raw,,,,,,,,,
benchmark/deit3_small_patch16_224/seed1234,benchmark,deit3_small_patch16_224,standard,none,0,1234,external,4800,0.600208,0.600208,0.81,0.703183,0.600208,0.638529,0.703183,0.600208,0.638529,0.600208,0.970958,0.007447,0.543494,0.558994,0.899707,0.899707,0.717992,1.684679,0.124832,1,21.683,82.71,4.250298624,5.793,5.793,1,172.6,655.1,32,27,raw,,0.6002083333333333,0.6385285116788932,0.18243671762254093,0.7270833333333333,0.678065234536068,0.25458333333333333,0.33936619800201395,0.25458333333333333
benchmark/caformer_s18.sail_in22k_ft_in1k/seed1234,benchmark,caformer_s18.sail_in22k_ft_in1k,standard,none,0,1234,internal_test,1077,0.987001,0.982328,1.0,0.98291,0.982328,0.982443,0.987226,0.987001,0.986988,0.982328,0.999358,0.981453,0.986292,0.986302,0.999845,0.999887,0.99543,0.135884,0.092928,0,24.336,92.83,3.894573824,11.575,11.575,1,86.4,1565.2,32,24,raw,,,,,,,,,
benchmark/caformer_s18.sail_in22k_ft_in1k/seed1234,benchmark,caformer_s18.sail_in22k_ft_in1k,standard,none,0,1234,external,4800,0.632708,0.632708,0.797708,0.704034,0.632708,0.648694,0.704034,0.632708,0.648694,0.632708,0.966917,0.253196,0.576355,0.592754,0.885099,0.885099,0.714868,1.613772,0.11271,0,24.336,92.83,3.894573824,11.575,11.575,1,86.4,1565.2,32,24,raw,,0.6327083333333333,0.6486943565701059,0.18534124473431596,0.73,0.6822597852163937,0.201875,0.2895585481556918,0.201875
proposed/Proposed_HMLA_CAFormerS18/seed2024,proposed,caformer_s18.sail_in22k_ft_in1k,proposed,klein,0,2024,internal_test,1077,0.987929,0.983717,1.0,0.98452,0.983717,0.984014,0.988095,0.987929,0.987923,0.983717,0.999403,0.982941,0.987271,0.987279,0.999807,0.999857,0.994593,0.127526,0.084496,0,23.897,91.16,3.970553856,160.4,40.1,4,6.2,3883.2,30,21,raw,0.0,,,,,,,,
proposed/Proposed_HMLA_CAFormerS18/seed2024,proposed,caformer_s18.sail_in22k_ft_in1k,proposed,klein,0,2024,external,4800,0.712708,0.712708,0.838958,0.658483,0.712708,0.676843,0.658483,0.712708,0.676843,0.712708,0.95225,0.00867,0.658565,0.676771,0.884084,0.884084,0.718103,1.368945,0.090415,1,23.897,91.16,3.970553856,160.4,40.1,4,6.2,3883.2,30,21,raw,0.0,0.7127083333333334,0.6768425225281497,0.19338357786518556,0.7339583333333334,0.6799850495818159,0.048541666666666664,0.1420042223638302,0.048541666666666664
benchmark/resnet50/seed2024,benchmark,resnet50,standard,none,0,2024,internal_test,1077,0.979573,0.975143,1.0,0.976289,0.975143,0.975424,0.979911,0.979573,0.979535,0.975143,0.998985,0.974147,0.978459,0.978475,0.999557,0.999648,0.986365,0.197985,0.127654,0,23.551,89.84,4.109507584,4.988,4.988,1,200.5,746.6,32,25,raw,,,,,,,,,
benchmark/resnet50/seed2024,benchmark,resnet50,standard,none,0,2024,external,4800,0.634167,0.634167,0.844167,0.674565,0.634167,0.619032,0.674565,0.634167,0.619032,0.634167,0.951583,0.2504,0.571603,0.591388,0.912061,0.912061,0.730611,1.495396,0.095203,0,23.551,89.84,4.109507584,4.988,4.988,1,200.5,746.6,32,25,raw,,0.6341666666666667,0.6190322041216596,0.1768663440347599,0.6852083333333333,0.6310904019215218,0.12375,0.3708073588074573,0.12375
benchmark/resnet101/seed2024,benchmark,resnet101,standard,none,0,2024,internal_test,1077,0.974002,0.969702,1.0,0.9696,0.969702,0.969368,0.974386,0.974002,0.973973,0.969702,0.998708,0.968227,0.972585,0.972605,0.999553,0.999608,0.98931,0.179283,0.106093,0,42.543,162.29,7.831964672,19.732,19.732,1,50.7,1189.0,32,25,raw,,,,,,,,,
benchmark/resnet101/seed2024,benchmark,resnet101,standard,none,0,2024,external,4800,0.63875,0.63875,0.845,0.671396,0.63875,0.625775,0.671396,0.63875,0.625775,0.63875,0.9515,0.433497,0.576557,0.590068,0.899744,0.899744,0.722943,1.428657,0.048577,0,42.543,162.29,7.831964672,19.732,19.732,1,50.7,1189.0,32,25,raw,,0.63875,0.6257746341649901,0.1787927526185686,0.6733333333333333,0.62667722105987,0.11875,0.2918661482853046,0.11875
benchmark/densenet121/seed2024,benchmark,densenet121,standard,none,0,2024,internal_test,1077,0.985144,0.980478,1.0,0.981794,0.980478,0.980822,0.985493,0.985144,0.985094,0.980478,0.999264,0.979287,0.984334,0.984351,0.999405,0.999562,0.987463,0.15961,0.102694,0,6.975,26.61,2.864544256,19.024,19.024,1,52.6,1053.5,32,29,raw,,,,,,,,,
benchmark/densenet121/seed2024,benchmark,densenet121,standard,none,0,2024,external,4800,0.593125,0.593125,0.833125,0.76681,0.593125,0.641175,0.76681,0.593125,0.641175,0.593125,0.980875,0.41118,0.540362,0.557501,0.911611,0.911611,0.76564,1.549723,0.105031,0,6.975,26.61,2.864544256,19.024,19.024,1,52.6,1053.5,32,29,raw,,0.593125,0.6411747724401684,0.1831927921257624,0.7422916666666667,0.7032879873978927,0.31125,0.4746464605487502,0.31125
benchmark/densenet201/seed2024,benchmark,densenet201,standard,none,0,2024,internal_test,1077,0.987001,0.983839,0.999071,0.984815,0.983839,0.984145,0.987258,0.987001,0.986996,0.983839,0.999354,0.983229,0.986292,0.986303,0.998333,0.99885,0.991804,0.146019,0.098678,0,18.133,69.17,4.338991104,28.073,28.073,1,35.6,1707.9,32,28,raw,,,,,,,,,
benchmark/densenet201/seed2024,benchmark,densenet201,standard,none,0,2024,external,4800,0.640625,0.640625,0.835208,0.714978,0.640625,0.663674,0.714978,0.640625,0.663674,0.640625,0.9655,0.007965,0.584287,0.602035,0.908931,0.908931,0.76931,1.463837,0.047442,1,18.133,69.17,4.338991104,28.073,28.073,1,35.6,1707.9,32,28,raw,,0.640625,0.6636741600662955,0.18962118859037017,0.721875,0.6800696462330706,0.186875,0.3714761840980282,0.186875
benchmark/vgg16/seed2024,benchmark,vgg16,standard,none,0,2024,internal_test,1077,0.987001,0.983668,0.999071,0.984462,0.983668,0.983915,0.987231,0.987001,0.986983,0.983668,0.999355,0.983098,0.986292,0.986305,0.999444,0.999591,0.990996,0.138862,0.088708,0,134.347,512.49,15.466258432,6.652,6.652,1,150.3,1688.4,32,26,raw,,,,,,,,,
benchmark/vgg16/seed2024,benchmark,vgg16,standard,none,0,2024,external,4800,0.315,0.315,0.6975,0.671053,0.315,0.40987,0.671053,0.315,0.40987,0.315,0.974375,0.004327,0.260376,0.282101,0.821314,0.821314,0.655314,2.451484,0.147413,1,134.347,512.49,15.466258432,6.652,6.652,1,150.3,1688.4,32,26,raw,,0.315,0.40986951531729354,0.117105575804941,0.60625,0.5733955713389075,0.556875,0.6402117807131678,0.556875
benchmark/vgg19/seed2024,benchmark,vgg19,standard,none,0,2024,internal_test,1077,0.989786,0.986415,0.999071,0.987475,0.986415,0.986821,0.98995,0.989786,0.98977,0.986415,0.999494,0.98598,0.989229,0.989237,0.99858,0.999026,0.993101,0.132601,0.090232,0,139.656,532.75,19.628056576,6.949,6.949,1,143.9,1861.0,32,29,raw,,,,,,,,,
benchmark/vgg19/seed2024,benchmark,vgg19,standard,none,0,2024,external,4800,0.400833,0.400833,0.701875,0.673694,0.400833,0.478314,0.673694,0.400833,0.478314,0.400833,0.967417,0.005181,0.338699,0.358353,0.812739,0.812739,0.635213,2.336438,0.154943,1,139.656,532.75,19.628056576,6.949,6.949,1,143.9,1861.0,32,29,raw,,0.4008333333333333,0.47831419442689543,0.13666119840768443,0.614375,0.5813118861701939,0.43625,0.5411433563608201,0.43625
benchmark/inception_v3/seed2024,benchmark,inception_v3,standard,none,0,2024,internal_test,1077,0.987929,0.984213,0.999071,0.986523,0.984213,0.98449,0.988991,0.987929,0.987843,0.984213,0.999402,0.983128,0.987271,0.987317,0.99803,0.998596,0.989011,0.139679,0.086796,0,21.829,83.27,2.845264,13.779,13.779,1,72.6,610.2,26,17,raw,,,,,,,,,
benchmark/inception_v3/seed2024,benchmark,inception_v3,standard,none,0,2024,external,4800,0.558125,0.558125,0.819792,0.655475,0.558125,0.566055,0.655475,0.558125,0.566055,0.558125,0.946333,0.254775,0.487537,0.506684,0.90578,0.90578,0.725781,1.665488,0.032969,0,21.829,83.27,2.845264,13.779,13.779,1,72.6,610.2,26,17,raw,,0.558125,0.5660548586280648,0.1617299596080185,0.6295833333333334,0.5815600033198549,0.17354166666666668,0.37789282172953487,0.17354166666666668
benchmark/legacy_xception/seed2024,benchmark,legacy_xception,standard,none,0,2024,internal_test,1077,0.985144,0.980923,1.0,0.981512,0.980923,0.981132,0.985237,0.985144,0.985126,0.980923,0.999264,0.979903,0.984334,0.984339,0.999115,0.999376,0.991225,0.176488,0.120378,0,20.85,79.54,4.574196,7.834,7.834,1,127.6,947.8,32,23,raw,,,,,,,,,
benchmark/legacy_xception/seed2024,benchmark,legacy_xception,standard,none,0,2024,external,4800,0.593542,0.593542,0.875208,0.65167,0.593542,0.584201,0.65167,0.593542,0.584201,0.593542,0.947708,0.007081,0.525996,0.550548,0.906188,0.906188,0.732217,1.552438,0.046872,1,20.85,79.54,4.574196,7.834,7.834,1,127.6,947.8,32,23,raw,,0.5935416666666666,0.5842013025424669,0.16691465786927623,0.6508333333333334,0.6027382311399764,0.145,0.30700704163044673,0.145
benchmark/resnext50_32x4d/seed2024,benchmark,resnext50_32x4d,standard,none,0,2024,internal_test,1077,0.984215,0.980818,0.999071,0.980882,0.980818,0.980748,0.984324,0.984215,0.984189,0.980818,0.999216,0.980113,0.983355,0.983362,0.999546,0.999652,0.991061,0.154096,0.094831,0,23.023,87.83,4.257376256,10.475,10.475,1,95.5,843.8,28,19,raw,,,,,,,,,
benchmark/resnext50_32x4d/seed2024,benchmark,resnext50_32x4d,standard,none,0,2024,external,4800,0.661875,0.661875,0.908958,0.664457,0.661875,0.641892,0.664457,0.661875,0.641892,0.661875,0.951625,0.317499,0.601913,0.618602,0.926746,0.926746,0.766928,1.252242,0.048021,0,23.023,87.83,4.257376256,10.475,10.475,1,95.5,843.8,28,19,raw,,0.661875,0.6418915792755897,0.1833975940787399,0.7135416666666666,0.682487183355941,0.09625,0.25724626817937557,0.09625
benchmark/legacy_seresnext50_32x4d/seed2024,benchmark,legacy_seresnext50_32x4d,standard,none,0,2024,internal_test,1077,0.988858,0.985847,0.998143,0.986251,0.985847,0.986018,0.988893,0.988858,0.988853,0.985847,0.999447,0.985366,0.98825,0.988252,0.997516,0.998285,0.991703,0.123521,0.077886,0,25.554,97.48,4.2598912,40.408,40.408,1,24.7,1229.8,32,23,raw,,,,,,,,,
benchmark/legacy_seresnext50_32x4d/seed2024,benchmark,legacy_seresnext50_32x4d,standard,none,0,2024,external,4800,0.633542,0.633542,0.832708,0.727385,0.633542,0.671321,0.727385,0.633542,0.671321,0.633542,0.975958,0.00787,0.580891,0.59647,0.912372,0.912372,0.777445,1.501352,0.055768,1,25.554,97.48,4.2598912,40.408,40.408,1,24.7,1229.8,32,23,raw,,0.6335416666666667,0.671321065455893,0.1918060187016837,0.7716666666666666,0.7174663556110074,0.24625,0.3558454301591276,0.24625
benchmark/mobilenetv3_large_100/seed2024,benchmark,mobilenetv3_large_100,standard,none,0,2024,internal_test,1077,0.984215,0.979112,1.0,0.980537,0.979112,0.97956,0.98449,0.984215,0.984155,0.979112,0.999218,0.978025,0.983354,0.98337,0.999742,0.99981,0.992456,0.164844,0.114774,0,4.229,16.13,0.224183296,9.06,9.06,1,110.4,619.3,32,31,raw,,,,,,,,,
benchmark/mobilenetv3_large_100/seed2024,benchmark,mobilenetv3_large_100,standard,none,0,2024,external,4800,0.496875,0.496875,0.793333,0.710627,0.496875,0.55814,0.710627,0.496875,0.55814,0.496875,0.970083,0.259945,0.436121,0.456921,0.869704,0.869704,0.713876,1.959705,0.110356,0,4.229,16.13,0.224183296,9.06,9.06,1,110.4,619.3,32,31,raw,,0.496875,0.5581401865431361,0.15946862472661033,0.6766666666666666,0.6377497381529623,0.35354166666666664,0.5797988207431263,0.35354166666666664
benchmark/mobilenetv2_100/seed2024,benchmark,mobilenetv2_100,standard,none,0,2024,internal_test,1077,0.978644,0.975281,1.0,0.976444,0.975281,0.97519,0.979585,0.978644,0.978465,0.975281,0.998937,0.973907,0.97748,0.977545,0.999355,0.999448,0.987134,0.164496,0.092696,0,2.251,8.59,0.312940096,6.906,6.906,1,144.8,571.1,31,22,raw,,,,,,,,,
benchmark/mobilenetv2_100/seed2024,benchmark,mobilenetv2_100,standard,none,0,2024,external,4800,0.564583,0.564583,0.771875,0.683283,0.564583,0.598941,0.683283,0.564583,0.598941,0.564583,0.965458,0.006995,0.503583,0.52088,0.896794,0.896794,0.711696,1.825892,0.161115,1,2.251,8.59,0.312940096,6.906,6.906,1,144.8,571.1,31,22,raw,,0.5645833333333333,0.5989408162234088,0.1711259474924025,0.6802083333333333,0.6383778913415125,0.2627083333333333,0.5000169320639088,0.2627083333333333
benchmark/efficientnet_b0/seed2024,benchmark,efficientnet_b0,standard,none,0,2024,internal_test,1077,0.983287,0.979512,1.0,0.979929,0.979512,0.979548,0.98351,0.983287,0.983241,0.979512,0.99917,0.978726,0.982376,0.982391,0.999287,0.999484,0.988848,0.161601,0.104666,0,4.034,15.39,0.398099744,6.062,6.062,1,165.0,458.8,24,15,raw,,,,,,,,,
benchmark/efficientnet_b0/seed2024,benchmark,efficientnet_b0,standard,none,0,2024,external,4800,0.43625,0.43625,0.780417,0.722232,0.43625,0.516449,0.722232,0.43625,0.516449,0.43625,0.9575,0.355986,0.367905,0.384079,0.857907,0.857907,0.658712,1.984358,0.096991,0,4.034,15.39,0.398099744,6.062,6.062,1,165.0,458.8,24,15,raw,,0.43625,0.5164490894375798,0.1475568826964514,0.6254166666666666,0.6166852647036983,0.35125,0.5596103364254759,0.35125
benchmark/efficientnet_b3/seed2024,benchmark,efficientnet_b3,standard,none,0,2024,internal_test,1077,0.985144,0.980425,0.999071,0.981498,0.980425,0.980734,0.985448,0.985144,0.985125,0.980425,0.999264,0.979462,0.984334,0.984348,0.996966,0.997866,0.985599,0.193077,0.126942,0,10.729,40.93,0.987252112,10.187,10.187,1,98.2,788.0,28,19,raw,,,,,,,,,
benchmark/efficientnet_b3/seed2024,benchmark,efficientnet_b3,standard,none,0,2024,external,4800,0.678125,0.678125,0.832917,0.731031,0.678125,0.661312,0.731031,0.678125,0.661312,0.678125,0.953083,0.308376,0.620378,0.638051,0.901045,0.901045,0.740891,1.486023,0.151427,0,10.729,40.93,0.987252112,10.187,10.187,1,98.2,788.0,28,19,raw,,0.678125,0.6613122343329073,0.18894635266654497,0.708125,0.6636801215087335,0.08729166666666667,0.350738082415337,0.08729166666666667
benchmark/mnasnet_100/seed2024,benchmark,mnasnet_100,standard,none,0,2024,internal_test,1077,0.979573,0.975891,1.0,0.975882,0.975891,0.975598,0.980086,0.979573,0.979552,0.975891,0.998986,0.974897,0.97846,0.978487,0.999608,0.99969,0.990008,0.178846,0.113755,0,3.129,11.94,0.324138752,4.17,4.17,1,239.8,430.4,29,20,raw,,,,,,,,,
benchmark/mnasnet_100/seed2024,benchmark,mnasnet_100,standard,none,0,2024,external,4800,0.637292,0.637292,0.853333,0.676498,0.637292,0.629931,0.676498,0.637292,0.629931,0.637292,0.946333,0.351689,0.572813,0.588945,0.914683,0.914683,0.739925,1.481369,0.182696,0,3.129,11.94,0.324138752,4.17,4.17,1,239.8,430.4,29,20,raw,,0.6372916666666667,0.6299310653143161,0.1799803043755189,0.6816666666666666,0.6414880739341091,0.094375,0.3803008181475525,0.094375
benchmark/regnety_016/seed2024,benchmark,regnety_016,standard,none,0,2024,internal_test,1077,0.980501,0.975646,0.998143,0.97587,0.975646,0.975664,0.980653,0.980501,0.980505,0.975646,0.999033,0.974571,0.979438,0.979445,0.999513,0.999641,0.990599,0.181091,0.117982,0,10.332,39.41,1.627317616,56.309,56.309,1,17.8,799.7,25,16,raw,,,,,,,,,
benchmark/regnety_016/seed2024,benchmark,regnety_016,standard,none,0,2024,external,4800,0.655,0.655,0.824583,0.68964,0.655,0.659514,0.68964,0.655,0.659514,0.655,0.961083,0.008076,0.598091,0.615425,0.895783,0.895783,0.730965,1.481968,0.087384,1,10.332,39.41,1.627317616,56.309,56.309,1,17.8,799.7,25,16,raw,,0.655,0.6595144113790092,0.18843268896543122,0.7277083333333333,0.6799235701469487,0.15041666666666667,0.343885946784964,0.15041666666666667
benchmark/ghostnet_100/seed2024,benchmark,ghostnet_100,standard,none,0,2024,internal_test,1077,0.982358,0.978028,1.0,0.979113,0.978028,0.978322,0.982755,0.982358,0.982341,0.978028,0.999124,0.977046,0.981396,0.981417,0.999686,0.999763,0.989397,0.184456,0.127229,0,3.928,14.99,0.147020816,45.022,45.022,1,22.2,541.6,23,14,raw,,,,,,,,,
benchmark/ghostnet_100/seed2024,benchmark,ghostnet_100,standard,none,0,2024,external,4800,0.574375,0.574375,0.860208,0.753395,0.574375,0.627144,0.753395,0.574375,0.627144,0.574375,0.973,0.352789,0.517307,0.533011,0.919623,0.919623,0.754251,1.570298,0.117476,0,3.928,14.99,0.147020816,45.022,45.022,1,22.2,541.6,23,14,raw,,0.574375,0.627143782671271,0.17918393790607742,0.7327083333333333,0.69569162512514,0.290625,0.47253158555884817,0.290625
benchmark/convnext_tiny/seed2024,benchmark,convnext_tiny,standard,none,0,2024,internal_test,1077,0.986072,0.982923,1.0,0.982727,0.982923,0.982634,0.986337,0.986072,0.986068,0.982923,0.99931,0.982302,0.985313,0.985324,0.999836,0.999878,0.995631,0.129563,0.092489,0,27.836,106.19,4.469685504,6.479,6.479,1,154.3,492.1,17,8,raw,,,,,,,,,
benchmark/convnext_tiny/seed2024,benchmark,convnext_tiny,standard,none,0,2024,external,4800,0.665417,0.665417,0.798125,0.679329,0.665417,0.649174,0.679329,0.665417,0.649174,0.665417,0.951833,0.008162,0.60589,0.628216,0.914575,0.914575,0.779908,1.478222,0.081662,1,27.836,106.19,4.469685504,6.479,6.479,1,154.3,492.1,17,8,raw,,0.6654166666666667,0.6491736200372382,0.18547817715349663,0.695,0.6482416073421655,0.09375,0.20777376813295026,0.09375
benchmark/convnext_small/seed2024,benchmark,convnext_small,standard,none,0,2024,internal_test,1077,0.988858,0.985278,0.999071,0.987071,0.985278,0.985684,0.989456,0.988858,0.988806,0.985278,0.999447,0.984475,0.98825,0.988277,0.998552,0.999003,0.992765,0.130836,0.091947,0,49.471,188.72,8.704640256,44.163,44.163,1,22.6,1518.3,32,26,raw,,,,,,,,,
benchmark/convnext_small/seed2024,benchmark,convnext_small,standard,none,0,2024,external,4800,0.675625,0.675625,0.832708,0.689307,0.675625,0.674856,0.689307,0.675625,0.674856,0.675625,0.965208,0.008293,0.622118,0.635687,0.916719,0.916719,0.74308,1.493578,0.118435,1,49.471,188.72,8.704640256,44.163,44.163,1,22.6,1518.3,32,26,raw,,0.675625,0.6748560871128119,0.19281602488937483,0.729375,0.675576338051064,0.15041666666666667,0.23520134851502614,0.15041666666666667
benchmark/vit_small_patch16_224/seed2024,benchmark,vit_small_patch16_224,standard,none,0,2024,internal_test,1077,0.988858,0.98631,1.0,0.986759,0.98631,0.986374,0.989134,0.988858,0.988859,0.98631,0.999447,0.985861,0.98825,0.988263,0.99986,0.999888,0.996747,0.131246,0.091693,0,21.674,82.68,4.250298624,5.562,5.562,1,179.8,704.2,32,23,raw,,,,,,,,,
benchmark/vit_small_patch16_224/seed2024,benchmark,vit_small_patch16_224,standard,none,0,2024,external,4800,0.623125,0.623125,0.814167,0.659918,0.623125,0.633491,0.659918,0.623125,0.633491,0.623125,0.958208,0.007734,0.562445,0.576142,0.903212,0.903212,0.714326,1.49515,0.049861,1,21.674,82.68,4.250298624,5.562,5.562,1,179.8,704.2,32,23,raw,,0.623125,0.6334909885628063,0.18099742530365892,0.7022916666666666,0.6572911491020905,0.16791666666666666,0.32036190472767584,0.16791666666666666
benchmark/vit_base_patch16_224/seed2024,benchmark,vit_base_patch16_224,standard,none,0,2024,internal_test,1077,0.987001,0.983491,1.0,0.983212,0.983491,0.98333,0.987048,0.987001,0.987005,0.983491,0.999357,0.982901,0.986292,0.986294,0.999885,0.999915,0.996964,0.131327,0.095598,0,85.815,327.36,16.866660864,5.838,5.838,1,171.3,1574.0,32,23,raw,,,,,,,,,
benchmark/vit_base_patch16_224/seed2024,benchmark,vit_base_patch16_224,standard,none,0,2024,external,4800,0.602292,0.602292,0.900208,0.661646,0.602292,0.606581,0.661646,0.602292,0.606581,0.602292,0.946292,0.448686,0.534768,0.544775,0.919988,0.919988,0.701836,1.503007,0.164833,0,85.815,327.36,16.866660864,5.838,5.838,1,171.3,1574.0,32,23,raw,,0.6022916666666667,0.6065814203466967,0.17330897724191335,0.66125,0.6262876731526065,0.12916666666666668,0.21839018492236695,0.12916666666666668
benchmark/swin_tiny_patch4_window7_224/seed2024,benchmark,swin_tiny_patch4_window7_224,standard,none,0,2024,internal_test,1077,0.986072,0.981862,1.0,0.982332,0.981862,0.982051,0.986152,0.986072,0.986068,0.981862,0.99931,0.980922,0.985313,0.985317,0.999754,0.999825,0.991091,0.130099,0.082292,0,27.536,105.04,4.508442624,45.985,45.985,1,21.7,1191.9,32,29,raw,,,,,,,,,
benchmark/swin_tiny_patch4_window7_224/seed2024,benchmark,swin_tiny_patch4_window7_224,standard,none,0,2024,external,4800,0.61875,0.61875,0.817708,0.786941,0.61875,0.666043,0.786941,0.61875,0.666043,0.61875,0.977042,0.376007,0.565647,0.581974,0.907394,0.907394,0.766531,1.584764,0.081806,0,27.536,105.04,4.508442624,45.985,45.985,1,21.7,1191.9,32,29,raw,,0.61875,0.6660426539141399,0.19029790111832567,0.7316666666666667,0.6931180674702803,0.26645833333333335,0.38026129136487724,0.26645833333333335
benchmark/swin_small_patch4_window7_224/seed2024,benchmark,swin_small_patch4_window7_224,standard,none,0,2024,internal_test,1077,0.987929,0.984089,1.0,0.98452,0.984089,0.984204,0.988095,0.987929,0.987919,0.984089,0.999403,0.983314,0.987271,0.98728,0.999813,0.999863,0.992915,0.123887,0.082168,0,48.853,186.36,8.767782912,25.299,25.299,1,39.5,2003.3,32,26,raw,,,,,,,,,
benchmark/swin_small_patch4_window7_224/seed2024,benchmark,swin_small_patch4_window7_224,standard,none,0,2024,external,4800,0.698958,0.698958,0.840625,0.728129,0.698958,0.713093,0.728129,0.698958,0.713093,0.698958,0.978417,0.008585,0.652184,0.667905,0.923961,0.923961,0.78089,1.341382,0.069345,1,48.853,186.36,8.767782912,25.299,25.299,1,39.5,2003.3,32,26,raw,,0.6989583333333333,0.7130926573984874,0.2037407592567107,0.781875,0.723218170687562,0.193125,0.2931137331804712,0.193125
benchmark/deit3_small_patch16_224/seed2024,benchmark,deit3_small_patch16_224,standard,none,0,2024,internal_test,1077,0.984215,0.981212,1.0,0.980907,0.981212,0.981038,0.98428,0.984215,0.984229,0.981212,0.999217,0.980712,0.983355,0.983357,0.99984,0.999877,0.994968,0.132514,0.096379,0,21.683,82.71,4.250298624,5.771,5.771,1,173.3,518.7,23,14,raw,,,,,,,,,
benchmark/deit3_small_patch16_224/seed2024,benchmark,deit3_small_patch16_224,standard,none,0,2024,external,4800,0.464167,0.464167,0.783958,0.705647,0.464167,0.556154,0.705647,0.464167,0.556154,0.464167,0.981458,0.006056,0.409347,0.427359,0.873516,0.873516,0.705234,2.038911,0.158451,1,21.683,82.71,4.250298624,5.771,5.771,1,173.3,518.7,23,14,raw,,0.46416666666666667,0.556154098289141,0.15890117093975453,0.7029166666666666,0.6601071070921075,0.443125,0.5158800970224607,0.443125
benchmark/caformer_s18.sail_in22k_ft_in1k/seed2024,benchmark,caformer_s18.sail_in22k_ft_in1k,standard,none,0,2024,internal_test,1077,0.988858,0.985376,0.999071,0.985975,0.985376,0.985588,0.989021,0.988858,0.988852,0.985376,0.999448,0.984756,0.98825,0.988259,0.998408,0.998898,0.989845,0.144417,0.091962,0,24.336,92.83,3.894573824,12.61,12.61,1,79.3,1771.6,32,23,raw,,,,,,,,,
benchmark/caformer_s18.sail_in22k_ft_in1k/seed2024,benchmark,caformer_s18.sail_in22k_ft_in1k,standard,none,0,2024,external,4800,0.629583,0.629583,0.855,0.72282,0.629583,0.650447,0.72282,0.629583,0.650447,0.629583,0.960833,0.287951,0.570497,0.591082,0.88467,0.88467,0.730513,1.631675,0.160029,0,24.336,92.83,3.894573824,12.61,12.61,1,79.3,1771.6,32,23,raw,,0.6295833333333334,0.6504470598455505,0.1858420170987287,0.7325,0.6926325109285619,0.17458333333333334,0.2543834094521905,0.17458333333333334
ablation/full/seed42,ablation,caformer_s18.sail_in22k_ft_in1k,proposed,klein,0,42,internal_test,1077,0.984215,0.979722,1.0,0.980557,0.979722,0.979484,0.985066,0.984215,0.984165,0.979722,0.999219,0.978272,0.983355,0.983394,0.999505,0.999585,0.992237,0.122698,0.083193,0,23.897,91.16,3.970553856,56.421,14.105,4,17.7,1406.9,22,13,raw,0.0,,,,,,,,
ablation/full/seed42,ablation,caformer_s18.sail_in22k_ft_in1k,proposed,klein,0,42,external,4800,0.65125,0.65125,0.874583,0.704354,0.65125,0.659211,0.704354,0.65125,0.659211,0.65125,0.963292,0.37391,0.594886,0.607754,0.921579,0.921579,0.760907,1.413841,0.064783,0,23.897,91.16,3.970553856,56.421,14.105,4,17.7,1406.9,22,13,raw,0.0,0.65125,0.659210644962776,0.18834589856079317,0.733125,0.682626911214626,0.16520833333333335,0.2725827763869408,0.16520833333333335
ablation/wo_msf/seed42,ablation,caformer_s18.sail_in22k_ft_in1k,proposed,klein,0,42,internal_test,1077,0.989786,0.986009,0.999071,0.98704,0.986009,0.9859,0.990551,0.989786,0.989732,0.986009,0.999496,0.984966,0.98923,0.989263,0.99956,0.999636,0.99187,0.12673,0.083635,0,23.711,90.45,3.903493632,48.287,12.072,4,20.7,1981.3,32,31,ema,0.0,,,,,,,,
ablation/wo_msf/seed42,ablation,caformer_s18.sail_in22k_ft_in1k,proposed,klein,0,42,external,4800,0.689583,0.689583,0.876458,0.640776,0.689583,0.660076,0.640776,0.689583,0.660076,0.689583,0.953417,0.00836,0.633186,0.645342,0.902708,0.902708,0.73881,1.319996,0.104344,1,23.711,90.45,3.903493632,48.287,12.072,4,20.7,1981.3,32,31,ema,0.0,0.6895833333333333,0.6600764475341478,0.18859327072404225,0.7197916666666667,0.6635879768379873,0.0775,0.16301076481948257,0.0775
ablation/wo_lap/seed42,ablation,caformer_s18.sail_in22k_ft_in1k,proposed,klein,0,42,internal_test,1077,0.988858,0.984574,1.0,0.987417,0.984574,0.984578,0.990531,0.988858,0.988705,0.984574,0.99945,0.982777,0.98825,0.988324,0.999602,0.999708,0.98497,0.121864,0.071753,0,23.562,89.88,3.957188096,53.118,13.28,4,18.8,1776.5,30,21,raw,0.0,,,,,,,,
ablation/wo_lap/seed42,ablation,caformer_s18.sail_in22k_ft_in1k,proposed,klein,0,42,external,4800,0.691042,0.691042,0.920208,0.668747,0.691042,0.666216,0.668747,0.691042,0.666216,0.691042,0.949917,0.008491,0.633541,0.654524,0.910758,0.910758,0.755979,1.304202,0.104479,1,23.562,89.88,3.957188096,53.118,13.28,4,18.8,1776.5,30,21,raw,0.0,0.6910416666666667,0.6662162174346017,0.1903474906956005,0.71875,0.6717002495147509,0.058541666666666665,0.15607948719873094,0.058541666666666665
ablation/wo_hier/seed42,ablation,caformer_s18.sail_in22k_ft_in1k,proposed,klein,0,42,internal_test,1077,0.984215,0.97882,1.0,0.979862,0.97882,0.978492,0.985276,0.984215,0.984147,0.97882,0.999221,0.976956,0.983355,0.983403,0.999814,0.999865,0.995119,0.113354,0.080325,0,23.895,91.15,3.970551808,50.479,12.62,4,19.8,998.7,17,8,ema,,,,,,,,,
ablation/wo_hier/seed42,ablation,caformer_s18.sail_in22k_ft_in1k,proposed,klein,0,42,external,4800,0.712292,0.712292,0.918125,0.670113,0.712292,0.686559,0.670113,0.712292,0.686559,0.712292,0.957208,0.008724,0.659768,0.674062,0.938666,0.938666,0.786763,1.148025,0.026216,1,23.895,91.15,3.970551808,50.479,12.62,4,19.8,998.7,17,8,ema,,0.7122916666666667,0.6865592583755696,0.19615978810730564,0.7497916666666666,0.6956834082309101,0.07375,0.20836647623609073,0.07375
ablation/wo_mixstyle/seed42,ablation,caformer_s18.sail_in22k_ft_in1k,proposed,klein,0,42,internal_test,1077,0.987001,0.981432,1.0,0.984636,0.981432,0.981359,0.988803,0.987001,0.986736,0.981432,0.999359,0.978617,0.986292,0.986382,0.99974,0.999806,0.993399,0.125322,0.078231,0,23.897,91.16,3.970553856,48.117,12.029,4,20.8,1737.3,29,20,raw,0.0,,,,,,,,
ablation/wo_mixstyle/seed42,ablation,caformer_s18.sail_in22k_ft_in1k,proposed,klein,0,42,external,4800,0.65375,0.65375,0.872083,0.703299,0.65375,0.672374,0.703299,0.65375,0.672374,0.65375,0.968875,0.264531,0.599759,0.614453,0.90515,0.90515,0.742999,1.458512,0.103619,0,23.897,91.16,3.970553856,48.117,12.029,4,20.8,1737.3,29,20,raw,0.0,0.65375,0.6723738962687835,0.19210682750536673,0.7522916666666667,0.7057140329923746,0.190625,0.2833720191864995,0.190625
ablation/wo_lap_gate/seed42,ablation,caformer_s18.sail_in22k_ft_in1k,proposed,klein,0,42,internal_test,1077,0.986072,0.980938,1.0,0.984655,0.980938,0.980682,0.988463,0.986072,0.985796,0.980938,0.999312,0.978134,0.985313,0.985422,0.999774,0.999826,0.994198,0.10484,0.069847,0,23.602,90.03,3.963643392,50.731,12.683,4,19.7,1200.5,20,11,ema,0.0,,,,,,,,
ablation/wo_lap_gate/seed42,ablation,caformer_s18.sail_in22k_ft_in1k,proposed,klein,0,42,external,4800,0.694583,0.694583,0.894375,0.674942,0.694583,0.680551,0.674942,0.694583,0.680551,0.694583,0.958958,0.334479,0.640701,0.651336,0.925623,0.925623,0.76046,1.268021,0.081217,0,23.602,90.03,3.963643392,50.731,12.683,4,19.7,1200.5,20,11,ema,0.0,0.6945833333333333,0.6805507380281535,0.1944430680080439,0.748125,0.6967041793550236,0.10020833333333333,0.19260239092664658,0.10020833333333333
ablation/wo_mixup/seed42,ablation,caformer_s18.sail_in22k_ft_in1k,proposed,klein,0,42,internal_test,1077,0.988858,0.984979,1.0,0.985978,0.984979,0.984551,0.990022,0.988858,0.988786,0.984979,0.999451,0.983574,0.988251,0.988301,0.999694,0.999761,0.993625,0.109472,0.073913,0,23.897,91.16,3.970553856,54.087,13.522,4,18.5,1026.9,17,8,ema,0.0,,,,,,,,
ablation/wo_mixup/seed42,ablation,caformer_s18.sail_in22k_ft_in1k,proposed,klein,0,42,external,4800,0.685625,0.685625,0.87125,0.691125,0.685625,0.668554,0.691125,0.685625,0.668554,0.685625,0.957833,0.419486,0.630404,0.642727,0.939049,0.939049,0.760438,1.234943,0.050412,0,23.897,91.16,3.970553856,54.087,13.522,4,18.5,1026.9,17,8,ema,0.0,0.685625,0.6685538221242818,0.19101537774979482,0.72875,0.6769435144477103,0.10354166666666667,0.23567818097903606,0.10354166666666667
ablation/wo_ema/seed42,ablation,caformer_s18.sail_in22k_ft_in1k,proposed,klein,0,42,internal_test,1077,0.979573,0.975564,1.0,0.976984,0.975564,0.974507,0.981911,0.979573,0.979472,0.975564,0.998989,0.973439,0.978461,0.978561,0.999755,0.999799,0.992518,0.119299,0.069944,0,23.897,91.16,3.970553856,73.302,18.325,4,13.6,770.6,15,6,raw,0.0,,,,,,,,
ablation/wo_ema/seed42,ablation,caformer_s18.sail_in22k_ft_in1k,proposed,klein,0,42,external,4800,0.680833,0.680833,0.954583,0.77046,0.680833,0.676321,0.77046,0.680833,0.676321,0.680833,0.960792,0.439625,0.626205,0.639738,0.929266,0.929266,0.777625,1.199334,0.050987,0,23.897,91.16,3.970553856,73.302,18.325,4,13.6,770.6,15,6,raw,0.0,0.6808333333333333,0.6763213148423692,0.19323466138353407,0.76625,0.714760644460398,0.123125,0.23285405758431202,0.123125
ablation/wo_tta/seed42,ablation,caformer_s18.sail_in22k_ft_in1k,proposed,none,0,42,internal_test,1077,0.987929,0.983782,1.0,0.985124,0.983782,0.983595,0.988967,0.987929,0.987843,0.983782,0.999404,0.982387,0.987272,0.987318,0.99953,0.999607,0.992397,0.121139,0.075398,0,23.897,91.16,3.970553856,12.375,12.375,1,80.8,1631.5,27,18,ema,0.0,,,,,,,,
ablation/wo_tta/seed42,ablation,caformer_s18.sail_in22k_ft_in1k,proposed,none,0,42,external,4800,0.68625,0.68625,0.911875,0.682905,0.68625,0.667086,0.682905,0.68625,0.667086,0.68625,0.95075,0.430864,0.628515,0.641724,0.916518,0.916518,0.745068,1.307792,0.101394,0,23.897,91.16,3.970553856,12.375,12.375,1,80.8,1631.5,27,18,ema,0.0,0.68625,0.6670859447584333,0.19059598421669527,0.7135416666666666,0.6745296684338148,0.0675,0.16458746957192488,0.0675
ablation/wo_llrd/seed42,ablation,caformer_s18.sail_in22k_ft_in1k,proposed,klein,0,42,internal_test,1077,0.987001,0.982457,0.999071,0.983628,0.982457,0.982212,0.987929,0.987001,0.986878,0.982457,0.999358,0.980623,0.986293,0.986339,0.999086,0.999193,0.992935,0.116189,0.068869,0,23.897,91.16,3.970553856,48.785,12.196,4,20.5,1960.5,32,30,ema,0.0,,,,,,,,
ablation/wo_llrd/seed42,ablation,caformer_s18.sail_in22k_ft_in1k,proposed,klein,0,42,external,4800,0.641875,0.641875,0.880417,0.680431,0.641875,0.635166,0.680431,0.641875,0.635166,0.641875,0.954042,0.329405,0.581004,0.59676,0.908884,0.908884,0.731364,1.515097,0.146161,0,23.897,91.16,3.970553856,48.785,12.196,4,20.5,1960.5,32,30,ema,0.0,0.641875,0.6351655623001827,0.18147587494290934,0.7025,0.6581771636254989,0.12833333333333333,0.2101700252364147,0.12833333333333333
ablation/wo_beta_calib/seed42,ablation,caformer_s18.sail_in22k_ft_in1k,proposed,klein,0,42,internal_test,1077,0.989786,0.985971,1.0,0.987362,0.985971,0.985825,0.990761,0.989786,0.989685,0.985971,0.999496,0.984581,0.98923,0.989275,0.999668,0.999739,0.993251,0.065514,0.02374,0,23.897,91.16,3.970553856,60.577,15.144,4,16.5,1950.9,32,27,ema,,,,,,,,,
ablation/wo_beta_calib/seed42,ablation,caformer_s18.sail_in22k_ft_in1k,proposed,klein,0,42,external,4800,0.681042,0.681042,0.962917,0.609357,0.681042,0.634764,0.609357,0.681042,0.634764,0.681042,0.945208,0.008148,0.620664,0.636413,0.888843,0.888843,0.706327,1.277392,0.191774,1,23.897,91.16,3.970553856,60.577,15.144,4,16.5,1950.9,32,27,ema,,0.6810416666666667,0.634764313145945,0.18136123232741289,0.7052083333333333,0.6415912032726855,0.045,0.050931449855227316,0.045
ablation/wo_mixup_cooldown/seed42,ablation,caformer_s18.sail_in22k_ft_in1k,proposed,klein,0,42,internal_test,1077,0.988858,0.98461,0.999071,0.986206,0.98461,0.984287,0.990166,0.988858,0.988728,0.98461,0.999451,0.982814,0.988251,0.988311,0.99921,0.999305,0.993519,0.129454,0.079513,0,23.897,91.16,3.970553856,49.162,12.29,4,20.3,1958.5,32,24,raw,0.0,,,,,,,,
ablation/wo_mixup_cooldown/seed42,ablation,caformer_s18.sail_in22k_ft_in1k,proposed,klein,0,42,external,4800,0.688542,0.688542,0.86875,0.642749,0.688542,0.659526,0.642749,0.688542,0.659526,0.688542,0.948375,0.008449,0.630195,0.643403,0.90733,0.90733,0.723921,1.360952,0.108108,1,23.897,91.16,3.970553856,49.162,12.29,4,20.3,1958.5,32,24,raw,0.0,0.6885416666666667,0.6595256853911389,0.18843591011175395,0.7258333333333333,0.6743740882808211,0.05333333333333334,0.14846457755455048,0.05333333333333334
ablation/wo_sampler/seed42,ablation,caformer_s18.sail_in22k_ft_in1k,proposed,klein,0,42,internal_test,1077,0.987929,0.983671,1.0,0.98637,0.983671,0.983234,0.990003,0.987929,0.987716,0.983671,0.999404,0.981387,0.987272,0.987365,0.999689,0.999751,0.994339,0.10967,0.074608,0,23.897,91.16,3.970553856,54.159,13.54,4,18.5,1421.6,24,15,ema,0.0,,,,,,,,
ablation/wo_sampler/seed42,ablation,caformer_s18.sail_in22k_ft_in1k,proposed,klein,0,42,external,4800,0.640208,0.640208,0.8225,0.655608,0.640208,0.642779,0.655608,0.640208,0.642779,0.640208,0.9585,0.007892,0.581012,0.5932,0.894874,0.894874,0.721342,1.495406,0.084726,1,23.897,91.16,3.970553856,54.159,13.54,4,18.5,1421.6,24,15,ema,0.0,0.6402083333333334,0.6427794776023409,0.18365127931495456,0.6929166666666666,0.646335051076864,0.15229166666666666,0.24820173757841985,0.15229166666666666
ablation/wo_random_erasing/seed42,ablation,caformer_s18.sail_in22k_ft_in1k,proposed,klein,0,42,internal_test,1077,0.985144,0.979848,0.999071,0.980589,0.979848,0.979617,0.985822,0.985144,0.985056,0.979848,0.999267,0.977957,0.984334,0.984369,0.999215,0.999316,0.99243,0.125781,0.081761,0,23.897,91.16,3.970553856,57.708,14.427,4,17.3,1586.1,27,18,ema,0.0,,,,,,,,
ablation/wo_random_erasing/seed42,ablation,caformer_s18.sail_in22k_ft_in1k,proposed,klein,0,42,external,4800,0.684375,0.684375,0.881458,0.684056,0.684375,0.679155,0.684056,0.684375,0.679155,0.684375,0.963708,0.275259,0.631148,0.643799,0.922625,0.922625,0.74978,1.330878,0.087919,0,23.897,91.16,3.970553856,57.708,14.427,4,17.3,1586.1,27,18,ema,0.0,0.684375,0.6791547199192581,0.19404420569121666,0.745625,0.6952534955950567,0.13416666666666666,0.22534712726548606,0.13416666666666666
ablation/wo_label_smoothing/seed42,ablation,caformer_s18.sail_in22k_ft_in1k,proposed,klein,0,42,internal_test,1077,0.986072,0.981492,1.0,0.982762,0.981492,0.981294,0.987001,0.986072,0.985949,0.981492,0.999312,0.979665,0.985313,0.98536,0.999783,0.999836,0.994499,0.041187,0.006552,0,23.897,91.16,3.970553856,49.491,12.373,4,20.2,1387.2,22,13,ema,0.0,,,,,,,,
ablation/wo_label_smoothing/seed42,ablation,caformer_s18.sail_in22k_ft_in1k,proposed,klein,0,42,external,4800,0.665625,0.665625,0.965625,0.631567,0.665625,0.624469,0.631567,0.665625,0.624469,0.665625,0.944583,0.403455,0.603296,0.617386,0.940228,0.940228,0.772213,1.289165,0.200489,0,23.897,91.16,3.970553856,49.491,12.373,4,20.2,1387.2,22,13,ema,0.0,0.665625,0.6244692736057035,0.1784197924587724,0.6889583333333333,0.6312187761323051,0.057291666666666664,0.08477122141165884,0.057291666666666664
ablation/wo_two_phase/seed42,ablation,caformer_s18.sail_in22k_ft_in1k,proposed,klein,0,42,internal_test,1077,0.983287,0.978435,1.0,0.978368,0.978435,0.977884,0.984049,0.983287,0.983291,0.978435,0.999175,0.976923,0.982377,0.982408,0.999708,0.999774,0.993356,0.074942,0.033074,0,23.897,91.16,3.970553856,56.104,14.026,4,17.8,1628.3,26,17,raw,0.5,,,,,,,,
ablation/wo_two_phase/seed42,ablation,caformer_s18.sail_in22k_ft_in1k,proposed,klein,0,42,external,4800,0.692708,0.692708,0.882083,0.655079,0.692708,0.660717,0.655079,0.692708,0.660717,0.692708,0.953792,0.008302,0.636789,0.655732,0.88615,0.88615,0.736543,1.420063,0.206108,1,23.897,91.16,3.970553856,56.104,14.026,4,17.8,1628.3,26,17,raw,0.5,0.6927083333333334,0.66071704112501,0.18877629746428856,0.735,0.6781676966008359,0.07625,0.08956208457884107,0.07625
ablation/wo_pretrained/seed42,ablation,caformer_s18.sail_in22k_ft_in1k,proposed,klein,0,42,internal_test,1077,0.920149,0.910627,0.999071,0.911907,0.910627,0.907662,0.923049,0.920149,0.918489,0.910627,0.996026,0.898889,0.915805,0.916117,0.997492,0.997699,0.958317,0.336097,0.141707,0,23.897,91.16,3.970553856,58.121,14.53,4,17.2,1972.0,32,25,raw,0.0,,,,,,,,
ablation/wo_pretrained/seed42,ablation,caformer_s18.sail_in22k_ft_in1k,proposed,klein,0,42,external,4800,0.314167,0.314167,0.652708,0.609761,0.314167,0.346046,0.609761,0.314167,0.346046,0.314167,0.936792,0.166869,0.233676,0.247625,0.781714,0.781714,0.546538,2.409259,0.122394,0,23.897,91.16,3.970553856,58.121,14.53,4,17.2,1972.0,32,25,raw,0.0,0.31416666666666665,0.34604586555286304,0.098870247300818,0.436875,0.3839314265687886,0.3697916666666667,0.49157089410136906,0.3697916666666667
ablation/full/seed1234,ablation,caformer_s18.sail_in22k_ft_in1k,proposed,klein,0,1234,internal_test,1077,0.990715,0.987396,1.0,0.987589,0.987396,0.987427,0.990831,0.990715,0.99072,0.987396,0.999541,0.986939,0.990209,0.990213,0.99995,0.999964,0.998666,0.109792,0.088148,0,23.897,91.16,3.970553856,54.649,13.662,4,18.3,1801.9,30,21,raw,0.0,,,,,,,,
ablation/full/seed1234,ablation,caformer_s18.sail_in22k_ft_in1k,proposed,klein,0,1234,external,4800,0.650417,0.650417,0.852917,0.63758,0.650417,0.61194,0.63758,0.650417,0.61194,0.650417,0.946083,0.248731,0.587106,0.607539,0.89954,0.89954,0.724493,1.454332,0.115455,0,23.897,91.16,3.970553856,54.649,13.662,4,18.3,1801.9,30,21,raw,0.0,0.6504166666666666,0.6119401929003703,0.17484005511439146,0.683125,0.6177745571107732,0.08,0.1888098468274984,0.08
ablation/wo_msf/seed1234,ablation,caformer_s18.sail_in22k_ft_in1k,proposed,klein,0,1234,internal_test,1077,0.989786,0.986892,1.0,0.987029,0.986892,0.986851,0.989932,0.989786,0.989774,0.986892,0.999494,0.986489,0.98923,0.989237,0.999936,0.999953,0.998299,0.117573,0.093005,0,23.711,90.45,3.903493632,52.061,13.015,4,19.2,1299.4,23,14,raw,0.0,,,,,,,,
ablation/wo_msf/seed1234,ablation,caformer_s18.sail_in22k_ft_in1k,proposed,klein,0,1234,external,4800,0.635625,0.635625,0.876667,0.643475,0.635625,0.623813,0.643475,0.635625,0.623813,0.635625,0.962458,0.240674,0.577672,0.593222,0.936755,0.936755,0.766313,1.3992,0.098267,0,23.711,90.45,3.903493632,52.061,13.015,4,19.2,1299.4,23,14,raw,0.0,0.635625,0.62381274425938,0.17823221264553718,0.6922916666666666,0.6284352927265611,0.17666666666666667,0.26868569202500414,0.17666666666666667
ablation/wo_lap/seed1234,ablation,caformer_s18.sail_in22k_ft_in1k,proposed,klein,0,1234,internal_test,1077,0.989786,0.987645,1.0,0.986778,0.987645,0.986907,0.990377,0.989786,0.989838,0.987645,0.999496,0.987261,0.98923,0.989252,0.999949,0.999962,0.998673,0.104073,0.080315,0,23.562,89.88,3.957188096,52.287,13.072,4,19.1,1526.0,25,16,ema,0.0,,,,,,,,
ablation/wo_lap/seed1234,ablation,caformer_s18.sail_in22k_ft_in1k,proposed,klein,0,1234,external,4800,0.707708,0.707708,0.90875,0.6824,0.707708,0.682089,0.6824,0.707708,0.682089,0.707708,0.95625,0.391719,0.654334,0.666059,0.909198,0.909198,0.734506,1.205011,0.066208,0,23.562,89.88,3.957188096,52.287,13.072,4,19.1,1526.0,25,16,ema,0.0,0.7077083333333334,0.6820888389339023,0.19488252540968634,0.74125,0.6903988030584274,0.07354166666666667,0.17182071038844393,0.07354166666666667
ablation/wo_hier/seed1234,ablation,caformer_s18.sail_in22k_ft_in1k,proposed,klein,0,1234,internal_test,1077,0.986072,0.982935,1.0,0.982364,0.982935,0.982312,0.986622,0.986072,0.986069,0.982935,0.999311,0.982229,0.985314,0.985339,0.999915,0.999935,0.997835,0.092587,0.06742,0,23.895,91.15,3.970551808,53.04,13.26,4,18.9,1194.7,20,11,ema,,,,,,,,,
ablation/wo_hier/seed1234,ablation,caformer_s18.sail_in22k_ft_in1k,proposed,klein,0,1234,external,4800,0.696667,0.696667,0.867083,0.692833,0.696667,0.683448,0.692833,0.696667,0.683448,0.696667,0.957458,0.378709,0.64248,0.654718,0.904395,0.904395,0.735962,1.304954,0.055409,0,23.895,91.15,3.970551808,53.04,13.26,4,18.9,1194.7,20,11,ema,,0.6966666666666667,0.6834483928873901,0.19527096939639724,0.7452083333333334,0.6971426283758501,0.090625,0.20992538744554623,0.090625
ablation/wo_mixstyle/seed1234,ablation,caformer_s18.sail_in22k_ft_in1k,proposed,klein,0,1234,internal_test,1077,0.989786,0.986397,1.0,0.986948,0.986397,0.986564,0.989995,0.989786,0.9898,0.986397,0.999495,0.985922,0.98923,0.989238,0.9999,0.99993,0.99722,0.110836,0.082876,0,23.897,91.16,3.970553856,66.242,16.56,4,15.1,1751.4,30,21,raw,0.0,,,,,,,,
ablation/wo_mixstyle/seed1234,ablation,caformer_s18.sail_in22k_ft_in1k,proposed,klein,0,1234,external,4800,0.637083,0.637083,0.874375,0.728931,0.637083,0.668086,0.728931,0.637083,0.668086,0.637083,0.968,0.403842,0.581485,0.593995,0.923289,0.923289,0.77119,1.444095,0.098185,0,23.897,91.16,3.970553856,66.242,16.56,4,15.1,1751.4,30,21,raw,0.0,0.6370833333333333,0.6680861774141081,0.19088176497545947,0.7304166666666667,0.6941879499859157,0.20291666666666666,0.2933615290752156,0.20291666666666666
ablation/wo_lap_gate/seed1234,ablation,caformer_s18.sail_in22k_ft_in1k,proposed,klein,0,1234,internal_test,1077,0.989786,0.987404,1.0,0.987263,0.987404,0.987162,0.990009,0.989786,0.989748,0.987404,0.999494,0.986944,0.98923,0.989243,0.999922,0.999944,0.997871,0.096659,0.069577,0,23.602,90.03,3.963643392,49.5,12.375,4,20.2,1965.9,32,23,raw,0.0,,,,,,,,
ablation/wo_lap_gate/seed1234,ablation,caformer_s18.sail_in22k_ft_in1k,proposed,klein,0,1234,external,4800,0.708333,0.708333,0.944792,0.689426,0.708333,0.694194,0.689426,0.708333,0.694194,0.708333,0.960583,0.008681,0.656498,0.670247,0.918657,0.918657,0.75316,1.282083,0.128873,1,23.602,90.03,3.963643392,49.5,12.375,4,20.2,1965.9,32,23,raw,0.0,0.7083333333333334,0.6941936023329012,0.19834102923797176,0.7395833333333334,0.693270704804681,0.09458333333333334,0.15715816874764035,0.09458333333333334
ablation/wo_mixup/seed1234,ablation,caformer_s18.sail_in22k_ft_in1k,proposed,klein,0,1234,internal_test,1077,0.990715,0.988627,1.0,0.988126,0.988627,0.988298,0.990828,0.990715,0.990708,0.988627,0.999541,0.98835,0.990209,0.990214,0.99993,0.99995,0.9981,0.114708,0.088165,0,23.897,91.16,3.970553856,72.976,18.244,4,13.7,1552.6,26,17,raw,0.0,,,,,,,,
ablation/wo_mixup/seed1234,ablation,caformer_s18.sail_in22k_ft_in1k,proposed,klein,0,1234,external,4800,0.691875,0.691875,0.884583,0.690492,0.691875,0.68669,0.690492,0.691875,0.68669,0.691875,0.965167,0.333318,0.639898,0.653448,0.932395,0.932395,0.778048,1.265196,0.055816,0,23.897,91.16,3.970553856,72.976,18.244,4,13.7,1552.6,26,17,raw,0.0,0.691875,0.6866897690813958,0.1961970768803988,0.744375,0.698197990582999,0.13395833333333335,0.24699288778829215,0.13395833333333335
ablation/wo_ema/seed1234,ablation,caformer_s18.sail_in22k_ft_in1k,proposed,klein,0,1234,internal_test,1077,0.988858,0.985737,1.0,0.985117,0.985737,0.985094,0.989426,0.988858,0.988874,0.985737,0.999451,0.985069,0.988251,0.988274,0.999936,0.999954,0.99821,0.118349,0.09098,0,23.897,91.16,3.970553856,54.989,13.747,4,18.2,1778.0,32,27,raw,0.0,,,,,,,,
ablation/wo_ema/seed1234,ablation,caformer_s18.sail_in22k_ft_in1k,proposed,klein,0,1234,external,4800,0.652917,0.652917,0.886042,0.594841,0.652917,0.60509,0.594841,0.652917,0.60509,0.652917,0.939,0.250676,0.586976,0.60453,0.913289,0.913289,0.715812,1.415885,0.133266,0,23.897,91.16,3.970553856,54.989,13.747,4,18.2,1778.0,32,27,raw,0.0,0.6529166666666667,0.6050897484566269,0.17288278527332196,0.6697916666666667,0.6070384744655709,0.042083333333333334,0.1458946096917013,0.042083333333333334
ablation/wo_tta/seed1234,ablation,caformer_s18.sail_in22k_ft_in1k,proposed,none,0,1234,internal_test,1077,0.991643,0.989561,1.0,0.98914,0.989561,0.98927,0.991777,0.991643,0.991646,0.989561,0.999587,0.989301,0.991188,0.991194,0.999917,0.999936,0.997866,0.115519,0.090647,0,23.897,91.16,3.970553856,11.12,11.12,1,89.9,1820.6,30,21,raw,0.0,,,,,,,,
ablation/wo_tta/seed1234,ablation,caformer_s18.sail_in22k_ft_in1k,proposed,none,0,1234,external,4800,0.622292,0.622292,0.796458,0.612239,0.622292,0.591215,0.612239,0.622292,0.591215,0.622292,0.938083,0.007435,0.552843,0.576223,0.851149,0.851149,0.665005,1.68761,0.171994,1,23.897,91.16,3.970553856,11.12,11.12,1,89.9,1820.6,30,21,raw,0.0,0.6222916666666667,0.5912152488602955,0.168918642531513,0.6554166666666666,0.5992993911996943,0.068125,0.1687047947589114,0.068125
ablation/wo_llrd/seed1234,ablation,caformer_s18.sail_in22k_ft_in1k,proposed,klein,0,1234,internal_test,1077,0.991643,0.989266,1.0,0.988946,0.989266,0.989083,0.991687,0.991643,0.991645,0.989266,0.999587,0.988948,0.991188,0.99119,0.999938,0.999954,0.998363,0.113656,0.087405,0,23.897,91.16,3.970553856,49.9,12.475,4,20.0,1964.3,32,26,raw,0.0,,,,,,,,
ablation/wo_llrd/seed1234,ablation,caformer_s18.sail_in22k_ft_in1k,proposed,klein,0,1234,external,4800,0.712708,0.712708,0.873333,0.690507,0.712708,0.695796,0.690507,0.712708,0.695796,0.712708,0.963458,0.286023,0.662313,0.675425,0.932613,0.932613,0.791454,1.249714,0.072864,0,23.897,91.16,3.970553856,49.9,12.475,4,20.0,1964.3,32,26,raw,0.0,0.7127083333333334,0.6957958597287055,0.19879881706534444,0.745625,0.6946540387346873,0.10458333333333333,0.1909474474759918,0.10458333333333333
ablation/wo_beta_calib/seed1234,ablation,caformer_s18.sail_in22k_ft_in1k,proposed,klein,0,1234,internal_test,1077,0.9935,0.991419,1.0,0.991194,0.991419,0.991276,0.993544,0.9935,0.993499,0.991419,0.999679,0.99118,0.993146,0.993148,0.999947,0.999962,0.998612,0.046523,0.032834,0,23.897,91.16,3.970553856,52.963,13.241,4,18.9,1929.0,32,23,ema,,,,,,,,,
ablation/wo_beta_calib/seed1234,ablation,caformer_s18.sail_in22k_ft_in1k,proposed,klein,0,1234,external,4800,0.64875,0.64875,0.949792,0.603555,0.64875,0.60647,0.603555,0.64875,0.60647,0.64875,0.940542,0.281636,0.583,0.599739,0.891627,0.891627,0.687978,1.410084,0.230776,0,23.897,91.16,3.970553856,52.963,13.241,4,18.9,1929.0,32,23,ema,,0.64875,0.6064697332621417,0.17327706664632622,0.6766666666666666,0.613841294232348,0.05395833333333333,0.06687760767980383,0.05395833333333333
ablation/wo_mixup_cooldown/seed1234,ablation,caformer_s18.sail_in22k_ft_in1k,proposed,klein,0,1234,internal_test,1077,0.989786,0.987408,1.0,0.986676,0.987408,0.986984,0.989881,0.989786,0.989784,0.987408,0.999495,0.987057,0.98923,0.989235,0.999926,0.999945,0.998075,0.099764,0.073321,0,23.897,91.16,3.970553856,55.415,13.854,4,18.0,1883.3,31,22,raw,0.0,,,,,,,,
ablation/wo_mixup_cooldown/seed1234,ablation,caformer_s18.sail_in22k_ft_in1k,proposed,klein,0,1234,external,4800,0.668333,0.668333,0.871875,0.624507,0.668333,0.637916,0.624507,0.668333,0.637916,0.668333,0.947625,0.008086,0.607479,0.620907,0.900443,0.900443,0.692511,1.430745,0.130703,1,23.897,91.16,3.970553856,55.415,13.854,4,18.0,1883.3,31,22,raw,0.0,0.6683333333333333,0.6379155348343682,0.18226158138124804,0.69625,0.6419986074236288,0.06979166666666667,0.15843903061208645,0.06979166666666667
ablation/wo_sampler/seed1234,ablation,caformer_s18.sail_in22k_ft_in1k,proposed,klein,0,1234,internal_test,1077,0.991643,0.988771,1.0,0.988541,0.988771,0.988626,0.991684,0.991643,0.991641,0.988771,0.999588,0.988318,0.991188,0.99119,0.999938,0.999955,0.998344,0.100251,0.080978,0,23.897,91.16,3.970553856,62.809,15.702,4,15.9,1910.8,32,28,ema,0.0,,,,,,,,
ablation/wo_sampler/seed1234,ablation,caformer_s18.sail_in22k_ft_in1k,proposed,klein,0,1234,external,4800,0.615208,0.615208,0.840208,0.675038,0.615208,0.636903,0.675038,0.615208,0.636903,0.615208,0.9635,0.300409,0.556205,0.570882,0.87158,0.87158,0.707503,1.595225,0.132413,0,23.897,91.16,3.970553856,62.809,15.702,4,15.9,1910.8,32,28,ema,0.0,0.6152083333333334,0.6369029016006181,0.1819722576001766,0.7135416666666666,0.6659473049681187,0.20229166666666668,0.2871102651329663,0.20229166666666668
ablation/wo_random_erasing/seed1234,ablation,caformer_s18.sail_in22k_ft_in1k,proposed,klein,0,1234,internal_test,1077,0.991643,0.989634,1.0,0.989145,0.989634,0.989319,0.991764,0.991643,0.991649,0.989634,0.999587,0.989385,0.991188,0.991193,0.999954,0.999966,0.998785,0.101174,0.082841,0,23.897,91.16,3.970553856,55.865,13.966,4,17.9,1911.4,32,23,ema,0.0,,,,,,,,
ablation/wo_random_erasing/seed1234,ablation,caformer_s18.sail_in22k_ft_in1k,proposed,klein,0,1234,external,4800,0.6375,0.6375,0.89375,0.70614,0.6375,0.63361,0.70614,0.6375,0.63361,0.6375,0.962167,0.388249,0.579575,0.597112,0.921073,0.921073,0.765113,1.428289,0.11031,0,23.897,91.16,3.970553856,55.865,13.966,4,17.9,1911.4,32,23,ema,0.0,0.6375,0.6336098507685858,0.18103138593388166,0.6922916666666666,0.6364295167150065,0.17333333333333334,0.2557938308108714,0.17333333333333334
ablation/wo_label_smoothing/seed1234,ablation,caformer_s18.sail_in22k_ft_in1k,proposed,klein,0,1234,internal_test,1077,0.991643,0.988691,1.0,0.988872,0.988691,0.988511,0.992008,0.991643,0.991632,0.988691,0.999588,0.987972,0.991188,0.991203,0.99992,0.999943,0.997873,0.024681,0.009252,0,23.897,91.16,3.970553856,55.632,13.908,4,18.0,1982.9,32,27,ema,0.0,,,,,,,,
ablation/wo_label_smoothing/seed1234,ablation,caformer_s18.sail_in22k_ft_in1k,proposed,klein,0,1234,external,4800,0.672917,0.672917,0.927708,0.686917,0.672917,0.6623,0.686917,0.672917,0.6623,0.672917,0.957042,0.372736,0.616121,0.629727,0.92075,0.92075,0.735374,1.72524,0.216953,0,23.897,91.16,3.970553856,55.632,13.908,4,18.0,1982.9,32,27,ema,0.0,0.6729166666666667,0.6622998043773608,0.1892285155363888,0.7291666666666666,0.6767376758857931,0.11229166666666666,0.1318419440803144,0.11229166666666666
ablation/wo_two_phase/seed1234,ablation,caformer_s18.sail_in22k_ft_in1k,proposed,klein,0,1234,internal_test,1077,0.992572,0.990273,1.0,0.989886,0.990273,0.989989,0.99271,0.992572,0.992574,0.990273,0.999634,0.989925,0.992167,0.992173,0.99995,0.999964,0.998648,0.101928,0.082796,0,23.897,91.16,3.970553856,50.332,12.583,4,19.9,1855.3,30,23,ema,0.0,,,,,,,,
ablation/wo_two_phase/seed1234,ablation,caformer_s18.sail_in22k_ft_in1k,proposed,klein,0,1234,external,4800,0.65875,0.65875,0.917917,0.651383,0.65875,0.639391,0.651383,0.65875,0.639391,0.65875,0.949583,0.00805,0.597675,0.616974,0.917373,0.917373,0.738479,1.47208,0.15432,1,23.897,91.16,3.970553856,50.332,12.583,4,19.9,1855.3,30,23,ema,0.0,0.65875,0.6393910230325738,0.18268314943787822,0.69875,0.6490981819879362,0.08916666666666667,0.16558343642616818,0.08916666666666667
ablation/wo_pretrained/seed1234,ablation,caformer_s18.sail_in22k_ft_in1k,proposed,klein,0,1234,internal_test,1077,0.933148,0.926849,1.0,0.925611,0.926849,0.923571,0.93636,0.933148,0.932379,0.926849,0.996678,0.917172,0.929522,0.929743,0.997621,0.997837,0.959368,0.262566,0.102326,0,23.897,91.16,3.970553856,50.861,12.715,4,19.7,1959.8,32,28,raw,2.0,,,,,,,,
ablation/wo_pretrained/seed1234,ablation,caformer_s18.sail_in22k_ft_in1k,proposed,klein,0,1234,external,4800,0.406458,0.406458,0.859583,0.562339,0.406458,0.369345,0.562339,0.406458,0.369345,0.406458,0.904083,0.208352,0.303622,0.320107,0.811062,0.811062,0.584942,1.852704,0.196604,0,23.897,91.16,3.970553856,50.861,12.715,4,19.7,1959.8,32,28,raw,2.0,0.4064583333333333,0.36934480463298414,0.10552708703799547,0.439375,0.3765793287091175,0.11395833333333333,0.15977422178605463,0.11395833333333333
ablation/full/seed2024,ablation,caformer_s18.sail_in22k_ft_in1k,proposed,klein,0,2024,internal_test,1077,0.987929,0.984065,1.0,0.985027,0.984065,0.984417,0.988088,0.987929,0.98791,0.984065,0.999402,0.983385,0.987271,0.987279,0.999873,0.999907,0.996658,0.116931,0.087088,0,23.897,91.16,3.970553856,48.72,12.18,4,20.5,1375.8,23,14,ema,0.0,,,,,,,,
ablation/full/seed2024,ablation,caformer_s18.sail_in22k_ft_in1k,proposed,klein,0,2024,external,4800,0.657708,0.657708,0.873542,0.631507,0.657708,0.63229,0.631507,0.657708,0.63229,0.657708,0.955333,0.00778,0.598795,0.614259,0.923638,0.923638,0.740912,1.395911,0.096874,1,23.897,91.16,3.970553856,48.72,12.18,4,20.5,1375.8,23,14,ema,0.0,0.6577083333333333,0.6322895439206603,0.18065415540590293,0.6904166666666667,0.6262766557622493,0.11895833333333333,0.2125013653532369,0.11895833333333333
ablation/wo_msf/seed2024,ablation,caformer_s18.sail_in22k_ft_in1k,proposed,klein,0,2024,internal_test,1077,0.989786,0.985549,1.0,0.98619,0.985549,0.985798,0.989887,0.989786,0.989781,0.985549,0.999496,0.984778,0.989229,0.989234,0.999818,0.999872,0.994914,0.126948,0.08478,0,23.711,90.45,3.903493632,47.114,11.778,4,21.2,1886.7,32,25,raw,0.0,,,,,,,,
ablation/wo_msf/seed2024,ablation,caformer_s18.sail_in22k_ft_in1k,proposed,klein,0,2024,external,4800,0.67875,0.67875,0.847917,0.666977,0.67875,0.666719,0.666977,0.67875,0.666719,0.67875,0.956625,0.008314,0.622383,0.634736,0.897831,0.897831,0.729408,1.376189,0.102826,1,23.711,90.45,3.903493632,47.114,11.778,4,21.2,1886.7,32,25,raw,0.0,0.67875,0.6667193923720939,0.19049125496345537,0.7302083333333333,0.6782688336226165,0.104375,0.20149931154946293,0.104375
ablation/wo_lap/seed2024,ablation,caformer_s18.sail_in22k_ft_in1k,proposed,klein,0,2024,internal_test,1077,0.988858,0.984857,1.0,0.98575,0.984857,0.98511,0.989099,0.988858,0.98883,0.984857,0.999449,0.983976,0.98825,0.988263,0.999875,0.999913,0.996665,0.114041,0.086914,0,23.562,89.88,3.957188096,36.301,9.075,4,27.5,1898.4,32,24,raw,0.0,,,,,,,,
ablation/wo_lap/seed2024,ablation,caformer_s18.sail_in22k_ft_in1k,proposed,klein,0,2024,external,4800,0.670208,0.670208,0.888542,0.687206,0.670208,0.670704,0.687206,0.670208,0.670704,0.670208,0.960417,0.326235,0.61442,0.626277,0.891314,0.891314,0.705176,1.446227,0.135637,0,23.562,89.88,3.957188096,36.301,9.075,4,27.5,1898.4,32,24,raw,0.0,0.6702083333333333,0.6707036413336863,0.19162961180962462,0.7354166666666667,0.686736534310528,0.131875,0.20440529525811144,0.131875
ablation/wo_hier/seed2024,ablation,caformer_s18.sail_in22k_ft_in1k,proposed,klein,0,2024,internal_test,1077,0.989786,0.985622,1.0,0.986375,0.985622,0.985798,0.990055,0.989786,0.989775,0.985622,0.999496,0.984778,0.989229,0.989241,0.999872,0.99991,0.9965,0.103303,0.07222,0,23.895,91.15,3.970551808,48.772,12.193,4,20.5,1836.0,32,25,raw,,,,,,,,,
ablation/wo_hier/seed2024,ablation,caformer_s18.sail_in22k_ft_in1k,proposed,klein,0,2024,external,4800,0.669167,0.669167,0.884167,0.646051,0.669167,0.653787,0.646051,0.669167,0.653787,0.669167,0.954542,0.008203,0.611054,0.622629,0.910501,0.910501,0.726369,1.364578,0.090491,1,23.895,91.15,3.970551808,48.772,12.193,4,20.5,1836.0,32,25,raw,,0.6691666666666667,0.6537871845061783,0.1867963384303367,0.713125,0.6619563658413389,0.10354166666666667,0.20265008248779243,0.10354166666666667
ablation/wo_mixstyle/seed2024,ablation,caformer_s18.sail_in22k_ft_in1k,proposed,klein,0,2024,internal_test,1077,0.989786,0.985896,1.0,0.986262,0.985896,0.986041,0.989836,0.989786,0.98978,0.985896,0.999496,0.985144,0.98923,0.989232,0.99986,0.999902,0.996177,0.106434,0.073334,0,23.897,91.16,3.970553856,51.48,12.87,4,19.4,1373.8,22,13,ema,0.0,,,,,,,,
ablation/wo_mixstyle/seed2024,ablation,caformer_s18.sail_in22k_ft_in1k,proposed,klein,0,2024,external,4800,0.679375,0.679375,0.829583,0.655958,0.679375,0.664067,0.655958,0.679375,0.664067,0.679375,0.956792,0.008343,0.623133,0.637078,0.886725,0.886725,0.705775,1.411473,0.063053,1,23.897,91.16,3.970553856,51.48,12.87,4,19.4,1373.8,22,13,ema,0.0,0.679375,0.6640672976824522,0.18973351362355778,0.731875,0.6782544801623512,0.10458333333333333,0.224614613520777,0.10458333333333333
ablation/wo_lap_gate/seed2024,ablation,caformer_s18.sail_in22k_ft_in1k,proposed,klein,0,2024,internal_test,1077,0.987929,0.983322,1.0,0.983959,0.983322,0.983577,0.988021,0.987929,0.987923,0.983322,0.999404,0.982383,0.987271,0.987276,0.999898,0.999929,0.997267,0.10971,0.079078,0,23.602,90.03,3.963643392,39.892,9.973,4,25.1,2028.2,32,23,ema,0.0,,,,,,,,
ablation/wo_lap_gate/seed2024,ablation,caformer_s18.sail_in22k_ft_in1k,proposed,klein,0,2024,external,4800,0.716458,0.716458,0.905833,0.655966,0.716458,0.679952,0.655966,0.716458,0.679952,0.716458,0.951,0.008761,0.662353,0.677485,0.913547,0.913547,0.743387,1.238528,0.082233,1,23.602,90.03,3.963643392,39.892,9.973,4,25.1,2028.2,32,23,ema,0.0,0.7164583333333333,0.6799517621445266,0.1942719320412933,0.7310416666666667,0.6804106371477037,0.03854166666666667,0.13671821311256888,0.03854166666666667
ablation/wo_mixup/seed2024,ablation,caformer_s18.sail_in22k_ft_in1k,proposed,klein,0,2024,internal_test,1077,0.991643,0.988347,1.0,0.989788,0.988347,0.988618,0.992187,0.991643,0.991597,0.988347,0.999587,0.987589,0.991188,0.991212,0.999889,0.999921,0.997044,0.107054,0.081351,0,23.897,91.16,3.970553856,37.791,9.448,4,26.5,1347.4,21,12,ema,0.0,,,,,,,,
ablation/wo_mixup/seed2024,ablation,caformer_s18.sail_in22k_ft_in1k,proposed,klein,0,2024,external,4800,0.599792,0.599792,0.84375,0.608644,0.599792,0.57192,0.608644,0.599792,0.57192,0.599792,0.946708,0.218061,0.532262,0.550992,0.928777,0.928777,0.744496,1.52376,0.127163,0,23.897,91.16,3.970553856,37.791,9.448,4,26.5,1347.4,21,12,ema,0.0,0.5997916666666666,0.5719196328271371,0.16340560937918203,0.6366666666666667,0.5706962511294058,0.13375,0.24938984972958375,0.13375
ablation/wo_ema/seed2024,ablation,caformer_s18.sail_in22k_ft_in1k,proposed,klein,0,2024,internal_test,1077,0.988858,0.985004,1.0,0.985453,0.985004,0.985166,0.988968,0.988858,0.988856,0.985004,0.999449,0.98426,0.98825,0.988256,0.999865,0.999905,0.996381,0.11543,0.081157,0,23.897,91.16,3.970553856,39.813,9.953,4,25.1,1854.1,32,25,raw,0.0,,,,,,,,
ablation/wo_ema/seed2024,ablation,caformer_s18.sail_in22k_ft_in1k,proposed,klein,0,2024,external,4800,0.675417,0.675417,0.922917,0.636155,0.675417,0.638837,0.636155,0.675417,0.638837,0.675417,0.948083,0.331991,0.615499,0.630559,0.928475,0.928475,0.740148,1.26786,0.113393,0,23.897,91.16,3.970553856,39.813,9.953,4,25.1,1854.1,32,25,raw,0.0,0.6754166666666667,0.6388366759817947,0.18252476456622707,0.6954166666666667,0.6404292066889622,0.065,0.15258769245005777,0.065
ablation/wo_tta/seed2024,ablation,caformer_s18.sail_in22k_ft_in1k,proposed,none,0,2024,internal_test,1077,0.987001,0.982828,1.0,0.982707,0.982828,0.982742,0.987055,0.987001,0.987002,0.982828,0.999358,0.981918,0.986292,0.986295,0.9998,0.999857,0.994012,0.131847,0.08738,0,23.897,91.16,3.970553856,12.584,12.584,1,79.5,2038.5,32,23,raw,0.0,,,,,,,,
ablation/wo_tta/seed2024,ablation,caformer_s18.sail_in22k_ft_in1k,proposed,none,0,2024,external,4800,0.663958,0.663958,0.82125,0.639052,0.663958,0.629847,0.639052,0.663958,0.629847,0.663958,0.953625,0.007619,0.60498,0.625965,0.884884,0.884884,0.705268,1.535621,0.156068,1,23.897,91.16,3.970553856,12.584,12.584,1,79.5,2038.5,32,23,raw,0.0,0.6639583333333333,0.6298465234197876,0.17995614954851075,0.7029166666666666,0.6392272492588662,0.10416666666666667,0.18017897278468203,0.10416666666666667
ablation/wo_llrd/seed2024,ablation,caformer_s18.sail_in22k_ft_in1k,proposed,klein,0,2024,internal_test,1077,0.987929,0.984041,1.0,0.984742,0.984041,0.984223,0.988123,0.987929,0.987904,0.984041,0.999402,0.983169,0.987271,0.987281,0.999849,0.999892,0.995509,0.118649,0.085423,0,23.897,91.16,3.970553856,62.536,15.634,4,16.0,2024.6,32,27,raw,0.0,,,,,,,,
ablation/wo_llrd/seed2024,ablation,caformer_s18.sail_in22k_ft_in1k,proposed,klein,0,2024,external,4800,0.618333,0.618333,0.890625,0.609069,0.618333,0.592021,0.609069,0.618333,0.592021,0.618333,0.940583,0.007415,0.549619,0.567227,0.907759,0.907759,0.708455,1.547286,0.156248,1,23.897,91.16,3.970553856,62.536,15.634,4,16.0,2024.6,32,27,raw,0.0,0.6183333333333333,0.592020521143885,0.16914872032682432,0.6658333333333334,0.6066422296736494,0.08458333333333333,0.1771751052034233,0.08458333333333333
ablation/wo_beta_calib/seed2024,ablation,caformer_s18.sail_in22k_ft_in1k,proposed,klein,0,2024,internal_test,1077,0.990715,0.987257,1.0,0.98754,0.987257,0.987376,0.990751,0.990715,0.990714,0.987257,0.999541,0.986684,0.990209,0.99021,0.999861,0.999903,0.996301,0.054898,0.027015,0,23.897,91.16,3.970553856,57.005,14.251,4,17.5,2026.4,32,29,raw,,,,,,,,,
ablation/wo_beta_calib/seed2024,ablation,caformer_s18.sail_in22k_ft_in1k,proposed,klein,0,2024,external,4800,0.712292,0.712292,0.97,0.654381,0.712292,0.661043,0.654381,0.712292,0.661043,0.712292,0.946708,0.281604,0.656211,0.674856,0.917281,0.917281,0.77266,1.17628,0.174954,0,23.897,91.16,3.970553856,57.005,14.251,4,17.5,2026.4,32,29,raw,,0.7122916666666667,0.6610429013322564,0.1888694003806447,0.7214583333333333,0.6621003032246359,0.02125,0.022978778572283646,0.02125
ablation/wo_mixup_cooldown/seed2024,ablation,caformer_s18.sail_in22k_ft_in1k,proposed,klein,0,2024,internal_test,1077,0.986072,0.982184,1.0,0.982909,0.982184,0.982268,0.986467,0.986072,0.986015,0.982184,0.99931,0.981349,0.985313,0.985337,0.999882,0.999916,0.996867,0.119463,0.082759,0,23.897,91.16,3.970553856,64.126,16.031,4,15.6,1745.1,26,17,ema,0.0,,,,,,,,
ablation/wo_mixup_cooldown/seed2024,ablation,caformer_s18.sail_in22k_ft_in1k,proposed,klein,0,2024,external,4800,0.687708,0.687708,0.876458,0.648911,0.687708,0.664163,0.648911,0.687708,0.664163,0.687708,0.956833,0.008376,0.632343,0.646006,0.911796,0.911796,0.731129,1.34375,0.089425,1,23.897,91.16,3.970553856,64.126,16.031,4,15.6,1745.1,26,17,ema,0.0,0.6877083333333334,0.6641631697846019,0.1897609056527434,0.7297916666666666,0.6741122184945832,0.09645833333333333,0.18979997292415646,0.09645833333333333
ablation/wo_sampler/seed2024,ablation,caformer_s18.sail_in22k_ft_in1k,proposed,klein,0,2024,internal_test,1077,0.992572,0.989483,1.0,0.989483,0.989483,0.989418,0.992664,0.992572,0.992572,0.989483,0.999634,0.988882,0.992167,0.992171,0.999897,0.999928,0.997092,0.107604,0.080993,0,23.897,91.16,3.970553856,47.269,11.817,4,21.2,2013.4,32,25,raw,0.0,,,,,,,,
ablation/wo_sampler/seed2024,ablation,caformer_s18.sail_in22k_ft_in1k,proposed,klein,0,2024,external,4800,0.664167,0.664167,0.839167,0.681259,0.664167,0.663548,0.681259,0.664167,0.663548,0.664167,0.961167,0.267751,0.608104,0.62214,0.884652,0.884652,0.711093,1.458589,0.112281,0,23.897,91.16,3.970553856,47.269,11.817,4,21.2,2013.4,32,25,raw,0.0,0.6641666666666667,0.6635479773971504,0.1895851363991858,0.7327083333333333,0.6832248554854199,0.14166666666666666,0.2247717439174691,0.14166666666666666
ablation/wo_random_erasing/seed2024,ablation,caformer_s18.sail_in22k_ft_in1k,proposed,klein,0,2024,internal_test,1077,0.9935,0.990697,1.0,0.991258,0.990697,0.990896,0.993597,0.9935,0.99349,0.990697,0.999679,0.990317,0.993146,0.993151,0.999849,0.999891,0.994951,0.116853,0.083621,0,23.897,91.16,3.970553856,54.767,13.692,4,18.3,1981.3,32,28,raw,0.0,,,,,,,,
ablation/wo_random_erasing/seed2024,ablation,caformer_s18.sail_in22k_ft_in1k,proposed,klein,0,2024,external,4800,0.709792,0.709792,0.917083,0.644724,0.709792,0.673645,0.644724,0.709792,0.673645,0.709792,0.95025,0.008675,0.654614,0.665625,0.915967,0.915967,0.744193,1.253719,0.096342,1,23.897,91.16,3.970553856,54.767,13.692,4,18.3,1981.3,32,28,raw,0.0,0.7097916666666667,0.6736446661930753,0.19246990462659294,0.7341666666666666,0.6815994723817478,0.04145833333333333,0.13261358956622038,0.04145833333333333
ablation/wo_label_smoothing/seed2024,ablation,caformer_s18.sail_in22k_ft_in1k,proposed,klein,0,2024,internal_test,1077,0.989786,0.985847,1.0,0.986765,0.985847,0.986157,0.99002,0.989786,0.989787,0.985847,0.999495,0.985173,0.989229,0.989239,0.999896,0.999926,0.997241,0.030316,0.005013,0,23.897,91.16,3.970553856,48.352,12.088,4,20.7,1883.6,31,22,ema,0.0,,,,,,,,
ablation/wo_label_smoothing/seed2024,ablation,caformer_s18.sail_in22k_ft_in1k,proposed,klein,0,2024,external,4800,0.695417,0.695417,0.925,0.650088,0.695417,0.664775,0.650088,0.695417,0.664775,0.695417,0.956417,0.008384,0.640727,0.656081,0.922158,0.922158,0.742562,1.545009,0.192094,1,23.897,91.16,3.970553856,48.352,12.088,4,20.7,1883.6,31,22,ema,0.0,0.6954166666666667,0.6647752734094984,0.18993579240271383,0.7283333333333334,0.6689100578782087,0.08666666666666667,0.09860272796098343,0.08666666666666667
ablation/wo_two_phase/seed2024,ablation,caformer_s18.sail_in22k_ft_in1k,proposed,klein,0,2024,internal_test,1077,0.990715,0.987134,1.0,0.988316,0.987134,0.98751,0.99098,0.990715,0.990689,0.987134,0.999541,0.986534,0.990208,0.990221,0.999899,0.999928,0.997253,0.114683,0.08142,0,23.897,91.16,3.970553856,46.334,11.584,4,21.6,1873.0,29,20,ema,0.0,,,,,,,,
ablation/wo_two_phase/seed2024,ablation,caformer_s18.sail_in22k_ft_in1k,proposed,klein,0,2024,external,4800,0.690208,0.690208,0.888125,0.655542,0.690208,0.656426,0.655542,0.690208,0.656426,0.690208,0.949,0.43153,0.63228,0.643975,0.921703,0.921703,0.748655,1.2998,0.112968,0,23.897,91.16,3.970553856,46.334,11.584,4,21.6,1873.0,29,20,ema,0.0,0.6902083333333333,0.6564262623944017,0.1875503606841148,0.7070833333333333,0.65490026605655,0.05479166666666667,0.1398557707466292,0.05479166666666667
ablation/wo_pretrained/seed2024,ablation,caformer_s18.sail_in22k_ft_in1k,proposed,klein,0,2024,internal_test,1077,0.927577,0.919889,0.999071,0.919334,0.919889,0.916143,0.930665,0.927577,0.926136,0.919889,0.9964,0.911345,0.923644,0.923919,0.997799,0.998045,0.959454,0.32235,0.143765,0,23.897,91.16,3.970553856,54.551,13.638,4,18.3,1958.8,32,29,raw,0.0,,,,,,,,
ablation/wo_pretrained/seed2024,ablation,caformer_s18.sail_in22k_ft_in1k,proposed,klein,0,2024,external,4800,0.385208,0.385208,0.797708,0.590788,0.385208,0.377749,0.590788,0.385208,0.377749,0.385208,0.916958,0.241472,0.290568,0.306553,0.820949,0.820949,0.572459,1.998441,0.100326,0,23.897,91.16,3.970553856,54.551,13.638,4,18.3,1958.8,32,29,raw,0.0,0.3852083333333333,0.3777489148005122,0.1079282613715749,0.44,0.3931738940519008,0.19958333333333333,0.35950233924742636,0.19958333333333333
recipe_matched/caformer_s18.sail_in22k_ft_in1k/seed42,recipe_matched,caformer_s18.sail_in22k_ft_in1k,matched,klein,0,42,internal_test,1077,0.987001,0.982384,0.999071,0.984639,0.982384,0.982122,0.988539,0.987001,0.986795,0.982384,0.999358,0.980107,0.986292,0.986368,0.998805,0.998932,0.992864,0.136136,0.092493,0,24.336,92.83,3.894573824,37.02,9.255,4,27.0,1887.6,32,23,ema,,,,,,,,,
recipe_matched/caformer_s18.sail_in22k_ft_in1k/seed42,recipe_matched,caformer_s18.sail_in22k_ft_in1k,matched,klein,0,42,external,4800,0.59625,0.59625,0.82875,0.677376,0.59625,0.623541,0.677376,0.59625,0.623541,0.59625,0.960042,0.007483,0.534489,0.548723,0.899988,0.899988,0.736256,1.605172,0.117952,1,24.336,92.83,3.894573824,37.02,9.255,4,27.0,1887.6,32,23,ema,,0.59625,0.6235406515209844,0.17815447186313835,0.6939583333333333,0.6508243505193373,0.20395833333333332,0.30377992076420923,0.20395833333333332
recipe_matched/efficientnet_b3/seed42,recipe_matched,efficientnet_b3,matched,klein,0,42,internal_test,1077,0.98143,0.975071,1.0,0.977928,0.975071,0.974796,0.983349,0.98143,0.981196,0.975071,0.999082,0.972144,0.980418,0.98051,0.999637,0.999715,0.989887,0.185569,0.122378,0,10.729,40.93,0.987252112,61.087,15.272,4,16.4,1175.8,32,28,raw,,,,,,,,,
recipe_matched/efficientnet_b3/seed42,recipe_matched,efficientnet_b3,matched,klein,0,42,external,4800,0.565833,0.565833,0.83125,0.738283,0.565833,0.617019,0.738283,0.565833,0.617019,0.565833,0.973167,0.232526,0.508491,0.530165,0.896044,0.896044,0.73518,1.702308,0.155037,0,10.729,40.93,0.987252112,61.087,15.272,4,16.4,1175.8,32,28,raw,,0.5658333333333333,0.6170185924308107,0.17629102640880304,0.7229166666666667,0.6766793893802334,0.3,0.5172579230722961,0.3
recipe_matched/swin_small_patch4_window7_224/seed42,recipe_matched,swin_small_patch4_window7_224,matched,klein,0,42,internal_test,1077,0.983287,0.97853,1.0,0.979904,0.97853,0.977966,0.984883,0.983287,0.9832,0.97853,0.999174,0.976644,0.982377,0.982445,0.99981,0.999849,0.995251,0.11919,0.08039,0,48.853,186.36,8.767782912,79.04,19.76,4,12.7,981.0,16,7,ema,,,,,,,,,
recipe_matched/swin_small_patch4_window7_224/seed42,recipe_matched,swin_small_patch4_window7_224,matched,klein,0,42,external,4800,0.672292,0.672292,0.83875,0.722465,0.672292,0.684147,0.722465,0.672292,0.684147,0.672292,0.973667,0.303191,0.621587,0.636266,0.927091,0.927091,0.769959,1.34563,0.042486,0,48.853,186.36,8.767782912,79.04,19.76,4,12.7,981.0,16,7,ema,,0.6722916666666666,0.6841468298302841,0.19547052280865257,0.756875,0.6979683665902506,0.19604166666666667,0.3322902776183279,0.19604166666666667
recipe_matched/vit_small_patch16_224/seed42,recipe_matched,vit_small_patch16_224,matched,klein,0,42,internal_test,1077,0.987001,0.98279,1.0,0.983898,0.98279,0.982466,0.988097,0.987001,0.986931,0.98279,0.999358,0.981381,0.986293,0.98634,0.999262,0.999358,0.992556,0.131033,0.091731,0,21.674,82.68,4.250298624,13.829,3.457,4,72.3,683.0,32,23,ema,,,,,,,,,
recipe_matched/vit_small_patch16_224/seed42,recipe_matched,vit_small_patch16_224,matched,klein,0,42,external,4800,0.610417,0.610417,0.814583,0.681603,0.610417,0.636761,0.681603,0.610417,0.636761,0.610417,0.965292,0.007642,0.551863,0.567047,0.900377,0.900377,0.727324,1.597669,0.066927,1,21.674,82.68,4.250298624,13.829,3.457,4,72.3,683.0,32,23,ema,,0.6104166666666667,0.6367609946266514,0.18193171275047182,0.7272916666666667,0.6762002498951873,0.21604166666666666,0.4217128629197153,0.21604166666666666
recipe_matched/legacy_seresnext50_32x4d/seed42,recipe_matched,legacy_seresnext50_32x4d,matched,klein,0,42,internal_test,1077,0.984215,0.979981,0.999071,0.981537,0.979981,0.979538,0.985893,0.984215,0.984189,0.979981,0.99922,0.978486,0.983356,0.983421,0.99903,0.99912,0.993698,0.155473,0.11412,0,25.554,97.48,4.2598912,51.907,12.977,4,19.3,791.6,21,12,ema,,,,,,,,,
recipe_matched/legacy_seresnext50_32x4d/seed42,recipe_matched,legacy_seresnext50_32x4d,matched,klein,0,42,external,4800,0.574583,0.574583,0.872083,0.692163,0.574583,0.616219,0.692163,0.574583,0.616219,0.574583,0.963083,0.007242,0.512959,0.529361,0.907483,0.907483,0.744655,1.568933,0.071376,1,25.554,97.48,4.2598912,51.907,12.977,4,19.3,791.6,21,12,ema,,0.5745833333333333,0.6162189518256577,0.17606255766447365,0.7308333333333333,0.6900549112058828,0.24083333333333334,0.44300581959976626,0.24083333333333334
recipe_matched/caformer_s18.sail_in22k_ft_in1k/seed1234,recipe_matched,caformer_s18.sail_in22k_ft_in1k,matched,klein,0,1234,internal_test,1077,0.988858,0.985373,1.0,0.986262,0.985373,0.985633,0.989127,0.988858,0.988851,0.985373,0.999448,0.984931,0.98825,0.988262,0.999929,0.999948,0.998092,0.129016,0.098823,0,24.336,92.83,3.894573824,43.915,10.979,4,22.8,1821.0,32,23,raw,,,,,,,,,
recipe_matched/caformer_s18.sail_in22k_ft_in1k/seed1234,recipe_matched,caformer_s18.sail_in22k_ft_in1k,matched,klein,0,1234,external,4800,0.619792,0.619792,0.79625,0.71309,0.619792,0.656637,0.71309,0.619792,0.656637,0.619792,0.970208,0.007794,0.563919,0.581127,0.884819,0.884819,0.735781,1.61127,0.0998,1,24.336,92.83,3.894573824,43.915,10.979,4,22.8,1821.0,32,23,raw,,0.6197916666666666,0.6566372698452602,0.1876106485272172,0.7235416666666666,0.6822293028014624,0.23125,0.3399896131581772,0.23125
recipe_matched/efficientnet_b3/seed1234,recipe_matched,efficientnet_b3,matched,klein,0,1234,internal_test,1077,0.987001,0.984331,1.0,0.984016,0.984331,0.984035,0.987228,0.987001,0.986979,0.984331,0.999356,0.983902,0.986293,0.986306,0.999789,0.999828,0.995027,0.216351,0.162165,0,10.729,40.93,0.987252112,50.438,12.61,4,19.8,1163.2,32,23,raw,,,,,,,,,
recipe_matched/efficientnet_b3/seed1234,recipe_matched,efficientnet_b3,matched,klein,0,1234,external,4800,0.59125,0.59125,0.806458,0.709738,0.59125,0.639345,0.709738,0.59125,0.639345,0.59125,0.97425,0.007432,0.535511,0.557095,0.882461,0.882461,0.730745,1.741655,0.160065,1,10.729,40.93,0.987252112,50.438,12.61,4,19.8,1163.2,32,23,raw,,0.59125,0.6393452478497457,0.18267007081421305,0.7404166666666666,0.6900615523312118,0.28,0.506308484363229,0.28
recipe_matched/swin_small_patch4_window7_224/seed1234,recipe_matched,swin_small_patch4_window7_224,matched,klein,0,1234,internal_test,1077,0.986072,0.983209,1.0,0.982537,0.983209,0.982506,0.986628,0.986072,0.986064,0.983209,0.999311,0.982535,0.985314,0.985338,0.999856,0.999894,0.995482,0.130502,0.092341,0,48.853,186.36,8.767782912,88.377,22.094,4,11.3,1470.3,23,14,raw,,,,,,,,,
recipe_matched/swin_small_patch4_window7_224/seed1234,recipe_matched,swin_small_patch4_window7_224,matched,klein,0,1234,external,4800,0.686875,0.686875,0.865417,0.699788,0.686875,0.687865,0.699788,0.686875,0.687865,0.686875,0.968417,0.35245,0.635563,0.64699,0.929575,0.929575,0.771651,1.304118,0.032769,0,48.853,186.36,8.767782912,88.377,22.094,4,11.3,1470.3,23,14,raw,,0.686875,0.6878654736386522,0.19653299246818637,0.744375,0.6942098189675004,0.15520833333333334,0.2836494814761196,0.15520833333333334
recipe_matched/vit_small_patch16_224/seed1234,recipe_matched,vit_small_patch16_224,matched,klein,0,1234,internal_test,1077,0.987001,0.984048,1.0,0.982752,0.984048,0.983078,0.987469,0.987001,0.986993,0.984048,0.999359,0.98341,0.986293,0.986313,0.999901,0.999922,0.997538,0.124558,0.090344,0,21.674,82.68,4.250298624,26.949,6.737,4,37.1,542.6,25,16,raw,,,,,,,,,
recipe_matched/vit_small_patch16_224/seed1234,recipe_matched,vit_small_patch16_224,matched,klein,0,1234,external,4800,0.545417,0.545417,0.800833,0.680802,0.545417,0.593492,0.680802,0.545417,0.593492,0.545417,0.971292,0.006808,0.486447,0.51139,0.871881,0.871881,0.707179,1.790832,0.088178,1,21.674,82.68,4.250298624,26.949,6.737,4,37.1,542.6,25,16,raw,,0.5454166666666667,0.5934917879611801,0.1695690822746229,0.696875,0.6477562244722049,0.31104166666666666,0.4745097793856985,0.31104166666666666
recipe_matched/legacy_seresnext50_32x4d/seed1234,recipe_matched,legacy_seresnext50_32x4d,matched,klein,0,1234,internal_test,1077,0.991643,0.988388,1.0,0.989027,0.988388,0.988635,0.991789,0.991643,0.991661,0.988388,0.999587,0.988003,0.991188,0.991192,0.999937,0.999954,0.99836,0.148651,0.121342,0,25.554,97.48,4.2598912,45.594,11.399,4,21.9,956.7,25,16,ema,,,,,,,,,
recipe_matched/legacy_seresnext50_32x4d/seed1234,recipe_matched,legacy_seresnext50_32x4d,matched,klein,0,1234,external,4800,0.571458,0.571458,0.844792,0.687521,0.571458,0.622986,0.687521,0.571458,0.622986,0.571458,0.972958,0.0071,0.514247,0.530085,0.89418,0.89418,0.728287,1.55523,0.076459,1,25.554,97.48,4.2598912,45.594,11.399,4,21.9,956.7,25,16,ema,,0.5714583333333333,0.6229857475687803,0.17799592787679439,0.7460416666666667,0.6959025421787469,0.29333333333333333,0.4555808102966754,0.29333333333333333
recipe_matched/caformer_s18.sail_in22k_ft_in1k/seed2024,recipe_matched,caformer_s18.sail_in22k_ft_in1k,matched,klein,0,2024,internal_test,1077,0.987929,0.983767,1.0,0.984015,0.983767,0.983796,0.988093,0.987929,0.987938,0.983767,0.999404,0.982841,0.987271,0.987278,0.999838,0.999876,0.994236,0.135378,0.097101,0,24.336,92.83,3.894573824,55.28,13.82,4,18.1,1584.0,28,19,raw,,,,,,,,,
recipe_matched/caformer_s18.sail_in22k_ft_in1k/seed2024,recipe_matched,caformer_s18.sail_in22k_ft_in1k,matched,klein,0,2024,external,4800,0.652708,0.652708,0.789167,0.727578,0.652708,0.679093,0.727578,0.652708,0.679093,0.652708,0.975042,0.008058,0.601005,0.617949,0.895142,0.895142,0.752784,1.573632,0.075428,1,24.336,92.83,3.894573824,55.28,13.82,4,18.1,1584.0,28,19,raw,,0.6527083333333333,0.679093085423858,0.194026595835388,0.7495833333333334,0.6973860584916785,0.2225,0.3324987651889023,0.2225
recipe_matched/efficientnet_b3/seed2024,recipe_matched,efficientnet_b3,matched,klein,0,2024,internal_test,1077,0.984215,0.97946,1.0,0.980553,0.97946,0.97964,0.98473,0.984215,0.984183,0.97946,0.999218,0.978244,0.983355,0.983381,0.999537,0.999655,0.990811,0.194328,0.137563,0,10.729,40.93,0.987252112,62.541,15.635,4,16.0,1219.1,32,26,raw,,,,,,,,,
recipe_matched/efficientnet_b3/seed2024,recipe_matched,efficientnet_b3,matched,klein,0,2024,external,4800,0.617292,0.617292,0.81375,0.681274,0.617292,0.633459,0.681274,0.617292,0.633459,0.617292,0.959958,0.007714,0.556922,0.573618,0.903871,0.903871,0.741616,1.65526,0.183172,1,10.729,40.93,0.987252112,62.541,15.635,4,16.0,1219.1,32,26,raw,,0.6172916666666667,0.6334588333821772,0.18098823810919348,0.7054166666666667,0.6596310238122938,0.1825,0.4658905481286638,0.1825
recipe_matched/swin_small_patch4_window7_224/seed2024,recipe_matched,swin_small_patch4_window7_224,matched,klein,0,2024,internal_test,1077,0.987929,0.983273,1.0,0.983961,0.983273,0.983534,0.988093,0.987929,0.987941,0.983273,0.999404,0.982333,0.987271,0.987277,0.999795,0.999849,0.993551,0.123372,0.079704,0,48.853,186.36,8.767782912,89.467,22.367,4,11.2,1997.8,32,26,raw,,,,,,,,,
recipe_matched/swin_small_patch4_window7_224/seed2024,recipe_matched,swin_small_patch4_window7_224,matched,klein,0,2024,external,4800,0.695,0.695,0.837917,0.697799,0.695,0.682424,0.697799,0.695,0.682424,0.695,0.957542,0.281729,0.640663,0.657612,0.885303,0.885303,0.739627,1.354249,0.07757,0,48.853,186.36,8.767782912,89.467,22.367,4,11.2,1997.8,32,26,raw,,0.695,0.6824236826932681,0.19497819505521946,0.7389583333333334,0.6904440186920523,0.09270833333333334,0.20610757485393455,0.09270833333333334
recipe_matched/vit_small_patch16_224/seed2024,recipe_matched,vit_small_patch16_224,matched,klein,0,2024,internal_test,1077,0.987929,0.983717,1.0,0.98452,0.983717,0.984014,0.988095,0.987929,0.987923,0.983717,0.999403,0.982941,0.987271,0.987279,0.999865,0.999904,0.994981,0.12532,0.091889,0,21.674,82.68,4.250298624,20.073,5.018,4,49.8,680.4,32,30,raw,,,,,,,,,
recipe_matched/vit_small_patch16_224/seed2024,recipe_matched,vit_small_patch16_224,matched,klein,0,2024,external,4800,0.639167,0.639167,0.778333,0.681979,0.639167,0.64892,0.681979,0.639167,0.64892,0.639167,0.964958,0.007866,0.5825,0.598039,0.896892,0.896892,0.73261,1.57128,0.043214,1,21.674,82.68,4.250298624,20.073,5.018,4,49.8,680.4,32,30,raw,,0.6391666666666667,0.648920448377691,0.18540584239362604,0.7320833333333333,0.6768758115603545,0.185625,0.3715107485489231,0.185625
recipe_matched/legacy_seresnext50_32x4d/seed2024,recipe_matched,legacy_seresnext50_32x4d,matched,klein,0,2024,internal_test,1077,0.987001,0.982828,1.0,0.983549,0.982828,0.983109,0.987106,0.987001,0.98699,0.982828,0.999356,0.98204,0.986292,0.986297,0.999801,0.99986,0.995819,0.115527,0.083225,0,25.554,97.48,4.2598912,45.1,11.275,4,22.2,1253.6,32,29,ema,,,,,,,,,
recipe_matched/legacy_seresnext50_32x4d/seed2024,recipe_matched,legacy_seresnext50_32x4d,matched,klein,0,2024,external,4800,0.654167,0.654167,0.861667,0.713727,0.654167,0.68094,0.713727,0.654167,0.68094,0.654167,0.972042,0.008082,0.601425,0.615077,0.911933,0.911933,0.759982,1.384069,0.098569,1,25.554,97.48,4.2598912,45.1,11.275,4,22.2,1253.6,32,29,ema,,0.6541666666666667,0.680940390821962,0.19455439737770344,0.745625,0.7011681347400067,0.20604166666666668,0.3977041640360282,0.20604166666666668
repeats/proposed_rep1/seed42,repeats,caformer_s18.sail_in22k_ft_in1k,proposed,klein,1,42,internal_test,1077,0.985144,0.979848,1.0,0.980927,0.979848,0.97978,0.985845,0.985144,0.98506,0.979848,0.999266,0.977957,0.984334,0.98437,0.999756,0.999817,0.993745,0.122296,0.085905,0,23.897,91.16,3.970553856,48.936,12.234,4,20.4,1277.4,21,12,raw,0.0,,,,,,,,
repeats/proposed_rep1/seed42,repeats,caformer_s18.sail_in22k_ft_in1k,proposed,klein,1,42,external,4800,0.720417,0.720417,0.965625,0.686035,0.720417,0.687469,0.686035,0.720417,0.687469,0.720417,0.952,0.399281,0.667135,0.681437,0.937237,0.937237,0.775057,1.070949,0.055433,0,23.897,91.16,3.970553856,48.936,12.234,4,20.4,1277.4,21,12,raw,0.0,0.7204166666666667,0.6874685736178332,0.1964195924622381,0.7402083333333334,0.6931019972207846,0.03958333333333333,0.14248678347551808,0.03958333333333333
repeats/caformer_matched_rep1/seed42,repeats,caformer_s18.sail_in22k_ft_in1k,matched,klein,1,42,internal_test,1077,0.987929,0.983597,0.999071,0.98534,0.983597,0.983346,0.989238,0.987929,0.987799,0.983597,0.999404,0.981808,0.987272,0.987332,0.998749,0.998891,0.991158,0.140994,0.093652,0,24.336,92.83,3.894573824,30.196,7.549,4,33.1,1785.4,32,24,raw,,,,,,,,,
repeats/caformer_matched_rep1/seed42,repeats,caformer_s18.sail_in22k_ft_in1k,matched,klein,1,42,external,4800,0.592917,0.592917,0.788125,0.65616,0.592917,0.602604,0.65616,0.592917,0.602604,0.592917,0.959375,0.007201,0.530646,0.548778,0.873992,0.873992,0.696956,1.644542,0.109925,1,24.336,92.83,3.894573824,30.196,7.549,4,33.1,1785.4,32,24,raw,,0.5929166666666666,0.6026035545014604,0.17217244414327443,0.7102083333333333,0.6504543510979124,0.20395833333333332,0.307784748128203,0.20395833333333332
repeats/proposed_rep1/seed1234,repeats,caformer_s18.sail_in22k_ft_in1k,proposed,klein,1,1234,internal_test,1077,0.992572,0.990553,1.0,0.99059,0.990553,0.990544,0.99261,0.992572,0.99257,0.990553,0.999632,0.990314,0.992167,0.992169,0.999928,0.999949,0.998065,0.115931,0.094058,0,23.897,91.16,3.970553856,40.862,10.215,4,24.5,1787.3,30,21,raw,0.0,,,,,,,,
repeats/proposed_rep1/seed1234,repeats,caformer_s18.sail_in22k_ft_in1k,proposed,klein,1,1234,external,4800,0.627917,0.627917,0.861042,0.649984,0.627917,0.625369,0.649984,0.627917,0.625369,0.627917,0.95175,0.320225,0.564885,0.577264,0.898575,0.898575,0.73284,1.455921,0.104194,0,23.897,91.16,3.970553856,40.862,10.215,4,24.5,1787.3,30,21,raw,0.0,0.6279166666666667,0.6253689120802924,0.17867683202294068,0.685625,0.6360986625013834,0.13083333333333333,0.22694466931565938,0.13083333333333333
repeats/caformer_matched_rep1/seed1234,repeats,caformer_s18.sail_in22k_ft_in1k,matched,klein,1,1234,internal_test,1077,0.989786,0.986787,1.0,0.986364,0.986787,0.986433,0.990028,0.989786,0.989792,0.986787,0.999496,0.986273,0.98923,0.98924,0.999926,0.999945,0.99807,0.126481,0.093464,0,24.336,92.83,3.894573824,29.087,7.272,4,34.4,1881.8,32,26,raw,,,,,,,,,
repeats/caformer_matched_rep1/seed1234,repeats,caformer_s18.sail_in22k_ft_in1k,matched,klein,1,1234,external,4800,0.620208,0.620208,0.815625,0.68123,0.620208,0.648071,0.68123,0.620208,0.648071,0.620208,0.968,0.007743,0.56344,0.57499,0.909879,0.909879,0.736867,1.557124,0.073476,1,24.336,92.83,3.894573824,29.087,7.272,4,34.4,1881.8,32,26,raw,,0.6202083333333334,0.6480706419137703,0.1851630405467915,0.7325,0.682563781460114,0.21979166666666666,0.32661301900167017,0.21979166666666666
repeats/proposed_rep1/seed2024,repeats,caformer_s18.sail_in22k_ft_in1k,proposed,klein,1,2024,internal_test,1077,0.987001,0.982728,1.0,0.983764,0.982728,0.983101,0.987232,0.987001,0.986985,0.982728,0.999356,0.981901,0.986292,0.986304,0.999862,0.999902,0.996281,0.112996,0.077916,0,23.897,91.16,3.970553856,45.816,11.454,4,21.8,1559.5,26,17,ema,0.0,,,,,,,,
repeats/proposed_rep1/seed2024,repeats,caformer_s18.sail_in22k_ft_in1k,proposed,klein,1,2024,external,4800,0.70125,0.70125,0.845417,0.674154,0.70125,0.678993,0.674154,0.70125,0.678993,0.70125,0.957667,0.008528,0.647637,0.664782,0.886483,0.886483,0.712461,1.374289,0.114,1,23.897,91.16,3.970553856,45.816,11.454,4,21.8,1559.5,26,17,ema,0.0,0.70125,0.6789933358940381,0.19399809596972517,0.7372916666666667,0.6850153134019955,0.08708333333333333,0.16605211211693435,0.08708333333333333
repeats/caformer_matched_rep1/seed2024,repeats,caformer_s18.sail_in22k_ft_in1k,matched,klein,1,2024,internal_test,1077,0.992572,0.989483,1.0,0.989483,0.989483,0.989418,0.992664,0.992572,0.992572,0.989483,0.999634,0.988882,0.992167,0.992171,0.999825,0.999877,0.993456,0.130004,0.094143,0,24.336,92.83,3.894573824,32.69,8.172,4,30.6,1861.5,32,25,raw,,,,,,,,,
repeats/caformer_matched_rep1/seed2024,repeats,caformer_s18.sail_in22k_ft_in1k,matched,klein,1,2024,external,4800,0.59,0.59,0.809583,0.69894,0.59,0.627867,0.69894,0.59,0.627867,0.59,0.968,0.240002,0.531429,0.546521,0.90171,0.90171,0.724424,1.687686,0.111669,0,24.336,92.83,3.894573824,32.69,8.172,4,30.6,1861.5,32,25,raw,,0.59,0.6278666873928133,0.17939048211223235,0.7285416666666666,0.6782224357832982,0.25,0.35545254471995574,0.25
