tag,experiment,model,seed,split,n_test,accuracy,balanced_accuracy,top5_accuracy,precision_macro,recall_macro,f1_macro,precision_weighted,recall_weighted,f1_weighted,sensitivity_macro,specificity_macro,g_mean_macro,cohen_kappa,mcc,auc_macro_ovr,auc_weighted_ovr,average_precision_macro,log_loss,ece,n_zero_recall_classes,params_M,size_MB,gflops,latency_ms,latency_ms_single_pass,tta_views,fps,train_sec,n_epochs,best_epoch,select_src,hier_beta
proposed/Proposed_HMLA_CAFormerS18/seed42,proposed,caformer_s18.sail_in22k_ft_in1k,42,internal_test,1077,0.987929,0.984116,1.0,0.986303,0.984116,0.983759,0.989645,0.987929,0.987774,0.984116,0.999404,0.982312,0.987272,0.987347,0.999562,0.999636,0.993655,0.118675,0.07253,0,23.897,91.16,3.970553856,44.383,11.096,4,22.5,961.1,28,19,ema,0.0
proposed/Proposed_HMLA_CAFormerS18/seed42,proposed,caformer_s18.sail_in22k_ft_in1k,42,external,3000,0.903,0.903,0.941333,0.938685,0.903,0.894026,0.938685,0.903,0.894026,0.903,0.9806,0.864695,0.8836,0.893749,0.982675,0.982675,0.925907,0.584996,0.019581,0,23.897,91.16,3.970553856,44.383,11.096,4,22.5,961.1,28,19,ema,0.0
benchmark/resnet50/seed42,benchmark,resnet50,42,internal_test,1077,0.974002,0.968176,0.998143,0.971274,0.968176,0.967591,0.976911,0.974002,0.973937,0.968176,0.998711,0.965262,0.972586,0.972707,0.999299,0.999392,0.990004,0.208594,0.128952,0,23.551,89.84,4.109507584,6.052,6.052,1,165.2,436.4,31,22,raw,
benchmark/resnet50/seed42,benchmark,resnet50,42,external,3000,0.902,0.902,0.903333,0.938352,0.902,0.893194,0.938352,0.902,0.893194,0.902,0.980533,0.863427,0.882416,0.892584,0.969051,0.969051,0.9394,0.619461,0.134447,0,23.551,89.84,4.109507584,6.052,6.052,1,165.2,436.4,31,22,raw,
benchmark/resnet101/seed42,benchmark,resnet101,42,internal_test,1077,0.97493,0.968294,1.0,0.972895,0.968294,0.967381,0.978498,0.97493,0.974448,0.968294,0.998758,0.963795,0.973564,0.973731,0.999601,0.999678,0.990656,0.188761,0.116111,0,42.543,162.29,7.831964672,11.642,11.642,1,85.9,639.1,31,22,raw,
benchmark/resnet101/seed42,benchmark,resnet101,42,external,3000,0.903,0.903,0.903667,0.938952,0.903,0.894226,0.938952,0.903,0.894226,0.903,0.980733,0.864695,0.883616,0.893691,0.951187,0.951187,0.90531,0.649028,0.083738,0,42.543,162.29,7.831964672,11.642,11.642,1,85.9,639.1,31,22,raw,
benchmark/densenet121/seed42,benchmark,densenet121,42,internal_test,1077,0.985144,0.980095,1.0,0.981696,0.980095,0.980038,0.986125,0.985144,0.985035,0.980095,0.999266,0.978601,0.984334,0.98438,0.999734,0.999796,0.993873,0.144209,0.092218,0,6.975,26.61,2.864544256,14.737,14.737,1,67.9,357.8,19,10,raw,
benchmark/densenet121/seed42,benchmark,densenet121,42,external,3000,0.902667,0.902667,0.905667,0.938353,0.902667,0.893693,0.938353,0.902667,0.893693,0.902667,0.980533,0.864406,0.8832,0.893344,0.955989,0.955989,0.90008,0.630265,0.045111,0,6.975,26.61,2.864544256,14.737,14.737,1,67.9,357.8,19,10,raw,
benchmark/densenet201/seed42,benchmark,densenet201,42,internal_test,1077,0.987929,0.984534,0.999071,0.985612,0.984534,0.984326,0.988853,0.987929,0.987834,0.984534,0.999403,0.983395,0.987272,0.987317,0.998882,0.998987,0.994375,0.140978,0.098431,0,18.133,69.17,4.338991104,27.659,27.659,1,36.2,693.3,24,15,raw,
benchmark/densenet201/seed42,benchmark,densenet201,42,external,3000,0.903,0.903,0.914667,0.938685,0.903,0.894026,0.938685,0.903,0.894026,0.903,0.9806,0.864695,0.8836,0.893749,0.940681,0.940681,0.870562,0.631442,0.036566,0,18.133,69.17,4.338991104,27.659,27.659,1,36.2,693.3,24,15,raw,
benchmark/vgg16/seed42,benchmark,vgg16,42,internal_test,1077,0.985144,0.981099,0.999071,0.984116,0.981099,0.981162,0.986855,0.985144,0.984982,0.981099,0.999262,0.979296,0.984334,0.98441,0.998852,0.998961,0.992803,0.136669,0.098467,0,134.347,512.49,15.466258432,6.685,6.685,1,149.6,1121.3,32,29,raw,
benchmark/vgg16/seed42,benchmark,vgg16,42,external,3000,0.902667,0.902667,0.903,0.938685,0.902667,0.893859,0.938685,0.902667,0.893859,0.902667,0.9806,0.864406,0.883208,0.893351,0.959664,0.959664,0.92289,0.606289,0.066922,0,134.347,512.49,15.466258432,6.685,6.685,1,149.6,1121.3,32,29,raw,
benchmark/vgg19/seed42,benchmark,vgg19,42,internal_test,1077,0.983287,0.978738,0.999071,0.981775,0.978738,0.978354,0.985528,0.983287,0.983035,0.978738,0.999172,0.976355,0.982376,0.982481,0.998827,0.998943,0.993312,0.136205,0.084005,0,139.656,532.75,19.628056576,6.71,6.71,1,149.0,979.9,32,23,raw,
benchmark/vgg19/seed42,benchmark,vgg19,42,external,3000,0.902667,0.902667,0.905667,0.93862,0.902667,0.893893,0.93862,0.902667,0.893893,0.902667,0.980667,0.864406,0.883216,0.893287,0.993615,0.993615,0.983863,0.538415,0.122547,0,139.656,532.75,19.628056576,6.71,6.71,1,149.0,979.9,32,23,raw,
benchmark/inception_v3/seed42,benchmark,inception_v3,42,internal_test,1077,0.982358,0.977855,0.999071,0.980905,0.977855,0.97698,0.985132,0.982358,0.98201,0.977855,0.999127,0.974829,0.981397,0.981531,0.999656,0.999711,0.994237,0.15408,0.097353,0,21.829,83.27,2.845264,7.44,7.44,1,134.4,300.1,26,17,raw,
benchmark/inception_v3/seed42,benchmark,inception_v3,42,external,3000,0.902667,0.902667,0.913667,0.938685,0.902667,0.893859,0.938685,0.902667,0.893859,0.902667,0.9806,0.864406,0.883208,0.893351,0.980068,0.980068,0.952396,0.580515,0.103542,0,21.829,83.27,2.845264,7.44,7.44,1,134.4,300.1,26,17,raw,
benchmark/legacy_xception/seed42,benchmark,legacy_xception,42,internal_test,1077,0.984215,0.97961,0.999071,0.981111,0.97961,0.978771,0.986242,0.984215,0.984108,0.97961,0.999221,0.977312,0.983356,0.983444,0.998903,0.999023,0.99008,0.481597,0.34149,0,20.85,79.54,4.574196,4.059,4.059,1,246.3,435.2,28,19,raw,
benchmark/legacy_xception/seed42,benchmark,legacy_xception,42,external,3000,0.903,0.903,0.903667,0.938685,0.903,0.894026,0.938685,0.903,0.894026,0.903,0.9806,0.864695,0.8836,0.893749,0.962239,0.962239,0.934948,0.763589,0.284445,0,20.85,79.54,4.574196,4.059,4.059,1,246.3,435.2,28,19,raw,
benchmark/resnext50_32x4d/seed42,benchmark,resnext50_32x4d,42,internal_test,1077,0.987929,0.984481,0.999071,0.984139,0.984481,0.984097,0.988282,0.987929,0.987937,0.984481,0.999404,0.983795,0.987272,0.987286,0.999453,0.999512,0.996045,0.144051,0.106956,0,23.023,87.83,4.257376256,4.361,4.361,1,229.3,468.2,30,21,raw,
benchmark/resnext50_32x4d/seed42,benchmark,resnext50_32x4d,42,external,3000,0.903,0.903,0.903,0.938685,0.903,0.894026,0.938685,0.903,0.894026,0.903,0.9806,0.864695,0.8836,0.893749,0.924612,0.924612,0.874349,0.659001,0.047554,0,23.023,87.83,4.257376256,4.361,4.361,1,229.3,468.2,30,21,raw,
benchmark/legacy_seresnext50_32x4d/seed42,benchmark,legacy_seresnext50_32x4d,42,internal_test,1077,0.988858,0.98461,0.998143,0.986527,0.98461,0.984468,0.990111,0.988858,0.988713,0.98461,0.99945,0.982814,0.988251,0.98831,0.998539,0.99875,0.986855,0.113655,0.071228,0,25.554,97.48,4.2598912,6.04,6.04,1,165.6,572.8,32,25,raw,
benchmark/legacy_seresnext50_32x4d/seed42,benchmark,legacy_seresnext50_32x4d,42,external,3000,0.903,0.903,0.905667,0.938685,0.903,0.894026,0.938685,0.903,0.894026,0.903,0.9806,0.864695,0.8836,0.893749,0.940422,0.940422,0.89212,0.62773,0.022678,0,25.554,97.48,4.2598912,6.04,6.04,1,165.6,572.8,32,25,raw,
benchmark/mobilenetv3_large_100/seed42,benchmark,mobilenetv3_large_100,42,internal_test,1077,0.985144,0.981023,1.0,0.982994,0.981023,0.980798,0.986665,0.985144,0.98503,0.981023,0.999265,0.979511,0.984334,0.984401,0.999615,0.999672,0.994241,0.194111,0.131485,0,4.229,16.13,0.224183296,4.403,4.403,1,227.1,272.9,32,29,raw,
benchmark/mobilenetv3_large_100/seed42,benchmark,mobilenetv3_large_100,42,external,3000,0.903,0.903,0.913,0.938952,0.903,0.894226,0.938952,0.903,0.894226,0.903,0.980733,0.864695,0.883616,0.893691,0.982287,0.982287,0.956935,0.552411,0.117674,0,4.229,16.13,0.224183296,4.403,4.403,1,227.1,272.9,32,29,raw,
benchmark/mobilenetv2_100/seed42,benchmark,mobilenetv2_100,42,internal_test,1077,0.974002,0.968913,1.0,0.971587,0.968913,0.967937,0.97707,0.974002,0.973814,0.968913,0.998711,0.965991,0.972586,0.972724,0.999495,0.999574,0.990896,0.165089,0.087791,0,2.251,8.59,0.312940096,3.409,3.409,1,293.4,276.8,32,24,raw,
benchmark/mobilenetv2_100/seed42,benchmark,mobilenetv2_100,42,external,3000,0.902,0.902,0.903,0.937687,0.902,0.893026,0.937687,0.902,0.893026,0.902,0.9804,0.863829,0.8824,0.892535,0.96229,0.96229,0.926072,0.654911,0.050896,0,2.251,8.59,0.312940096,3.409,3.409,1,293.4,276.8,32,24,raw,
benchmark/efficientnet_b0/seed42,benchmark,efficientnet_b0,42,internal_test,1077,0.980501,0.97465,0.998143,0.976967,0.97465,0.97442,0.982138,0.980501,0.980345,0.97465,0.999035,0.972253,0.979439,0.979514,0.999252,0.999472,0.989194,0.166024,0.097487,0,4.034,15.39,0.398099744,5.307,5.307,1,188.4,312.0,32,25,raw,
benchmark/efficientnet_b0/seed42,benchmark,efficientnet_b0,42,external,3000,0.903,0.903,0.913333,0.938685,0.903,0.894026,0.938685,0.903,0.894026,0.903,0.9806,0.864695,0.8836,0.893749,0.975974,0.975974,0.948914,0.552854,0.10383,0,4.034,15.39,0.398099744,5.307,5.307,1,188.4,312.0,32,25,raw,
benchmark/efficientnet_b3/seed42,benchmark,efficientnet_b3,42,internal_test,1077,0.978644,0.972154,1.0,0.974393,0.972154,0.972394,0.979584,0.978644,0.978489,0.972154,0.998942,0.969973,0.97748,0.977529,0.999099,0.999352,0.980035,0.197363,0.122303,0,10.729,40.93,0.987252112,8.1,8.1,1,123.5,477.5,30,21,raw,
benchmark/efficientnet_b3/seed42,benchmark,efficientnet_b3,42,external,3000,0.903,0.903,0.904333,0.938685,0.903,0.894026,0.938685,0.903,0.894026,0.903,0.9806,0.864695,0.8836,0.893749,0.950449,0.950449,0.910716,0.642683,0.051061,0,10.729,40.93,0.987252112,8.1,8.1,1,123.5,477.5,30,21,raw,
benchmark/mnasnet_100/seed42,benchmark,mnasnet_100,42,internal_test,1077,0.982358,0.978616,1.0,0.979464,0.978616,0.977793,0.984079,0.982358,0.9823,0.978616,0.999127,0.977,0.981398,0.981473,0.999691,0.999757,0.991463,0.169615,0.108155,0,3.129,11.94,0.324138752,3.508,3.508,1,285.1,271.9,32,24,raw,
benchmark/mnasnet_100/seed42,benchmark,mnasnet_100,42,external,3000,0.902667,0.902667,0.903333,0.93862,0.902667,0.893893,0.93862,0.902667,0.893893,0.902667,0.980667,0.864406,0.883216,0.893287,0.920136,0.920136,0.902769,0.741703,0.00787,0,3.129,11.94,0.324138752,3.508,3.508,1,285.1,271.9,32,24,raw,
benchmark/regnety_016/seed42,benchmark,regnety_016,42,internal_test,1077,0.989786,0.985973,0.999071,0.987835,0.985973,0.986039,0.990858,0.989786,0.989716,0.985973,0.999495,0.984891,0.98923,0.989275,0.998933,0.99906,0.988531,0.172342,0.121261,0,10.332,39.41,1.627317616,11.113,11.113,1,90.0,404.5,32,30,raw,
benchmark/regnety_016/seed42,benchmark,regnety_016,42,external,3000,0.903,0.903,0.929,0.938685,0.903,0.894026,0.938685,0.903,0.894026,0.903,0.9806,0.864695,0.8836,0.893749,0.972028,0.972028,0.932435,0.572802,0.081233,0,10.332,39.41,1.627317616,11.113,11.113,1,90.0,404.5,32,30,raw,
benchmark/ghostnet_100/seed42,benchmark,ghostnet_100,42,internal_test,1077,0.97493,0.967756,1.0,0.973031,0.967756,0.968326,0.977293,0.97493,0.974658,0.967756,0.998755,0.96459,0.973562,0.973668,0.999459,0.999562,0.986047,0.209974,0.127842,0,3.928,14.99,0.147020816,7.03,7.03,1,142.2,214.6,22,13,raw,
benchmark/ghostnet_100/seed42,benchmark,ghostnet_100,42,external,3000,0.902667,0.902667,0.916333,0.938353,0.902667,0.893693,0.938353,0.902667,0.893693,0.902667,0.980533,0.864406,0.8832,0.893344,0.957707,0.957707,0.911343,0.601897,0.054038,0,3.928,14.99,0.147020816,7.03,7.03,1,142.2,214.6,22,13,raw,
benchmark/convnext_tiny/seed42,benchmark,convnext_tiny,42,internal_test,1077,0.977716,0.970394,1.0,0.976371,0.970394,0.970736,0.980646,0.977716,0.977303,0.970394,0.998895,0.966573,0.9765,0.976643,0.999657,0.999736,0.991356,0.155835,0.09075,0,27.836,106.19,4.469685504,4.03,4.03,1,248.1,262.3,17,8,raw,
benchmark/convnext_tiny/seed42,benchmark,convnext_tiny,42,external,3000,0.903,0.903,0.961333,0.938685,0.903,0.894026,0.938685,0.903,0.894026,0.903,0.9806,0.864695,0.8836,0.893749,0.984347,0.984347,0.962777,0.539629,0.089638,0,27.836,106.19,4.469685504,4.03,4.03,1,248.1,262.3,17,8,raw,
benchmark/convnext_small/seed42,benchmark,convnext_small,42,internal_test,1077,0.986072,0.98133,0.999071,0.983283,0.98133,0.981188,0.987349,0.986072,0.985922,0.98133,0.999312,0.979517,0.985313,0.985374,0.998925,0.99904,0.99385,0.144034,0.089522,0,49.471,188.72,8.704640256,5.827,5.827,1,171.6,668.5,29,20,raw,
benchmark/convnext_small/seed42,benchmark,convnext_small,42,external,3000,0.902667,0.902667,0.903,0.938685,0.902667,0.893859,0.938685,0.902667,0.893859,0.902667,0.9806,0.864406,0.883208,0.893351,0.920284,0.920284,0.852087,0.619782,0.000705,0,49.471,188.72,8.704640256,5.827,5.827,1,171.6,668.5,29,20,raw,
benchmark/vit_small_patch16_224/seed42,benchmark,vit_small_patch16_224,42,internal_test,1077,0.98143,0.977656,1.0,0.978236,0.977656,0.977376,0.98219,0.98143,0.981357,0.977656,0.999078,0.976427,0.980418,0.980457,0.999475,0.999557,0.991898,0.157655,0.098011,0,21.674,82.68,4.250298624,2.374,2.374,1,421.2,185.4,17,8,raw,
benchmark/vit_small_patch16_224/seed42,benchmark,vit_small_patch16_224,42,external,3000,0.903,0.903,0.903333,0.938685,0.903,0.894026,0.938685,0.903,0.894026,0.903,0.9806,0.864695,0.8836,0.893749,0.944113,0.944113,0.910964,0.643629,0.089328,0,21.674,82.68,4.250298624,2.374,2.374,1,421.2,185.4,17,8,raw,
benchmark/vit_base_patch16_224/seed42,benchmark,vit_base_patch16_224,42,internal_test,1077,0.989786,0.986277,0.999071,0.986821,0.986277,0.986204,0.990221,0.989786,0.989759,0.986277,0.999496,0.985483,0.98923,0.98925,0.99886,0.998969,0.994511,0.128768,0.090062,0,85.815,327.36,16.866660864,5.024,5.024,1,199.1,750.3,32,24,raw,
benchmark/vit_base_patch16_224/seed42,benchmark,vit_base_patch16_224,42,external,3000,0.902667,0.902667,0.905,0.937892,0.902667,0.893721,0.937892,0.902667,0.893721,0.902667,0.980533,0.864406,0.8832,0.893309,0.938424,0.938424,0.894783,0.620862,0.0124,0,85.815,327.36,16.866660864,5.024,5.024,1,199.1,750.3,32,24,raw,
benchmark/swin_tiny_patch4_window7_224/seed42,benchmark,swin_tiny_patch4_window7_224,42,internal_test,1077,0.989786,0.986245,0.999071,0.988162,0.986245,0.986044,0.991205,0.989786,0.989685,0.986245,0.999496,0.984858,0.98923,0.98929,0.99872,0.998873,0.985441,0.132782,0.084632,0,27.536,105.04,4.508442624,6.456,6.456,1,154.9,584.5,32,27,raw,
benchmark/swin_tiny_patch4_window7_224/seed42,benchmark,swin_tiny_patch4_window7_224,42,external,3000,0.903,0.903,0.911667,0.938685,0.903,0.894026,0.938685,0.903,0.894026,0.903,0.9806,0.864695,0.8836,0.893749,0.971636,0.971636,0.944024,0.595913,0.051784,0,27.536,105.04,4.508442624,6.456,6.456,1,154.9,584.5,32,27,raw,
benchmark/swin_small_patch4_window7_224/seed42,benchmark,swin_small_patch4_window7_224,42,internal_test,1077,0.986072,0.981142,0.999071,0.984574,0.981142,0.980627,0.988644,0.986072,0.985792,0.981142,0.999313,0.978275,0.985313,0.985431,0.998983,0.999087,0.994223,0.138638,0.082844,0,48.853,186.36,8.767782912,11.512,11.512,1,86.9,754.9,26,17,raw,
benchmark/swin_small_patch4_window7_224/seed42,benchmark,swin_small_patch4_window7_224,42,external,3000,0.903,0.903,0.905333,0.938685,0.903,0.894026,0.938685,0.903,0.894026,0.903,0.9806,0.864695,0.8836,0.893749,0.91923,0.91923,0.853142,0.624173,0.007328,0,48.853,186.36,8.767782912,11.512,11.512,1,86.9,754.9,26,17,raw,
benchmark/deit3_small_patch16_224/seed42,benchmark,deit3_small_patch16_224,42,internal_test,1077,0.988858,0.985082,0.999071,0.985472,0.985082,0.985224,0.988843,0.988858,0.988809,0.985082,0.999448,0.984335,0.98825,0.988254,0.998897,0.999031,0.987268,0.131763,0.090786,0,21.683,82.71,4.250298624,2.814,2.814,1,355.3,357.3,32,23,raw,
benchmark/deit3_small_patch16_224/seed42,benchmark,deit3_small_patch16_224,42,external,3000,0.903,0.903,0.903,0.938685,0.903,0.894026,0.938685,0.903,0.894026,0.903,0.9806,0.864695,0.8836,0.893749,0.944857,0.944857,0.91369,0.614947,0.06538,0,21.683,82.71,4.250298624,2.814,2.814,1,355.3,357.3,32,23,raw,
benchmark/caformer_s18.sail_in22k_ft_in1k/seed42,benchmark,caformer_s18.sail_in22k_ft_in1k,42,internal_test,1077,0.982358,0.976089,1.0,0.97925,0.976089,0.976461,0.983693,0.982358,0.98217,0.976089,0.999127,0.97394,0.981396,0.981462,0.999373,0.999444,0.9928,0.137488,0.09642,0,24.336,92.83,3.894573824,8.744,8.744,1,114.4,421.5,16,7,raw,
benchmark/caformer_s18.sail_in22k_ft_in1k/seed42,benchmark,caformer_s18.sail_in22k_ft_in1k,42,external,3000,0.901667,0.901667,0.928667,0.938685,0.901667,0.893357,0.938685,0.901667,0.893357,0.901667,0.9806,0.863538,0.882031,0.892159,0.958327,0.958327,0.879155,0.610357,0.003362,0,24.336,92.83,3.894573824,8.744,8.744,1,114.4,421.5,16,7,raw,
proposed/Proposed_HMLA_CAFormerS18/seed1234,proposed,caformer_s18.sail_in22k_ft_in1k,1234,internal_test,1077,0.987001,0.984475,1.0,0.983684,0.984475,0.983836,0.987404,0.987001,0.987013,0.984475,0.999357,0.98398,0.986293,0.986309,0.99989,0.999904,0.997791,0.110472,0.077523,0,23.897,91.16,3.970553856,27.403,6.851,4,36.5,617.1,20,11,ema,0.0
proposed/Proposed_HMLA_CAFormerS18/seed1234,proposed,caformer_s18.sail_in22k_ft_in1k,1234,external,3000,0.903,0.903,0.917667,0.938685,0.903,0.894026,0.938685,0.903,0.894026,0.903,0.9806,0.864695,0.8836,0.893749,0.961877,0.961877,0.890055,0.596693,0.023379,0,23.897,91.16,3.970553856,27.403,6.851,4,36.5,617.1,20,11,ema,0.0
benchmark/resnet50/seed1234,benchmark,resnet50,1234,internal_test,1077,0.975859,0.970372,1.0,0.970559,0.970372,0.969918,0.976587,0.975859,0.97582,0.970372,0.998804,0.968907,0.974544,0.974577,0.999552,0.999611,0.988937,0.206815,0.133313,0,23.551,89.84,4.109507584,3.176,3.176,1,314.8,395.6,32,28,raw,
benchmark/resnet50/seed1234,benchmark,resnet50,1234,external,3000,0.903,0.903,0.903333,0.939355,0.903,0.894528,0.939355,0.903,0.894528,0.903,0.980933,0.864695,0.883639,0.893607,0.950766,0.950766,0.923335,0.644952,0.135189,0,23.551,89.84,4.109507584,3.176,3.176,1,314.8,395.6,32,28,raw,
benchmark/resnet101/seed1234,benchmark,resnet101,1234,internal_test,1077,0.970288,0.965668,0.999071,0.967625,0.965668,0.965557,0.971864,0.970288,0.970149,0.965668,0.998522,0.963735,0.968668,0.968753,0.999166,0.99922,0.985046,0.200069,0.104222,0,42.543,162.29,7.831964672,6.999,6.999,1,142.9,552.0,29,20,raw,
benchmark/resnet101/seed1234,benchmark,resnet101,1234,external,3000,0.902333,0.902333,0.904333,0.938844,0.902333,0.893972,0.938844,0.902333,0.893972,0.902333,0.981067,0.863715,0.88287,0.892655,0.96928,0.96928,0.936467,0.598573,0.075568,0,42.543,162.29,7.831964672,6.999,6.999,1,142.9,552.0,29,20,raw,
benchmark/densenet121/seed1234,benchmark,densenet121,1234,internal_test,1077,0.991643,0.988845,1.0,0.988496,0.988845,0.98864,0.991694,0.991643,0.991646,0.988845,0.999588,0.988407,0.991188,0.99119,0.999875,0.999911,0.99662,0.149769,0.114541,0,6.975,26.61,2.864544256,8.936,8.936,1,111.9,476.5,32,31,raw,
benchmark/densenet121/seed1234,benchmark,densenet121,1234,external,3000,0.903,0.903,0.905333,0.938819,0.903,0.894126,0.938819,0.903,0.894126,0.903,0.980667,0.864695,0.883608,0.89372,0.954433,0.954433,0.916101,0.644603,0.065768,0,6.975,26.61,2.864544256,8.936,8.936,1,111.9,476.5,32,31,raw,
benchmark/densenet201/seed1234,benchmark,densenet201,1234,internal_test,1077,0.986072,0.983173,1.0,0.983852,0.983173,0.983191,0.986489,0.986072,0.986044,0.983173,0.999308,0.982525,0.985313,0.985332,0.999748,0.999775,0.993839,0.139387,0.092134,0,18.133,69.17,4.338991104,14.682,14.682,1,68.1,553.0,24,15,raw,
benchmark/densenet201/seed1234,benchmark,densenet201,1234,external,3000,0.903,0.903,0.909,0.938685,0.903,0.894026,0.938685,0.903,0.894026,0.903,0.9806,0.864695,0.8836,0.893749,0.952391,0.952391,0.901365,0.614754,0.038896,0,18.133,69.17,4.338991104,14.682,14.682,1,68.1,553.0,24,15,raw,
benchmark/vgg16/seed1234,benchmark,vgg16,1234,internal_test,1077,0.990715,0.988848,1.0,0.988973,0.988848,0.98847,0.991362,0.990715,0.990708,0.988848,0.99954,0.988436,0.990209,0.990235,0.999891,0.999918,0.996944,0.135536,0.097893,0,134.347,512.49,15.466258432,6.089,6.089,1,164.2,717.6,28,19,raw,
benchmark/vgg16/seed1234,benchmark,vgg16,1234,external,3000,0.901667,0.901667,0.917,0.938552,0.901667,0.893258,0.938552,0.901667,0.893258,0.901667,0.980533,0.863539,0.882024,0.892187,0.986386,0.986386,0.964638,0.558263,0.096768,0,134.347,512.49,15.466258432,6.089,6.089,1,164.2,717.6,28,19,raw,
benchmark/vgg19/seed1234,benchmark,vgg19,1234,internal_test,1077,0.987001,0.985261,1.0,0.984317,0.985261,0.98442,0.987567,0.987001,0.986967,0.985261,0.999356,0.984762,0.986293,0.986322,0.999901,0.999921,0.997503,0.139046,0.100089,0,139.656,532.75,19.628056576,6.693,6.693,1,149.4,835.2,29,20,raw,
benchmark/vgg19/seed1234,benchmark,vgg19,1234,external,3000,0.902,0.902,0.93,0.938142,0.902,0.893268,0.938142,0.902,0.893268,0.902,0.980467,0.863829,0.882408,0.892542,0.989634,0.989634,0.964014,0.564015,0.107361,0,139.656,532.75,19.628056576,6.693,6.693,1,149.4,835.2,29,20,raw,
benchmark/inception_v3/seed1234,benchmark,inception_v3,1234,internal_test,1077,0.988858,0.986633,1.0,0.986171,0.986633,0.986219,0.989111,0.988858,0.988826,0.986633,0.999448,0.98622,0.988251,0.988265,0.999875,0.999899,0.997286,0.123523,0.088845,0,21.829,83.27,2.845264,8.771,8.771,1,114.0,337.6,30,21,raw,
benchmark/inception_v3/seed1234,benchmark,inception_v3,1234,external,3000,0.903,0.903,0.931,0.939355,0.903,0.894528,0.939355,0.903,0.894528,0.903,0.980933,0.864695,0.883639,0.893606,0.988313,0.988313,0.963811,0.540382,0.075925,0,21.829,83.27,2.845264,8.771,8.771,1,114.0,337.6,30,21,raw,
benchmark/legacy_xception/seed1234,benchmark,legacy_xception,1234,internal_test,1077,0.987001,0.983886,0.999071,0.984974,0.983886,0.983636,0.988058,0.987001,0.98695,0.983886,0.999356,0.983038,0.986293,0.986337,0.999063,0.999346,0.993974,0.430406,0.318222,0,20.85,79.54,4.574196,3.305,3.305,1,302.6,485.0,32,23,raw,
benchmark/legacy_xception/seed1234,benchmark,legacy_xception,1234,external,3000,0.903,0.903,0.903333,0.941558,0.903,0.896161,0.941558,0.903,0.896161,0.903,0.982,0.864695,0.883763,0.893184,0.95609,0.95609,0.92968,0.760872,0.291501,0,20.85,79.54,4.574196,3.305,3.305,1,302.6,485.0,32,23,raw,
benchmark/resnext50_32x4d/seed1234,benchmark,resnext50_32x4d,1234,internal_test,1077,0.98143,0.978071,1.0,0.978604,0.978071,0.977983,0.981919,0.98143,0.981354,0.978071,0.999078,0.977078,0.980418,0.98045,0.999828,0.999855,0.99581,0.165212,0.110919,0,23.023,87.83,4.257376256,3.573,3.573,1,279.9,417.9,27,18,raw,
benchmark/resnext50_32x4d/seed1234,benchmark,resnext50_32x4d,1234,external,3000,0.902667,0.902667,0.903,0.938353,0.902667,0.893527,0.938353,0.902667,0.893527,0.902667,0.980533,0.864004,0.8832,0.89338,0.962223,0.962223,0.924363,0.627974,0.094841,0,23.023,87.83,4.257376256,3.573,3.573,1,279.9,417.9,27,18,raw,
benchmark/legacy_seresnext50_32x4d/seed1234,benchmark,legacy_seresnext50_32x4d,1234,internal_test,1077,0.987929,0.984634,1.0,0.984645,0.984634,0.984559,0.988041,0.987929,0.987927,0.984634,0.999403,0.984165,0.987272,0.987276,0.999898,0.999924,0.997114,0.112994,0.084393,0,25.554,97.48,4.2598912,5.782,5.782,1,172.9,429.8,24,15,raw,
benchmark/legacy_seresnext50_32x4d/seed1234,benchmark,legacy_seresnext50_32x4d,1234,external,3000,0.903,0.903,0.903,0.938685,0.903,0.894026,0.938685,0.903,0.894026,0.903,0.9806,0.864695,0.8836,0.893749,0.940844,0.940844,0.915932,0.640928,0.053878,0,25.554,97.48,4.2598912,5.782,5.782,1,172.9,429.8,24,15,raw,
benchmark/mobilenetv3_large_100/seed1234,benchmark,mobilenetv3_large_100,1234,internal_test,1077,0.980501,0.975363,1.0,0.978244,0.975363,0.976206,0.98113,0.980501,0.980374,0.975363,0.99903,0.974218,0.979437,0.979471,0.999827,0.999856,0.995932,0.189617,0.130365,0,4.229,16.13,0.224183296,4.471,4.471,1,223.7,224.4,27,18,raw,
benchmark/mobilenetv3_large_100/seed1234,benchmark,mobilenetv3_large_100,1234,external,3000,0.903,0.903,0.905333,0.938685,0.903,0.894026,0.938685,0.903,0.894026,0.903,0.9806,0.864695,0.8836,0.893749,0.964269,0.964269,0.925882,0.659081,0.07934,0,4.229,16.13,0.224183296,4.471,4.471,1,223.7,224.4,27,18,raw,
benchmark/mobilenetv2_100/seed1234,benchmark,mobilenetv2_100,1234,internal_test,1077,0.975859,0.970495,0.999071,0.972781,0.970495,0.970661,0.97728,0.975859,0.975796,0.970495,0.998802,0.968684,0.974543,0.974609,0.999516,0.999559,0.991518,0.166217,0.096621,0,2.251,8.59,0.312940096,4.27,4.27,1,234.2,264.0,32,30,raw,
benchmark/mobilenetv2_100/seed1234,benchmark,mobilenetv2_100,1234,external,3000,0.903,0.903,0.904667,0.938685,0.903,0.894026,0.938685,0.903,0.894026,0.903,0.9806,0.864695,0.8836,0.893749,0.965437,0.965437,0.93412,0.617856,0.072431,0,2.251,8.59,0.312940096,4.27,4.27,1,234.2,264.0,32,30,raw,
benchmark/efficientnet_b0/seed1234,benchmark,efficientnet_b0,1234,internal_test,1077,0.985144,0.982269,1.0,0.981722,0.982269,0.981854,0.985392,0.985144,0.985148,0.982269,0.999264,0.981775,0.984335,0.984345,0.999865,0.999887,0.996818,0.1624,0.116674,0,4.034,15.39,0.398099744,5.095,5.095,1,196.3,297.5,31,22,raw,
benchmark/efficientnet_b0/seed1234,benchmark,efficientnet_b0,1234,external,3000,0.903,0.903,0.912333,0.938685,0.903,0.894026,0.938685,0.903,0.894026,0.903,0.9806,0.864695,0.8836,0.893749,0.959787,0.959787,0.919213,0.617074,0.052691,0,4.034,15.39,0.398099744,5.095,5.095,1,196.3,297.5,31,22,raw,
benchmark/efficientnet_b3/seed1234,benchmark,efficientnet_b3,1234,internal_test,1077,0.986072,0.982878,0.999071,0.983307,0.982878,0.98304,0.986133,0.986072,0.986061,0.982878,0.999309,0.982527,0.985313,0.985317,0.998467,0.998928,0.990287,0.18814,0.133289,0,10.729,40.93,0.987252112,7.641,7.641,1,130.9,482.1,31,22,raw,
benchmark/efficientnet_b3/seed1234,benchmark,efficientnet_b3,1234,external,3000,0.903,0.903,0.904333,0.938685,0.903,0.894026,0.938685,0.903,0.894026,0.903,0.9806,0.864695,0.8836,0.893749,0.968106,0.968106,0.944694,0.606655,0.146994,0,10.729,40.93,0.987252112,7.641,7.641,1,130.9,482.1,31,22,raw,
benchmark/mnasnet_100/seed1234,benchmark,mnasnet_100,1234,internal_test,1077,0.983287,0.979018,1.0,0.979464,0.979018,0.979175,0.983307,0.983287,0.983239,0.979018,0.99917,0.978237,0.982376,0.982381,0.999837,0.999872,0.99557,0.157867,0.11018,0,3.129,11.94,0.324138752,3.648,3.648,1,274.1,265.5,32,27,raw,
benchmark/mnasnet_100/seed1234,benchmark,mnasnet_100,1234,external,3000,0.903,0.903,0.903333,0.938819,0.903,0.894126,0.938819,0.903,0.894126,0.903,0.980667,0.864695,0.883608,0.89372,0.928231,0.928231,0.899888,0.751156,0.012882,0,3.129,11.94,0.324138752,3.648,3.648,1,274.1,265.5,32,27,raw,
benchmark/regnety_016/seed1234,benchmark,regnety_016,1234,internal_test,1077,0.988858,0.986192,1.0,0.986551,0.986192,0.986196,0.989156,0.988858,0.988868,0.986192,0.999448,0.985906,0.988251,0.988262,0.999878,0.999899,0.996866,0.174141,0.131345,0,10.332,39.41,1.627317616,10.887,10.887,1,91.9,293.4,23,14,raw,
benchmark/regnety_016/seed1234,benchmark,regnety_016,1234,external,3000,0.903,0.903,0.909,0.938685,0.903,0.894026,0.938685,0.903,0.894026,0.903,0.9806,0.864695,0.8836,0.893749,0.939133,0.939133,0.890083,0.623167,0.07588,0,10.332,39.41,1.627317616,10.887,10.887,1,91.9,293.4,23,14,raw,
benchmark/ghostnet_100/seed1234,benchmark,ghostnet_100,1234,internal_test,1077,0.983287,0.978944,1.0,0.980125,0.978944,0.979379,0.983449,0.983287,0.983249,0.978944,0.99917,0.978298,0.982375,0.982385,0.999667,0.999681,0.995946,0.176335,0.12322,0,3.928,14.99,0.147020816,6.169,6.169,1,162.1,257.8,28,19,raw,
benchmark/ghostnet_100/seed1234,benchmark,ghostnet_100,1234,external,3000,0.903,0.903,0.906333,0.938685,0.903,0.894026,0.938685,0.903,0.894026,0.903,0.9806,0.864695,0.8836,0.893749,0.956385,0.956385,0.905886,0.620628,0.077333,0,3.928,14.99,0.147020816,6.169,6.169,1,162.1,257.8,28,19,raw,
benchmark/convnext_tiny/seed1234,benchmark,convnext_tiny,1234,internal_test,1077,0.988858,0.985921,1.0,0.984948,0.985921,0.985285,0.98911,0.988858,0.988866,0.985921,0.99945,0.985412,0.988251,0.988261,0.999731,0.999799,0.991205,0.13789,0.091496,0,27.836,106.19,4.469685504,5.083,5.083,1,196.8,468.5,32,24,raw,
benchmark/convnext_tiny/seed1234,benchmark,convnext_tiny,1234,external,3000,0.903,0.903,0.914333,0.938685,0.903,0.894026,0.938685,0.903,0.894026,0.903,0.9806,0.864695,0.8836,0.893749,0.933611,0.933611,0.855822,0.614193,0.011736,0,27.836,106.19,4.469685504,5.083,5.083,1,196.8,468.5,32,24,raw,
benchmark/convnext_small/seed1234,benchmark,convnext_small,1234,internal_test,1077,0.985144,0.981584,1.0,0.980978,0.981584,0.980739,0.986066,0.985144,0.985166,0.981584,0.999267,0.980647,0.984335,0.984374,0.999712,0.999756,0.992298,0.142299,0.095235,0,49.471,188.72,8.704640256,6.484,6.484,1,154.2,737.4,32,23,raw,
benchmark/convnext_small/seed1234,benchmark,convnext_small,1234,external,3000,0.903,0.903,0.907,0.938685,0.903,0.894026,0.938685,0.903,0.894026,0.903,0.9806,0.864695,0.8836,0.893749,0.915739,0.915739,0.836515,0.616363,0.004801,0,49.471,188.72,8.704640256,6.484,6.484,1,154.2,737.4,32,23,raw,
benchmark/vit_small_patch16_224/seed1234,benchmark,vit_small_patch16_224,1234,internal_test,1077,0.990715,0.988259,0.999071,0.988041,0.988259,0.988041,0.990875,0.990715,0.990709,0.988259,0.999541,0.987868,0.990209,0.990216,0.999504,0.999654,0.988809,0.132127,0.093986,0,21.674,82.68,4.250298624,2.959,2.959,1,338.0,335.5,32,25,raw,
benchmark/vit_small_patch16_224/seed1234,benchmark,vit_small_patch16_224,1234,external,3000,0.903,0.903,0.904333,0.939221,0.903,0.894427,0.939221,0.903,0.894427,0.903,0.980867,0.864695,0.883631,0.893635,0.963626,0.963626,0.941438,0.59977,0.082562,0,21.674,82.68,4.250298624,2.959,2.959,1,338.0,335.5,32,25,raw,
benchmark/vit_base_patch16_224/seed1234,benchmark,vit_base_patch16_224,1234,internal_test,1077,0.987001,0.983627,1.0,0.983101,0.983627,0.983184,0.987258,0.987001,0.98699,0.983627,0.999357,0.982928,0.986293,0.986304,0.999801,0.999848,0.993625,0.133087,0.093743,0,85.815,327.36,16.866660864,5.443,5.443,1,183.7,752.0,32,27,raw,
benchmark/vit_base_patch16_224/seed1234,benchmark,vit_base_patch16_224,1234,external,3000,0.903,0.903,0.904,0.938486,0.903,0.89396,0.938486,0.903,0.89396,0.903,0.9806,0.864695,0.8836,0.893713,0.951214,0.951214,0.926552,0.614918,0.026411,0,85.815,327.36,16.866660864,5.443,5.443,1,183.7,752.0,32,27,raw,
benchmark/swin_tiny_patch4_window7_224/seed1234,benchmark,swin_tiny_patch4_window7_224,1234,internal_test,1077,0.990715,0.987853,1.0,0.987624,0.987853,0.9877,0.990762,0.990715,0.990707,0.987853,0.999541,0.987395,0.990209,0.990212,0.999912,0.999937,0.997419,0.117278,0.089053,0,27.536,105.04,4.508442624,6.464,6.464,1,154.7,586.6,32,23,raw,
benchmark/swin_tiny_patch4_window7_224/seed1234,benchmark,swin_tiny_patch4_window7_224,1234,external,3000,0.903,0.903,0.903,0.938685,0.903,0.894026,0.938685,0.903,0.894026,0.903,0.9806,0.864695,0.8836,0.893749,0.943048,0.943048,0.912416,0.618212,0.022721,0,27.536,105.04,4.508442624,6.464,6.464,1,154.7,586.6,32,23,raw,
benchmark/swin_small_patch4_window7_224/seed1234,benchmark,swin_small_patch4_window7_224,1234,internal_test,1077,0.991643,0.989334,1.0,0.989253,0.989334,0.98925,0.991699,0.991643,0.991633,0.989334,0.999587,0.989076,0.991188,0.991192,0.999866,0.999895,0.996604,0.113825,0.083271,0,48.853,186.36,8.767782912,12.425,12.425,1,80.5,580.6,20,11,raw,
benchmark/swin_small_patch4_window7_224/seed1234,benchmark,swin_small_patch4_window7_224,1234,external,3000,0.903,0.903,0.903,0.938685,0.903,0.894026,0.938685,0.903,0.894026,0.903,0.9806,0.864695,0.8836,0.893749,0.935673,0.935673,0.925287,0.629577,0.030714,0,48.853,186.36,8.767782912,12.425,12.425,1,80.5,580.6,20,11,raw,
benchmark/deit3_small_patch16_224/seed1234,benchmark,deit3_small_patch16_224,1234,internal_test,1077,0.983287,0.979407,1.0,0.979897,0.979407,0.978892,0.984363,0.983287,0.983273,0.979407,0.999173,0.97835,0.982377,0.982418,0.999805,0.999836,0.995592,0.152819,0.100444,0,21.683,82.71,4.250298624,4.207,4.207,1,237.7,209.9,18,9,raw,
benchmark/deit3_small_patch16_224/seed1234,benchmark,deit3_small_patch16_224,1234,external,3000,0.902667,0.902667,0.903333,0.938164,0.902667,0.893797,0.938164,0.902667,0.893797,0.902667,0.980733,0.864406,0.883223,0.893154,0.950365,0.950365,0.904812,0.612864,0.065895,0,21.683,82.71,4.250298624,4.207,4.207,1,237.7,209.9,18,9,raw,
benchmark/caformer_s18.sail_in22k_ft_in1k/seed1234,benchmark,caformer_s18.sail_in22k_ft_in1k,1234,internal_test,1077,0.985144,0.982122,1.0,0.982266,0.982122,0.981926,0.985463,0.985144,0.985092,0.982122,0.999263,0.981394,0.984334,0.984352,0.999919,0.999934,0.99806,0.130798,0.099302,0,24.336,92.83,3.894573824,6.632,6.632,1,150.8,502.6,19,10,raw,
benchmark/caformer_s18.sail_in22k_ft_in1k/seed1234,benchmark,caformer_s18.sail_in22k_ft_in1k,1234,external,3000,0.903,0.903,0.906333,0.938819,0.903,0.894126,0.938819,0.903,0.894126,0.903,0.980667,0.864695,0.883608,0.89372,0.922339,0.922339,0.871581,0.646514,0.043303,0,24.336,92.83,3.894573824,6.632,6.632,1,150.8,502.6,19,10,raw,
proposed/Proposed_HMLA_CAFormerS18/seed2024,proposed,caformer_s18.sail_in22k_ft_in1k,2024,internal_test,1077,0.989786,0.985549,1.0,0.98619,0.985549,0.985798,0.989887,0.989786,0.989781,0.985549,0.999496,0.984778,0.989229,0.989234,0.999861,0.999902,0.994583,0.118957,0.086686,0,23.897,91.16,3.970553856,42.302,10.575,4,23.6,1014.9,32,28,raw,0.0
proposed/Proposed_HMLA_CAFormerS18/seed2024,proposed,caformer_s18.sail_in22k_ft_in1k,2024,external,3000,0.903,0.903,0.946,0.938685,0.903,0.894026,0.938685,0.903,0.894026,0.903,0.9806,0.864695,0.8836,0.893749,0.975905,0.975905,0.933675,0.583597,0.008454,0,23.897,91.16,3.970553856,42.302,10.575,4,23.6,1014.9,32,28,raw,0.0
benchmark/resnet50/seed2024,benchmark,resnet50,2024,internal_test,1077,0.978644,0.973299,1.0,0.97449,0.973299,0.973702,0.978741,0.978644,0.978545,0.973299,0.998939,0.971817,0.977479,0.977492,0.999579,0.99967,0.988204,0.19221,0.12523,0,23.551,89.84,4.109507584,5.572,5.572,1,179.5,435.5,32,26,raw,
benchmark/resnet50/seed2024,benchmark,resnet50,2024,external,3000,0.902,0.902,0.903333,0.938087,0.902,0.893159,0.938087,0.902,0.893159,0.902,0.9804,0.863829,0.8824,0.892606,0.95913,0.95913,0.929812,0.644426,0.115839,0,23.551,89.84,4.109507584,5.572,5.572,1,179.5,435.5,32,26,raw,
benchmark/resnet101/seed2024,benchmark,resnet101,2024,internal_test,1077,0.975859,0.970214,1.0,0.970359,0.970214,0.970169,0.976046,0.975859,0.975866,0.970214,0.998803,0.968935,0.974543,0.97455,0.999572,0.999642,0.99001,0.152592,0.083291,0,42.543,162.29,7.831964672,9.727,9.727,1,102.8,657.5,32,25,raw,
benchmark/resnet101/seed2024,benchmark,resnet101,2024,external,3000,0.902,0.902,0.905,0.938352,0.902,0.893359,0.938352,0.902,0.893359,0.902,0.980533,0.863829,0.882416,0.892548,0.955414,0.955414,0.907607,0.624342,0.051178,0,42.543,162.29,7.831964672,9.727,9.727,1,102.8,657.5,32,25,raw,
benchmark/densenet121/seed2024,benchmark,densenet121,2024,internal_test,1077,0.982358,0.977804,1.0,0.979085,0.977804,0.97827,0.982522,0.982358,0.982293,0.977804,0.999123,0.97665,0.981396,0.981409,0.999779,0.999824,0.99452,0.145896,0.093922,0,6.975,26.61,2.864544256,13.998,13.998,1,71.4,432.1,26,17,raw,
benchmark/densenet121/seed2024,benchmark,densenet121,2024,external,3000,0.902667,0.902667,0.905,0.938353,0.902667,0.893693,0.938353,0.902667,0.893693,0.902667,0.980533,0.864406,0.8832,0.893344,0.95143,0.95143,0.889493,0.62665,0.029097,0,6.975,26.61,2.864544256,13.998,13.998,1,71.4,432.1,26,17,raw,
benchmark/densenet201/seed2024,benchmark,densenet201,2024,internal_test,1077,0.984215,0.980591,0.999071,0.980451,0.980591,0.980489,0.984233,0.984215,0.984196,0.980591,0.999217,0.979898,0.983355,0.983358,0.999364,0.999537,0.989996,0.170753,0.109462,0,18.133,69.17,4.338991104,32.475,32.475,1,30.8,581.8,22,13,raw,
benchmark/densenet201/seed2024,benchmark,densenet201,2024,external,3000,0.903,0.903,0.906667,0.938685,0.903,0.894026,0.938685,0.903,0.894026,0.903,0.9806,0.864695,0.8836,0.893749,0.947774,0.947774,0.883236,0.631326,0.038673,0,18.133,69.17,4.338991104,32.475,32.475,1,30.8,581.8,22,13,raw,
benchmark/vgg16/seed2024,benchmark,vgg16,2024,internal_test,1077,0.986072,0.982431,1.0,0.983083,0.982431,0.982609,0.986292,0.986072,0.986066,0.982431,0.999309,0.981748,0.985313,0.985323,0.9998,0.999845,0.994373,0.14588,0.095188,0,134.347,512.49,15.466258432,6.841,6.841,1,146.2,859.4,32,26,raw,
benchmark/vgg16/seed2024,benchmark,vgg16,2024,external,3000,0.902667,0.902667,0.919667,0.938353,0.902667,0.893693,0.938353,0.902667,0.893693,0.902667,0.980533,0.864406,0.8832,0.893344,0.983873,0.983873,0.957321,0.566851,0.088362,0,134.347,512.49,15.466258432,6.841,6.841,1,146.2,859.4,32,26,raw,
benchmark/vgg19/seed2024,benchmark,vgg19,2024,internal_test,1077,0.98143,0.976386,1.0,0.977068,0.976386,0.976189,0.982075,0.98143,0.981355,0.976386,0.99908,0.974787,0.980417,0.98045,0.999715,0.999769,0.992842,0.140928,0.089801,0,139.656,532.75,19.628056576,8.153,8.153,1,122.7,625.6,21,12,raw,
benchmark/vgg19/seed2024,benchmark,vgg19,2024,external,3000,0.901667,0.901667,0.944667,0.93822,0.901667,0.893092,0.93822,0.901667,0.893092,0.901667,0.980467,0.863541,0.882016,0.89218,0.978209,0.978209,0.940607,0.567367,0.053901,0,139.656,532.75,19.628056576,8.153,8.153,1,122.7,625.6,21,12,raw,
benchmark/inception_v3/seed2024,benchmark,inception_v3,2024,internal_test,1077,0.983287,0.979511,0.999071,0.980736,0.979511,0.979963,0.983519,0.983287,0.983265,0.979511,0.999168,0.978752,0.982375,0.982388,0.998543,0.998934,0.990454,0.156226,0.103601,0,21.829,83.27,2.845264,11.996,11.996,1,83.4,290.9,23,14,raw,
benchmark/inception_v3/seed2024,benchmark,inception_v3,2024,external,3000,0.901333,0.901333,0.913,0.938023,0.901333,0.89269,0.938023,0.901333,0.89269,0.901333,0.980267,0.863247,0.8816,0.891906,0.97024,0.97024,0.937742,0.604479,0.070999,0,21.829,83.27,2.845264,11.996,11.996,1,83.4,290.9,23,14,raw,
benchmark/legacy_xception/seed2024,benchmark,legacy_xception,2024,internal_test,1077,0.980501,0.975749,1.0,0.976305,0.975749,0.975866,0.980711,0.980501,0.980462,0.975749,0.999033,0.974681,0.979438,0.979452,0.999725,0.99979,0.993228,0.1722,0.11231,0,20.85,79.54,4.574196,6.353,6.353,1,157.4,445.3,28,19,raw,
benchmark/legacy_xception/seed2024,benchmark,legacy_xception,2024,external,3000,0.902667,0.902667,0.903333,0.941649,0.902667,0.896138,0.941649,0.902667,0.896138,0.902667,0.982133,0.864406,0.883387,0.892721,0.975218,0.975218,0.949796,0.59627,0.122476,0,20.85,79.54,4.574196,6.353,6.353,1,157.4,445.3,28,19,raw,
benchmark/resnext50_32x4d/seed2024,benchmark,resnext50_32x4d,2024,internal_test,1077,0.979573,0.974998,1.0,0.975607,0.974998,0.975218,0.979678,0.979573,0.97955,0.974998,0.998985,0.974031,0.978459,0.978466,0.999324,0.999483,0.989024,0.175163,0.103844,0,23.023,87.83,4.257376256,3.812,3.812,1,262.4,519.5,32,27,raw,
benchmark/resnext50_32x4d/seed2024,benchmark,resnext50_32x4d,2024,external,3000,0.902333,0.902333,0.903,0.938021,0.902333,0.89336,0.938021,0.902333,0.89336,0.902333,0.980467,0.864118,0.8828,0.89294,0.961689,0.961689,0.926421,0.611068,0.11086,0,23.023,87.83,4.257376256,3.812,3.812,1,262.4,519.5,32,27,raw,
benchmark/legacy_seresnext50_32x4d/seed2024,benchmark,legacy_seresnext50_32x4d,2024,internal_test,1077,0.987001,0.983176,1.0,0.983387,0.983176,0.983099,0.987197,0.987001,0.986961,0.983176,0.999357,0.982277,0.986292,0.986304,0.999785,0.999837,0.995201,0.114412,0.075068,0,25.554,97.48,4.2598912,7.166,7.166,1,139.5,437.6,23,14,raw,
benchmark/legacy_seresnext50_32x4d/seed2024,benchmark,legacy_seresnext50_32x4d,2024,external,3000,0.903,0.903,0.904,0.938685,0.903,0.894026,0.938685,0.903,0.894026,0.903,0.9806,0.864695,0.8836,0.893749,0.946345,0.946345,0.896703,0.63196,0.050031,0,25.554,97.48,4.2598912,7.166,7.166,1,139.5,437.6,23,14,raw,
benchmark/mobilenetv3_large_100/seed2024,benchmark,mobilenetv3_large_100,2024,internal_test,1077,0.986072,0.98156,1.0,0.983023,0.98156,0.981982,0.986374,0.986072,0.986003,0.98156,0.99931,0.980616,0.985313,0.98533,0.999588,0.999704,0.991339,0.169126,0.118761,0,4.229,16.13,0.224183296,5.02,5.02,1,199.2,332.2,32,28,raw,
benchmark/mobilenetv3_large_100/seed2024,benchmark,mobilenetv3_large_100,2024,external,3000,0.903,0.903,0.913333,0.938819,0.903,0.894126,0.938819,0.903,0.894126,0.903,0.980667,0.864695,0.883608,0.89372,0.971248,0.971248,0.938399,0.608123,0.080184,0,4.229,16.13,0.224183296,5.02,5.02,1,199.2,332.2,32,28,raw,
benchmark/mobilenetv2_100/seed2024,benchmark,mobilenetv2_100,2024,internal_test,1077,0.977716,0.973383,1.0,0.974107,0.973383,0.97317,0.978889,0.977716,0.977768,0.973383,0.998894,0.972268,0.976501,0.976555,0.999255,0.999371,0.98286,0.163518,0.086141,0,2.251,8.59,0.312940096,4.061,4.061,1,246.2,244.4,23,14,raw,
benchmark/mobilenetv2_100/seed2024,benchmark,mobilenetv2_100,2024,external,3000,0.901667,0.901667,0.905667,0.937755,0.901667,0.892495,0.937755,0.901667,0.892495,0.901667,0.980333,0.862734,0.882,0.892273,0.957294,0.957294,0.915023,0.666905,0.033523,0,2.251,8.59,0.312940096,4.061,4.061,1,246.2,244.4,23,14,raw,
benchmark/efficientnet_b0/seed2024,benchmark,efficientnet_b0,2024,internal_test,1077,0.983287,0.979512,1.0,0.979929,0.979512,0.979548,0.98351,0.983287,0.983241,0.979512,0.99917,0.978726,0.982376,0.982391,0.999235,0.999448,0.988841,0.16164,0.104554,0,4.034,15.39,0.398099744,8.291,8.291,1,120.6,263.3,24,15,raw,
benchmark/efficientnet_b0/seed2024,benchmark,efficientnet_b0,2024,external,3000,0.903,0.903,0.907667,0.938685,0.903,0.894026,0.938685,0.903,0.894026,0.903,0.9806,0.864695,0.8836,0.893749,0.970803,0.970803,0.937115,0.615416,0.079113,0,4.034,15.39,0.398099744,8.291,8.291,1,120.6,263.3,24,15,raw,
benchmark/efficientnet_b3/seed2024,benchmark,efficientnet_b3,2024,internal_test,1077,0.987001,0.98312,0.998143,0.983506,0.98312,0.983252,0.987127,0.987001,0.987004,0.98312,0.999356,0.982491,0.986292,0.986298,0.997766,0.998416,0.986362,0.188697,0.129667,0,10.729,40.93,0.987252112,12.354,12.354,1,80.9,532.4,32,27,raw,
benchmark/efficientnet_b3/seed2024,benchmark,efficientnet_b3,2024,external,3000,0.902333,0.902333,0.906,0.93822,0.902333,0.893261,0.93822,0.902333,0.893261,0.902333,0.980467,0.863715,0.8828,0.893011,0.961258,0.961258,0.93344,0.619347,0.123287,0,10.729,40.93,0.987252112,12.354,12.354,1,80.9,532.4,32,27,raw,
benchmark/mnasnet_100/seed2024,benchmark,mnasnet_100,2024,internal_test,1077,0.978644,0.974909,1.0,0.975837,0.974909,0.974722,0.979439,0.978644,0.978405,0.974909,0.998938,0.973441,0.97748,0.977544,0.999554,0.999643,0.989243,0.18588,0.11404,0,3.129,11.94,0.324138752,3.743,3.743,1,267.2,246.9,24,15,raw,
benchmark/mnasnet_100/seed2024,benchmark,mnasnet_100,2024,external,3000,0.902667,0.902667,0.905667,0.93862,0.902667,0.893893,0.93862,0.902667,0.893893,0.902667,0.980667,0.864406,0.883216,0.893287,0.937802,0.937802,0.900137,0.737799,0.014796,0,3.129,11.94,0.324138752,3.743,3.743,1,267.2,246.9,24,15,raw,
benchmark/regnety_016/seed2024,benchmark,regnety_016,2024,internal_test,1077,0.983287,0.978667,1.0,0.978918,0.978667,0.978716,0.983368,0.983287,0.983254,0.978667,0.999172,0.977665,0.982376,0.982383,0.999612,0.999703,0.988455,0.19304,0.127078,0,10.332,39.41,1.627317616,14.305,14.305,1,69.9,362.9,25,16,raw,
benchmark/regnety_016/seed2024,benchmark,regnety_016,2024,external,3000,0.902667,0.902667,0.907667,0.938353,0.902667,0.893693,0.938353,0.902667,0.893693,0.902667,0.980533,0.864406,0.8832,0.893344,0.93552,0.93552,0.880739,0.624937,0.062064,0,10.332,39.41,1.627317616,14.305,14.305,1,69.9,362.9,25,16,raw,
benchmark/ghostnet_100/seed2024,benchmark,ghostnet_100,2024,internal_test,1077,0.984215,0.979557,1.0,0.980357,0.979557,0.97983,0.984345,0.984215,0.984184,0.979557,0.999218,0.9787,0.983355,0.983363,0.999671,0.999748,0.989218,0.175957,0.125473,0,3.928,14.99,0.147020816,10.271,10.271,1,97.4,332.3,30,21,raw,
benchmark/ghostnet_100/seed2024,benchmark,ghostnet_100,2024,external,3000,0.902667,0.902667,0.905333,0.93862,0.902667,0.893893,0.93862,0.902667,0.893893,0.902667,0.980667,0.864406,0.883216,0.893287,0.96014,0.96014,0.916016,0.623494,0.103463,0,3.928,14.99,0.147020816,10.271,10.271,1,97.4,332.3,30,21,raw,
benchmark/convnext_tiny/seed2024,benchmark,convnext_tiny,2024,internal_test,1077,0.987929,0.984307,1.0,0.985407,0.984307,0.984749,0.988146,0.987929,0.987943,0.984307,0.999401,0.983787,0.987271,0.98728,0.999817,0.999867,0.994373,0.133675,0.091301,0,27.836,106.19,4.469685504,5.514,5.514,1,181.4,492.4,32,26,raw,
benchmark/convnext_tiny/seed2024,benchmark,convnext_tiny,2024,external,3000,0.903,0.903,0.904,0.938685,0.903,0.894026,0.938685,0.903,0.894026,0.903,0.9806,0.864695,0.8836,0.893749,0.938554,0.938554,0.873455,0.615527,0.002921,0,27.836,106.19,4.469685504,5.514,5.514,1,181.4,492.4,32,26,raw,
benchmark/convnext_small/seed2024,benchmark,convnext_small,2024,internal_test,1077,0.991643,0.988421,0.999071,0.989249,0.988421,0.988661,0.991853,0.991643,0.991623,0.988421,0.999587,0.987858,0.991188,0.991198,0.998641,0.99906,0.994292,0.130571,0.090011,0,49.471,188.72,8.704640256,9.754,9.754,1,102.5,773.8,32,30,raw,
benchmark/convnext_small/seed2024,benchmark,convnext_small,2024,external,3000,0.903,0.903,0.903,0.938685,0.903,0.894026,0.938685,0.903,0.894026,0.903,0.9806,0.864695,0.8836,0.893749,0.893952,0.893952,0.839652,0.64344,0.003608,0,49.471,188.72,8.704640256,9.754,9.754,1,102.5,773.8,32,30,raw,
benchmark/vit_small_patch16_224/seed2024,benchmark,vit_small_patch16_224,2024,internal_test,1077,0.986072,0.981572,0.999071,0.982142,0.981572,0.981767,0.986174,0.986072,0.986053,0.981572,0.99931,0.980576,0.985313,0.985319,0.999385,0.999575,0.990056,0.133091,0.091964,0,21.674,82.68,4.250298624,4.024,4.024,1,248.5,357.3,32,29,raw,
benchmark/vit_small_patch16_224/seed2024,benchmark,vit_small_patch16_224,2024,external,3000,0.903,0.903,0.910333,0.939086,0.903,0.894327,0.939086,0.903,0.894327,0.903,0.9808,0.864695,0.883623,0.893663,0.954537,0.954537,0.917393,0.603422,0.045605,0,21.674,82.68,4.250298624,4.024,4.024,1,248.5,357.3,32,29,raw,
benchmark/vit_base_patch16_224/seed2024,benchmark,vit_base_patch16_224,2024,internal_test,1077,0.984215,0.980449,1.0,0.981061,0.980449,0.980719,0.984215,0.984215,0.98418,0.980449,0.999215,0.979756,0.983354,0.983358,0.99988,0.999909,0.996942,0.13474,0.095997,0,85.815,327.36,16.866660864,5.934,5.934,1,168.5,790.6,32,30,raw,
benchmark/vit_base_patch16_224/seed2024,benchmark,vit_base_patch16_224,2024,external,3000,0.902667,0.902667,0.911333,0.93862,0.902667,0.893893,0.93862,0.902667,0.893893,0.902667,0.980667,0.864406,0.883216,0.893287,0.971866,0.971866,0.907985,0.593058,0.045918,0,85.815,327.36,16.866660864,5.934,5.934,1,168.5,790.6,32,30,raw,
benchmark/swin_tiny_patch4_window7_224/seed2024,benchmark,swin_tiny_patch4_window7_224,2024,internal_test,1077,0.980501,0.977055,1.0,0.977209,0.977055,0.976407,0.98136,0.980501,0.98022,0.977055,0.999032,0.97562,0.979439,0.979507,0.999703,0.99976,0.992173,0.144267,0.082511,0,27.536,105.04,4.508442624,9.886,9.886,1,101.2,314.5,16,7,raw,
benchmark/swin_tiny_patch4_window7_224/seed2024,benchmark,swin_tiny_patch4_window7_224,2024,external,3000,0.903,0.903,0.911333,0.939355,0.903,0.894528,0.939355,0.903,0.894528,0.903,0.980933,0.864695,0.883639,0.893606,0.985072,0.985072,0.951114,0.551334,0.105976,0,27.536,105.04,4.508442624,9.886,9.886,1,101.2,314.5,16,7,raw,
benchmark/swin_small_patch4_window7_224/seed2024,benchmark,swin_small_patch4_window7_224,2024,internal_test,1077,0.987001,0.982652,0.999071,0.983491,0.982652,0.982992,0.987124,0.987001,0.986999,0.982652,0.999356,0.981862,0.986292,0.986297,0.998751,0.999143,0.994495,0.126019,0.077856,0,48.853,186.36,8.767782912,19.506,19.506,1,51.3,971.0,32,27,raw,
benchmark/swin_small_patch4_window7_224/seed2024,benchmark,swin_small_patch4_window7_224,2024,external,3000,0.903,0.903,0.904667,0.939086,0.903,0.894327,0.939086,0.903,0.894327,0.903,0.9808,0.864695,0.883623,0.893663,0.96183,0.96183,0.927328,0.599489,0.033384,0,48.853,186.36,8.767782912,19.506,19.506,1,51.3,971.0,32,27,raw,
benchmark/deit3_small_patch16_224/seed2024,benchmark,deit3_small_patch16_224,2024,internal_test,1077,0.984215,0.979825,1.0,0.980545,0.979825,0.979974,0.984651,0.984215,0.984235,0.979825,0.999218,0.978816,0.983355,0.983375,0.999819,0.999863,0.995419,0.140463,0.089101,0,21.683,82.71,4.250298624,6.112,6.112,1,163.6,284.7,24,15,raw,
benchmark/deit3_small_patch16_224/seed2024,benchmark,deit3_small_patch16_224,2024,external,3000,0.903,0.903,0.918667,0.938952,0.903,0.894226,0.938952,0.903,0.894226,0.903,0.980733,0.864695,0.883616,0.893691,0.979131,0.979131,0.945327,0.57786,0.06069,0,21.683,82.71,4.250298624,6.112,6.112,1,163.6,284.7,24,15,raw,
benchmark/caformer_s18.sail_in22k_ft_in1k/seed2024,benchmark,caformer_s18.sail_in22k_ft_in1k,2024,internal_test,1077,0.988858,0.985226,0.999071,0.985208,0.985226,0.985154,0.98896,0.988858,0.988853,0.985226,0.999449,0.984463,0.988251,0.988256,0.998557,0.999012,0.992287,0.127766,0.093017,0,24.336,92.83,3.894573824,11.707,11.707,1,85.4,809.1,30,21,raw,
benchmark/caformer_s18.sail_in22k_ft_in1k/seed2024,benchmark,caformer_s18.sail_in22k_ft_in1k,2024,external,3000,0.903,0.903,0.939667,0.938685,0.903,0.894026,0.938685,0.903,0.894026,0.903,0.9806,0.864695,0.8836,0.893749,0.972303,0.972303,0.904691,0.596713,0.007454,0,24.336,92.83,3.894573824,11.707,11.707,1,85.4,809.1,30,21,raw,
ablation/full/seed42,ablation,caformer_s18.sail_in22k_ft_in1k,42,internal_test,1077,0.987001,0.982679,0.999071,0.985192,0.982679,0.982104,0.989171,0.987001,0.986804,0.982679,0.999359,0.980382,0.986293,0.986389,0.999627,0.999685,0.994661,0.111441,0.068236,0,23.897,91.16,3.970553856,55.181,13.795,4,18.1,787.1,24,15,ema,0.0
ablation/full/seed42,ablation,caformer_s18.sail_in22k_ft_in1k,42,external,3000,0.903,0.903,0.965333,0.938685,0.903,0.894026,0.938685,0.903,0.894026,0.903,0.9806,0.864695,0.8836,0.893749,0.977201,0.977201,0.906108,0.57028,0.038126,0,23.897,91.16,3.970553856,55.181,13.795,4,18.1,787.1,24,15,ema,0.0
ablation/wo_msf/seed42,ablation,caformer_s18.sail_in22k_ft_in1k,42,internal_test,1077,0.989786,0.985971,0.999071,0.987135,0.985971,0.985681,0.990834,0.989786,0.989699,0.985971,0.999497,0.984581,0.98923,0.989277,0.998887,0.999015,0.990848,0.134796,0.087721,0,23.711,90.45,3.903493632,39.211,9.803,4,25.5,993.7,32,27,raw,0.0
ablation/wo_msf/seed42,ablation,caformer_s18.sail_in22k_ft_in1k,42,external,3000,0.903,0.903,0.965333,0.938685,0.903,0.894026,0.938685,0.903,0.894026,0.903,0.9806,0.864695,0.8836,0.893749,0.966961,0.966961,0.913586,0.586346,0.005185,0,23.711,90.45,3.903493632,39.211,9.803,4,25.5,993.7,32,27,raw,0.0
ablation/wo_lap/seed42,ablation,caformer_s18.sail_in22k_ft_in1k,42,internal_test,1077,0.987001,0.981889,1.0,0.984671,0.981889,0.981592,0.988828,0.987001,0.986738,0.981889,0.999359,0.979075,0.986292,0.986383,0.999766,0.999825,0.994517,0.118983,0.078598,0,23.562,89.88,3.957188096,45.622,11.406,4,21.9,869.1,27,18,ema,0.0
ablation/wo_lap/seed42,ablation,caformer_s18.sail_in22k_ft_in1k,42,external,3000,0.903,0.903,0.921333,0.938685,0.903,0.894026,0.938685,0.903,0.894026,0.903,0.9806,0.864695,0.8836,0.893749,0.938597,0.938597,0.885545,0.602073,0.017836,0,23.562,89.88,3.957188096,45.622,11.406,4,21.9,869.1,27,18,ema,0.0
ablation/wo_hier/seed42,ablation,caformer_s18.sail_in22k_ft_in1k,42,internal_test,1077,0.988858,0.985421,0.999071,0.985197,0.985421,0.984865,0.989533,0.988858,0.988872,0.985421,0.999451,0.984572,0.988251,0.988277,0.998976,0.999074,0.995087,0.116296,0.085448,0,23.895,91.15,3.970551808,41.043,10.261,4,24.4,841.6,26,17,raw,
ablation/wo_hier/seed42,ablation,caformer_s18.sail_in22k_ft_in1k,42,external,3000,0.903,0.903,0.907,0.938685,0.903,0.894026,0.938685,0.903,0.894026,0.903,0.9806,0.864695,0.8836,0.893749,0.929677,0.929677,0.852672,0.618491,0.009735,0,23.895,91.15,3.970551808,41.043,10.261,4,24.4,841.6,26,17,raw,
ablation/wo_mixstyle/seed42,ablation,caformer_s18.sail_in22k_ft_in1k,42,internal_test,1077,0.987001,0.982752,1.0,0.984036,0.982752,0.982222,0.988406,0.987001,0.986879,0.982752,0.999359,0.980934,0.986293,0.986356,0.999706,0.999771,0.99359,0.111071,0.069773,0,23.897,91.16,3.970553856,63.511,15.878,4,15.7,860.1,27,18,ema,0.0
ablation/wo_mixstyle/seed42,ablation,caformer_s18.sail_in22k_ft_in1k,42,external,3000,0.903,0.903,0.915,0.938685,0.903,0.894026,0.938685,0.903,0.894026,0.903,0.9806,0.864695,0.8836,0.893749,0.925057,0.925057,0.852047,0.612613,0.021952,0,23.897,91.16,3.970553856,63.511,15.878,4,15.7,860.1,27,18,ema,0.0
ablation/wo_lap_gate/seed42,ablation,caformer_s18.sail_in22k_ft_in1k,42,internal_test,1077,0.987929,0.983621,0.999071,0.98637,0.983621,0.983216,0.990003,0.987929,0.987725,0.983621,0.999404,0.981353,0.987272,0.987364,0.999508,0.999587,0.991568,0.119164,0.074566,0,23.602,90.03,3.963643392,37.797,9.449,4,26.5,1031.5,32,25,ema,0.0
ablation/wo_lap_gate/seed42,ablation,caformer_s18.sail_in22k_ft_in1k,42,external,3000,0.903,0.903,0.955333,0.938685,0.903,0.894026,0.938685,0.903,0.894026,0.903,0.9806,0.864695,0.8836,0.893749,0.926117,0.926117,0.848174,0.609264,0.067858,0,23.602,90.03,3.963643392,37.797,9.449,4,26.5,1031.5,32,25,ema,0.0
ablation/wo_mixup/seed42,ablation,caformer_s18.sail_in22k_ft_in1k,42,internal_test,1077,0.982358,0.976841,1.0,0.980359,0.976841,0.976449,0.984894,0.982358,0.982124,0.976841,0.999128,0.973998,0.981397,0.981509,0.999525,0.999613,0.989341,0.079126,0.022108,0,23.897,91.16,3.970553856,35.542,8.886,4,28.1,774.4,24,15,raw,0.75
ablation/wo_mixup/seed42,ablation,caformer_s18.sail_in22k_ft_in1k,42,external,3000,0.903,0.903,0.971333,0.938685,0.903,0.894026,0.938685,0.903,0.894026,0.903,0.9806,0.864695,0.8836,0.893749,0.953111,0.953111,0.911797,0.543266,0.072864,0,23.897,91.16,3.970553856,35.542,8.886,4,28.1,774.4,24,15,raw,0.75
ablation/wo_ema/seed42,ablation,caformer_s18.sail_in22k_ft_in1k,42,internal_test,1077,0.988858,0.984684,1.0,0.985578,0.984684,0.984526,0.989535,0.988858,0.988773,0.984684,0.99945,0.983262,0.988251,0.988284,0.999479,0.999557,0.991469,0.126231,0.079865,0,23.897,91.16,3.970553856,37.159,9.29,4,26.9,932.1,32,25,raw,0.0
ablation/wo_ema/seed42,ablation,caformer_s18.sail_in22k_ft_in1k,42,external,3000,0.903,0.903,0.988667,0.938685,0.903,0.894026,0.938685,0.903,0.894026,0.903,0.9806,0.864695,0.8836,0.893749,0.976831,0.976831,0.9173,0.567812,0.010493,0,23.897,91.16,3.970553856,37.159,9.29,4,26.9,932.1,32,25,raw,0.0
ablation/wo_tta/seed42,ablation,caformer_s18.sail_in22k_ft_in1k,42,internal_test,1077,0.987001,0.982407,0.999071,0.983486,0.982407,0.982102,0.987964,0.987001,0.986891,0.982407,0.999358,0.980589,0.986293,0.986339,0.999281,0.999374,0.992915,0.134995,0.082409,0,23.897,91.16,3.970553856,12.437,12.437,1,80.4,1030.7,32,24,raw,0.0
ablation/wo_tta/seed42,ablation,caformer_s18.sail_in22k_ft_in1k,42,external,3000,0.903,0.903,0.998333,0.938685,0.903,0.894026,0.938685,0.903,0.894026,0.903,0.9806,0.864695,0.8836,0.893749,0.969883,0.969883,0.907661,0.562725,0.013571,0,23.897,91.16,3.970553856,12.437,12.437,1,80.4,1030.7,32,24,raw,0.0
ablation/wo_llrd/seed42,ablation,caformer_s18.sail_in22k_ft_in1k,42,internal_test,1077,0.987001,0.982902,1.0,0.983476,0.982902,0.982555,0.987734,0.987001,0.986922,0.982902,0.999358,0.981479,0.986293,0.986328,0.999474,0.999564,0.991304,0.122725,0.072546,0,23.897,91.16,3.970553856,42.108,10.527,4,23.7,1025.9,32,26,raw,0.0
ablation/wo_llrd/seed42,ablation,caformer_s18.sail_in22k_ft_in1k,42,external,3000,0.903,0.903,0.988333,0.938685,0.903,0.894026,0.938685,0.903,0.894026,0.903,0.9806,0.864695,0.8836,0.893749,0.97398,0.97398,0.921349,0.578943,0.01995,0,23.897,91.16,3.970553856,42.108,10.527,4,23.7,1025.9,32,26,raw,0.0
ablation/wo_beta_calib/seed42,ablation,caformer_s18.sail_in22k_ft_in1k,42,internal_test,1077,0.988858,0.984153,0.999071,0.986398,0.984153,0.984197,0.990068,0.988858,0.988712,0.984153,0.99945,0.982354,0.98825,0.988308,0.999622,0.999686,0.993807,0.061837,0.0272,0,23.897,91.16,3.970553856,32.431,8.108,4,30.8,902.8,28,19,ema,
ablation/wo_beta_calib/seed42,ablation,caformer_s18.sail_in22k_ft_in1k,42,external,3000,0.903,0.903,0.997,0.938685,0.903,0.894026,0.938685,0.903,0.894026,0.903,0.9806,0.864695,0.8836,0.893749,0.959851,0.959851,0.883052,0.544549,0.070456,0,23.897,91.16,3.970553856,32.431,8.108,4,30.8,902.8,28,19,ema,
ablation/wo_mixup_cooldown/seed42,ablation,caformer_s18.sail_in22k_ft_in1k,42,internal_test,1077,0.986072,0.981592,1.0,0.982203,0.981592,0.980987,0.987152,0.986072,0.985963,0.981592,0.999313,0.979734,0.985314,0.985366,0.999679,0.999746,0.992203,0.121234,0.077187,0,23.897,91.16,3.970553856,48.418,12.104,4,20.7,738.3,23,14,ema,0.0
ablation/wo_mixup_cooldown/seed42,ablation,caformer_s18.sail_in22k_ft_in1k,42,external,3000,0.903,0.903,0.972333,0.938685,0.903,0.894026,0.938685,0.903,0.894026,0.903,0.9806,0.864695,0.8836,0.893749,0.985329,0.985329,0.937628,0.568528,0.020631,0,23.897,91.16,3.970553856,48.418,12.104,4,20.7,738.3,23,14,ema,0.0
ablation/wo_sampler/seed42,ablation,caformer_s18.sail_in22k_ft_in1k,42,internal_test,1077,0.986072,0.982093,1.0,0.983512,0.982093,0.981529,0.987776,0.986072,0.986026,0.982093,0.999312,0.980585,0.985314,0.985382,0.999765,0.999828,0.994106,0.108485,0.076996,0,23.897,91.16,3.970553856,38.688,9.672,4,25.8,480.1,15,6,ema,0.0
ablation/wo_sampler/seed42,ablation,caformer_s18.sail_in22k_ft_in1k,42,external,3000,0.903,0.903,0.908667,0.938685,0.903,0.894026,0.938685,0.903,0.894026,0.903,0.9806,0.864695,0.8836,0.893749,0.950493,0.950493,0.917473,0.620682,0.031554,0,23.897,91.16,3.970553856,38.688,9.672,4,25.8,480.1,15,6,ema,0.0
ablation/wo_random_erasing/seed42,ablation,caformer_s18.sail_in22k_ft_in1k,42,internal_test,1077,0.983287,0.977883,1.0,0.981808,0.977883,0.977683,0.985811,0.983287,0.983027,0.977883,0.999173,0.975031,0.982376,0.98249,0.999305,0.999393,0.991671,0.128847,0.07619,0,23.897,91.16,3.970553856,35.399,8.85,4,28.2,840.1,26,17,raw,0.0
ablation/wo_random_erasing/seed42,ablation,caformer_s18.sail_in22k_ft_in1k,42,external,3000,0.903,0.903,0.970333,0.940389,0.903,0.895377,0.940389,0.903,0.895377,0.903,0.981533,0.864695,0.883709,0.893328,0.987735,0.987735,0.936201,0.535293,0.046457,0,23.897,91.16,3.970553856,35.399,8.85,4,28.2,840.1,26,17,raw,0.0
ablation/wo_label_smoothing/seed42,ablation,caformer_s18.sail_in22k_ft_in1k,42,internal_test,1077,0.986072,0.980678,1.0,0.982641,0.980678,0.980826,0.987023,0.986072,0.98596,0.980678,0.999312,0.978828,0.985313,0.98536,0.9997,0.999776,0.991085,0.048167,0.006888,0,23.897,91.16,3.970553856,47.087,11.772,4,21.2,806.0,25,16,raw,0.0
ablation/wo_label_smoothing/seed42,ablation,caformer_s18.sail_in22k_ft_in1k,42,external,3000,0.903,0.903,0.976667,0.938685,0.903,0.894026,0.938685,0.903,0.894026,0.903,0.9806,0.864695,0.8836,0.893749,0.971886,0.971886,0.911022,0.75076,0.093123,0,23.897,91.16,3.970553856,47.087,11.772,4,21.2,806.0,25,16,raw,0.0
ablation/wo_two_phase/seed42,ablation,caformer_s18.sail_in22k_ft_in1k,42,internal_test,1077,0.985144,0.980726,1.0,0.981104,0.980726,0.979924,0.986381,0.985144,0.985045,0.980726,0.999267,0.978828,0.984335,0.984393,0.999805,0.999855,0.994331,0.127357,0.084155,0,23.897,91.16,3.970553856,29.392,7.348,4,34.0,903.4,27,18,ema,0.0
ablation/wo_two_phase/seed42,ablation,caformer_s18.sail_in22k_ft_in1k,42,external,3000,0.903,0.903,0.967333,0.937898,0.903,0.893763,0.937898,0.903,0.893763,0.903,0.9806,0.864695,0.8836,0.893609,0.978277,0.978277,0.922091,0.569793,0.008335,0,23.897,91.16,3.970553856,29.392,7.348,4,34.0,903.4,27,18,ema,0.0
ablation/wo_pretrained/seed42,ablation,caformer_s18.sail_in22k_ft_in1k,42,internal_test,1077,0.930362,0.921524,0.999071,0.925253,0.921524,0.918536,0.935168,0.930362,0.928581,0.921524,0.996537,0.909933,0.926574,0.92696,0.997867,0.99807,0.961941,0.276508,0.109577,0,23.897,91.16,3.970553856,29.92,7.48,4,33.4,1030.0,32,25,raw,1.0
ablation/wo_pretrained/seed42,ablation,caformer_s18.sail_in22k_ft_in1k,42,external,3000,0.895333,0.895333,0.955333,0.930117,0.895333,0.887477,0.930117,0.895333,0.887477,0.895333,0.979467,0.858042,0.87445,0.884072,0.963157,0.963157,0.918969,0.536555,0.02355,0,23.897,91.16,3.970553856,29.92,7.48,4,33.4,1030.0,32,25,raw,1.0
ablation/full/seed1234,ablation,caformer_s18.sail_in22k_ft_in1k,1234,internal_test,1077,0.992572,0.990427,1.0,0.990147,0.990427,0.990208,0.992702,0.992572,0.992574,0.990427,0.999633,0.990166,0.992167,0.992173,0.999907,0.999935,0.997124,0.10978,0.087279,0,23.897,91.16,3.970553856,28.56,7.14,4,35.0,1030.2,32,26,raw,0.0
ablation/full/seed1234,ablation,caformer_s18.sail_in22k_ft_in1k,1234,external,3000,0.903,0.903,0.99,0.938685,0.903,0.894026,0.938685,0.903,0.894026,0.903,0.9806,0.864695,0.8836,0.893749,0.963773,0.963773,0.89297,0.582152,0.008681,0,23.897,91.16,3.970553856,28.56,7.14,4,35.0,1030.2,32,26,raw,0.0
ablation/wo_msf/seed1234,ablation,caformer_s18.sail_in22k_ft_in1k,1234,internal_test,1077,0.992572,0.99,1.0,0.989788,0.99,0.989773,0.992745,0.992572,0.992568,0.99,0.999634,0.989603,0.992167,0.992174,0.999927,0.999949,0.99802,0.117636,0.091624,0,23.711,90.45,3.903493632,49.66,12.415,4,20.1,981.8,32,27,raw,0.0
ablation/wo_msf/seed1234,ablation,caformer_s18.sail_in22k_ft_in1k,1234,external,3000,0.903,0.903,0.972,0.938685,0.903,0.894026,0.938685,0.903,0.894026,0.903,0.9806,0.864695,0.8836,0.893749,0.982622,0.982622,0.945983,0.579489,0.00782,0,23.711,90.45,3.903493632,49.66,12.415,4,20.1,981.8,32,27,raw,0.0
ablation/wo_lap/seed1234,ablation,caformer_s18.sail_in22k_ft_in1k,1234,internal_test,1077,0.990715,0.987646,1.0,0.989339,0.987646,0.987945,0.991442,0.990715,0.990686,0.987646,0.99954,0.98706,0.990209,0.990238,0.999953,0.999966,0.998717,0.107621,0.086198,0,23.562,89.88,3.957188096,38.936,9.734,4,25.7,858.8,27,18,raw,0.0
ablation/wo_lap/seed1234,ablation,caformer_s18.sail_in22k_ft_in1k,1234,external,3000,0.903,0.903,0.905333,0.940446,0.903,0.895339,0.940446,0.903,0.895339,0.903,0.981467,0.864695,0.883701,0.893394,0.941492,0.941492,0.874813,0.607309,0.034632,0,23.562,89.88,3.957188096,38.936,9.734,4,25.7,858.8,27,18,raw,0.0
ablation/wo_hier/seed1234,ablation,caformer_s18.sail_in22k_ft_in1k,1234,internal_test,1077,0.989786,0.987862,1.0,0.987328,0.987862,0.987339,0.990171,0.989786,0.989779,0.987862,0.999495,0.987477,0.98923,0.989247,0.999933,0.999951,0.99826,0.102016,0.081492,0,23.895,91.15,3.970551808,31.548,7.887,4,31.7,1049.8,32,23,ema,
ablation/wo_hier/seed1234,ablation,caformer_s18.sail_in22k_ft_in1k,1234,external,3000,0.903,0.903,0.906,0.938685,0.903,0.894026,0.938685,0.903,0.894026,0.903,0.9806,0.864695,0.8836,0.893749,0.938625,0.938625,0.869562,0.61749,0.030611,0,23.895,91.15,3.970551808,31.548,7.887,4,31.7,1049.8,32,23,ema,
ablation/wo_mixstyle/seed1234,ablation,caformer_s18.sail_in22k_ft_in1k,1234,internal_test,1077,0.991643,0.989361,1.0,0.989143,0.989361,0.989001,0.992004,0.991643,0.99164,0.989361,0.999588,0.988961,0.991188,0.991203,0.999941,0.999957,0.998409,0.101034,0.08166,0,23.897,91.16,3.970553856,28.649,7.162,4,34.9,795.4,25,16,ema,0.0
ablation/wo_mixstyle/seed1234,ablation,caformer_s18.sail_in22k_ft_in1k,1234,external,3000,0.903,0.903,0.985333,0.938685,0.903,0.894026,0.938685,0.903,0.894026,0.903,0.9806,0.864695,0.8836,0.893749,0.976364,0.976364,0.899832,0.571441,0.016696,0,23.897,91.16,3.970553856,28.649,7.162,4,34.9,795.4,25,16,ema,0.0
ablation/wo_lap_gate/seed1234,ablation,caformer_s18.sail_in22k_ft_in1k,1234,internal_test,1077,0.990715,0.987625,1.0,0.987799,0.987625,0.98769,0.990746,0.990715,0.990711,0.987625,0.999541,0.987265,0.990209,0.990211,0.999938,0.999955,0.99835,0.080008,0.060782,0,23.602,90.03,3.963643392,35.355,8.839,4,28.3,802.6,25,16,ema,0.0
ablation/wo_lap_gate/seed1234,ablation,caformer_s18.sail_in22k_ft_in1k,1234,external,3000,0.903,0.903,0.990333,0.938685,0.903,0.894026,0.938685,0.903,0.894026,0.903,0.9806,0.864695,0.8836,0.893749,0.947816,0.947816,0.860407,0.594179,0.044332,0,23.602,90.03,3.963643392,35.355,8.839,4,28.3,802.6,25,16,ema,0.0
ablation/wo_mixup/seed1234,ablation,caformer_s18.sail_in22k_ft_in1k,1234,internal_test,1077,0.990715,0.988685,1.0,0.988502,0.988685,0.988517,0.990811,0.990715,0.990694,0.988685,0.99954,0.988391,0.990209,0.990215,0.999928,0.999944,0.998193,0.118314,0.09035,0,23.897,91.16,3.970553856,28.761,7.19,4,34.8,999.3,31,22,ema,0.0
ablation/wo_mixup/seed1234,ablation,caformer_s18.sail_in22k_ft_in1k,1234,external,3000,0.903,0.903,0.911333,0.938685,0.903,0.894026,0.938685,0.903,0.894026,0.903,0.9806,0.864695,0.8836,0.893749,0.938055,0.938055,0.90826,0.616791,0.025397,0,23.897,91.16,3.970553856,28.761,7.19,4,34.8,999.3,31,22,ema,0.0
ablation/wo_ema/seed1234,ablation,caformer_s18.sail_in22k_ft_in1k,1234,internal_test,1077,0.982358,0.978029,1.0,0.979916,0.978029,0.978541,0.982939,0.982358,0.982309,0.978029,0.999123,0.977074,0.981396,0.981425,0.999886,0.999909,0.997261,0.129984,0.087095,0,23.897,91.16,3.970553856,39.162,9.791,4,25.5,559.0,19,10,raw,0.0
ablation/wo_ema/seed1234,ablation,caformer_s18.sail_in22k_ft_in1k,1234,external,3000,0.901333,0.901333,0.906667,0.936638,0.901333,0.891395,0.936638,0.901333,0.891395,0.901333,0.980267,0.861212,0.8816,0.891836,0.984681,0.984681,0.942506,0.579977,0.068965,0,23.897,91.16,3.970553856,39.162,9.791,4,25.5,559.0,19,10,raw,0.0
ablation/wo_tta/seed1234,ablation,caformer_s18.sail_in22k_ft_in1k,1234,internal_test,1077,0.988858,0.986545,1.0,0.986151,0.986545,0.986084,0.989365,0.988858,0.988916,0.986545,0.999449,0.986225,0.988251,0.988267,0.999928,0.999944,0.998203,0.115504,0.084766,0,23.897,91.16,3.970553856,7.492,7.492,1,133.5,837.6,26,17,raw,0.0
ablation/wo_tta/seed1234,ablation,caformer_s18.sail_in22k_ft_in1k,1234,external,3000,0.903,0.903,0.923667,0.938685,0.903,0.894026,0.938685,0.903,0.894026,0.903,0.9806,0.864695,0.8836,0.893749,0.961276,0.961276,0.864948,0.606129,0.01378,0,23.897,91.16,3.970553856,7.492,7.492,1,133.5,837.6,26,17,raw,0.0
ablation/wo_llrd/seed1234,ablation,caformer_s18.sail_in22k_ft_in1k,1234,internal_test,1077,0.991643,0.989134,1.0,0.989315,0.989134,0.989046,0.991882,0.991643,0.991634,0.989134,0.999587,0.988775,0.991188,0.991198,0.999941,0.999955,0.998484,0.108593,0.0864,0,23.897,91.16,3.970553856,31.593,7.898,4,31.7,671.4,21,12,ema,0.0
ablation/wo_llrd/seed1234,ablation,caformer_s18.sail_in22k_ft_in1k,1234,external,3000,0.903,0.903,0.952667,0.938685,0.903,0.894026,0.938685,0.903,0.894026,0.903,0.9806,0.864695,0.8836,0.893749,0.960888,0.960888,0.872674,0.593406,0.015065,0,23.897,91.16,3.970553856,31.593,7.898,4,31.7,671.4,21,12,ema,0.0
ablation/wo_beta_calib/seed1234,ablation,caformer_s18.sail_in22k_ft_in1k,1234,internal_test,1077,0.995357,0.993765,1.0,0.993928,0.993765,0.993768,0.995472,0.995357,0.995357,0.993765,0.999771,0.99359,0.995104,0.995109,0.99995,0.999964,0.998641,0.046425,0.031146,0,23.897,91.16,3.970553856,33.906,8.476,4,29.5,967.4,30,21,raw,
ablation/wo_beta_calib/seed1234,ablation,caformer_s18.sail_in22k_ft_in1k,1234,external,3000,0.903,0.903,0.948333,0.938288,0.903,0.893894,0.938288,0.903,0.893894,0.903,0.9806,0.864695,0.8836,0.893678,0.925828,0.925828,0.85987,0.563248,0.070645,0,23.897,91.16,3.970553856,33.906,8.476,4,29.5,967.4,30,21,raw,
ablation/wo_mixup_cooldown/seed1234,ablation,caformer_s18.sail_in22k_ft_in1k,1234,internal_test,1077,0.990715,0.988244,1.0,0.988427,0.988244,0.98827,0.990817,0.990715,0.990713,0.988244,0.99954,0.987985,0.990209,0.990213,0.999934,0.99995,0.998322,0.110017,0.082442,0,23.897,91.16,3.970553856,28.607,7.152,4,35.0,771.5,24,15,raw,0.0
ablation/wo_mixup_cooldown/seed1234,ablation,caformer_s18.sail_in22k_ft_in1k,1234,external,3000,0.902667,0.902667,0.91,0.938408,0.902667,0.893801,0.938408,0.902667,0.893801,0.902667,0.9806,0.864406,0.883208,0.89328,0.940106,0.940106,0.881412,0.615742,0.02434,0,23.897,91.16,3.970553856,28.607,7.152,4,35.0,771.5,24,15,raw,0.0
ablation/wo_sampler/seed1234,ablation,caformer_s18.sail_in22k_ft_in1k,1234,internal_test,1077,0.992572,0.989837,1.0,0.990235,0.989837,0.990014,0.992607,0.992572,0.99257,0.989837,0.999633,0.989514,0.992167,0.992169,0.999956,0.999969,0.998804,0.097482,0.080115,0,23.897,91.16,3.970553856,29.455,7.364,4,33.9,804.1,25,16,ema,0.0
ablation/wo_sampler/seed1234,ablation,caformer_s18.sail_in22k_ft_in1k,1234,external,3000,0.903,0.903,0.919,0.938685,0.903,0.894026,0.938685,0.903,0.894026,0.903,0.9806,0.864695,0.8836,0.893749,0.961547,0.961547,0.913091,0.601897,0.019007,0,23.897,91.16,3.970553856,29.455,7.364,4,33.9,804.1,25,16,ema,0.0
ablation/wo_random_erasing/seed1234,ablation,caformer_s18.sail_in22k_ft_in1k,1234,internal_test,1077,0.991643,0.989561,1.0,0.989051,0.989561,0.989247,0.991738,0.991643,0.991646,0.989561,0.999587,0.989301,0.991188,0.991192,0.999956,0.999968,0.998844,0.099705,0.080817,0,23.897,91.16,3.970553856,28.774,7.193,4,34.8,804.4,25,16,ema,0.0
ablation/wo_random_erasing/seed1234,ablation,caformer_s18.sail_in22k_ft_in1k,1234,external,3000,0.903,0.903,0.951333,0.938685,0.903,0.894026,0.938685,0.903,0.894026,0.903,0.9806,0.864695,0.8836,0.893749,0.950835,0.950835,0.872979,0.597856,0.023565,0,23.897,91.16,3.970553856,28.774,7.193,4,34.8,804.4,25,16,ema,0.0
ablation/wo_label_smoothing/seed1234,ablation,caformer_s18.sail_in22k_ft_in1k,1234,internal_test,1077,0.994429,0.992479,1.0,0.992524,0.992479,0.992476,0.994466,0.994429,0.994427,0.992479,0.999725,0.992243,0.994125,0.994127,0.999942,0.999959,0.998457,0.01905,0.006004,0,23.897,91.16,3.970553856,29.625,7.406,4,33.8,1030.3,32,25,raw,0.0
ablation/wo_label_smoothing/seed1234,ablation,caformer_s18.sail_in22k_ft_in1k,1234,external,3000,0.903,0.903,0.999,0.938685,0.903,0.894026,0.938685,0.903,0.894026,0.903,0.9806,0.864695,0.8836,0.893749,0.994339,0.994339,0.975631,0.75042,0.094477,0,23.897,91.16,3.970553856,29.625,7.406,4,33.8,1030.3,32,25,raw,0.0
ablation/wo_two_phase/seed1234,ablation,caformer_s18.sail_in22k_ft_in1k,1234,internal_test,1077,0.992572,0.990199,1.0,0.989812,0.990199,0.989983,0.992616,0.992572,0.992574,0.990199,0.999634,0.989881,0.992167,0.992169,0.999949,0.999964,0.998633,0.096256,0.077373,0,23.897,91.16,3.970553856,28.148,7.037,4,35.5,933.9,28,19,ema,0.0
ablation/wo_two_phase/seed1234,ablation,caformer_s18.sail_in22k_ft_in1k,1234,external,3000,0.903,0.903,0.91,0.938685,0.903,0.894026,0.938685,0.903,0.894026,0.903,0.9806,0.864695,0.8836,0.893749,0.917483,0.917483,0.848464,0.623698,0.018636,0,23.897,91.16,3.970553856,28.148,7.037,4,35.5,933.9,28,19,ema,0.0
ablation/wo_pretrained/seed1234,ablation,caformer_s18.sail_in22k_ft_in1k,1234,internal_test,1077,0.935933,0.930415,1.0,0.931397,0.930415,0.926315,0.940807,0.935933,0.934501,0.930415,0.996817,0.919549,0.932459,0.932843,0.997686,0.997899,0.961336,0.260486,0.10349,0,23.897,91.16,3.970553856,56.225,14.056,4,17.8,1057.4,32,31,raw,1.0
ablation/wo_pretrained/seed1234,ablation,caformer_s18.sail_in22k_ft_in1k,1234,external,3000,0.896,0.896,0.966667,0.93018,0.896,0.887526,0.93018,0.896,0.887526,0.896,0.979533,0.858228,0.875242,0.88484,0.952092,0.952092,0.904258,0.550543,0.02564,0,23.897,91.16,3.970553856,56.225,14.056,4,17.8,1057.4,32,31,raw,1.0
ablation/full/seed2024,ablation,caformer_s18.sail_in22k_ft_in1k,2024,internal_test,1077,0.987001,0.982654,1.0,0.984025,0.982654,0.983064,0.987376,0.987001,0.986965,0.982654,0.999356,0.981712,0.986292,0.986312,0.999849,0.999892,0.996041,0.114996,0.080769,0,23.897,91.16,3.970553856,39.126,9.781,4,25.6,769.1,23,14,ema,0.0
ablation/full/seed2024,ablation,caformer_s18.sail_in22k_ft_in1k,2024,external,3000,0.903,0.903,0.929333,0.938685,0.903,0.894026,0.938685,0.903,0.894026,0.903,0.9806,0.864695,0.8836,0.893749,0.933768,0.933768,0.861423,0.601722,0.01751,0,23.897,91.16,3.970553856,39.126,9.781,4,25.6,769.1,23,14,ema,0.0
ablation/wo_msf/seed2024,ablation,caformer_s18.sail_in22k_ft_in1k,2024,internal_test,1077,0.990715,0.986836,1.0,0.987123,0.986836,0.98695,0.99076,0.990715,0.990715,0.986836,0.999542,0.9861,0.990209,0.99021,0.999854,0.999897,0.996075,0.108707,0.08301,0,23.711,90.45,3.903493632,39.018,9.754,4,25.6,895.8,28,19,ema,0.0
ablation/wo_msf/seed2024,ablation,caformer_s18.sail_in22k_ft_in1k,2024,external,3000,0.903,0.903,0.914667,0.938685,0.903,0.894026,0.938685,0.903,0.894026,0.903,0.9806,0.864695,0.8836,0.893749,0.965046,0.965046,0.89303,0.599225,0.012382,0,23.711,90.45,3.903493632,39.018,9.754,4,25.6,895.8,28,19,ema,0.0
ablation/wo_lap/seed2024,ablation,caformer_s18.sail_in22k_ft_in1k,2024,internal_test,1077,0.989786,0.985994,1.0,0.986682,0.985994,0.98619,0.990042,0.989786,0.989798,0.985994,0.999495,0.985357,0.989229,0.989239,0.999852,0.999897,0.993587,0.124323,0.089643,0,23.562,89.88,3.957188096,49.299,12.325,4,20.3,1116.2,32,27,raw,0.0
ablation/wo_lap/seed2024,ablation,caformer_s18.sail_in22k_ft_in1k,2024,external,3000,0.903,0.903,0.999333,0.938486,0.903,0.89396,0.938486,0.903,0.89396,0.903,0.9806,0.864695,0.8836,0.893713,0.995391,0.995391,0.982778,0.538915,0.057705,0,23.562,89.88,3.957188096,49.299,12.325,4,20.3,1116.2,32,27,raw,0.0
ablation/wo_hier/seed2024,ablation,caformer_s18.sail_in22k_ft_in1k,2024,internal_test,1077,0.990715,0.986762,1.0,0.987661,0.986762,0.987091,0.990858,0.990715,0.990697,0.986762,0.999541,0.986084,0.990209,0.990216,0.999894,0.999924,0.997164,0.101864,0.071349,0,23.895,91.15,3.970551808,42.857,10.714,4,23.3,1054.0,30,21,ema,
ablation/wo_hier/seed2024,ablation,caformer_s18.sail_in22k_ft_in1k,2024,external,3000,0.903,0.903,0.917333,0.938685,0.903,0.894026,0.938685,0.903,0.894026,0.903,0.9806,0.864695,0.8836,0.893749,0.933546,0.933546,0.853304,0.617076,0.042415,0,23.895,91.15,3.970551808,42.857,10.714,4,23.3,1054.0,30,21,ema,
ablation/wo_mixstyle/seed2024,ablation,caformer_s18.sail_in22k_ft_in1k,2024,internal_test,1077,0.989786,0.986291,1.0,0.986609,0.986291,0.986381,0.98995,0.989786,0.989804,0.986291,0.999495,0.985704,0.98923,0.989236,0.999866,0.999904,0.996291,0.102942,0.071947,0,23.897,91.16,3.970553856,43.643,10.911,4,22.9,884.2,26,17,ema,0.0
ablation/wo_mixstyle/seed2024,ablation,caformer_s18.sail_in22k_ft_in1k,2024,external,3000,0.903,0.903,0.939667,0.938685,0.903,0.894026,0.938685,0.903,0.894026,0.903,0.9806,0.864695,0.8836,0.893749,0.978479,0.978479,0.939372,0.583159,0.029554,0,23.897,91.16,3.970553856,43.643,10.911,4,22.9,884.2,26,17,ema,0.0
ablation/wo_lap_gate/seed2024,ablation,caformer_s18.sail_in22k_ft_in1k,2024,internal_test,1077,0.988858,0.984633,1.0,0.98534,0.984633,0.984907,0.988975,0.988858,0.988852,0.984633,0.999449,0.983868,0.98825,0.988256,0.999888,0.999922,0.996972,0.114081,0.074525,0,23.602,90.03,3.963643392,30.526,7.631,4,32.8,1078.2,32,26,raw,0.0
ablation/wo_lap_gate/seed2024,ablation,caformer_s18.sail_in22k_ft_in1k,2024,external,3000,0.903,0.903,0.994,0.938288,0.903,0.893894,0.938288,0.903,0.893894,0.903,0.9806,0.864695,0.8836,0.893678,0.980211,0.980211,0.945989,0.561005,0.016628,0,23.602,90.03,3.963643392,30.526,7.631,4,32.8,1078.2,32,26,raw,0.0
ablation/wo_mixup/seed2024,ablation,caformer_s18.sail_in22k_ft_in1k,2024,internal_test,1077,0.989786,0.986218,1.0,0.988185,0.986218,0.986769,0.990349,0.989786,0.989742,0.986218,0.999493,0.985566,0.989229,0.989255,0.999884,0.999916,0.996882,0.109979,0.078991,0,23.897,91.16,3.970553856,38.561,9.64,4,25.9,678.3,20,11,ema,0.0
ablation/wo_mixup/seed2024,ablation,caformer_s18.sail_in22k_ft_in1k,2024,external,3000,0.903,0.903,0.904,0.938685,0.903,0.894026,0.938685,0.903,0.894026,0.903,0.9806,0.864695,0.8836,0.893749,0.935699,0.935699,0.919347,0.627453,0.013191,0,23.897,91.16,3.970553856,38.561,9.64,4,25.9,678.3,20,11,ema,0.0
ablation/wo_ema/seed2024,ablation,caformer_s18.sail_in22k_ft_in1k,2024,internal_test,1077,0.991643,0.988892,1.0,0.989308,0.988892,0.988916,0.991886,0.991643,0.991625,0.988892,0.999587,0.988318,0.991188,0.9912,0.999821,0.999872,0.994403,0.123695,0.085822,0,23.897,91.16,3.970553856,38.803,9.701,4,25.8,994.1,32,24,raw,0.0
ablation/wo_ema/seed2024,ablation,caformer_s18.sail_in22k_ft_in1k,2024,external,3000,0.903,0.903,0.997333,0.938685,0.903,0.894026,0.938685,0.903,0.894026,0.903,0.9806,0.864695,0.8836,0.893749,0.981729,0.981729,0.920927,0.566066,0.00831,0,23.897,91.16,3.970553856,38.803,9.701,4,25.8,994.1,32,24,raw,0.0
ablation/wo_tta/seed2024,ablation,caformer_s18.sail_in22k_ft_in1k,2024,internal_test,1077,0.992572,0.989336,1.0,0.9901,0.989336,0.989553,0.992765,0.992572,0.992551,0.989336,0.999633,0.988772,0.992167,0.992176,0.999909,0.999936,0.997495,0.112904,0.086971,0,23.897,91.16,3.970553856,10.578,10.578,1,94.5,1073.1,32,23,ema,0.0
ablation/wo_tta/seed2024,ablation,caformer_s18.sail_in22k_ft_in1k,2024,external,3000,0.903,0.903,0.948667,0.938486,0.903,0.89396,0.938486,0.903,0.89396,0.903,0.9806,0.864695,0.8836,0.893713,0.977058,0.977058,0.93019,0.579536,0.007943,0,23.897,91.16,3.970553856,10.578,10.578,1,94.5,1073.1,32,23,ema,0.0
ablation/wo_llrd/seed2024,ablation,caformer_s18.sail_in22k_ft_in1k,2024,internal_test,1077,0.989786,0.986639,1.0,0.986932,0.986639,0.986711,0.989871,0.989786,0.989774,0.986639,0.999494,0.985991,0.98923,0.989234,0.99986,0.999895,0.996202,0.1202,0.086328,0,23.897,91.16,3.970553856,54.379,13.595,4,18.4,1092.1,32,23,raw,0.0
ablation/wo_llrd/seed2024,ablation,caformer_s18.sail_in22k_ft_in1k,2024,external,3000,0.903,0.903,0.964,0.938685,0.903,0.894026,0.938685,0.903,0.894026,0.903,0.9806,0.864695,0.8836,0.893749,0.968401,0.968401,0.913217,0.583838,0.007855,0,23.897,91.16,3.970553856,54.379,13.595,4,18.4,1092.1,32,23,raw,0.0
ablation/wo_beta_calib/seed2024,ablation,caformer_s18.sail_in22k_ft_in1k,2024,internal_test,1077,0.989786,0.985847,1.0,0.98631,0.985847,0.98604,0.989835,0.989786,0.98978,0.985847,0.999495,0.985094,0.989229,0.989232,0.999844,0.99989,0.995873,0.060424,0.028742,0,23.897,91.16,3.970553856,52.49,13.123,4,19.1,1121.5,32,26,raw,
ablation/wo_beta_calib/seed2024,ablation,caformer_s18.sail_in22k_ft_in1k,2024,external,3000,0.903,0.903,0.977,0.938685,0.903,0.894026,0.938685,0.903,0.894026,0.903,0.9806,0.864695,0.8836,0.893749,0.943393,0.943393,0.893681,0.53311,0.067217,0,23.897,91.16,3.970553856,52.49,13.123,4,19.1,1121.5,32,26,raw,
ablation/wo_sampler/seed2024,ablation,caformer_s18.sail_in22k_ft_in1k,2024,internal_test,1077,0.990715,0.987134,1.0,0.987661,0.987134,0.987299,0.990858,0.990715,0.990712,0.987134,0.999541,0.986496,0.990209,0.990215,0.999891,0.999923,0.997093,0.110518,0.085282,0,23.897,91.16,3.970553856,339.131,84.783,4,2.9,1146.4,29,20,ema,0.0
ablation/wo_sampler/seed2024,ablation,caformer_s18.sail_in22k_ft_in1k,2024,external,3000,0.903,0.903,0.909667,0.938486,0.903,0.89396,0.938486,0.903,0.89396,0.903,0.9806,0.864695,0.8836,0.893713,0.960847,0.960847,0.898229,0.601523,0.009026,0,23.897,91.16,3.970553856,339.131,84.783,4,2.9,1146.4,29,20,ema,0.0
ablation/wo_random_erasing/seed2024,ablation,caformer_s18.sail_in22k_ft_in1k,2024,internal_test,1077,0.991643,0.988049,1.0,0.989167,0.988049,0.988401,0.991892,0.991643,0.991618,0.988049,0.999587,0.987447,0.991188,0.991199,0.999866,0.999904,0.996041,0.114205,0.079237,0,23.897,91.16,3.970553856,67.013,16.753,4,14.9,1102.4,32,24,ema,0.0
ablation/wo_random_erasing/seed2024,ablation,caformer_s18.sail_in22k_ft_in1k,2024,external,3000,0.903,0.903,0.907333,0.938685,0.903,0.894026,0.938685,0.903,0.894026,0.903,0.9806,0.864695,0.8836,0.893749,0.93453,0.93453,0.907414,0.607347,0.012987,0,23.897,91.16,3.970553856,67.013,16.753,4,14.9,1102.4,32,24,ema,0.0
ablation/wo_label_smoothing/seed2024,ablation,caformer_s18.sail_in22k_ft_in1k,2024,internal_test,1077,0.990715,0.986909,1.0,0.987579,0.986909,0.987123,0.990881,0.990715,0.990708,0.986909,0.999542,0.986268,0.990209,0.990216,0.999887,0.999921,0.99695,0.034233,0.004042,0,23.897,91.16,3.970553856,45.172,11.293,4,22.1,1049.7,30,21,raw,0.0
ablation/wo_label_smoothing/seed2024,ablation,caformer_s18.sail_in22k_ft_in1k,2024,external,3000,0.903,0.903,0.991,0.938685,0.903,0.894026,0.938685,0.903,0.894026,0.903,0.9806,0.864695,0.8836,0.893749,0.977032,0.977032,0.942172,0.732118,0.093933,0,23.897,91.16,3.970553856,45.172,11.293,4,22.1,1049.7,30,21,raw,0.0
ablation/wo_two_phase/seed2024,ablation,caformer_s18.sail_in22k_ft_in1k,2024,internal_test,1077,0.991643,0.988494,1.0,0.989002,0.988494,0.988648,0.99177,0.991643,0.99163,0.988494,0.999587,0.988076,0.991188,0.991194,0.999838,0.999886,0.995089,0.115567,0.081163,0,23.897,91.16,3.970553856,51.758,12.94,4,19.3,1093.8,30,25,ema,0.0
ablation/wo_two_phase/seed2024,ablation,caformer_s18.sail_in22k_ft_in1k,2024,external,3000,0.903,0.903,0.962,0.938685,0.903,0.894026,0.938685,0.903,0.894026,0.903,0.9806,0.864695,0.8836,0.893749,0.920822,0.920822,0.832988,0.60851,0.015249,0,23.897,91.16,3.970553856,51.758,12.94,4,19.3,1093.8,30,25,ema,0.0
ablation/wo_pretrained/seed2024,ablation,caformer_s18.sail_in22k_ft_in1k,2024,internal_test,1077,0.936862,0.929231,0.999071,0.931432,0.929231,0.925996,0.941283,0.936862,0.935457,0.929231,0.996863,0.920138,0.93343,0.933731,0.997834,0.998087,0.95868,0.312713,0.14744,0,23.897,91.16,3.970553856,52.0,13.0,4,19.2,1033.4,32,30,raw,0.0
ablation/wo_pretrained/seed2024,ablation,caformer_s18.sail_in22k_ft_in1k,2024,external,3000,0.896333,0.896333,0.928667,0.931548,0.896333,0.887893,0.931548,0.896333,0.887893,0.896333,0.979467,0.858913,0.875625,0.885404,0.952953,0.952953,0.904039,0.593681,0.025793,0,23.897,91.16,3.970553856,52.0,13.0,4,19.2,1033.4,32,30,raw,0.0
benchmark/caformer_s18-sail_in22k_ft_in1k/seed1234,benchmark,caformer_s18-sail_in22k_ft_in1k,1234,external_mld24,4800,0.690833,0.690833,0.901667,0.710715,0.690833,0.690869,0.710715,0.690833,0.690869,0.690833,0.962917,0.407236,0.63796,0.649438,0.945489,0.945489,0.80644,1.188794,0.075249,0,,,,,,,,,,,,
benchmark/caformer_s18-sail_in22k_ft_in1k/seed2024,benchmark,caformer_s18-sail_in22k_ft_in1k,2024,external_mld24,4800,0.638333,0.638333,0.865625,0.762472,0.638333,0.666222,0.762472,0.638333,0.666222,0.638333,0.970917,0.429191,0.583992,0.601344,0.927004,0.927004,0.774022,1.523822,0.14873,0,,,,,,,,,,,,
benchmark/caformer_s18-sail_in22k_ft_in1k/seed42,benchmark,caformer_s18-sail_in22k_ft_in1k,42,external_mld24,4800,0.556042,0.556042,0.815417,0.731933,0.556042,0.607342,0.731933,0.556042,0.607342,0.556042,0.974208,0.006903,0.498824,0.520271,0.922378,0.922378,0.769975,1.716808,0.1092,1,,,,,,,,,,,,
benchmark/convnext_small/seed1234,benchmark,convnext_small,1234,external_mld24,4800,0.674792,0.674792,0.866042,0.652883,0.674792,0.649443,0.652883,0.674792,0.649443,0.674792,0.950125,0.008257,0.61558,0.634258,0.907112,0.907112,0.744892,1.409161,0.139632,1,,,,,,,,,,,,
benchmark/convnext_small/seed2024,benchmark,convnext_small,2024,external_mld24,4800,0.587708,0.587708,0.76375,0.661406,0.587708,0.602052,0.661406,0.587708,0.602052,0.587708,0.95925,0.007147,0.525059,0.540551,0.859733,0.859733,0.689701,1.853909,0.169429,1,,,,,,,,,,,,
benchmark/convnext_small/seed42,benchmark,convnext_small,42,external_mld24,4800,0.667083,0.667083,0.818958,0.681307,0.667083,0.667065,0.681307,0.667083,0.667065,0.667083,0.962,0.008169,0.611602,0.626257,0.928426,0.928426,0.783883,1.431727,0.112832,1,,,,,,,,,,,,
benchmark/convnext_tiny/seed1234,benchmark,convnext_tiny,1234,external_mld24,4800,0.60125,0.60125,0.802292,0.657351,0.60125,0.618521,0.657351,0.60125,0.618521,0.60125,0.962125,0.243289,0.540732,0.553317,0.911409,0.911409,0.742686,1.62932,0.139381,0,,,,,,,,,,,,
benchmark/convnext_tiny/seed2024,benchmark,convnext_tiny,2024,external_mld24,4800,0.62125,0.62125,0.815208,0.680347,0.62125,0.638906,0.680347,0.62125,0.638906,0.62125,0.958542,0.252076,0.560569,0.573976,0.933372,0.933373,0.781529,1.50742,0.144447,0,,,,,,,,,,,,
benchmark/convnext_tiny/seed42,benchmark,convnext_tiny,42,external_mld24,4800,0.629167,0.629167,0.813542,0.672345,0.629167,0.616741,0.672345,0.629167,0.616741,0.629167,0.955667,0.007491,0.567891,0.587506,0.893998,0.893998,0.718289,1.617846,0.109278,1,,,,,,,,,,,,
benchmark/deit3_small_patch16_224/seed1234,benchmark,deit3_small_patch16_224,1234,external_mld24,4800,0.551042,0.551042,0.846875,0.700301,0.551042,0.604745,0.700301,0.551042,0.604745,0.551042,0.975458,0.006878,0.49425,0.516543,0.916012,0.916012,0.737264,1.666231,0.073766,1,,,,,,,,,,,,
benchmark/deit3_small_patch16_224/seed2024,benchmark,deit3_small_patch16_224,2024,external_mld24,4800,0.585625,0.585625,0.838958,0.701816,0.585625,0.625229,0.701816,0.585625,0.625229,0.585625,0.973625,0.007245,0.529342,0.54715,0.912077,0.912077,0.738372,1.671476,0.12731,1,,,,,,,,,,,,
benchmark/deit3_small_patch16_224/seed42,benchmark,deit3_small_patch16_224,42,external_mld24,4800,0.549375,0.549375,0.774583,0.72146,0.549375,0.611218,0.72146,0.549375,0.611218,0.549375,0.977625,0.006906,0.493561,0.510801,0.888392,0.888392,0.719649,1.815153,0.112585,1,,,,,,,,,,,,
benchmark/densenet121/seed1234,benchmark,densenet121,1234,external_mld24,4800,0.531875,0.531875,0.797917,0.732468,0.531875,0.605667,0.732468,0.531875,0.605667,0.531875,0.982542,0.282453,0.478008,0.494205,0.907235,0.907235,0.754701,1.806552,0.115085,0,,,,,,,,,,,,
benchmark/densenet121/seed2024,benchmark,densenet121,2024,external_mld24,4800,0.569167,0.569167,0.864375,0.810105,0.569167,0.644444,0.810105,0.569167,0.644444,0.569167,0.986,0.435077,0.517799,0.53897,0.927551,0.927551,0.789271,1.588335,0.10921,0,,,,,,,,,,,,
benchmark/densenet121/seed42,benchmark,densenet121,42,external_mld24,4800,0.595625,0.595625,0.838542,0.751481,0.595625,0.637225,0.751481,0.595625,0.637225,0.595625,0.973708,0.241998,0.539866,0.556837,0.926574,0.926574,0.764263,1.617283,0.129199,0,,,,,,,,,,,,
benchmark/densenet201/seed1234,benchmark,densenet201,1234,external_mld24,4800,0.671875,0.671875,0.872708,0.722,0.671875,0.682971,0.722,0.671875,0.682971,0.671875,0.965,0.008331,0.61795,0.63748,0.928751,0.928751,0.805871,1.374339,0.09549,1,,,,,,,,,,,,
benchmark/densenet201/seed2024,benchmark,densenet201,2024,external_mld24,4800,0.560208,0.560208,0.803542,0.6851,0.560208,0.60217,0.6851,0.560208,0.60217,0.560208,0.964833,0.007057,0.498714,0.516477,0.890321,0.890321,0.710594,1.740011,0.088311,1,,,,,,,,,,,,
benchmark/densenet201/seed42,benchmark,densenet201,42,external_mld24,4800,0.664583,0.664583,0.845,0.730553,0.664583,0.6911,0.730553,0.664583,0.6911,0.664583,0.974208,0.008195,0.613461,0.627563,0.934948,0.934948,0.7987,1.389578,0.1134,1,,,,,,,,,,,,
benchmark/efficientnet_b0/seed1234,benchmark,efficientnet_b0,1234,external_mld24,4800,0.436458,0.436458,0.769583,0.740988,0.436458,0.527311,0.740988,0.436458,0.527311,0.436458,0.97625,0.300309,0.378994,0.404197,0.842194,0.842194,0.670501,2.032705,0.075936,0,,,,,,,,,,,,
benchmark/efficientnet_b0/seed2024,benchmark,efficientnet_b0,2024,external_mld24,4800,0.435208,0.435208,0.783958,0.720204,0.435208,0.515041,0.720204,0.435208,0.515041,0.435208,0.956958,0.355525,0.366539,0.382539,0.858243,0.858243,0.658822,1.980621,0.097525,0,,,,,,,,,,,,
benchmark/efficientnet_b0/seed42,benchmark,efficientnet_b0,42,external_mld24,4800,0.472917,0.472917,0.832292,0.733166,0.472917,0.550819,0.733166,0.472917,0.550819,0.472917,0.969375,0.344319,0.411514,0.4332,0.890693,0.890693,0.698472,1.817917,0.066392,0,,,,,,,,,,,,
benchmark/efficientnet_b3/seed1234,benchmark,efficientnet_b3,1234,external_mld24,4800,0.691458,0.691458,0.834375,0.746245,0.691458,0.671567,0.746245,0.691458,0.671567,0.691458,0.956083,0.373592,0.636222,0.653135,0.903363,0.903363,0.760127,1.407179,0.130061,0,,,,,,,,,,,,
benchmark/efficientnet_b3/seed2024,benchmark,efficientnet_b3,2024,external_mld24,4800,0.707708,0.707708,0.847292,0.664021,0.707708,0.676138,0.664021,0.707708,0.676138,0.707708,0.950917,0.008714,0.652508,0.671425,0.910088,0.910088,0.766899,1.342914,0.121801,1,,,,,,,,,,,,
benchmark/efficientnet_b3/seed42,benchmark,efficientnet_b3,42,external_mld24,4800,0.67875,0.67875,0.853542,0.741115,0.67875,0.665007,0.741115,0.67875,0.665007,0.67875,0.954792,0.386915,0.621703,0.63954,0.909616,0.909616,0.754395,1.38948,0.106058,0,,,,,,,,,,,,
benchmark/ghostnet_100/seed1234,benchmark,ghostnet_100,1234,external_mld24,4800,0.5325,0.5325,0.85375,0.731091,0.5325,0.571019,0.731091,0.5325,0.571019,0.5325,0.958875,0.326847,0.46692,0.483398,0.917338,0.917338,0.746525,1.612305,0.095632,0,,,,,,,,,,,,
benchmark/ghostnet_100/seed2024,benchmark,ghostnet_100,2024,external_mld24,4800,0.619583,0.619583,0.833125,0.732815,0.619583,0.642137,0.732815,0.619583,0.642137,0.619583,0.963833,0.306266,0.561023,0.576284,0.912171,0.912171,0.748989,1.527678,0.133938,0,,,,,,,,,,,,
benchmark/ghostnet_100/seed42,benchmark,ghostnet_100,42,external_mld24,4800,0.6375,0.6375,0.867917,0.807742,0.6375,0.670075,0.807742,0.6375,0.670075,0.6375,0.973708,0.378713,0.584213,0.601468,0.927232,0.927232,0.780279,1.4854,0.17676,0,,,,,,,,,,,,
benchmark/inception_v3/seed1234,benchmark,inception_v3,1234,external_mld24,4800,0.504167,0.504167,0.756458,0.649053,0.504167,0.539855,0.649053,0.504167,0.539855,0.504167,0.954667,0.006316,0.435395,0.454773,0.864974,0.864974,0.679612,1.924725,0.054679,1,,,,,,,,,,,,
benchmark/inception_v3/seed2024,benchmark,inception_v3,2024,external_mld24,4800,0.529792,0.529792,0.802708,0.669749,0.529792,0.569094,0.669749,0.529792,0.569094,0.529792,0.96225,0.29423,0.46582,0.482161,0.898046,0.898046,0.707897,1.723962,0.044637,0,,,,,,,,,,,,
benchmark/inception_v3/seed42,benchmark,inception_v3,42,external_mld24,4800,0.438542,0.438542,0.756458,0.703864,0.438542,0.492889,0.703864,0.438542,0.492889,0.438542,0.958958,0.219101,0.371062,0.390436,0.8751,0.8751,0.692358,2.054776,0.048907,0,,,,,,,,,,,,
benchmark/legacy_seresnext50_32x4d/seed1234,benchmark,legacy_seresnext50_32x4d,1234,external_mld24,4800,0.679167,0.679167,0.883333,0.747863,0.679167,0.693905,0.747863,0.679167,0.693905,0.679167,0.972,0.380115,0.628438,0.642581,0.937191,0.937191,0.792708,1.24834,0.02112,0,,,,,,,,,,,,
benchmark/legacy_seresnext50_32x4d/seed2024,benchmark,legacy_seresnext50_32x4d,2024,external_mld24,4800,0.648333,0.648333,0.846042,0.714351,0.648333,0.669313,0.714351,0.648333,0.669313,0.648333,0.968083,0.00809,0.593612,0.61169,0.910784,0.910784,0.775835,1.432149,0.043175,1,,,,,,,,,,,,
benchmark/legacy_seresnext50_32x4d/seed42,benchmark,legacy_seresnext50_32x4d,42,external_mld24,4800,0.692917,0.692917,0.87,0.702264,0.692917,0.689253,0.702264,0.692917,0.689253,0.692917,0.962083,0.350804,0.639961,0.651803,0.927239,0.927239,0.785657,1.242874,0.03615,0,,,,,,,,,,,,
benchmark/legacy_xception/seed1234,benchmark,legacy_xception,1234,external_mld24,4800,0.622083,0.622083,0.82,0.667821,0.622083,0.634823,0.667821,0.622083,0.634823,0.622083,0.96225,0.007736,0.563032,0.578442,0.919671,0.919671,0.749809,1.656843,0.216731,1,,,,,,,,,,,,
benchmark/legacy_xception/seed2024,benchmark,legacy_xception,2024,external_mld24,4800,0.551042,0.551042,0.797917,0.647595,0.551042,0.547866,0.647595,0.551042,0.547866,0.551042,0.951042,0.006281,0.482386,0.505586,0.905323,0.905323,0.734681,1.703652,0.065836,1,,,,,,,,,,,,
benchmark/legacy_xception/seed42,benchmark,legacy_xception,42,external_mld24,4800,0.610417,0.610417,0.834583,0.621004,0.610417,0.574675,0.621004,0.610417,0.574675,0.610417,0.93675,0.007244,0.539258,0.56523,0.886513,0.886513,0.717202,1.668717,0.19459,1,,,,,,,,,,,,
benchmark/mnasnet_100/seed1234,benchmark,mnasnet_100,1234,external_mld24,4800,0.601667,0.601667,0.8675,0.731701,0.601667,0.611545,0.731701,0.601667,0.611545,0.601667,0.945,0.42277,0.533507,0.549651,0.91463,0.91463,0.751477,1.489444,0.132267,0,,,,,,,,,,,,
benchmark/mnasnet_100/seed2024,benchmark,mnasnet_100,2024,external_mld24,4800,0.614583,0.614583,0.872083,0.713654,0.614583,0.624922,0.713654,0.614583,0.624922,0.614583,0.950875,0.401362,0.550079,0.567001,0.919918,0.919918,0.742961,1.503586,0.166625,0,,,,,,,,,,,,
benchmark/mnasnet_100/seed42,benchmark,mnasnet_100,42,external_mld24,4800,0.67,0.67,0.8725,0.713516,0.67,0.654721,0.713516,0.67,0.654721,0.67,0.947958,0.34178,0.609451,0.634223,0.889408,0.889408,0.749998,1.422831,0.164374,0,,,,,,,,,,,,
benchmark/mobilenetv2_100/seed1234,benchmark,mobilenetv2_100,1234,external_mld24,4800,0.41375,0.41375,0.7275,0.671342,0.41375,0.487325,0.671342,0.41375,0.487325,0.41375,0.966292,0.20964,0.35074,0.372646,0.841789,0.841789,0.643034,2.163196,0.054815,0,,,,,,,,,,,,
benchmark/mobilenetv2_100/seed2024,benchmark,mobilenetv2_100,2024,external_mld24,4800,0.554167,0.554167,0.802292,0.655486,0.554167,0.573393,0.655486,0.554167,0.573393,0.554167,0.948833,0.007021,0.484586,0.502075,0.889134,0.889134,0.701214,1.757985,0.106192,1,,,,,,,,,,,,
benchmark/mobilenetv2_100/seed42,benchmark,mobilenetv2_100,42,external_mld24,4800,0.496458,0.496458,0.748958,0.64958,0.496458,0.543772,0.64958,0.496458,0.543772,0.496458,0.956833,0.006404,0.428628,0.445746,0.86612,0.86612,0.672963,2.0283,0.091778,1,,,,,,,,,,,,
benchmark/mobilenetv3_large_100/seed1234,benchmark,mobilenetv3_large_100,1234,external_mld24,4800,0.568125,0.568125,0.79375,0.730417,0.568125,0.620696,0.730417,0.568125,0.620696,0.568125,0.972667,0.283792,0.510642,0.527624,0.886599,0.886599,0.756638,1.832348,0.150136,0,,,,,,,,,,,,
benchmark/mobilenetv3_large_100/seed2024,benchmark,mobilenetv3_large_100,2024,external_mld24,4800,0.505833,0.505833,0.784792,0.669928,0.505833,0.549049,0.669928,0.505833,0.549049,0.505833,0.962208,0.006326,0.441115,0.461196,0.869626,0.869626,0.708749,1.960679,0.110816,1,,,,,,,,,,,,
benchmark/mobilenetv3_large_100/seed42,benchmark,mobilenetv3_large_100,42,external_mld24,4800,0.585625,0.585625,0.794792,0.768625,0.585625,0.630494,0.768625,0.585625,0.630494,0.585625,0.969542,0.348701,0.527516,0.544187,0.886999,0.886999,0.735127,1.775573,0.196634,0,,,,,,,,,,,,
benchmark/regnety_016/seed1234,benchmark,regnety_016,1234,external_mld24,4800,0.694167,0.694167,0.838333,0.750236,0.694167,0.680875,0.750236,0.694167,0.680875,0.694167,0.95925,0.314121,0.640343,0.656704,0.920261,0.920261,0.762833,1.35523,0.094095,0,,,,,,,,,,,,
benchmark/regnety_016/seed2024,benchmark,regnety_016,2024,external_mld24,4800,0.6525,0.6525,0.82875,0.678622,0.6525,0.657552,0.678622,0.6525,0.657552,0.6525,0.962167,0.008055,0.5958,0.610928,0.906478,0.906478,0.728033,1.443658,0.068814,1,,,,,,,,,,,,
benchmark/regnety_016/seed42,benchmark,regnety_016,42,external_mld24,4800,0.646042,0.646042,0.880208,0.719809,0.646042,0.662479,0.719809,0.646042,0.662479,0.646042,0.964042,0.263223,0.589547,0.606652,0.921733,0.921732,0.761922,1.368886,0.066466,0,,,,,,,,,,,,
benchmark/resnet101/seed1234,benchmark,resnet101,1234,external_mld24,4800,0.625,0.625,0.825,0.669385,0.625,0.614653,0.669385,0.625,0.614653,0.625,0.952625,0.324339,0.562097,0.577385,0.900178,0.900178,0.71682,1.509433,0.037783,0,,,,,,,,,,,,
benchmark/resnet101/seed2024,benchmark,resnet101,2024,external_mld24,4800,0.642292,0.642292,0.855208,0.669926,0.642292,0.624528,0.669926,0.642292,0.624528,0.642292,0.952583,0.432123,0.580862,0.59492,0.908701,0.908701,0.731918,1.38873,0.057804,0,,,,,,,,,,,,
benchmark/resnet101/seed42,benchmark,resnet101,42,external_mld24,4800,0.661667,0.661667,0.862708,0.737252,0.661667,0.669194,0.737252,0.661667,0.669194,0.661667,0.960833,0.485155,0.60525,0.617452,0.914225,0.914225,0.754278,1.348111,0.068823,0,,,,,,,,,,,,
benchmark/resnet50/seed1234,benchmark,resnet50,1234,external_mld24,4800,0.601875,0.601875,0.844583,0.741439,0.601875,0.625869,0.741439,0.601875,0.625869,0.601875,0.961458,0.321855,0.541103,0.558187,0.903095,0.903095,0.735459,1.57384,0.105237,0,,,,,,,,,,,,
benchmark/resnet50/seed2024,benchmark,resnet50,2024,external_mld24,4800,0.608333,0.608333,0.802708,0.677462,0.608333,0.609265,0.677462,0.608333,0.609265,0.608333,0.957542,0.007267,0.546277,0.567352,0.894216,0.894216,0.733491,1.637684,0.092082,1,,,,,,,,,,,,
benchmark/resnet50/seed42,benchmark,resnet50,42,external_mld24,4800,0.627083,0.627083,0.837083,0.683307,0.627083,0.628513,0.683307,0.627083,0.628513,0.627083,0.952917,0.25579,0.564477,0.582838,0.898286,0.898286,0.736412,1.52738,0.127708,0,,,,,,,,,,,,
benchmark/resnext50_32x4d/seed1234,benchmark,resnext50_32x4d,1234,external_mld24,4800,0.606042,0.606042,0.810208,0.684771,0.606042,0.632068,0.684771,0.606042,0.632068,0.606042,0.964458,0.007492,0.546849,0.562928,0.910097,0.910097,0.746168,1.606071,0.074405,1,,,,,,,,,,,,
benchmark/resnext50_32x4d/seed2024,benchmark,resnext50_32x4d,2024,external_mld24,4800,0.62875,0.62875,0.849167,0.650018,0.62875,0.611469,0.650018,0.62875,0.611469,0.62875,0.951458,0.2474,0.565666,0.583919,0.922948,0.922948,0.761581,1.451068,0.04812,0,,,,,,,,,,,,
benchmark/resnext50_32x4d/seed42,benchmark,resnext50_32x4d,42,external_mld24,4800,0.640625,0.640625,0.848333,0.622871,0.640625,0.609058,0.622871,0.640625,0.609058,0.640625,0.947458,0.007566,0.576929,0.595976,0.914115,0.914115,0.751309,1.395353,0.040708,1,,,,,,,,,,,,
benchmark/swin_small_patch4_window7_224/seed1234,benchmark,swin_small_patch4_window7_224,1234,external_mld24,4800,0.655833,0.655833,0.806875,0.700774,0.655833,0.674072,0.700774,0.655833,0.674072,0.655833,0.971708,0.008105,0.603091,0.617415,0.888736,0.888736,0.73017,1.476053,0.041048,1,,,,,,,,,,,,
benchmark/swin_small_patch4_window7_224/seed2024,benchmark,swin_small_patch4_window7_224,2024,external_mld24,4800,0.66625,0.66625,0.86625,0.729692,0.66625,0.685595,0.729692,0.66625,0.685595,0.66625,0.972583,0.399397,0.614657,0.627695,0.936049,0.936049,0.790645,1.346939,0.080342,0,,,,,,,,,,,,
benchmark/swin_small_patch4_window7_224/seed42,benchmark,swin_small_patch4_window7_224,42,external_mld24,4800,0.668542,0.668542,0.888958,0.733958,0.668542,0.68618,0.733958,0.668542,0.68618,0.668542,0.969958,0.457644,0.616164,0.630199,0.923257,0.923257,0.766752,1.304345,0.069927,0,,,,,,,,,,,,
benchmark/swin_tiny_patch4_window7_224/seed1234,benchmark,swin_tiny_patch4_window7_224,1234,external_mld24,4800,0.597708,0.597708,0.808333,0.713283,0.597708,0.646422,0.713283,0.597708,0.646422,0.597708,0.975292,0.246712,0.542742,0.559877,0.912587,0.912587,0.762729,1.595457,0.068751,0,,,,,,,,,,,,
benchmark/swin_tiny_patch4_window7_224/seed2024,benchmark,swin_tiny_patch4_window7_224,2024,external_mld24,4800,0.5975,0.5975,0.804375,0.757329,0.5975,0.644016,0.757329,0.5975,0.644016,0.5975,0.976583,0.305612,0.543082,0.561331,0.921096,0.921096,0.774851,1.610945,0.03785,0,,,,,,,,,,,,
benchmark/swin_tiny_patch4_window7_224/seed42,benchmark,swin_tiny_patch4_window7_224,42,external_mld24,4800,0.6175,0.6175,0.818125,0.793207,0.6175,0.665444,0.793207,0.6175,0.665444,0.6175,0.978917,0.285009,0.565101,0.582019,0.912909,0.912909,0.780238,1.560025,0.078481,0,,,,,,,,,,,,
benchmark/vgg16/seed1234,benchmark,vgg16,1234,external_mld24,4800,0.165208,0.165208,0.665625,0.727609,0.165208,0.248771,0.727609,0.165208,0.248771,0.165208,0.99175,0.001936,0.13546,0.171165,0.764015,0.764015,0.567767,3.007121,0.308077,1,,,,,,,,,,,,
benchmark/vgg16/seed2024,benchmark,vgg16,2024,external_mld24,4800,0.340208,0.340208,0.738125,0.692376,0.340208,0.449644,0.692376,0.340208,0.449644,0.340208,0.981542,0.004657,0.288954,0.308413,0.820385,0.820385,0.657912,2.387871,0.128976,1,,,,,,,,,,,,
benchmark/vgg16/seed42,benchmark,vgg16,42,external_mld24,4800,0.219792,0.219792,0.753125,0.702054,0.219792,0.328128,0.702054,0.219792,0.328128,0.219792,0.988292,0.003196,0.181838,0.215179,0.819403,0.819403,0.648424,2.642092,0.261822,1,,,,,,,,,,,,
benchmark/vgg19/seed1234,benchmark,vgg19,1234,external_mld24,4800,0.224375,0.224375,0.750208,0.765894,0.224375,0.323907,0.765894,0.224375,0.323907,0.224375,0.991792,0.134587,0.188476,0.243577,0.742966,0.742966,0.565356,3.018065,0.385627,0,,,,,,,,,,,,
benchmark/vgg19/seed2024,benchmark,vgg19,2024,external_mld24,4800,0.209167,0.209167,0.626667,0.733786,0.209167,0.275135,0.733786,0.209167,0.275135,0.209167,0.9835,0.082786,0.168759,0.202618,0.808219,0.808219,0.590191,2.939858,0.308405,0,,,,,,,,,,,,
benchmark/vgg19/seed42,benchmark,vgg19,42,external_mld24,4800,0.245833,0.245833,0.677292,0.72986,0.245833,0.346434,0.72986,0.245833,0.346434,0.245833,0.992875,0.00304,0.208714,0.238144,0.784731,0.784731,0.597231,2.852656,0.286235,1,,,,,,,,,,,,
benchmark/vit_base_patch16_224/seed1234,benchmark,vit_base_patch16_224,1234,external_mld24,4800,0.69875,0.69875,0.907292,0.726577,0.69875,0.695609,0.726577,0.69875,0.695609,0.69875,0.957292,0.522991,0.644732,0.654343,0.89323,0.89323,0.715485,1.351988,0.121902,0,,,,,,,,,,,,
benchmark/vit_base_patch16_224/seed2024,benchmark,vit_base_patch16_224,2024,external_mld24,4800,0.667917,0.667917,0.880208,0.730823,0.667917,0.677699,0.730823,0.667917,0.677699,0.667917,0.956792,0.516678,0.610539,0.620309,0.911706,0.911706,0.753326,1.387596,0.111034,0,,,,,,,,,,,,
benchmark/vit_base_patch16_224/seed42,benchmark,vit_base_patch16_224,42,external_mld24,4800,0.612708,0.612708,0.884167,0.654468,0.612708,0.612483,0.654468,0.612708,0.612483,0.612708,0.948,0.406635,0.546788,0.558401,0.901696,0.901696,0.710677,1.559133,0.157505,0,,,,,,,,,,,,
benchmark/vit_small_patch16_224/seed1234,benchmark,vit_small_patch16_224,1234,external_mld24,4800,0.666875,0.666875,0.84125,0.683472,0.666875,0.672066,0.683472,0.666875,0.672066,0.666875,0.963542,0.008257,0.611956,0.623956,0.896754,0.896754,0.738168,1.432613,0.03866,1,,,,,,,,,,,,
benchmark/vit_small_patch16_224/seed2024,benchmark,vit_small_patch16_224,2024,external_mld24,4800,0.716042,0.716042,0.8275,0.689561,0.716042,0.696586,0.689561,0.716042,0.696586,0.716042,0.962292,0.008738,0.665631,0.681414,0.902898,0.902898,0.745933,1.312392,0.034902,1,,,,,,,,,,,,
benchmark/vit_small_patch16_224/seed42,benchmark,vit_small_patch16_224,42,external_mld24,4800,0.676042,0.676042,0.806667,0.696238,0.676042,0.659027,0.696238,0.676042,0.659027,0.676042,0.960708,0.347133,0.620917,0.635678,0.925356,0.925356,0.75652,1.363537,0.078633,0,,,,,,,,,,,,
proposed/Proposed_HMLA_CAFormerS18/seed1234,proposed,Proposed_HMLA_CAFormerS18,1234,external_mld24,4800,0.712708,0.712708,0.8875,0.683302,0.712708,0.695964,0.683302,0.712708,0.695964,0.712708,0.963708,0.008707,0.662396,0.675189,0.924668,0.924668,0.756294,1.229963,0.04487,1,,,,,,,,,,,,
proposed/Proposed_HMLA_CAFormerS18/seed2024,proposed,Proposed_HMLA_CAFormerS18,2024,external_mld24,4800,0.691667,0.691667,0.914167,0.631198,0.691667,0.651033,0.631198,0.691667,0.651033,0.691667,0.945542,0.344308,0.632648,0.64483,0.924612,0.924612,0.74993,1.288938,0.116346,0,,,,,,,,,,,,
proposed/Proposed_HMLA_CAFormerS18/seed42,proposed,Proposed_HMLA_CAFormerS18,42,external_mld24,4800,0.69375,0.69375,0.850833,0.706528,0.69375,0.674831,0.706528,0.69375,0.674831,0.69375,0.955,0.3989,0.638376,0.654291,0.912063,0.912063,0.744554,1.334947,0.088666,0,,,,,,,,,,,,
ablation/full/seed1234,ablation,full,1234,external_mld24,4800,0.693542,0.693542,0.926042,0.67981,0.693542,0.677129,0.67981,0.693542,0.677129,0.693542,0.955875,0.351819,0.638456,0.651257,0.926037,0.926037,0.775319,1.229425,0.086923,0,,,,,,,,,,,,
ablation/full/seed2024,ablation,full,2024,external_mld24,4800,0.703542,0.703542,0.910208,0.664109,0.703542,0.678415,0.664109,0.703542,0.678415,0.703542,0.957125,0.280685,0.649996,0.662474,0.931912,0.931912,0.772281,1.226085,0.068616,0,,,,,,,,,,,,
ablation/full/seed42,ablation,full,42,external_mld24,4800,0.684167,0.684167,0.885833,0.685208,0.684167,0.669707,0.685208,0.684167,0.669707,0.684167,0.956958,0.37003,0.628477,0.6421,0.922983,0.922983,0.748494,1.310676,0.110338,0,,,,,,,,,,,,
ablation/wo_beta_calib/seed1234,ablation,wo_beta_calib,1234,external_mld24,4800,0.700417,0.700417,0.951667,0.670562,0.700417,0.675928,0.670562,0.700417,0.675928,0.700417,0.952458,0.337564,0.644894,0.65897,0.889719,0.889719,0.71022,1.255408,0.163989,0,,,,,,,,,,,,
ablation/wo_beta_calib/seed2024,ablation,wo_beta_calib,2024,external_mld24,4800,0.677083,0.677083,0.923333,0.642708,0.677083,0.647512,0.642708,0.677083,0.647512,0.677083,0.954042,0.265744,0.619585,0.634494,0.893992,0.893992,0.742293,1.366597,0.18908,0,,,,,,,,,,,,
ablation/wo_beta_calib/seed42,ablation,wo_beta_calib,42,external_mld24,4800,0.701458,0.701458,0.962708,0.65152,0.701458,0.66448,0.65152,0.701458,0.66448,0.701458,0.948875,0.00854,0.644799,0.664275,0.930103,0.930103,0.776131,1.199268,0.17045,1,,,,,,,,,,,,
ablation/wo_ema/seed1234,ablation,wo_ema,1234,external_mld24,4800,0.749167,0.749167,0.945625,0.731918,0.749167,0.729349,0.731918,0.749167,0.729349,0.749167,0.967042,0.461408,0.704092,0.715586,0.947371,0.947371,0.810276,0.977171,0.047067,0,,,,,,,,,,,,
ablation/wo_ema/seed2024,ablation,wo_ema,2024,external_mld24,4800,0.671042,0.671042,0.905208,0.615404,0.671042,0.62514,0.615404,0.671042,0.62514,0.671042,0.943583,0.007875,0.608916,0.628637,0.898967,0.898967,0.715926,1.41941,0.136734,1,,,,,,,,,,,,
ablation/wo_ema/seed42,ablation,wo_ema,42,external_mld24,4800,0.642083,0.642083,0.905417,0.651053,0.642083,0.632798,0.651053,0.642083,0.632798,0.642083,0.951333,0.255709,0.580122,0.594192,0.919192,0.919192,0.739308,1.42506,0.12934,0,,,,,,,,,,,,
ablation/wo_hier/seed1234,ablation,wo_hier,1234,external_mld24,4800,0.664792,0.664792,0.865625,0.686097,0.664792,0.652069,0.686097,0.664792,0.652069,0.664792,0.95025,0.32508,0.604587,0.621462,0.884284,0.884284,0.71873,1.407519,0.122877,0,,,,,,,,,,,,
ablation/wo_hier/seed2024,ablation,wo_hier,2024,external_mld24,4800,0.700208,0.700208,0.900208,0.680509,0.700208,0.684731,0.680509,0.700208,0.684731,0.700208,0.957667,0.008617,0.646481,0.658724,0.915548,0.915548,0.74516,1.255411,0.076228,1,,,,,,,,,,,,
ablation/wo_hier/seed42,ablation,wo_hier,42,external_mld24,4800,0.693542,0.693542,0.85875,0.706709,0.693542,0.692421,0.706709,0.693542,0.692421,0.693542,0.967458,0.280211,0.642527,0.656372,0.918916,0.918916,0.759184,1.320626,0.038051,0,,,,,,,,,,,,
ablation/wo_label_smoothing/seed1234,ablation,wo_label_smoothing,1234,external_mld24,4800,0.63625,0.63625,0.898542,0.596848,0.63625,0.590215,0.596848,0.63625,0.590215,0.63625,0.937708,0.007432,0.568018,0.590625,0.900498,0.900498,0.704743,1.918074,0.260564,1,,,,,,,,,,,,
ablation/wo_label_smoothing/seed2024,ablation,wo_label_smoothing,2024,external_mld24,4800,0.692292,0.692292,0.936667,0.665842,0.692292,0.670013,0.665842,0.692292,0.670013,0.692292,0.957542,0.008369,0.637665,0.65437,0.909118,0.909118,0.72966,1.60514,0.20943,1,,,,,,,,,,,,
ablation/wo_label_smoothing/seed42,ablation,wo_label_smoothing,42,external_mld24,4800,0.68875,0.68875,0.941667,0.66017,0.68875,0.666802,0.66017,0.68875,0.666802,0.68875,0.953375,0.310844,0.632246,0.645191,0.920226,0.920226,0.749079,1.486212,0.187059,0,,,,,,,,,,,,
ablation/wo_lap/seed1234,ablation,wo_lap,1234,external_mld24,4800,0.625,0.625,0.904792,0.648262,0.625,0.622882,0.648262,0.625,0.622882,0.625,0.95325,0.361057,0.562363,0.573655,0.91152,0.91152,0.721103,1.41493,0.100174,0,,,,,,,,,,,,
ablation/wo_lap/seed2024,ablation,wo_lap,2024,external_mld24,4800,0.668333,0.668333,0.91875,0.697805,0.668333,0.674718,0.697805,0.668333,0.674718,0.668333,0.965917,0.336799,0.614434,0.626307,0.920649,0.920649,0.749914,1.40976,0.138888,0,,,,,,,,,,,,
ablation/wo_lap/seed42,ablation,wo_lap,42,external_mld24,4800,0.673542,0.673542,0.884167,0.673289,0.673542,0.664666,0.673289,0.673542,0.664666,0.673542,0.963042,0.008149,0.619044,0.632915,0.927224,0.927224,0.758238,1.331681,0.096423,1,,,,,,,,,,,,
ablation/wo_lap_gate/seed1234,ablation,wo_lap_gate,1234,external_mld24,4800,0.671667,0.671667,0.899167,0.709146,0.671667,0.6859,0.709146,0.671667,0.6859,0.671667,0.969708,0.355362,0.619462,0.630629,0.935137,0.935137,0.781011,1.306,0.068243,0,,,,,,,,,,,,
ablation/wo_lap_gate/seed2024,ablation,wo_lap_gate,2024,external_mld24,4800,0.705417,0.705417,0.917292,0.682955,0.705417,0.688778,0.682955,0.705417,0.688778,0.705417,0.959542,0.008642,0.652907,0.667741,0.910744,0.910744,0.740343,1.279998,0.089803,1,,,,,,,,,,,,
ablation/wo_lap_gate/seed42,ablation,wo_lap_gate,42,external_mld24,4800,0.69125,0.69125,0.826875,0.651412,0.69125,0.66201,0.651412,0.69125,0.66201,0.69125,0.953,0.306915,0.634885,0.647599,0.90333,0.90333,0.742255,1.365683,0.106872,0,,,,,,,,,,,,
ablation/wo_llrd/seed1234,ablation,wo_llrd,1234,external_mld24,4800,0.693542,0.693542,0.912917,0.705375,0.693542,0.686778,0.705375,0.693542,0.686778,0.693542,0.961375,0.394021,0.640401,0.652978,0.928787,0.928787,0.772501,1.238235,0.054405,0,,,,,,,,,,,,
ablation/wo_llrd/seed2024,ablation,wo_llrd,2024,external_mld24,4800,0.585833,0.585833,0.83125,0.65584,0.585833,0.571869,0.65584,0.585833,0.571869,0.585833,0.954917,0.006522,0.521079,0.543792,0.896508,0.896508,0.704953,1.773701,0.167444,1,,,,,,,,,,,,
ablation/wo_llrd/seed42,ablation,wo_llrd,42,external_mld24,4800,0.581042,0.581042,0.840625,0.670874,0.581042,0.614921,0.670874,0.581042,0.614921,0.581042,0.965875,0.233008,0.521038,0.534114,0.897641,0.897641,0.710067,1.686457,0.164231,0,,,,,,,,,,,,
ablation/wo_mixstyle/seed1234,ablation,wo_mixstyle,1234,external_mld24,4800,0.572708,0.572708,0.831875,0.643503,0.572708,0.593428,0.643503,0.572708,0.593428,0.572708,0.952375,0.237447,0.505942,0.519944,0.885643,0.885643,0.695776,1.627231,0.11029,0,,,,,,,,,,,,
ablation/wo_mixstyle/seed2024,ablation,wo_mixstyle,2024,external_mld24,4800,0.63125,0.63125,0.852917,0.694785,0.63125,0.647951,0.694785,0.63125,0.647951,0.63125,0.964667,0.00782,0.57387,0.591153,0.912093,0.912093,0.765628,1.461215,0.083577,1,,,,,,,,,,,,
ablation/wo_mixstyle/seed42,ablation,wo_mixstyle,42,external_mld24,4800,0.634167,0.634167,0.8475,0.696203,0.634167,0.660455,0.696203,0.634167,0.660455,0.634167,0.968083,0.007879,0.578391,0.594124,0.904088,0.904088,0.747834,1.550551,0.110285,1,,,,,,,,,,,,
ablation/wo_mixup/seed1234,ablation,wo_mixup,1234,external_mld24,4800,0.616875,0.616875,0.806042,0.640238,0.616875,0.582717,0.640238,0.616875,0.582717,0.616875,0.948167,0.305015,0.551372,0.571337,0.907006,0.907006,0.705281,1.590396,0.125442,0,,,,,,,,,,,,
ablation/wo_mixup/seed2024,ablation,wo_mixup,2024,external_mld24,4800,0.683125,0.683125,0.848542,0.662769,0.683125,0.6633,0.662769,0.683125,0.6633,0.683125,0.958542,0.008171,0.627905,0.641015,0.935543,0.935543,0.759654,1.290656,0.080226,1,,,,,,,,,,,,
ablation/wo_mixup/seed42,ablation,wo_mixup,42,external_mld24,4800,0.660417,0.660417,0.965625,0.66438,0.660417,0.634591,0.66438,0.660417,0.634591,0.660417,0.943208,0.262926,0.596984,0.622498,0.917602,0.917602,0.772077,1.287176,0.204842,0,,,,,,,,,,,,
ablation/wo_mixup_cooldown/seed1234,ablation,wo_mixup_cooldown,1234,external_mld24,4800,0.688125,0.688125,0.872083,0.730258,0.688125,0.68192,0.730258,0.688125,0.68192,0.688125,0.956875,0.461176,0.632818,0.647111,0.899982,0.899982,0.742147,1.30527,0.088192,0,,,,,,,,,,,,
ablation/wo_mixup_cooldown/seed2024,ablation,wo_mixup_cooldown,2024,external_mld24,4800,0.66375,0.66375,0.954375,0.609033,0.66375,0.62647,0.609033,0.66375,0.62647,0.66375,0.940958,0.266922,0.599785,0.613099,0.899137,0.899137,0.710116,1.272214,0.186236,0,,,,,,,,,,,,
ablation/wo_mixup_cooldown/seed42,ablation,wo_mixup_cooldown,42,external_mld24,4800,0.616458,0.616458,0.835625,0.701607,0.616458,0.641491,0.701607,0.616458,0.641491,0.616458,0.971167,0.007494,0.560778,0.577202,0.928256,0.928256,0.768285,1.542397,0.102806,1,,,,,,,,,,,,
ablation/wo_msf/seed1234,ablation,wo_msf,1234,external_mld24,4800,0.662917,0.662917,0.909167,0.695238,0.662917,0.659592,0.695238,0.662917,0.659592,0.662917,0.958833,0.348387,0.605847,0.620334,0.91765,0.91765,0.754637,1.320156,0.076922,0,,,,,,,,,,,,
ablation/wo_msf/seed2024,ablation,wo_msf,2024,external_mld24,4800,0.726667,0.726667,0.883958,0.694316,0.726667,0.706859,0.694316,0.726667,0.706859,0.726667,0.962417,0.290771,0.677509,0.689428,0.926967,0.926967,0.769556,1.210766,0.047105,0,,,,,,,,,,,,
ablation/wo_msf/seed42,ablation,wo_msf,42,external_mld24,4800,0.662708,0.662708,0.932708,0.68953,0.662708,0.661099,0.68953,0.662708,0.661099,0.662708,0.962208,0.434886,0.606912,0.61901,0.930136,0.930136,0.751678,1.286777,0.096032,0,,,,,,,,,,,,
ablation/wo_pretrained/seed1234,ablation,wo_pretrained,1234,external_mld24,4800,0.408542,0.408542,0.854167,0.581866,0.408542,0.390216,0.581866,0.408542,0.390216,0.408542,0.909833,0.207255,0.309666,0.321637,0.813752,0.813752,0.594298,1.771398,0.171093,0,,,,,,,,,,,,
ablation/wo_pretrained/seed2024,ablation,wo_pretrained,2024,external_mld24,4800,0.411042,0.411042,0.762292,0.600678,0.411042,0.405159,0.600678,0.411042,0.405159,0.411042,0.91925,0.281018,0.318494,0.335591,0.818075,0.818075,0.578086,2.01677,0.064802,0,,,,,,,,,,,,
ablation/wo_pretrained/seed42,ablation,wo_pretrained,42,external_mld24,4800,0.359583,0.359583,0.760417,0.571886,0.359583,0.366377,0.571886,0.359583,0.366377,0.359583,0.921208,0.186789,0.267601,0.280413,0.751281,0.751281,0.535942,2.23192,0.170997,0,,,,,,,,,,,,
ablation/wo_random_erasing/seed1234,ablation,wo_random_erasing,1234,external_mld24,4800,0.657708,0.657708,0.834167,0.716392,0.657708,0.666168,0.716392,0.657708,0.666168,0.657708,0.966625,0.408128,0.603172,0.616553,0.925766,0.925766,0.768515,1.431047,0.082759,0,,,,,,,,,,,,
ablation/wo_random_erasing/seed2024,ablation,wo_random_erasing,2024,external_mld24,4800,0.693542,0.693542,0.861667,0.674416,0.693542,0.679593,0.674416,0.693542,0.679593,0.693542,0.960167,0.008521,0.639976,0.653359,0.911784,0.911784,0.736952,1.323847,0.077599,1,,,,,,,,,,,,
ablation/wo_random_erasing/seed42,ablation,wo_random_erasing,42,external_mld24,4800,0.633125,0.633125,0.863333,0.692312,0.633125,0.643761,0.692312,0.633125,0.643761,0.633125,0.969542,0.007571,0.577867,0.595592,0.940234,0.940234,0.799224,1.473019,0.130372,1,,,,,,,,,,,,
ablation/wo_sampler/seed1234,ablation,wo_sampler,1234,external_mld24,4800,0.70625,0.70625,0.864167,0.692065,0.70625,0.695487,0.692065,0.70625,0.695487,0.70625,0.963,0.008646,0.655004,0.667589,0.91592,0.91592,0.764413,1.28266,0.075523,1,,,,,,,,,,,,
ablation/wo_sampler/seed2024,ablation,wo_sampler,2024,external_mld24,4800,0.683333,0.683333,0.857917,0.638828,0.683333,0.653644,0.638828,0.683333,0.653644,0.683333,0.95125,0.00828,0.625462,0.639996,0.906511,0.906511,0.720398,1.321743,0.090119,1,,,,,,,,,,,,
ablation/wo_sampler/seed42,ablation,wo_sampler,42,external_mld24,4800,0.71875,0.71875,0.935,0.718028,0.71875,0.70145,0.718028,0.71875,0.70145,0.71875,0.960917,0.472467,0.668196,0.679335,0.945767,0.945767,0.795294,1.097632,0.036925,0,,,,,,,,,,,,
ablation/wo_tta/seed1234,ablation,wo_tta,1234,external_mld24,4800,0.69625,0.69625,0.930208,0.6992,0.69625,0.680139,0.6992,0.69625,0.680139,0.69625,0.954542,0.458913,0.64099,0.652619,0.935806,0.935806,0.764509,1.18251,0.093902,0,,,,,,,,,,,,
ablation/wo_tta/seed2024,ablation,wo_tta,2024,external_mld24,4800,0.651042,0.651042,0.8475,0.674084,0.651042,0.630052,0.674084,0.651042,0.630052,0.651042,0.952125,0.35046,0.590231,0.606064,0.877598,0.877598,0.683279,1.522162,0.156619,0,,,,,,,,,,,,
ablation/wo_tta/seed42,ablation,wo_tta,42,external_mld24,4800,0.61375,0.61375,0.895625,0.684173,0.61375,0.621752,0.684173,0.61375,0.621752,0.61375,0.957958,0.358658,0.552264,0.567409,0.903908,0.903908,0.717092,1.535218,0.164334,0,,,,,,,,,,,,
ablation/wo_two_phase/seed1234,ablation,wo_two_phase,1234,external_mld24,4800,0.706667,0.706667,0.867917,0.674989,0.706667,0.68335,0.674989,0.706667,0.68335,0.706667,0.958667,0.0086,0.653997,0.67039,0.925494,0.925494,0.750457,1.330343,0.123482,1,,,,,,,,,,,,
ablation/wo_two_phase/seed2024,ablation,wo_two_phase,2024,external_mld24,4800,0.714167,0.714167,0.947917,0.658148,0.714167,0.675508,0.658148,0.714167,0.675508,0.714167,0.949417,0.008727,0.659243,0.678766,0.919325,0.919325,0.749781,1.264437,0.116598,1,,,,,,,,,,,,
ablation/wo_two_phase/seed42,ablation,wo_two_phase,42,external_mld24,4800,0.68,0.68,0.953333,0.674257,0.68,0.656399,0.674257,0.68,0.656399,0.68,0.951333,0.403214,0.621799,0.63562,0.921996,0.921996,0.770055,1.279688,0.123974,0,,,,,,,,,,,,
