corpus,class,path,width,height,aspect,mean_R,mean_G,mean_B,mean_brightness,std_brightness,mean_saturation,greenness,sharpness_lapvar,dark_pixel_fraction,very_dark_fraction,background_uniformity
internal,mango anthracnose,multiple leaf dataset/mango leaf/mango anthracnose/mango anthracnose (221).jpg,480,360,1.3333333333333333,0.7020944356918335,0.7101125121116638,0.7158843278884888,0.7083730697631836,0.13001444935798645,0.10005130618810654,0.0011231303215026855,0.000515065505169332,0.002730389030612245,0.0003786670918367347,0.945446252822876
internal,mango anthracnose,multiple leaf dataset/mango leaf/mango anthracnose/mango anthracnose (252).jpg,480,360,1.3333333333333333,0.7375478744506836,0.7382104992866516,0.7386617064476013,0.7380638122558594,0.11897334456443787,0.06686997413635254,0.00010567903518676758,0.0008486849837936461,0.004643654336734694,0.0004185267857142857,0.8633041381835938
internal,mango anthracnose,multiple leaf dataset/mango leaf/mango anthracnose/mango anthracnose (351).jpg,480,360,1.3333333333333333,0.7032278180122375,0.7137929201126099,0.6869623064994812,0.707575261592865,0.18375545740127563,0.20482856035232544,0.01869785785675049,0.0008527902537025511,0.003667091836734694,0.0,0.965327799320221
internal,mango anthracnose,multiple leaf dataset/mango leaf/mango anthracnose/mango anthracnose (136).jpg,480,360,1.3333333333333333,0.7175537347793579,0.7484354972839355,0.7075981497764587,0.734546422958374,0.15421199798583984,0.17686273157596588,0.03585958480834961,0.0006956485449336469,0.00047831632653061223,1.992984693877551e-05,0.8286033272743225
internal,mango anthracnose,multiple leaf dataset/mango leaf/mango anthracnose/mango anthracnose (247).jpg,480,360,1.3333333333333333,0.7506518959999084,0.7487050294876099,0.7347205877304077,0.7476929426193237,0.14958158135414124,0.0904104933142662,0.0060187578201293945,0.0011401212541386485,0.007672991071428571,0.0008370535714285714,0.8603363633155823
internal,mango anthracnose,multiple leaf dataset/mango leaf/mango anthracnose/mango anthracnose (63).jpg,480,360,1.3333333333333333,0.6383863687515259,0.6759834885597229,0.7259867191314697,0.6704422831535339,0.14703534543514252,0.18723642826080322,-0.006203055381774902,0.0003502040635794401,0.029834980867346938,0.0005181760204081633,0.9547898769378662
internal,mango anthracnose,multiple leaf dataset/mango leaf/mango anthracnose/mango anthracnose (407).jpg,480,360,1.3333333333333333,0.5911180377006531,0.6394699811935425,0.626653254032135,0.6235516667366028,0.16474570333957672,0.26889175176620483,0.030584335327148438,0.0005766464164480567,0.016402264030612245,0.0033681441326530613,0.9308252334594727
internal,mango anthracnose,multiple leaf dataset/mango leaf/mango anthracnose/mango anthracnose (479).jpg,480,360,1.3333333333333333,0.6709544062614441,0.7174139022827148,0.7542969584465027,0.7077271342277527,0.10172473639249802,0.19871945679187775,0.004788219928741455,0.0007093973108567297,0.0001793686224489796,0.0,0.9249979257583618
internal,mango anthracnose,multiple leaf dataset/mango leaf/mango anthracnose/mango anthracnose (167).jpg,480,360,1.3333333333333333,0.6994194388389587,0.7113591432571411,0.6664471626281738,0.7026692628860474,0.13264280557632446,0.14945706725120544,0.02842581272125244,0.00041661722934804857,0.0001992984693877551,1.992984693877551e-05,0.8452264666557312
internal,mango anthracnose,multiple leaf dataset/mango leaf/mango anthracnose/mango anthracnose (29).jpg,480,360,1.3333333333333333,0.7631709575653076,0.7643786668777466,0.7275689840316772,0.7598212957382202,0.1524648368358612,0.125205859541893,0.01900869607925415,0.0008917479426600039,0.0038464604591836736,3.985969387755102e-05,0.9325873255729675
internal,mango anthracnose,multiple leaf dataset/mango leaf/mango anthracnose/mango anthracnose (148).jpg,480,360,1.3333333333333333,0.7462059259414673,0.7414152026176453,0.6769720315933228,0.7355011105537415,0.15570344030857086,0.16586735844612122,0.029826223850250244,0.0003690422454383224,1.992984693877551e-05,0.0,0.8494135737419128
internal,mango anthracnose,multiple leaf dataset/mango leaf/mango anthracnose/mango anthracnose (498).jpg,480,360,1.3333333333333333,0.7810834646224976,0.7795624732971191,0.7578865885734558,0.7775461673736572,0.16047193109989166,0.13364192843437195,0.010077476501464844,0.001088729128241539,0.0005779655612244898,0.0,0.8893364071846008
internal,mango anthracnose,multiple leaf dataset/mango leaf/mango anthracnose/mango anthracnose (274).jpg,480,360,1.3333333333333333,0.7329755425453186,0.7423723340034485,0.7508353590965271,0.7405275106430054,0.11199451237916946,0.07871264219284058,0.00046688318252563477,0.000746461097151041,0.007892219387755101,0.0007573341836734694,0.905928909778595
internal,mango anthracnose,multiple leaf dataset/mango leaf/mango anthracnose/mango anthracnose (174).jpg,480,360,1.3333333333333333,0.6950649619102478,0.6981006264686584,0.6968172192573547,0.69704669713974,0.1669810712337494,0.1087464913725853,0.0021595358848571777,0.0015712720341980457,0.021324936224489797,0.009845344387755101,0.865574836730957
internal,mango anthracnose,multiple leaf dataset/mango leaf/mango anthracnose/mango anthracnose (57).jpg,480,360,1.3333333333333333,0.8136959671974182,0.7921773195266724,0.7630440592765808,0.7952902913093567,0.22647719085216522,0.1692766398191452,0.0038073062896728516,0.0016636289656162262,0.009088010204081632,0.0,0.9712554216384888
internal,mango anthracnose,multiple leaf dataset/mango leaf/mango anthracnose/mango anthracnose (358).jpg,480,360,1.3333333333333333,0.5122665762901306,0.6417255997657776,0.6870450377464294,0.6081838011741638,0.19011333584785461,0.3640088438987732,0.04206979274749756,0.0005538832047022879,0.06405452806122448,0.004105548469387755,0.8665817379951477
internal,mango anthracnose,multiple leaf dataset/mango leaf/mango anthracnose/mango anthracnose (27).jpg,480,360,1.3333333333333333,0.7605377435684204,0.7624332904815674,0.7275120615959167,0.7578855156898499,0.17272470891475677,0.13038182258605957,0.01840841770172119,0.0008916273363865912,0.004942602040816327,0.00013950892857142856,0.8938441276550293
internal,mango anthracnose,multiple leaf dataset/mango leaf/mango anthracnose/mango anthracnose (245).jpg,480,360,1.3333333333333333,0.6624135971069336,0.663138747215271,0.6528425812721252,0.6617481708526611,0.14758187532424927,0.1239890456199646,0.005510687828063965,0.0005332291475497186,0.009984853316326531,0.0,0.9303388595581055
internal,mango anthracnose,multiple leaf dataset/mango leaf/mango anthracnose/mango anthracnose (347).jpg,480,360,1.3333333333333333,0.6985766291618347,0.7083609700202942,0.6859102845191956,0.7028760313987732,0.20320577919483185,0.21764646470546722,0.016117513179779053,0.0009112237603403628,0.015565210459183673,0.0018534757653061226,0.8583410978317261
internal,mango anthracnose,multiple leaf dataset/mango leaf/mango anthracnose/mango anthracnose (354).jpg,480,360,1.3333333333333333,0.556064784526825,0.6371328234672546,0.6061808466911316,0.6093649864196777,0.22942964732646942,0.33383652567863464,0.05601000785827637,0.0011136417742818594,0.08745216836734694,0.03577407525510204,0.6950038075447083
internal,mango anthracnose,multiple leaf dataset/mango leaf/mango anthracnose/mango anthracnose (284).jpg,480,360,1.3333333333333333,0.738774836063385,0.7428842782974243,0.746306300163269,0.7420456409454346,0.13914313912391663,0.07596201449632645,0.00034368038177490234,0.0008640253217890859,0.011120854591836735,0.0014349489795918368,0.9218780398368835
internal,mango anthracnose,multiple leaf dataset/mango leaf/mango anthracnose/mango anthracnose (103).jpg,480,360,1.3333333333333333,0.7404522895812988,0.7366929054260254,0.6971908807754517,0.7333137392997742,0.15709428489208221,0.12473690509796143,0.017871320247650146,0.000531812896952033,0.0009765625,3.985969387755102e-05,0.9731156229972839
internal,mango anthracnose,multiple leaf dataset/mango leaf/mango anthracnose/mango anthracnose (375).jpg,480,360,1.3333333333333333,0.6775413155555725,0.7110297679901123,0.6225497126579285,0.6909299492835999,0.23689571022987366,0.31562408804893494,0.060984253883361816,0.0006133775459602475,0.02698501275510204,0.0029894770408163264,0.9494037628173828
internal,mango anthracnose,multiple leaf dataset/mango leaf/mango anthracnose/mango anthracnose (86).jpg,480,360,1.3333333333333333,0.7228267192840576,0.7222575545310974,0.7028335332870483,0.7202134132385254,0.16416437923908234,0.13091705739498138,0.009427428245544434,0.0005629209335893393,0.008330676020408163,0.00011957908163265306,0.9702799916267395
internal,mango anthracnose,multiple leaf dataset/mango leaf/mango anthracnose/mango anthracnose (404).jpg,480,360,1.3333333333333333,0.6277424097061157,0.6910003423690796,0.6517276167869568,0.6676090955734253,0.19183357059955597,0.30479028820991516,0.05126535892486572,0.000917576951906085,0.026347257653061226,0.007194674744897959,0.8713769912719727
internal,mango anthracnose,multiple leaf dataset/mango leaf/mango anthracnose/mango anthracnose (466).jpg,480,360,1.3333333333333333,0.5921592116355896,0.6414178609848022,0.6778010129928589,0.6308372020721436,0.1301933377981186,0.26689252257347107,0.006437778472900391,0.00048492159112356603,0.0024513711734693877,0.0,0.9239600896835327
internal,mango anthracnose,multiple leaf dataset/mango leaf/mango anthracnose/mango anthracnose (408).jpg,480,360,1.3333333333333333,0.6196563243865967,0.6711419820785522,0.6459713578224182,0.6528782844543457,0.15985149145126343,0.27027803659439087,0.03832817077636719,0.0004858139727730304,0.025988520408163265,0.008529974489795918,0.9523822069168091
internal,mango anthracnose,multiple leaf dataset/mango leaf/mango anthracnose/mango anthracnose (39).jpg,480,360,1.3333333333333333,0.7647186517715454,0.7501399517059326,0.7178983092308044,0.7508234977722168,0.1806950569152832,0.16007742285728455,0.008831501007080078,0.00129113276489079,0.0007573341836734694,0.0,0.8794587254524231
internal,mango anthracnose,multiple leaf dataset/mango leaf/mango anthracnose/mango anthracnose (335).jpg,480,360,1.3333333333333333,0.6574289798736572,0.6663137674331665,0.6610203981399536,0.6630538702011108,0.16480927169322968,0.20783214271068573,0.007089078426361084,0.000803708448074758,0.017717633928571428,0.004045758928571429,0.949254035949707
internal,mango anthracnose,multiple leaf dataset/mango leaf/mango anthracnose/mango anthracnose (112).jpg,480,360,1.3333333333333333,0.760097086429596,0.7551612257957458,0.7505697011947632,0.7561136484146118,0.13182353973388672,0.08692719042301178,-0.00017219781875610352,0.0004688589251600206,1.992984693877551e-05,0.0,0.9473644495010376
internal,mango anthracnose,multiple leaf dataset/mango leaf/mango anthracnose/mango anthracnose (156).jpg,480,360,1.3333333333333333,0.6940798163414001,0.7091857194900513,0.6537907123565674,0.6983540058135986,0.15189488232135773,0.19319584965705872,0.03525042533874512,0.0003935106797143817,0.0004185267857142857,0.0,0.8328487873077393
internal,mango anthracnose,multiple leaf dataset/mango leaf/mango anthracnose/mango anthracnose (234).jpg,480,360,1.3333333333333333,0.7306126952171326,0.7408272624015808,0.7450411915779114,0.7382535338401794,0.14129900932312012,0.13430753350257874,0.003000319004058838,0.00043015298433601856,0.0,0.0,0.9148147702217102
internal,mango anthracnose,multiple leaf dataset/mango leaf/mango anthracnose/mango anthracnose (100).jpg,480,360,1.3333333333333333,0.7147034406661987,0.7354307174682617,0.6991243958473206,0.7250943779945374,0.17332923412322998,0.15996521711349487,0.028516769409179688,0.0005618796567432582,0.004524075255102041,0.00015943877551020407,0.9426355361938477
internal,mango anthracnose,multiple leaf dataset/mango leaf/mango anthracnose/mango anthracnose (414).jpg,480,360,1.3333333333333333,0.5605713129043579,0.5912425518035889,0.5083885192871094,0.572626531124115,0.20552845299243927,0.3499316871166229,0.056762635707855225,0.0004435986920725554,0.03479751275510204,0.004145408163265306,0.7384803891181946
internal,mango anthracnose,multiple leaf dataset/mango leaf/mango anthracnose/mango anthracnose (405).jpg,480,360,1.3333333333333333,0.5656856894493103,0.630119800567627,0.633611798286438,0.6112521290779114,0.188792884349823,0.32031887769699097,0.030471086502075195,0.0015968558145686984,0.06710379464285714,0.021285076530612245,0.9453048706054688
internal,mango anthracnose,multiple leaf dataset/mango leaf/mango anthracnose/mango anthracnose (2).jpg,480,360,1.3333333333333333,0.7370980978012085,0.7398108839988708,0.711930513381958,0.7358213067054749,0.13464991748332977,0.1040075421333313,0.015296578407287598,0.0005365158431231976,0.00047831632653061223,1.992984693877551e-05,0.9065171480178833
internal,mango anthracnose,multiple leaf dataset/mango leaf/mango anthracnose/mango anthracnose (224).jpg,480,360,1.3333333333333333,0.7027058005332947,0.711176872253418,0.7139780521392822,0.7089633345603943,0.13952670991420746,0.08537603914737701,0.002834916114807129,0.0003804784209933132,0.003547512755102041,5.978954081632653e-05,0.8474313020706177
internal,mango anthracnose,multiple leaf dataset/mango leaf/mango anthracnose/mango anthracnose (175).jpg,480,360,1.3333333333333333,0.7346104383468628,0.7305119633674622,0.6912835836410522,0.7272653579711914,0.15286341309547424,0.14903861284255981,0.01756495237350464,0.001205070992000401,0.004025829081632653,0.0013352997448979591,0.8469942212104797
internal,mango anthracnose,multiple leaf dataset/mango leaf/mango anthracnose/mango anthracnose (75).jpg,480,360,1.3333333333333333,0.8075251579284668,0.7906154990196228,0.7495131492614746,0.7909858226776123,0.19251662492752075,0.1386936753988266,0.0120963454246521,0.0005650566308759153,0.00013950892857142856,0.0,0.8860551714897156
internal,mango anthracnose,multiple leaf dataset/mango leaf/mango anthracnose/mango anthracnose (424).jpg,480,360,1.3333333333333333,0.5606126189231873,0.6376566886901855,0.5619778633117676,0.6059930920600891,0.20415817201137543,0.3700573146343231,0.07636141777038574,0.0008891819161362946,0.014488998724489796,0.0002192283163265306,0.7300230860710144
internal,mango anthracnose,multiple leaf dataset/mango leaf/mango anthracnose/mango anthracnose (443).jpg,480,360,1.3333333333333333,0.6347710490226746,0.6872347593307495,0.7399631142616272,0.6775591373443604,0.10210072994232178,0.22399240732192993,-0.0001323223114013672,0.0008207242353819311,0.0005779655612244898,9.964923469387755e-05,0.9477306008338928
internal,mango anthracnose,multiple leaf dataset/mango leaf/mango anthracnose/mango anthracnose (287).jpg,480,360,1.3333333333333333,0.7362932562828064,0.7394723892211914,0.7490465044975281,0.7396132946014404,0.13454055786132812,0.06973584741353989,-0.00319749116897583,0.0009657347109168768,0.018355389030612245,0.004962531887755102,0.9311754107475281
internal,mango anthracnose,multiple leaf dataset/mango leaf/mango anthracnose/mango anthracnose (459).jpg,480,360,1.3333333333333333,0.6774673461914062,0.7441563606262207,0.7175257802009583,0.7211804986000061,0.22311799228191376,0.25507882237434387,0.04665982723236084,0.0007403701893053949,0.00922751913265306,0.0,0.8575013279914856
internal,mango anthracnose,multiple leaf dataset/mango leaf/mango anthracnose/mango anthracnose (84).jpg,480,360,1.3333333333333333,0.7794191241264343,0.7745981216430664,0.7476109266281128,0.7729630470275879,0.16841647028923035,0.12261585146188736,0.011083126068115234,0.0005052684573456645,0.00701530612244898,0.0,0.9001927375793457
internal,mango anthracnose,multiple leaf dataset/mango leaf/mango anthracnose/mango anthracnose (71).jpg,480,360,1.3333333333333333,0.7525096535682678,0.751666247844696,0.7509995102882385,0.7518424391746521,0.12765100598335266,0.0790119618177414,-8.83340835571289e-05,0.00038980066892690957,0.003826530612244898,0.00011957908163265306,0.907719075679779
internal,mango anthracnose,multiple leaf dataset/mango leaf/mango anthracnose/mango anthracnose (348).jpg,480,360,1.3333333333333333,0.6412556767463684,0.6521626114845276,0.6291403770446777,0.6462768912315369,0.2037767469882965,0.24787573516368866,0.016964614391326904,0.0006479842122644186,0.03649154974489796,0.009925063775510204,0.7512311339378357
internal,mango anthracnose,multiple leaf dataset/mango leaf/mango anthracnose/mango anthracnose (6).jpg,480,360,1.3333333333333333,0.7336817979812622,0.7308332324028015,0.7014114856719971,0.7283309698104858,0.14272992312908173,0.0985349714756012,0.013286590576171875,0.0006771429907530546,0.001295440051020408,3.985969387755102e-05,0.8981977105140686
internal,mango anthracnose,multiple leaf dataset/mango leaf/mango anthracnose/mango anthracnose (266).jpg,480,360,1.3333333333333333,0.7599812746047974,0.766968846321106,0.7667114734649658,0.7648501992225647,0.12181545794010162,0.08533445000648499,0.0036224722862243652,0.0007992928731255233,0.00332828443877551,0.00015943877551020407,0.9283539056777954
internal,mango anthracnose,multiple leaf dataset/mango leaf/mango anthracnose/mango anthracnose (215).jpg,480,360,1.3333333333333333,0.7658012509346008,0.7649196982383728,0.7610086798667908,0.7647374272346497,0.15346118807792664,0.10636050254106522,0.001514732837677002,0.0012706860434263945,0.009446747448979591,0.0016940369897959183,0.8882373571395874
internal,mango anthracnose,multiple leaf dataset/mango leaf/mango anthracnose/mango anthracnose (317).jpg,480,360,1.3333333333333333,0.7451547384262085,0.7398673892021179,0.753431499004364,0.7429946660995483,0.17485013604164124,0.1568707972764969,-0.009425699710845947,0.0008986463071778417,0.010283801020408163,0.0006776147959183673,0.8583386540412903
internal,mango anthracnose,multiple leaf dataset/mango leaf/mango anthracnose/mango anthracnose (380).jpg,480,360,1.3333333333333333,0.595805823802948,0.6562761664390564,0.6471213698387146,0.6371518969535828,0.18001887202262878,0.29975321888923645,0.0348125696182251,0.0007041031494736671,0.01207748724489796,0.005719866071428571,0.8059902787208557
internal,mango anthracnose,multiple leaf dataset/mango leaf/mango anthracnose/mango anthracnose (303).jpg,480,360,1.3333333333333333,0.7354381084442139,0.7400944828987122,0.7460201978683472,0.7393776774406433,0.10105591267347336,0.07413239032030106,-0.0006346702575683594,0.0006588156684301794,0.0012755102040816326,0.0,0.8926753997802734
internal,mango anthracnose,multiple leaf dataset/mango leaf/mango anthracnose/mango anthracnose (393).jpg,480,360,1.3333333333333333,0.6174497008323669,0.6582205891609192,0.6158563494682312,0.6412005424499512,0.16908806562423706,0.2674817740917206,0.04156756401062012,0.0007611647015437484,0.020348373724489797,0.007932079081632654,0.7887968420982361
internal,mango anthracnose,multiple leaf dataset/mango leaf/mango anthracnose/mango anthracnose (123).jpg,480,360,1.3333333333333333,0.6437394022941589,0.6796351671218872,0.6448940634727478,0.6649418473243713,0.1716872602701187,0.2144249826669693,0.03531843423843384,0.0005184222827665508,0.011698820153061224,9.964923469387755e-05,0.842147946357727
internal,mango anthracnose,multiple leaf dataset/mango leaf/mango anthracnose/mango anthracnose (415).jpg,480,360,1.3333333333333333,0.6726279854774475,0.6956620216369629,0.6178434491157532,0.679903507232666,0.14567849040031433,0.2527749836444855,0.05042630434036255,0.00027945570764131844,0.007533482142857143,0.0031887755102040817,0.7856425642967224
internal,mango anthracnose,multiple leaf dataset/mango leaf/mango anthracnose/mango anthracnose (115).jpg,480,360,1.3333333333333333,0.6973785161972046,0.7240765690803528,0.6805986762046814,0.7111373543739319,0.1768987476825714,0.17493344843387604,0.03508800268173218,0.0008465137216262519,0.002331792091836735,0.0003587372448979592,0.8968771696090698
internal,mango anthracnose,multiple leaf dataset/mango leaf/mango anthracnose/mango anthracnose (19).jpg,480,360,1.3333333333333333,0.7364723086357117,0.741066038608551,0.7246249318122864,0.73781818151474,0.13877654075622559,0.10982158035039902,0.010517418384552002,0.0006225170218385756,0.001096141581632653,0.0,0.9296913743019104
internal,mango anthracnose,multiple leaf dataset/mango leaf/mango anthracnose/mango anthracnose (318).jpg,480,360,1.3333333333333333,0.6916530132293701,0.6825950741767883,0.6940879225730896,0.6866135597229004,0.16711215674877167,0.18165187537670135,-0.010275423526763916,0.0010800795862451196,0.01407047193877551,0.0015146683673469387,0.8238755464553833
internal,mango anthracnose,multiple leaf dataset/mango leaf/mango anthracnose/mango anthracnose (134).jpg,480,360,1.3333333333333333,0.6703919172286987,0.7280146479606628,0.6633209586143494,0.7034103870391846,0.16898508369922638,0.2607748210430145,0.06115823984146118,0.0004357646976131946,0.0005580357142857143,9.964923469387755e-05,0.9271607995033264
internal,mango anthracnose,multiple leaf dataset/mango leaf/mango anthracnose/mango anthracnose (437).jpg,480,360,1.3333333333333333,0.6705633401870728,0.701263427734375,0.7014045715332031,0.6921002268791199,0.13504299521446228,0.21650955080986023,0.01527947187423706,0.0005083241849206388,0.008490114795918368,0.0013751594387755102,0.9098501205444336
internal,mango anthracnose,multiple leaf dataset/mango leaf/mango anthracnose/mango anthracnose (212).jpg,480,360,1.3333333333333333,0.7395907044410706,0.7534430623054504,0.7588319778442383,0.7499155402183533,0.1448407620191574,0.14041130244731903,0.004231750965118408,0.0006865512114018202,0.0,0.0,0.834119439125061
internal,mango anthracnose,multiple leaf dataset/mango leaf/mango anthracnose/mango anthracnose (446).jpg,480,360,1.3333333333333333,0.676560640335083,0.7089921832084656,0.7185661792755127,0.7003865242004395,0.12726673483848572,0.22378313541412354,0.011428773403167725,0.0015895005781203508,0.0010363520408163266,0.0001992984693877551,0.9423199892044067
internal,mango anthracnose,multiple leaf dataset/mango leaf/mango anthracnose/mango anthracnose (190).jpg,480,360,1.3333333333333333,0.7578873038291931,0.7605237364768982,0.7145205736160278,0.7544910907745361,0.18110878765583038,0.14997172355651855,0.024319827556610107,0.0007965702097862959,0.00958625637755102,0.0022520727040816328,0.9729041457176208
internal,mango anthracnose,multiple leaf dataset/mango leaf/mango anthracnose/mango anthracnose (232).jpg,480,360,1.3333333333333333,0.7261009812355042,0.7341242432594299,0.7434017658233643,0.7327829599380493,0.15173262357711792,0.14741015434265137,-0.0006271004676818848,0.0004032016440760344,0.00025908801020408165,0.0,0.9170613884925842
internal,mango anthracnose,multiple leaf dataset/mango leaf/mango anthracnose/mango anthracnose (432).jpg,480,360,1.3333333333333333,0.6368085145950317,0.7224978804588318,0.7595580220222473,0.7011016607284546,0.14204642176628113,0.28758150339126587,0.024314582347869873,0.0004191207408439368,0.0025111607142857145,0.0006975446428571429,0.9708002209663391
internal,mango anthracnose,multiple leaf dataset/mango leaf/mango anthracnose/mango anthracnose (182).jpg,480,360,1.3333333333333333,0.5907763838768005,0.6560323238372803,0.6026425957679749,0.6304343938827515,0.2430325150489807,0.3328102231025696,0.05932283401489258,0.0008845217525959015,0.05307318239795918,0.00025908801020408165,0.858299195766449
internal,mango anthracnose,multiple leaf dataset/mango leaf/mango anthracnose/mango anthracnose (357).jpg,480,360,1.3333333333333333,0.4969159662723541,0.6160901188850403,0.6237788796424866,0.581333577632904,0.18172164261341095,0.3653060495853424,0.05574268102645874,0.0004906760877929628,0.023816167091836735,0.0010363520408163266,0.9356993436813354
internal,mango anthracnose,multiple leaf dataset/mango leaf/mango anthracnose/mango anthracnose (41).jpg,480,360,1.3333333333333333,0.754426896572113,0.7544904947280884,0.7475385069847107,0.7536789178848267,0.1663232147693634,0.14047977328300476,0.0035077929496765137,0.000906153058167547,0.004524075255102041,0.0005779655612244898,0.8897143006324768
internal,mango anthracnose,multiple leaf dataset/mango leaf/mango anthracnose/mango anthracnose (163).jpg,480,360,1.3333333333333333,0.7267680764198303,0.7486066222190857,0.7018241882324219,0.736743688583374,0.17800378799438477,0.173098623752594,0.03431051969528198,0.0007066919351927936,0.0004982461734693878,3.985969387755102e-05,0.9589909315109253
internal,mango anthracnose,multiple leaf dataset/mango leaf/mango anthracnose/mango anthracnose (54).jpg,480,360,1.3333333333333333,0.7326166033744812,0.7304583787918091,0.6914461255073547,0.7266562581062317,0.16176535189151764,0.13612109422683716,0.018427014350891113,0.0007847007946111262,0.0030891262755102043,0.00013950892857142856,0.8774760365486145
internal,mango anthracnose,multiple leaf dataset/mango leaf/mango anthracnose/mango anthracnose (438).jpg,480,360,1.3333333333333333,0.6362828016281128,0.6936416029930115,0.7279635071754456,0.6804040670394897,0.15466013550758362,0.25592246651649475,0.011518418788909912,0.00046822489821352065,0.01508689413265306,0.003128985969387755,0.9717385768890381
internal,mango anthracnose,multiple leaf dataset/mango leaf/mango anthracnose/mango anthracnose (208).jpg,480,360,1.3333333333333333,0.6798784136772156,0.726472020149231,0.7580423355102539,0.7161396741867065,0.11707985401153564,0.17137952148914337,0.007511615753173828,0.000584529188927263,0.0,0.0,0.9070389270782471
internal,mango anthracnose,multiple leaf dataset/mango leaf/mango anthracnose/mango anthracnose (18).jpg,480,360,1.3333333333333333,0.7066715955734253,0.6963033676147461,0.6613271832466125,0.6954162120819092,0.14601638913154602,0.12533923983573914,0.012303948402404785,0.0004927744739688933,0.002570950255102041,0.0006975446428571429,0.8723887205123901
internal,mango anthracnose,multiple leaf dataset/mango leaf/mango anthracnose/mango anthracnose (472).jpg,480,360,1.3333333333333333,0.6801176071166992,0.744775652885437,0.7841395139694214,0.7299303412437439,0.0794387012720108,0.21966898441314697,0.012647092342376709,0.0005290672415867448,0.001953125,0.0006776147959183673,0.9424728751182556
internal,mango anthracnose,multiple leaf dataset/mango leaf/mango anthracnose/mango anthracnose (91).jpg,480,360,1.3333333333333333,0.7756299376487732,0.7592538595199585,0.7005929946899414,0.7574629783630371,0.19089214503765106,0.1663476824760437,0.02114236354827881,0.0005569643690250814,0.007334183673469388,0.0001793686224489796,0.9471027255058289
internal,mango anthracnose,multiple leaf dataset/mango leaf/mango anthracnose/mango anthracnose (25).jpg,480,360,1.3333333333333333,0.7660499811172485,0.7647221684455872,0.7116403579711914,0.7590678334236145,0.17944276332855225,0.162020742893219,0.025876998901367188,0.0007969370926730335,0.01012436224489796,0.0022520727040816328,0.9311564564704895
internal,mango anthracnose,multiple leaf dataset/mango leaf/mango anthracnose/mango anthracnose (474).jpg,480,360,1.3333333333333333,0.5908706784248352,0.6263462901115417,0.6435734629631042,0.6177029609680176,0.15578334033489227,0.22917784750461578,0.009124219417572021,0.0008155475952662528,0.00665656887755102,0.0012356505102040817,0.7982940673828125
internal,mango anthracnose,multiple leaf dataset/mango leaf/mango anthracnose/mango anthracnose (52).jpg,480,360,1.3333333333333333,0.7524257302284241,0.7486096024513245,0.7055978775024414,0.744847297668457,0.18032187223434448,0.13391083478927612,0.01959782838821411,0.0006713210605084896,0.006915656887755102,0.0003985969387755102,0.9422247409820557
internal,mango anthracnose,multiple leaf dataset/mango leaf/mango anthracnose/mango anthracnose (248).jpg,480,360,1.3333333333333333,0.748975932598114,0.7423632740974426,0.7340860366821289,0.7433969378471375,0.12682287395000458,0.07724786549806595,0.0008322596549987793,0.0010878224857151508,0.005799585459183673,0.000817123724489796,0.9309385418891907
internal,mango anthracnose,multiple leaf dataset/mango leaf/mango anthracnose/mango anthracnose (116).jpg,480,360,1.3333333333333333,0.7071785926818848,0.7340579032897949,0.6919415593147278,0.7212197184562683,0.17122387886047363,0.1768542379140854,0.034497857093811035,0.0008994977688416839,0.0016940369897959183,0.00025908801020408165,0.9069038033485413
internal,mango anthracnose,multiple leaf dataset/mango leaf/mango anthracnose/mango anthracnose (417).jpg,480,360,1.3333333333333333,0.59641432762146,0.6535613536834717,0.6531994938850403,0.6364331841468811,0.15937991440296173,0.27908244729042053,0.028754472732543945,0.0003530843823682517,0.0034677933673469387,0.0009765625,0.8507351279258728
internal,mango anthracnose,multiple leaf dataset/mango leaf/mango anthracnose/mango anthracnose (310).jpg,480,360,1.3333333333333333,0.6570032238960266,0.6665154099464417,0.6578760147094727,0.6626864075660706,0.18067049980163574,0.17542068660259247,0.009075820446014404,0.0005524514126591384,0.023297991071428572,0.01128029336734694,0.9271605014801025
internal,mango anthracnose,multiple leaf dataset/mango leaf/mango anthracnose/mango anthracnose (97).jpg,480,360,1.3333333333333333,0.676480770111084,0.6705470681190491,0.6293432116508484,0.6676239967346191,0.19069382548332214,0.1769745945930481,0.017635047435760498,0.00064467778429389,0.005161830357142857,0.0,0.8502344489097595
internal,mango anthracnose,multiple leaf dataset/mango leaf/mango anthracnose/mango anthracnose (200).jpg,480,360,1.3333333333333333,0.7019488215446472,0.7360148429870605,0.7541284561157227,0.7278940677642822,0.1303253471851349,0.15095894038677216,0.007976174354553223,0.0005638525472022593,0.00029894770408163266,0.0,0.9409960508346558
internal,mango anthracnose,multiple leaf dataset/mango leaf/mango anthracnose/mango anthracnose (307).jpg,480,360,1.3333333333333333,0.6641328930854797,0.6813758015632629,0.6300898194313049,0.6703735589981079,0.17274414002895355,0.2305399775505066,0.034264445304870605,0.0006700882222503424,0.0037468112244897957,0.0001793686224489796,0.9350079298019409
internal,mango anthracnose,multiple leaf dataset/mango leaf/mango anthracnose/mango anthracnose (133).jpg,480,360,1.3333333333333333,0.7030726671218872,0.7174290418624878,0.6704889535903931,0.7077853083610535,0.1304118037223816,0.1549185961484909,0.030648231506347656,0.0006130841211415827,0.0028300382653061226,0.00011957908163265306,0.9610904455184937
internal,mango anthracnose,multiple leaf dataset/mango leaf/mango anthracnose/mango anthracnose (302).jpg,480,360,1.3333333333333333,0.7145424485206604,0.71943199634552,0.7262352705001831,0.7187455892562866,0.09836550056934357,0.07303428649902344,-0.0009568929672241211,0.000585857022088021,0.001016422193877551,0.0,0.8966602087020874
internal,mango anthracnose,multiple leaf dataset/mango leaf/mango anthracnose/mango anthracnose (88).jpg,480,360,1.3333333333333333,0.7427030205726624,0.7332140207290649,0.7025794386863708,0.7325589060783386,0.18898561596870422,0.16971373558044434,0.01057279109954834,0.0006022808374837041,0.0017338966836734694,0.0,0.9648706912994385
internal,mango anthracnose,multiple leaf dataset/mango leaf/mango anthracnose/mango anthracnose (431).jpg,480,360,1.3333333333333333,0.5823502540588379,0.6758280992507935,0.7330313920974731,0.6543993949890137,0.1013287752866745,0.3044602572917938,0.01813727617263794,0.0002521587593946606,0.0020926339285714285,0.0001992984693877551,0.9179108142852783
internal,mango anthracnose,multiple leaf dataset/mango leaf/mango anthracnose/mango anthracnose (480).jpg,480,360,1.3333333333333333,0.6628959774971008,0.6948361396789551,0.7056564092636108,0.6865195631980896,0.12819872796535492,0.17308266460895538,0.010559916496276855,0.0008477484225295484,0.0,0.0,0.8955177664756775
internal,mango anthracnose,multiple leaf dataset/mango leaf/mango anthracnose/mango anthracnose (87).jpg,480,360,1.3333333333333333,0.7899264097213745,0.7710767388343811,0.7295611500740051,0.7719799876213074,0.1934596747159958,0.15431368350982666,0.011332929134368896,0.00048231493565253913,0.0008769132653061224,0.0,0.9691897034645081
internal,mango anthracnose,multiple leaf dataset/mango leaf/mango anthracnose/mango anthracnose (286).jpg,480,360,1.3333333333333333,0.7266524434089661,0.7308825850486755,0.7367284297943115,0.7302840948104858,0.11334164440631866,0.07855881750583649,-0.0008078217506408691,0.0010707746259868145,0.01323341836734694,0.0010562818877551021,0.919245183467865
internal,mango anthracnose,multiple leaf dataset/mango leaf/mango anthracnose/mango anthracnose (23).jpg,480,360,1.3333333333333333,0.7288704514503479,0.7334513664245605,0.7173754572868347,0.7302490472793579,0.1479775309562683,0.10587028414011002,0.010328412055969238,0.0005550505011342466,0.0017737563775510204,0.0,0.8688325881958008
internal,mango anthracnose,multiple leaf dataset/mango leaf/mango anthracnose/mango anthracnose (131).jpg,480,360,1.3333333333333333,0.7183088064193726,0.7328780293464661,0.6813637018203735,0.7226492166519165,0.12401264905929565,0.16055487096309662,0.03304177522659302,0.0007426916272379458,0.002590880102040816,0.00011957908163265306,0.9476531744003296
internal,mango anthracnose,multiple leaf dataset/mango leaf/mango anthracnose/mango anthracnose (290).jpg,480,360,1.3333333333333333,0.7208501100540161,0.7270775437355042,0.7374211549758911,0.7263947129249573,0.11158262193202972,0.06706330925226212,-0.002058088779449463,0.0007065727259032428,0.015027104591836735,0.003627232142857143,0.9212915301322937
internal,mango anthracnose,multiple leaf dataset/mango leaf/mango anthracnose/mango anthracnose (288).jpg,480,360,1.3333333333333333,0.7066718339920044,0.7128730416297913,0.7250603437423706,0.7124082446098328,0.10433950275182724,0.06393302977085114,-0.0029930472373962402,0.0008409536094404757,0.012575733418367346,0.0024115114795918366,0.91410231590271
internal,mango anthracnose,multiple leaf dataset/mango leaf/mango anthracnose/mango anthracnose (309).jpg,480,360,1.3333333333333333,0.6353248357772827,0.6471153497695923,0.6176517009735107,0.6402311325073242,0.20271939039230347,0.21107259392738342,0.020627081394195557,0.0005160340224392712,0.03599330357142857,0.015405771683673469,0.9269638061523438
internal,mango anthracnose,multiple leaf dataset/mango leaf/mango anthracnose/mango anthracnose (455).jpg,480,360,1.3333333333333333,0.5115743279457092,0.5873236656188965,0.6104556322097778,0.5673116445541382,0.21310068666934967,0.33580949902534485,0.026308655738830566,0.0008403196115978062,0.16206951530612246,0.02955596301020408,0.8114417791366577
internal,mango anthracnose,multiple leaf dataset/mango leaf/mango anthracnose/mango anthracnose (447).jpg,480,360,1.3333333333333333,0.6372388601303101,0.6780773997306824,0.7062281966209412,0.6690759658813477,0.12264323979616165,0.2068466693162918,0.00634390115737915,0.0003645583929028362,0.0007174744897959184,0.0,0.8369072675704956
internal,mango anthracnose,multiple leaf dataset/mango leaf/mango anthracnose/mango anthracnose (92).jpg,480,360,1.3333333333333333,0.7299883365631104,0.7139642834663391,0.6689814329147339,0.7136273980140686,0.17675606906414032,0.16101180016994476,0.014479398727416992,0.0005416244966909289,0.00825095663265306,0.00011957908163265306,0.9256432056427002
internal,mango anthracnose,multiple leaf dataset/mango leaf/mango anthracnose/mango anthracnose (241).jpg,480,360,1.3333333333333333,0.7391929626464844,0.7417420148849487,0.7284406423568726,0.7394635677337646,0.13824303448200226,0.10995468497276306,0.007925212383270264,0.0006011591176502407,0.0003786670918367347,0.0,0.9283334612846375
internal,mango anthracnose,multiple leaf dataset/mango leaf/mango anthracnose/mango anthracnose (68).jpg,480,360,1.3333333333333333,0.7297011613845825,0.7271655201911926,0.7335169911384583,0.7286478281021118,0.12365439534187317,0.06686528027057648,-0.0044435858726501465,0.00042935708188451827,0.00918765943877551,0.0002192283163265306,0.9014273285865784
internal,mango anthracnose,multiple leaf dataset/mango leaf/mango anthracnose/mango anthracnose (334).jpg,480,360,1.3333333333333333,0.706046998500824,0.7162158489227295,0.7009618878364563,0.7114364504814148,0.17278394103050232,0.19597676396369934,0.012711405754089355,0.0008673466509208083,0.01572464923469388,0.003567442602040816,0.950663685798645
internal,mango anthracnose,multiple leaf dataset/mango leaf/mango anthracnose/mango anthracnose (146).jpg,480,360,1.3333333333333333,0.7698484063148499,0.7683941721916199,0.7386559247970581,0.7654388546943665,0.1526940017938614,0.10671985149383545,0.014141976833343506,0.000800446723587811,0.0054807079081632655,0.0007772640306122449,0.9412631988525391
internal,mango anthracnose,multiple leaf dataset/mango leaf/mango anthracnose/mango anthracnose (465).jpg,480,360,1.3333333333333333,0.6039026379585266,0.6515660285949707,0.6758548021316528,0.6400836110115051,0.128664031624794,0.2668136954307556,0.011687278747558594,0.00044309470104053617,0.0020527742346938774,0.0,0.8691198825836182
internal,mango anthracnose,multiple leaf dataset/mango leaf/mango anthracnose/mango anthracnose (24).jpg,480,360,1.3333333333333333,0.7262763381004333,0.7222335338592529,0.7268786430358887,0.7239719033241272,0.11854393035173416,0.06207522004842758,-0.004343986511230469,0.0004685378517024219,0.00253109056122449,0.0,0.947754442691803
internal,mango anthracnose,multiple leaf dataset/mango leaf/mango anthracnose/mango anthracnose (332).jpg,480,360,1.3333333333333333,0.6895526051521301,0.7020493149757385,0.6979921460151672,0.6978503465652466,0.17253150045871735,0.1963518261909485,0.008276939392089844,0.000753550324589014,0.01650191326530612,0.004643654336734694,0.9526745676994324
internal,mango anthracnose,multiple leaf dataset/mango leaf/mango anthracnose/mango anthracnose (42).jpg,480,360,1.3333333333333333,0.7234184145927429,0.7228016257286072,0.7153390645980835,0.7221353650093079,0.15290437638759613,0.12696318328380585,0.0034229159355163574,0.0007389957900159061,0.004424426020408163,0.0007573341836734694,0.9373044967651367
internal,mango anthracnose,multiple leaf dataset/mango leaf/mango anthracnose/mango anthracnose (305).jpg,480,360,1.3333333333333333,0.7455251216888428,0.7479503154754639,0.751854658126831,0.7476702928543091,0.10660925507545471,0.0778813362121582,-0.0007395744323730469,0.0005466581205837429,0.0016741071428571428,0.0,0.9041286706924438
internal,mango anthracnose,multiple leaf dataset/mango leaf/mango anthracnose/mango anthracnose (185).jpg,480,360,1.3333333333333333,0.7518025636672974,0.7567849159240723,0.7254133224487305,0.7517188787460327,0.18518055975437164,0.1352475881576538,0.01817697286605835,0.0005191935924813151,0.003547512755102041,1.992984693877551e-05,0.8214498162269592
internal,mango anthracnose,multiple leaf dataset/mango leaf/mango anthracnose/mango anthracnose (181).jpg,480,360,1.3333333333333333,0.7658796310424805,0.7598764300346375,0.7395032644271851,0.7593488097190857,0.14480285346508026,0.11658886820077896,0.0071849822998046875,0.0011435754131525755,0.0036471619897959183,0.0005779655612244898,0.9453132748603821
internal,mango anthracnose,multiple leaf dataset/mango leaf/mango anthracnose/mango anthracnose (423).jpg,480,360,1.3333333333333333,0.5820963978767395,0.6496204137802124,0.5355697870254517,0.6164289712905884,0.21338821947574615,0.39081498980522156,0.09078729152679443,0.0007455238373950124,0.0067362882653061226,0.00013950892857142856,0.7142629027366638
internal,mango anthracnose,multiple leaf dataset/mango leaf/mango anthracnose/mango anthracnose (45).jpg,480,360,1.3333333333333333,0.7650268077850342,0.7556968331336975,0.7377433180809021,0.7564398050308228,0.16976943612098694,0.13924622535705566,0.004311740398406982,0.0010404130443930626,0.005879304846938775,0.0012555803571428572,0.8755595088005066
internal,mango anthracnose,multiple leaf dataset/mango leaf/mango anthracnose/mango anthracnose (369).jpg,480,360,1.3333333333333333,0.6750645637512207,0.7110450267791748,0.6445320844650269,0.692704439163208,0.16243530809879303,0.27591779828071594,0.051246702671051025,0.0007369621307589114,0.007613201530612245,0.0003587372448979592,0.8228181600570679
internal,mango anthracnose,multiple leaf dataset/mango leaf/mango anthracnose/mango anthracnose (381).jpg,480,360,1.3333333333333333,0.5847978591918945,0.645241379737854,0.6363368034362793,0.6261536478996277,0.17632077634334564,0.30062082409858704,0.03467404842376709,0.0006690415320917964,0.012755102040816327,0.005839445153061225,0.8123746514320374
internal,mango anthracnose,multiple leaf dataset/mango leaf/mango anthracnose/mango anthracnose (406).jpg,480,360,1.3333333333333333,0.7015166878700256,0.7268955707550049,0.7127589583396912,0.7176957130432129,0.17092935740947723,0.2255336195230484,0.019757747650146484,0.0015635351883247495,0.01815609056122449,0.004165338010204082,0.9309499859809875
internal,mango anthracnose,multiple leaf dataset/mango leaf/mango anthracnose/mango anthracnose (139).jpg,480,360,1.3333333333333333,0.7224801778793335,0.7435216903686523,0.7027400135993958,0.7325811386108398,0.15224510431289673,0.16180236637592316,0.030911564826965332,0.0006807397003285587,0.0001793686224489796,0.0,0.8762192726135254
internal,mango anthracnose,multiple leaf dataset/mango leaf/mango anthracnose/mango anthracnose (413).jpg,480,360,1.3333333333333333,0.6691988706588745,0.6808842420578003,0.6494558453559875,0.6738074421882629,0.17589518427848816,0.2210579663515091,0.021556854248046875,0.0005865755374543369,0.015505420918367346,0.004264987244897959,0.9565449953079224
internal,mango anthracnose,multiple leaf dataset/mango leaf/mango anthracnose/mango anthracnose (285).jpg,480,360,1.3333333333333333,0.7071717977523804,0.7155497074127197,0.7226638197898865,0.7138557434082031,0.10575765371322632,0.07509533315896988,0.0006319284439086914,0.0008584808674640954,0.00922751913265306,0.0009566326530612245,0.9304459095001221
internal,mango anthracnose,multiple leaf dataset/mango leaf/mango anthracnose/mango anthracnose (95).jpg,480,360,1.3333333333333333,0.7425097227096558,0.7390901446342468,0.701409101486206,0.7358169555664062,0.16419236361980438,0.13996990025043488,0.017130732536315918,0.0005878173396922648,0.005042251275510204,3.985969387755102e-05,0.9107479453086853
internal,mango anthracnose,multiple leaf dataset/mango leaf/mango anthracnose/mango anthracnose (422).jpg,480,360,1.3333333333333333,0.6066073179244995,0.6633411049842834,0.5403703451156616,0.6323590278625488,0.2501314580440521,0.39693841338157654,0.08985227346420288,0.0012759680394083261,0.0017737563775510204,0.0,0.6830206513404846
internal,mango anthracnose,multiple leaf dataset/mango leaf/mango anthracnose/mango anthracnose (28).jpg,480,360,1.3333333333333333,0.7802249193191528,0.7817150950431824,0.7351583242416382,0.7759620547294617,0.16737842559814453,0.14389662444591522,0.024023473262786865,0.0009753531776368618,0.002969547193877551,0.0,0.8628941178321838
internal,mango anthracnose,multiple leaf dataset/mango leaf/mango anthracnose/mango anthracnose (339).jpg,480,360,1.3333333333333333,0.6730329394340515,0.6801388263702393,0.6751514077186584,0.677445650100708,0.19287919998168945,0.20396794378757477,0.006046652793884277,0.0007243591826409101,0.034299266581632654,0.002969547193877551,0.8538433313369751
internal,mango anthracnose,multiple leaf dataset/mango leaf/mango anthracnose/mango anthracnose (149).jpg,480,360,1.3333333333333333,0.7135226130485535,0.7080150246620178,0.6438321471214294,0.7023449540138245,0.15943244099617004,0.17534108459949493,0.029337644577026367,0.00041904376121237874,0.00027901785714285713,0.0,0.8534737229347229
internal,mango anthracnose,multiple leaf dataset/mango leaf/mango anthracnose/mango anthracnose (176).jpg,480,360,1.3333333333333333,0.7589908242225647,0.7493311762809753,0.7153839468955994,0.7483494281768799,0.14679348468780518,0.12864215672016144,0.01214379072189331,0.0011824292596429586,0.0038066007653061226,0.0014748086734693877,0.9013002514839172
internal,mango anthracnose,multiple leaf dataset/mango leaf/mango anthracnose/mango anthracnose (169).jpg,480,360,1.3333333333333333,0.6645123362541199,0.6990573406219482,0.6528889536857605,0.6834651231765747,0.15602146089076996,0.20434647798538208,0.04035669565200806,0.000857332837767899,0.0005381058673469387,0.0,0.9465128183364868
internal,mango anthracnose,multiple leaf dataset/mango leaf/mango anthracnose/mango anthracnose (127).jpg,480,360,1.3333333333333333,0.7521367073059082,0.7562839984893799,0.7252197861671448,0.7515026926994324,0.1461704522371292,0.12055083364248276,0.01760578155517578,0.0007861785124987364,0.0019730548469387753,3.985969387755102e-05,0.9547805190086365
internal,mango anthracnose,multiple leaf dataset/mango leaf/mango anthracnose/mango anthracnose (186).jpg,480,360,1.3333333333333333,0.7516283392906189,0.7475895881652832,0.6930558085441589,0.7425803542137146,0.18081586062908173,0.15877076983451843,0.025247514247894287,0.0007621092954650521,0.008031728316326531,0.001016422193877551,0.8000510334968567
internal,mango anthracnose,multiple leaf dataset/mango leaf/mango anthracnose/mango anthracnose (128).jpg,480,360,1.3333333333333333,0.6589365005493164,0.6846415400505066,0.6421552896499634,0.6721122860908508,0.18032558262348175,0.2049587070941925,0.0340956449508667,0.000841756584122777,0.010941485969387755,0.0011160714285714285,0.8963788151741028
internal,mango anthracnose,multiple leaf dataset/mango leaf/mango anthracnose/mango anthracnose (281).jpg,480,360,1.3333333333333333,0.7129895687103271,0.7202173471450806,0.7239588499069214,0.7184827327728271,0.09794464707374573,0.06107257679104805,0.0017431378364562988,0.0004929866991005838,0.0012755102040816326,9.964923469387755e-05,0.9204378128051758
internal,mango anthracnose,multiple leaf dataset/mango leaf/mango anthracnose/mango anthracnose (251).jpg,480,360,1.3333333333333333,0.7458850145339966,0.7399876117706299,0.742183268070221,0.7420012950897217,0.12840382754802704,0.07830299437046051,-0.0040465593338012695,0.0008945619338192046,0.009267378826530613,0.0011160714285714285,0.949888288974762
internal,mango anthracnose,multiple leaf dataset/mango leaf/mango anthracnose/mango anthracnose (40).jpg,480,360,1.3333333333333333,0.7401988506317139,0.7276021242141724,0.7076128721237183,0.7290898561477661,0.18099284172058105,0.15331415832042694,0.003696262836456299,0.0009717279463075101,0.003547512755102041,0.0001992984693877551,0.9011020660400391
internal,mango anthracnose,multiple leaf dataset/mango leaf/mango anthracnose/mango anthracnose (467).jpg,480,360,1.3333333333333333,0.6086329817771912,0.6763227581977844,0.7524401545524597,0.6647608876228333,0.10540615022182465,0.24894589185714722,-0.004213809967041016,0.0005637967260554433,0.002232142857142857,1.992984693877551e-05,0.8880878686904907
internal,mango anthracnose,multiple leaf dataset/mango leaf/mango anthracnose/mango anthracnose (76).jpg,480,360,1.3333333333333333,0.769829273223877,0.7489168643951416,0.7083064317703247,0.7505401372909546,0.19838763773441315,0.16612383723258972,0.009849011898040771,0.0006985388463363051,0.0007573341836734694,0.0,0.9078187942504883
internal,mango anthracnose,multiple leaf dataset/mango leaf/mango anthracnose/mango anthracnose (58).jpg,480,360,1.3333333333333333,0.7832479476928711,0.761201024055481,0.7318253517150879,0.7644441723823547,0.24958156049251556,0.19444528222084045,0.003664374351501465,0.0014455951750278473,0.045001594387755105,0.00015943877551020407,0.9469874501228333
internal,mango anthracnose,multiple leaf dataset/mango leaf/mango anthracnose/mango anthracnose (314).jpg,480,360,1.3333333333333333,0.654499351978302,0.6489952802658081,0.668114423751831,0.6528205871582031,0.20295700430870056,0.18645603954792023,-0.012311577796936035,0.0010271243518218398,0.05155851403061224,0.004603794642857143,0.8568723201751709
internal,mango anthracnose,multiple leaf dataset/mango leaf/mango anthracnose/mango anthracnose (225).jpg,480,360,1.3333333333333333,0.6512601971626282,0.7220128774642944,0.7712371349334717,0.7064694762229919,0.17011907696723938,0.2566103935241699,0.010764241218566895,0.0007040706113912165,0.0003587372448979592,0.0,0.9461104869842529
internal,mango anthracnose,multiple leaf dataset/mango leaf/mango anthracnose/mango anthracnose (359).jpg,480,360,1.3333333333333333,0.6301970481872559,0.6646870374679565,0.6263239979743958,0.6500011086463928,0.20086857676506042,0.31034135818481445,0.036426544189453125,0.0008229807717725635,0.00723453443877551,0.00013950892857142856,0.9219699501991272
internal,mango anthracnose,multiple leaf dataset/mango leaf/mango anthracnose/mango anthracnose (235).jpg,480,360,1.3333333333333333,0.7250557541847229,0.7335259318351746,0.733488142490387,0.7309890985488892,0.16240140795707703,0.1314546763896942,0.004253983497619629,0.00043493625707924366,0.0003786670918367347,0.0,0.9015487432479858
internal,mango anthracnose,multiple leaf dataset/mango leaf/mango anthracnose/mango anthracnose (470).jpg,480,360,1.3333333333333333,0.6625567674636841,0.6980037093162537,0.7101110219955444,0.6887853145599365,0.11163999885320663,0.26111331582069397,0.011669814586639404,0.0003957761509809643,0.0,0.0,0.9456954598426819
internal,mango anthracnose,multiple leaf dataset/mango leaf/mango anthracnose/mango anthracnose (461).jpg,480,360,1.3333333333333333,0.5903613567352295,0.6556316018104553,0.5969368815422058,0.6294246315956116,0.22116926312446594,0.31904900074005127,0.06198245286941528,0.0009194615995511413,0.001295440051020408,0.0,0.7512548565864563
internal,mango anthracnose,multiple leaf dataset/mango leaf/mango anthracnose/mango anthracnose (440).jpg,480,360,1.3333333333333333,0.5855634212493896,0.6702079176902771,0.747117280960083,0.6536669135093689,0.13372980058193207,0.27436089515686035,0.0038675665855407715,0.0004772078827954829,0.017299107142857144,0.004444355867346939,0.9140099883079529
internal,mango anthracnose,multiple leaf dataset/mango leaf/mango anthracnose/mango anthracnose (70).jpg,480,360,1.3333333333333333,0.7497518658638,0.744303822517395,0.744515061378479,0.7459568381309509,0.13275140523910522,0.07227692008018494,-0.0028296709060668945,0.00034953755675815046,0.006218112244897959,0.0004384566326530612,0.9364833831787109
internal,mango anthracnose,multiple leaf dataset/mango leaf/mango anthracnose/mango anthracnose (1).jpg,480,360,1.3333333333333333,0.7512392401695251,0.7516549825668335,0.7223542928695679,0.7481903433799744,0.13300666213035583,0.10052642226219177,0.014858245849609375,0.00044676163815893233,0.0003587372448979592,0.0,0.9189885854721069
internal,mango anthracnose,multiple leaf dataset/mango leaf/mango anthracnose/mango anthracnose (373).jpg,480,360,1.3333333333333333,0.6351743340492249,0.6692891120910645,0.6515110731124878,0.6570620536804199,0.2087249457836151,0.26565802097320557,0.025946378707885742,0.0007554789772257209,0.0330436862244898,0.0002192283163265306,0.8387100100517273
internal,mango anthracnose,multiple leaf dataset/mango leaf/mango anthracnose/mango anthracnose (333).jpg,480,360,1.3333333333333333,0.7137463688850403,0.7257242202758789,0.7116516828536987,0.7205385565757751,0.17267760634422302,0.19340631365776062,0.013025164604187012,0.000848916417453438,0.015027104591836735,0.003168845663265306,0.9513530731201172
internal,mango anthracnose,multiple leaf dataset/mango leaf/mango anthracnose/mango anthracnose (298).jpg,480,360,1.3333333333333333,0.7440571188926697,0.7509508728981018,0.7524082660675049,0.749055802822113,0.09871172159910202,0.06971488147974014,0.0027181506156921387,0.0004879758635070175,0.0012555803571428572,0.0,0.9025605320930481
internal,mango anthracnose,multiple leaf dataset/mango leaf/mango anthracnose/mango anthracnose (140).jpg,480,360,1.3333333333333333,0.7319191098213196,0.7456573843955994,0.713225245475769,0.7378523945808411,0.1499968022108078,0.12935711443424225,0.023085176944732666,0.0005799385835416615,0.0014548788265306123,0.00029894770408163266,0.8104395866394043
internal,mango anthracnose,multiple leaf dataset/mango leaf/mango anthracnose/mango anthracnose (292).jpg,480,360,1.3333333333333333,0.7191118597984314,0.7265722155570984,0.7375516295433044,0.7255931496620178,0.09554044902324677,0.06658978015184402,-0.0017595291137695312,0.0007521527586504817,0.01092155612244898,0.003547512755102041,0.9258822798728943
internal,mango anthracnose,multiple leaf dataset/mango leaf/mango anthracnose/mango anthracnose (217).jpg,480,360,1.3333333333333333,0.7139160633087158,0.7197979688644409,0.7202629446983337,0.7180923223495483,0.1578882932662964,0.14830173552036285,0.00270843505859375,0.0006076646968722343,0.0005381058673469387,0.0,0.880047619342804
internal,mango die back,multiple leaf dataset/mango leaf/mango die back/mango die back (453).jpg,480,360,1.3333333333333333,0.6034111976623535,0.6479355692863464,0.7323287725448608,0.6442436575889587,0.1437792330980301,0.20354104042053223,-0.019934415817260742,0.0003958551096729934,0.013831313775510204,0.0,0.9515426754951477
internal,mango die back,multiple leaf dataset/mango leaf/mango die back/mango die back (88).jpg,480,360,1.3333333333333333,0.5643056631088257,0.5538486838340759,0.49712079763412476,0.5505083203315735,0.22595149278640747,0.1688283383846283,0.023135483264923096,0.001454330631531775,0.11828364158163265,0.04358657525510204,0.8644633293151855
internal,mango die back,multiple leaf dataset/mango leaf/mango die back/mango die back (363).jpg,480,360,1.3333333333333333,0.5729591250419617,0.6644956469535828,0.7868896722793579,0.6510791778564453,0.13613803684711456,0.2713389992713928,-0.015428721904754639,0.00020952739578206092,0.03180803571428571,0.0,0.9007478356361389
internal,mango die back,multiple leaf dataset/mango leaf/mango die back/mango die back (311).jpg,480,360,1.3333333333333333,0.5846967697143555,0.6917449235916138,0.8176540732383728,0.6740911602973938,0.12332000583410263,0.2897217273712158,-0.009430527687072754,0.0002353815798414871,0.011778539540816327,0.0,0.9017062783241272
internal,mango die back,multiple leaf dataset/mango leaf/mango die back/mango die back (184).jpg,480,360,1.3333333333333333,0.6849179863929749,0.6933477520942688,0.7690027952194214,0.6994519829750061,0.13958992063999176,0.12580832839012146,-0.03361266851425171,0.0002868371084332466,0.0012356505102040817,0.0,0.9561903476715088
internal,mango die back,multiple leaf dataset/mango leaf/mango die back/mango die back (282).jpg,480,360,1.3333333333333333,0.6195507645606995,0.6891088485717773,0.7967755198478699,0.6805851459503174,0.1424424797296524,0.22240899503231049,-0.019054293632507324,0.000236852269154042,0.012715242346938776,0.0,0.8908262848854065
internal,mango die back,multiple leaf dataset/mango leaf/mango die back/mango die back (91).jpg,480,360,1.3333333333333333,0.7042236924171448,0.7136378288269043,0.7821524739265442,0.7186337113380432,0.1173979863524437,0.11041969060897827,-0.029550254344940186,0.00024144092458300292,9.964923469387755e-05,0.0,0.932183027267456
internal,mango die back,multiple leaf dataset/mango leaf/mango die back/mango die back (6).jpg,480,360,1.3333333333333333,0.6500052809715271,0.6580024361610413,0.6373286247253418,0.6532544493675232,0.13950057327747345,0.059351637959480286,0.014335453510284424,0.0006629177951253951,0.0577766262755102,0.005121970663265306,0.9461372494697571
internal,mango die back,multiple leaf dataset/mango leaf/mango die back/mango die back (189).jpg,480,360,1.3333333333333333,0.7037549018859863,0.7112822532653809,0.7824216485023499,0.7171414494514465,0.1244419664144516,0.11954796314239502,-0.031805992126464844,0.00022668395831715316,1.992984693877551e-05,0.0,0.9523460865020752
internal,mango die back,multiple leaf dataset/mango leaf/mango die back/mango die back (180).jpg,480,360,1.3333333333333333,0.6920558214187622,0.7003507018089294,0.7728679180145264,0.7061375379562378,0.14632749557495117,0.11949476599693298,-0.032111167907714844,0.00026371260173618793,0.01500717474489796,0.0,0.8635669946670532
internal,mango die back,multiple leaf dataset/mango leaf/mango die back/mango die back (305).jpg,480,360,1.3333333333333333,0.6200826168060303,0.6940249800682068,0.8030683398246765,0.6843472123146057,0.14378958940505981,0.22991281747817993,-0.017550528049468994,0.0002451393229421228,0.012934470663265306,0.0,0.854603111743927
internal,mango die back,multiple leaf dataset/mango leaf/mango die back/mango die back (247).jpg,480,360,1.3333333333333333,0.6573330760002136,0.699648380279541,0.7939435839653015,0.6977457404136658,0.11627724021673203,0.1865236759185791,-0.025989949703216553,0.00019967087428085506,0.0,0.0,0.8840965032577515
internal,mango die back,multiple leaf dataset/mango leaf/mango die back/mango die back (148).jpg,480,360,1.3333333333333333,0.7337841987609863,0.7322912216186523,0.7759620547294617,0.7377161383628845,0.16259454190731049,0.08784504234790802,-0.022581934928894043,0.0003884189936798066,0.0,0.0,0.8385587334632874
internal,mango die back,multiple leaf dataset/mango leaf/mango die back/mango die back (275).jpg,480,360,1.3333333333333333,0.6835576295852661,0.7038988471031189,0.7858357429504395,0.7071576118469238,0.13798730075359344,0.13614380359649658,-0.030797839164733887,0.0002740056661423296,0.008808992346938776,0.0,0.9344868659973145
internal,mango die back,multiple leaf dataset/mango leaf/mango die back/mango die back (406).jpg,480,360,1.3333333333333333,0.5613171458244324,0.6732757091522217,0.8015329837799072,0.6544214487075806,0.1219952255487442,0.29987579584121704,-0.008149385452270508,0.00025604458642192185,0.006377551020408163,0.0,0.8702681660652161
internal,mango die back,multiple leaf dataset/mango leaf/mango die back/mango die back (310).jpg,480,360,1.3333333333333333,0.609867513179779,0.7054848074913025,0.8231757283210754,0.6903119683265686,0.13184933364391327,0.26373356580734253,-0.011036813259124756,0.0002187599748140201,0.020707110969387755,0.0,0.9380661845207214
internal,mango die back,multiple leaf dataset/mango leaf/mango die back/mango die back (288).jpg,480,360,1.3333333333333333,0.6018185019493103,0.6813510060310364,0.7947707176208496,0.670500636100769,0.13875028491020203,0.2453814148902893,-0.016943633556365967,0.00024626459344290197,0.019371811224489797,0.0,0.828811764717102
internal,mango die back,multiple leaf dataset/mango leaf/mango die back/mango die back (63).jpg,480,360,1.3333333333333333,0.5551226735115051,0.5440828204154968,0.48831892013549805,0.5410266518592834,0.23093724250793457,0.16830024123191833,0.022362053394317627,0.0009174086735583842,0.12938456632653061,0.03637197066326531,0.7189217209815979
internal,mango die back,multiple leaf dataset/mango leaf/mango die back/mango die back (136).jpg,480,360,1.3333333333333333,0.6913419961929321,0.6989109516143799,0.7710649967193604,0.7048733830451965,0.14147494733333588,0.11666243523359299,-0.03229254484176636,0.00030969956424087286,0.006098533163265306,0.0,0.9560267329216003
internal,mango die back,multiple leaf dataset/mango leaf/mango die back/mango die back (112).jpg,480,360,1.3333333333333333,0.7475966811180115,0.7454179525375366,0.8001985549926758,0.7523143291473389,0.16553278267383575,0.09442344307899475,-0.028479695320129395,0.00037607509875670075,0.00045838647959183676,0.0,0.8936059474945068
internal,mango die back,multiple leaf dataset/mango leaf/mango die back/mango die back (443).jpg,480,360,1.3333333333333333,0.6049804091453552,0.6840006709098816,0.7992818355560303,0.6735157370567322,0.12199965119361877,0.24404552578926086,-0.018130481243133545,0.0002838351356331259,0.007653061224489796,0.0,0.9346452951431274
internal,mango die back,multiple leaf dataset/mango leaf/mango die back/mango die back (436).jpg,480,360,1.3333333333333333,0.5805091857910156,0.6918057203292847,0.8198217153549194,0.6731219291687012,0.11379106342792511,0.2925519645214081,-0.008359730243682861,0.00027787170256488025,0.007792570153061225,0.0,0.911927342414856
internal,mango die back,multiple leaf dataset/mango leaf/mango die back/mango die back (478).jpg,480,360,1.3333333333333333,0.6542403697967529,0.7148253917694092,0.7881133556365967,0.7050651907920837,0.14152291417121887,0.19013771414756775,-0.006351470947265625,0.00040432834066450596,0.011160714285714286,0.0,0.9006487131118774
internal,mango die back,multiple leaf dataset/mango leaf/mango die back/mango die back (442).jpg,480,360,1.3333333333333333,0.5771709084510803,0.6812107563018799,0.8089846968650818,0.6646690964698792,0.11513291299343109,0.28920185565948486,-0.011867046356201172,0.0004454735608305782,0.006855867346938775,0.0,0.9022514820098877
internal,mango die back,multiple leaf dataset/mango leaf/mango die back/mango die back (372).jpg,480,360,1.3333333333333333,0.5995562076568604,0.6920180320739746,0.8101643919944763,0.6778407096862793,0.12780475616455078,0.26109349727630615,-0.012842297554016113,0.0002200124872615561,0.017558195153061226,0.0,0.9587245583534241
internal,mango die back,multiple leaf dataset/mango leaf/mango die back/mango die back (498).jpg,480,360,1.3333333333333333,0.5856131911277771,0.5885615348815918,0.5849143862724304,0.5872641801834106,0.21915799379348755,0.08010514080524445,0.003297746181488037,0.0013460642658174038,0.09333147321428571,0.01508689413265306,0.8510880470275879
internal,mango die back,multiple leaf dataset/mango leaf/mango die back/mango die back (403).jpg,480,360,1.3333333333333333,0.5608723759651184,0.6777133345603943,0.8088782429695129,0.6577306985855103,0.12940005958080292,0.309662401676178,-0.007161974906921387,0.00023701213649474084,0.02596859056122449,0.0011160714285714285,0.9352954626083374
internal,mango die back,multiple leaf dataset/mango leaf/mango die back/mango die back (156).jpg,480,360,1.3333333333333333,0.6974186897277832,0.7075406908988953,0.7746192216873169,0.7121611833572388,0.16123974323272705,0.12048620730638504,-0.028478264808654785,0.00039394141640514135,0.012775031887755101,0.0,0.9339804649353027
internal,mango die back,multiple leaf dataset/mango leaf/mango die back/mango die back (149).jpg,480,360,1.3333333333333333,0.7035930156707764,0.7113540172576904,0.7771827578544617,0.7165379524230957,0.14355263113975525,0.10637306421995163,-0.029033899307250977,0.0002574446552898735,0.011937978316326531,0.0,0.9445666670799255
internal,mango die back,multiple leaf dataset/mango leaf/mango die back/mango die back (42).jpg,480,360,1.3333333333333333,0.5949838757514954,0.5951720476150513,0.5766845345497131,0.5930082201957703,0.16706621646881104,0.08587773144245148,0.009337842464447021,0.0005762304645031691,0.12360491071428571,0.02268016581632653,0.85149747133255
internal,mango die back,multiple leaf dataset/mango leaf/mango die back/mango die back (460).jpg,480,360,1.3333333333333333,0.5284566283226013,0.6693862676620483,0.8078966736793518,0.6430385112762451,0.11633550375699997,0.3420964777469635,0.0012096166610717773,0.000289889401756227,0.002152423469387755,0.0,0.8764222264289856
internal,mango die back,multiple leaf dataset/mango leaf/mango die back/mango die back (45).jpg,480,360,1.3333333333333333,0.5320267677307129,0.5324155688285828,0.5194429159164429,0.5308204293251038,0.23600183427333832,0.12372516095638275,0.006680727005004883,0.0009501020540483296,0.18263711734693877,0.04045758928571429,0.8336452841758728
internal,mango die back,multiple leaf dataset/mango leaf/mango die back/mango die back (339).jpg,480,360,1.3333333333333333,0.6336353421211243,0.7088910937309265,0.8137519955635071,0.6983437538146973,0.14642807841300964,0.22202792763710022,-0.01480257511138916,0.0002969510678667575,0.023058832908163265,0.0,0.9346966743469238
internal,mango die back,multiple leaf dataset/mango leaf/mango die back/mango die back (345).jpg,480,360,1.3333333333333333,0.6132882237434387,0.677068293094635,0.78347247838974,0.6701281070709229,0.15364901721477509,0.21903805434703827,-0.021312057971954346,0.0002692627313081175,0.02919722576530612,0.004065688775510204,0.899662971496582
internal,mango die back,multiple leaf dataset/mango leaf/mango die back/mango die back (292).jpg,480,360,1.3333333333333333,0.6185885667800903,0.6847814321517944,0.7925553321838379,0.6772760152816772,0.1416710615158081,0.223402738571167,-0.020790517330169678,0.00031723061692900956,0.014429209183673469,0.0,0.932919442653656
internal,mango die back,multiple leaf dataset/mango leaf/mango die back/mango die back (103).jpg,480,360,1.3333333333333333,0.6029587984085083,0.5950331687927246,0.534092903137207,0.5904556512832642,0.21014265716075897,0.1676301807165146,0.026507318019866943,0.0012710754526779056,0.08215082908163265,0.029316804846938774,0.7903077006340027
internal,mango die back,multiple leaf dataset/mango leaf/mango die back/mango die back (419).jpg,480,360,1.3333333333333333,0.6165717840194702,0.7030606865882874,0.8091209530830383,0.6892914175987244,0.12710434198379517,0.23930113017559052,-0.009785711765289307,0.00022601417731493711,0.0021324936224489796,0.0,0.8669583201408386
internal,mango die back,multiple leaf dataset/mango leaf/mango die back/mango die back (167).jpg,480,360,1.3333333333333333,0.6772122383117676,0.6827861070632935,0.7545122504234314,0.689296305179596,0.14999902248382568,0.11784186959266663,-0.03307616710662842,0.00034327138564549387,0.01927216198979592,0.0,0.9314988255500793
internal,mango die back,multiple leaf dataset/mango leaf/mango die back/mango die back (23).jpg,480,360,1.3333333333333333,0.6166327595710754,0.6198055744171143,0.6025187373161316,0.6168861389160156,0.17556242644786835,0.07600363343954086,0.010229825973510742,0.0007931020809337497,0.10353555484693877,0.04823022959183673,0.9357672929763794
internal,mango die back,multiple leaf dataset/mango leaf/mango die back/mango die back (266).jpg,480,360,1.3333333333333333,0.669664204120636,0.7087592482566833,0.7996218800544739,0.7074281573295593,0.12834621965885162,0.17151811718940735,-0.025883793830871582,0.00024753931211307645,0.004803093112244898,0.0,0.9602036476135254
internal,mango die back,multiple leaf dataset/mango leaf/mango die back/mango die back (100).jpg,480,360,1.3333333333333333,0.6622029542922974,0.6535616517066956,0.6281811594963074,0.6532520651817322,0.13851594924926758,0.0747298002243042,0.008369624614715576,0.0006565996445715427,0.030552455357142856,0.016541772959183673,0.9050275683403015
internal,mango die back,multiple leaf dataset/mango leaf/mango die back/mango die back (417).jpg,480,360,1.3333333333333333,0.6188773512840271,0.7080957293510437,0.8162379264831543,0.6937476396560669,0.1246449276804924,0.2427569031715393,-0.009461939334869385,0.00021347847359720618,0.0036471619897959183,0.0,0.8895139098167419
internal,mango die back,multiple leaf dataset/mango leaf/mango die back/mango die back (380).jpg,480,360,1.3333333333333333,0.6125668883323669,0.6957964301109314,0.8053902387619019,0.6834045648574829,0.12589550018310547,0.2408912479877472,-0.013182103633880615,0.00023369309201370925,0.0038066007653061226,0.0,0.9386370778083801
internal,mango die back,multiple leaf dataset/mango leaf/mango die back/mango die back (175).jpg,480,360,1.3333333333333333,0.710584819316864,0.7174522280693054,0.7869364023208618,0.7233201861381531,0.12691622972488403,0.11061514914035797,-0.03130835294723511,0.0002756735775619745,0.003667091836734694,0.0,0.9261109232902527
internal,mango die back,multiple leaf dataset/mango leaf/mango die back/mango die back (244).jpg,480,360,1.3333333333333333,0.6491422653198242,0.6801543235778809,0.7714048027992249,0.6812843084335327,0.1425744742155075,0.16604354977607727,-0.03011918067932129,0.0002894591889344156,0.010024713010204082,0.0,0.8862664103507996
internal,mango die back,multiple leaf dataset/mango leaf/mango die back/mango die back (471).jpg,480,360,1.3333333333333333,0.5703951716423035,0.682621955871582,0.8088855147361755,0.6634602546691895,0.12365798652172089,0.2960841655731201,-0.007018387317657471,0.0003153603756800294,0.014050542091836735,0.0003786670918367347,0.9153886437416077
internal,mango die back,multiple leaf dataset/mango leaf/mango die back/mango die back (206).jpg,480,360,1.3333333333333333,0.6998382806777954,0.7059370279312134,0.7698529362678528,0.7113999128341675,0.14660289883613586,0.11498412489891052,-0.028908610343933105,0.00019880372565239668,0.007194674744897959,0.0,0.9412024617195129
internal,mango die back,multiple leaf dataset/mango leaf/mango die back/mango die back (344).jpg,480,360,1.3333333333333333,0.6165404319763184,0.6889684200286865,0.7945488691329956,0.6793485879898071,0.14754539728164673,0.22528648376464844,-0.01657623052597046,0.000265316542936489,0.0262874681122449,0.0,0.9007605910301208
internal,mango die back,multiple leaf dataset/mango leaf/mango die back/mango die back (279).jpg,480,360,1.3333333333333333,0.6973685622215271,0.715598464012146,0.7877568006515503,0.7183737754821777,0.118067167699337,0.12481812387704849,-0.026964187622070312,0.0002557021798565984,0.0,0.0,0.9558257460594177
internal,mango die back,multiple leaf dataset/mango leaf/mango die back/mango die back (47).jpg,480,360,1.3333333333333333,0.6122762560844421,0.6121770739555359,0.6022101044654846,0.6110705137252808,0.19725975394248962,0.08401501923799515,0.00493389368057251,0.0007758005522191525,0.048927774234693876,0.010483099489795918,0.885346531867981
internal,mango die back,multiple leaf dataset/mango leaf/mango die back/mango die back (231).jpg,480,360,1.3333333333333333,0.6968086957931519,0.7069862484931946,0.7821722030639648,0.7125144004821777,0.14330759644508362,0.12396370619535446,-0.03250420093536377,0.0003037964052055031,0.005978954081632653,0.0,0.9208140969276428
internal,mango die back,multiple leaf dataset/mango leaf/mango die back/mango die back (93).jpg,480,360,1.3333333333333333,0.6915398240089417,0.6985853314399719,0.7565597295761108,0.7030878067016602,0.13599064946174622,0.10436216741800308,-0.02546447515487671,0.000289085233816877,0.005420918367346939,0.0,0.8976387977600098
internal,mango die back,multiple leaf dataset/mango leaf/mango die back/mango die back (280).jpg,480,360,1.3333333333333333,0.6419810652732849,0.6887890696525574,0.7840146422386169,0.6856491565704346,0.1535605788230896,0.18600614368915558,-0.024208784103393555,0.00033692698343656957,0.005799585459183673,0.0,0.9270785450935364
internal,mango die back,multiple leaf dataset/mango leaf/mango die back/mango die back (77).jpg,480,360,1.3333333333333333,0.5637215375900269,0.5464118719100952,0.4881117641925812,0.544941246509552,0.19516782462596893,0.19348736107349396,0.020495235919952393,0.0011666151694953442,0.13472576530612246,0.03962053571428571,0.8105195760726929
internal,mango die back,multiple leaf dataset/mango leaf/mango die back/mango die back (84).jpg,480,360,1.3333333333333333,0.5668891668319702,0.5645121932029724,0.5123790502548218,0.5592797994613647,0.20055992901325226,0.13779346644878387,0.024878084659576416,0.0013236263766884804,0.08099489795918367,0.00940688775510204,0.7981296181678772
internal,mango die back,multiple leaf dataset/mango leaf/mango die back/mango die back (28).jpg,480,360,1.3333333333333333,0.6240986585617065,0.6315567493438721,0.6267985701560974,0.6287843585014343,0.14095160365104675,0.05075221136212349,0.0061081647872924805,0.0009637169423513114,0.03142936862244898,0.0016143176020408164,0.8845603466033936
internal,mango die back,multiple leaf dataset/mango leaf/mango die back/mango die back (33).jpg,480,360,1.3333333333333333,0.6000800728797913,0.6049766540527344,0.5960621237754822,0.6024962663650513,0.21396124362945557,0.06726498156785965,0.006905555725097656,0.0009943392360582948,0.06883769132653061,0.001753826530612245,0.8577024936676025
internal,mango die back,multiple leaf dataset/mango leaf/mango die back/mango die back (179).jpg,480,360,1.3333333333333333,0.6960788369178772,0.6999301314353943,0.7682029604911804,0.7065616250038147,0.15708574652671814,0.11619864404201508,-0.03221076726913452,0.00027987774228677154,0.012376434948979591,0.0,0.8358267545700073
internal,mango die back,multiple leaf dataset/mango leaf/mango die back/mango die back (57).jpg,480,360,1.3333333333333333,0.5854259133338928,0.5825068354606628,0.527947723865509,0.5771599411964417,0.19081486761569977,0.13122181594371796,0.025820016860961914,0.0013524251990020275,0.06726323341836735,0.007892219387755101,0.8642144203186035
internal,mango die back,multiple leaf dataset/mango leaf/mango die back/mango die back (25).jpg,480,360,1.3333333333333333,0.5929662585258484,0.5952590703964233,0.5764187574386597,0.5924257040023804,0.19899886846542358,0.09575478732585907,0.0105665922164917,0.0009112864499911666,0.14572704081632654,0.06951530612244898,0.8823159337043762
internal,mango die back,multiple leaf dataset/mango leaf/mango die back/mango die back (221).jpg,480,360,1.3333333333333333,0.6865164041519165,0.7108626365661621,0.7978357672691345,0.7134979963302612,0.13083994388580322,0.1515805721282959,-0.031313419342041016,0.00028558445046655834,0.003866390306122449,0.0,0.9287528395652771
internal,mango die back,multiple leaf dataset/mango leaf/mango die back/mango die back (210).jpg,480,360,1.3333333333333333,0.6700184345245361,0.711423933506012,0.805671751499176,0.7097879648208618,0.1363302320241928,0.17433033883571625,-0.02642112970352173,0.00037363998126238585,0.002590880102040816,0.0,0.8478345274925232
internal,mango die back,multiple leaf dataset/mango leaf/mango die back/mango die back (44).jpg,480,360,1.3333333333333333,0.558501660823822,0.5648083686828613,0.5674629807472229,0.563225269317627,0.15878428518772125,0.0682317465543747,0.0018260478973388672,0.0009984252974390984,0.05416932397959184,0.0015744579081632653,0.8401683568954468
internal,mango die back,multiple leaf dataset/mango leaf/mango die back/mango die back (163).jpg,480,360,1.3333333333333333,0.6912369728088379,0.6987721920013428,0.769880473613739,0.7046254873275757,0.13401496410369873,0.12344246357679367,-0.031786561012268066,0.00024597777519375086,0.002570950255102041,0.0,0.9412603378295898
internal,mango die back,multiple leaf dataset/mango leaf/mango die back/mango die back (396).jpg,480,360,1.3333333333333333,0.604477047920227,0.6900935769081116,0.8085772395133972,0.6780014038085938,0.1381712555885315,0.25618797540664673,-0.016433537006378174,0.00025221655960194767,0.017777423469387755,0.0,0.9273878335952759
internal,mango die back,multiple leaf dataset/mango leaf/mango die back/mango die back (227).jpg,480,360,1.3333333333333333,0.6790928244590759,0.6912064552307129,0.7671726942062378,0.6962447166442871,0.14856335520744324,0.12364450842142105,-0.03192627429962158,0.0002721098717302084,0.004324776785714286,0.0,0.8133336901664734
internal,mango die back,multiple leaf dataset/mango leaf/mango die back/mango die back (66).jpg,480,360,1.3333333333333333,0.6112881898880005,0.5964059829711914,0.5351851582527161,0.5938766002655029,0.20261451601982117,0.16909486055374146,0.023169279098510742,0.0015519984299317002,0.05709901147959184,0.01602359693877551,0.7735088467597961
internal,mango die back,multiple leaf dataset/mango leaf/mango die back/mango die back (123).jpg,480,360,1.3333333333333333,0.6939362287521362,0.7007580399513245,0.7649665474891663,0.7060381174087524,0.15902802348136902,0.11399614810943604,-0.02869337797164917,0.0002554016245994717,0.03148915816326531,0.00027901785714285713,0.8811314105987549
internal,mango die back,multiple leaf dataset/mango leaf/mango die back/mango die back (463).jpg,480,360,1.3333333333333333,0.5412099957466125,0.6790854930877686,0.8204119801521301,0.6539719104766846,0.11355011910200119,0.3402917683124542,-0.0017254948616027832,0.00029956671642139554,0.011818399234693877,0.0,0.9258568286895752
internal,mango die back,multiple leaf dataset/mango leaf/mango die back/mango die back (115).jpg,480,360,1.3333333333333333,0.6931354999542236,0.7012456655502319,0.7684702277183533,0.7064844369888306,0.15661907196044922,0.11757272481918335,-0.029557228088378906,0.0002522750000935048,0.02822066326530612,9.964923469387755e-05,0.8711360692977905
internal,mango die back,multiple leaf dataset/mango leaf/mango die back/mango die back (134).jpg,480,360,1.3333333333333333,0.7099232077598572,0.718259871006012,0.7828308343887329,0.7231282591819763,0.12408287823200226,0.10331558436155319,-0.028117120265960693,0.00025216216454282403,0.00332828443877551,0.0,0.9386366605758667
internal,mango die back,multiple leaf dataset/mango leaf/mango die back/mango die back (276).jpg,480,360,1.3333333333333333,0.6529495120048523,0.6879973411560059,0.7748979926109314,0.6874246597290039,0.17479126155376434,0.1645018458366394,-0.025926411151885986,0.00041256588883697987,0.05131935586734694,0.0,0.9294204711914062
internal,mango die back,multiple leaf dataset/mango leaf/mango die back/mango die back (448).jpg,480,360,1.3333333333333333,0.5787281394004822,0.6668131947517395,0.7801049947738647,0.6533910036087036,0.11254678666591644,0.26112794876098633,-0.012603342533111572,0.0003092398401349783,0.0005779655612244898,0.0,0.9435701966285706
internal,mango die back,multiple leaf dataset/mango leaf/mango die back/mango die back (285).jpg,480,360,1.3333333333333333,0.6288269758224487,0.6793477535247803,0.7766993045806885,0.6753401756286621,0.15938341617584229,0.19086048007011414,-0.02341538667678833,0.0003579609328880906,0.017020089285714284,0.0,0.9263272881507874
internal,mango die back,multiple leaf dataset/mango leaf/mango die back/mango die back (198).jpg,480,360,1.3333333333333333,0.7082268595695496,0.7158586978912354,0.7818979620933533,0.7211052775382996,0.1353166103363037,0.1269931197166443,-0.029203712940216064,0.00026742927730083466,0.0,0.0,0.9456440806388855
internal,mango die back,multiple leaf dataset/mango leaf/mango die back/mango die back (475).jpg,480,360,1.3333333333333333,0.6311057209968567,0.7363651990890503,0.8325019478797913,0.7158520817756653,0.10132358223199844,0.2478606402873993,0.004561364650726318,0.0004155787464696914,0.00033880739795918367,0.0,0.8941006660461426
internal,mango die back,multiple leaf dataset/mango leaf/mango die back/mango die back (408).jpg,480,360,1.3333333333333333,0.5614670515060425,0.691798210144043,0.824614405632019,0.6679702997207642,0.10875573754310608,0.3180931508541107,-0.001242518424987793,0.00023478397633880377,0.001295440051020408,0.0,0.9614929556846619
internal,mango die back,multiple leaf dataset/mango leaf/mango die back/mango die back (287).jpg,480,360,1.3333333333333333,0.6248214244842529,0.6715278029441833,0.7644898295402527,0.6681602597236633,0.14922253787517548,0.1835445910692215,-0.023127853870391846,0.0002614312688820064,0.03384088010204082,0.0,0.9402133822441101
internal,mango die back,multiple leaf dataset/mango leaf/mango die back/mango die back (366).jpg,480,360,1.3333333333333333,0.5769969820976257,0.6828591227531433,0.8112640380859375,0.6658445000648499,0.12233849614858627,0.2951018214225769,-0.011271417140960693,0.00021823369024787098,0.027224170918367346,9.964923469387755e-05,0.9646809697151184
internal,mango die back,multiple leaf dataset/mango leaf/mango die back/mango die back (426).jpg,480,360,1.3333333333333333,0.5720365643501282,0.6885111331939697,0.8160830736160278,0.6682284474372864,0.11861443519592285,0.3002356290817261,-0.005548715591430664,0.00033674007863737643,0.01992984693877551,0.0028698979591836736,0.9372451305389404
internal,mango die back,multiple leaf dataset/mango leaf/mango die back/mango die back (320).jpg,480,360,1.3333333333333333,0.5782040953636169,0.6500473618507385,0.7608953714370728,0.6412029266357422,0.1614064872264862,0.2407761961221695,-0.019502341747283936,0.0003433263045735657,0.041493941326530615,0.0007174744897959184,0.8418567776679993
internal,mango die back,multiple leaf dataset/mango leaf/mango die back/mango die back (495).jpg,480,360,1.3333333333333333,0.6011826395988464,0.6998156905174255,0.8153462409973145,0.6834948658943176,0.13105365633964539,0.2614947259426117,-0.008448779582977295,0.00038608419708907604,0.018136160714285716,0.0015146683673469387,0.9431152939796448
internal,mango die back,multiple leaf dataset/mango leaf/mango die back/mango die back (402).jpg,480,360,1.3333333333333333,0.5716328024864197,0.6792020201683044,0.8020603656768799,0.6610446572303772,0.13326160609722137,0.2859606146812439,-0.007644593715667725,0.00027458605472929776,0.021245216836734693,0.0,0.88370680809021
internal,mango die back,multiple leaf dataset/mango leaf/mango die back/mango die back (174).jpg,480,360,1.3333333333333333,0.7013795971870422,0.7109665274620056,0.7839922308921814,0.7164250016212463,0.13183997571468353,0.11562267690896988,-0.0317193865776062,0.0002768481499515474,0.0010562818877551021,0.0,0.932302713394165
internal,mango die back,multiple leaf dataset/mango leaf/mango die back/mango die back (59).jpg,480,360,1.3333333333333333,0.611153244972229,0.6082326769828796,0.5478924512863159,0.6022272109985352,0.17233353853225708,0.13518846035003662,0.028709828853607178,0.0006519417511299253,0.04667570153061224,0.010542889030612245,0.836414098739624
internal,mango die back,multiple leaf dataset/mango leaf/mango die back/mango die back (245).jpg,480,360,1.3333333333333333,0.6699739694595337,0.6872122883796692,0.7656279802322388,0.6909973621368408,0.14214035868644714,0.13923893868923187,-0.03058868646621704,0.000278923602309078,0.003866390306122449,0.0,0.9097670316696167
internal,mango die back,multiple leaf dataset/mango leaf/mango die back/mango die back (487).jpg,480,360,1.3333333333333333,0.6531944870948792,0.7293689250946045,0.809629499912262,0.7157424688339233,0.12682108581066132,0.19253821671009064,-0.0020430684089660645,0.00031410445808432996,0.004643654336734694,0.0,0.9400990009307861
internal,mango die back,multiple leaf dataset/mango leaf/mango die back/mango die back (324).jpg,480,360,1.3333333333333333,0.592088520526886,0.6782671809196472,0.7943680286407471,0.6657353639602661,0.14245657622814178,0.2563413381576538,-0.014961063861846924,0.00021412207570392638,0.020746970663265307,0.0,0.891907811164856
internal,mango die back,multiple leaf dataset/mango leaf/mango die back/mango die back (401).jpg,480,360,1.3333333333333333,0.5739442110061646,0.683775007724762,0.8083623647689819,0.6651385426521301,0.11499864608049393,0.29145798087120056,-0.007378280162811279,0.0002368594432482496,0.0,0.0,0.895854651927948
internal,mango die back,multiple leaf dataset/mango leaf/mango die back/mango die back (176).jpg,480,360,1.3333333333333333,0.6999084949493408,0.708838939666748,0.7810750603675842,0.7144037485122681,0.1237754374742508,0.11674050986766815,-0.03165280818939209,0.00023108950699679554,0.0002192283163265306,0.0,0.9422146677970886
internal,mango die back,multiple leaf dataset/mango leaf/mango die back/mango die back (188).jpg,480,360,1.3333333333333333,0.7207291126251221,0.7316299676895142,0.8047434091567993,0.7367055416107178,0.11271283030509949,0.11010477691888809,-0.031106293201446533,0.0003235980693716556,0.002650669642857143,0.0,0.93527752161026
internal,mango die back,multiple leaf dataset/mango leaf/mango die back/mango die back (116).jpg,480,360,1.3333333333333333,0.6970108151435852,0.7054521441459656,0.7729756832122803,0.710625946521759,0.15270859003067017,0.11607452481985092,-0.029541075229644775,0.00024956479319371283,0.027044802295918366,9.964923469387755e-05,0.9418202042579651
internal,mango die back,multiple leaf dataset/mango leaf/mango die back/mango die back (27).jpg,480,360,1.3333333333333333,0.5843161940574646,0.5820373892784119,0.5741373896598816,0.5818181037902832,0.18649843335151672,0.10636066645383835,0.0028105974197387695,0.0013425564393401146,0.08707350127551021,0.018096301020408163,0.8158191442489624
internal,mango die back,multiple leaf dataset/mango leaf/mango die back/mango die back (319).jpg,480,360,1.3333333333333333,0.5926757454872131,0.6675084829330444,0.7795771360397339,0.6579093337059021,0.15387938916683197,0.24021276831626892,-0.018617987632751465,0.0002553031372372061,0.03561463647959184,0.0007374043367346938,0.8371502757072449
internal,mango die back,multiple leaf dataset/mango leaf/mango die back/mango die back (317).jpg,480,360,1.3333333333333333,0.6399257183074951,0.6743013262748718,0.7618097066879272,0.6739989519119263,0.1705392599105835,0.170314222574234,-0.026566386222839355,0.0003994813305325806,0.031369579081632654,0.0,0.7947085499763489
internal,mango die back,multiple leaf dataset/mango leaf/mango die back/mango die back (212).jpg,480,360,1.3333333333333333,0.6552297472953796,0.6945089101791382,0.7862459421157837,0.6932225227355957,0.1587364226579666,0.17287559807300568,-0.026228904724121094,0.00034443160984665155,0.03708944515306122,0.0,0.9003459811210632
internal,mango die back,multiple leaf dataset/mango leaf/mango die back/mango die back (192).jpg,480,360,1.3333333333333333,0.7956113815307617,0.7921028733253479,0.8355295062065125,0.798102617263794,0.13004297018051147,0.08173917233943939,-0.023467600345611572,0.0002907033485826105,0.0,0.0,0.9365910887718201
internal,mango die back,multiple leaf dataset/mango leaf/mango die back/mango die back (133).jpg,480,360,1.3333333333333333,0.6960431933403015,0.7060015201568604,0.7802645564079285,0.7114899158477783,0.1347665637731552,0.11744757741689682,-0.03215235471725464,0.00033300864743068814,0.0022122130102040817,0.0,0.9407573342323303
internal,mango die back,multiple leaf dataset/mango leaf/mango die back/mango die back (299).jpg,480,360,1.3333333333333333,0.6245753169059753,0.6817085146903992,0.7862472534179688,0.676543116569519,0.15219615399837494,0.20711974799633026,-0.023702800273895264,0.0002545728057157248,0.0343391262755102,0.0,0.8800322413444519
internal,mango die back,multiple leaf dataset/mango leaf/mango die back/mango die back (219).jpg,480,360,1.3333333333333333,0.6659315228462219,0.6811579465866089,0.7605326175689697,0.6856539845466614,0.15205739438533783,0.13437093794345856,-0.03207409381866455,0.0004269532801117748,0.02100605867346939,0.0,0.9007518887519836
internal,mango die back,multiple leaf dataset/mango leaf/mango die back/mango die back (76).jpg,480,360,1.3333333333333333,0.6404972672462463,0.6288573145866394,0.5628781914710999,0.6248160600662231,0.17090152204036713,0.1599566638469696,0.02716958522796631,0.0008161436417140067,0.06855867346938775,0.011977838010204082,0.7937487959861755
internal,mango die back,multiple leaf dataset/mango leaf/mango die back/mango die back (79).jpg,480,360,1.3333333333333333,0.6042773723602295,0.6039377450942993,0.5491378903388977,0.5977920889854431,0.15173828601837158,0.12212201207876205,0.027230143547058105,0.0005367214907892048,0.03950095663265306,0.006058673469387755,0.8511661291122437
internal,mango die back,multiple leaf dataset/mango leaf/mango die back/mango die back (87).jpg,480,360,1.3333333333333333,0.589970052242279,0.5838791131973267,0.5246564745903015,0.5789489150047302,0.20446747541427612,0.14819185435771942,0.026565849781036377,0.0015890271170064807,0.06792091836734694,0.010961415816326531,0.774163544178009
internal,mango die back,multiple leaf dataset/mango leaf/mango die back/mango die back (449).jpg,480,360,1.3333333333333333,0.5730003714561462,0.6707082390785217,0.7824435830116272,0.6542314291000366,0.1311052292585373,0.28114011883735657,-0.00701373815536499,0.0004290798387955874,0.00972576530612245,0.0,0.9630852341651917
internal,mango die back,multiple leaf dataset/mango leaf/mango die back/mango die back (237).jpg,480,360,1.3333333333333333,0.6669571399688721,0.7150164842605591,0.8119049668312073,0.7116920351982117,0.1258993297815323,0.18263790011405945,-0.024414539337158203,0.00027312227757647634,0.0027702487244897957,0.0,0.895230770111084
internal,mango die back,multiple leaf dataset/mango leaf/mango die back/mango die back (131).jpg,480,360,1.3333333333333333,0.7003051042556763,0.7066406011581421,0.7697318196296692,0.7119386792182922,0.15029914677143097,0.10467981547117233,-0.028377890586853027,0.0003158335748594254,0.014568718112244899,0.0,0.8817291259765625
internal,mango die back,multiple leaf dataset/mango leaf/mango die back/mango die back (334).jpg,480,360,1.3333333333333333,0.5990086793899536,0.6899782419204712,0.8093960285186768,0.6763918995857239,0.13153037428855896,0.26313528418540955,-0.014224112033843994,0.0002731148269958794,0.013153698979591837,0.0,0.9608761072158813
internal,mango die back,multiple leaf dataset/mango leaf/mango die back/mango die back (413).jpg,480,360,1.3333333333333333,0.5728077292442322,0.6612566709518433,0.7792894244194031,0.6482662558555603,0.12561097741127014,0.2661134898662567,-0.014791905879974365,0.0003277319192420691,0.0157047193877551,0.0,0.9455878734588623
internal,mango die back,multiple leaf dataset/mango leaf/mango die back/mango die back (297).jpg,480,360,1.3333333333333333,0.6436551809310913,0.6986889243125916,0.7984071969985962,0.6936017274856567,0.1473320871591568,0.19538454711437225,-0.022342264652252197,0.00024840596597641706,0.016741071428571428,0.0,0.8883679509162903
internal,mango die back,multiple leaf dataset/mango leaf/mango die back/mango die back (469).jpg,480,360,1.3333333333333333,0.5453054904937744,0.6662888526916504,0.7993927001953125,0.6452886462211609,0.13171570003032684,0.31893664598464966,-0.006060242652893066,0.00035436433972790837,0.02489237882653061,0.0,0.9692211151123047
internal,mango die back,multiple leaf dataset/mango leaf/mango die back/mango die back (446).jpg,480,360,1.3333333333333333,0.6257908940315247,0.7068503499031067,0.8160384297370911,0.6950610280036926,0.12918852269649506,0.2346804141998291,-0.014064311981201172,0.0003239983634557575,0.017877072704081634,0.0,0.9580850005149841
internal,mango die back,multiple leaf dataset/mango leaf/mango die back/mango die back (3).jpg,480,360,1.3333333333333333,0.5453776717185974,0.5494798421859741,0.5434034466743469,0.5475605726242065,0.23602089285850525,0.07378678768873215,0.005089282989501953,0.0006042044260539114,0.1436344068877551,0.018255739795918366,0.8968899250030518
internal,mango die back,multiple leaf dataset/mango leaf/mango die back/mango die back (325).jpg,480,360,1.3333333333333333,0.604780375957489,0.6814830303192139,0.7938626408576965,0.6713602542877197,0.14059413969516754,0.2385251224040985,-0.017838478088378906,0.00025892214034684,0.014787946428571428,0.0,0.9460762143135071
internal,mango die back,multiple leaf dataset/mango leaf/mango die back/mango die back (465).jpg,480,360,1.3333333333333333,0.5560667514801025,0.6777843832969666,0.8105502724647522,0.6565261483192444,0.1141548603773117,0.3149673640727997,-0.005524098873138428,0.0003709618467837572,0.008729272959183673,0.0,0.9735987782478333
internal,mango die back,multiple leaf dataset/mango leaf/mango die back/mango die back (355).jpg,480,360,1.3333333333333333,0.6128943562507629,0.6905699968338013,0.8042012453079224,0.680298924446106,0.12493620067834854,0.2407151609659195,-0.01797783374786377,0.00022092921426519752,0.00390625,0.0,0.9572955965995789
internal,mango die back,multiple leaf dataset/mango leaf/mango die back/mango die back (450).jpg,480,360,1.3333333333333333,0.6117146611213684,0.7094123959541321,0.8229365348815918,0.6931425333023071,0.13229234516620636,0.2560093104839325,-0.007913172245025635,0.00043389201164245605,0.020049426020408163,0.0015943877551020409,0.9411877989768982
internal,mango die back,multiple leaf dataset/mango leaf/mango die back/mango die back (239).jpg,480,360,1.3333333333333333,0.6257813572883606,0.6692266464233398,0.7675744891166687,0.6674481630325317,0.13668759167194366,0.19344423711299896,-0.027451276779174805,0.0002577558334451169,0.00701530612244898,0.0,0.8925144076347351
internal,mango die back,multiple leaf dataset/mango leaf/mango die back/mango die back (146).jpg,480,360,1.3333333333333333,0.7600734233856201,0.7585439682006836,0.803895890712738,0.7641713619232178,0.1640346497297287,0.0878041610121727,-0.02344071865081787,0.0004929470014758408,0.0,0.0,0.814466655254364
internal,mango die back,multiple leaf dataset/mango leaf/mango die back/mango die back (263).jpg,480,360,1.3333333333333333,0.6524850726127625,0.6864351630210876,0.7772436141967773,0.6866362690925598,0.1365903615951538,0.17298734188079834,-0.02842921018600464,0.00022601928503718227,0.007114955357142857,0.0,0.8938961029052734
internal,mango die back,multiple leaf dataset/mango leaf/mango die back/mango die back (249).jpg,480,360,1.3333333333333333,0.6829361915588379,0.7176164984703064,0.8082515001296997,0.7175794243812561,0.12751947343349457,0.1607491672039032,-0.027977347373962402,0.00021947563800495118,0.009506536989795918,0.0,0.892911434173584
internal,mango die back,multiple leaf dataset/mango leaf/mango die back/mango die back (468).jpg,480,360,1.3333333333333333,0.5622154474258423,0.6786967515945435,0.8058885931968689,0.6583687663078308,0.12745526432991028,0.30240294337272644,-0.005355238914489746,0.00032491955789737403,0.013831313775510204,0.00025908801020408165,0.9136584401130676
internal,mango die back,multiple leaf dataset/mango leaf/mango die back/mango die back (39).jpg,480,360,1.3333333333333333,0.5941336750984192,0.5990954041481018,0.5821025371551514,0.5956746935844421,0.15359027683734894,0.06337379664182663,0.010977327823638916,0.0007920111529529095,0.09510522959183673,0.04135443239795918,0.9534992575645447
internal,mango die back,multiple leaf dataset/mango leaf/mango die back/mango die back (437).jpg,480,360,1.3333333333333333,0.5753087401390076,0.6866497993469238,0.8147761821746826,0.6679651737213135,0.11859049648046494,0.2947278618812561,-0.008392691612243652,0.0002553555241320282,0.013651945153061224,0.0,0.9254769086837769
internal,mango die back,multiple leaf dataset/mango leaf/mango die back/mango die back (183).jpg,480,360,1.3333333333333333,0.6990237832069397,0.7098215818405151,0.7855661511421204,0.7152278423309326,0.1400345414876938,0.12336140125989914,-0.03247338533401489,0.0002489025064278394,0.004862882653061225,0.0,0.8970611691474915
internal,mango die back,multiple leaf dataset/mango leaf/mango die back/mango die back (18).jpg,480,360,1.3333333333333333,0.5380246043205261,0.5425875186920166,0.5382975339889526,0.5407341718673706,0.16827934980392456,0.07899782806634903,0.004426479339599609,0.0011883744737133384,0.07095025510204081,0.005819515306122449,0.8177342414855957
internal,mango die back,multiple leaf dataset/mango leaf/mango die back/mango die back (2).jpg,480,360,1.3333333333333333,0.6375863552093506,0.6473822593688965,0.6297118067741394,0.6424388289451599,0.13631120324134827,0.05023425817489624,0.013733148574829102,0.0006823227158747613,0.047751913265306124,0.02108577806122449,0.9247244000434875
internal,mango die back,multiple leaf dataset/mango leaf/mango die back/mango die back (86).jpg,480,360,1.3333333333333333,0.5922241806983948,0.589690089225769,0.5292877554893494,0.5835619568824768,0.19612136483192444,0.14605051279067993,0.028934121131896973,0.0014576674439013004,0.05707908163265306,0.010602678571428572,0.7861265540122986
internal,mango die back,multiple leaf dataset/mango leaf/mango die back/mango die back (327).jpg,480,360,1.3333333333333333,0.6193956732749939,0.7071828842163086,0.8239604234695435,0.6942471265792847,0.11677844822406769,0.2500816583633423,-0.014495134353637695,0.00024049091734923422,0.00023915816326530612,0.0,0.9559611678123474
internal,mango die back,multiple leaf dataset/mango leaf/mango die back/mango die back (360).jpg,480,360,1.3333333333333333,0.6106191873550415,0.69957435131073,0.8140749931335449,0.686029851436615,0.14536838233470917,0.25221166014671326,-0.012772738933563232,0.00019680037803482264,0.03882334183673469,0.002331792091836735,0.8935517072677612
internal,mango die back,multiple leaf dataset/mango leaf/mango die back/mango die back (290).jpg,480,360,1.3333333333333333,0.6443694829940796,0.701002836227417,0.8044945001602173,0.6958675980567932,0.1375942975282669,0.20279748737812042,-0.023429155349731445,0.00025109181297011673,0.012017697704081632,0.0,0.840426504611969
internal,mango die back,multiple leaf dataset/mango leaf/mango die back/mango die back (139).jpg,480,360,1.3333333333333333,0.6907666921615601,0.6927263140678406,0.7529511451721191,0.6990060806274414,0.17467208206653595,0.10531362891197205,-0.029132604598999023,0.0004245414165779948,0.01917251275510204,0.0,0.9356456995010376
internal,mango die back,multiple leaf dataset/mango leaf/mango die back/mango die back (447).jpg,480,360,1.3333333333333333,0.606719970703125,0.6885282397270203,0.8003931045532227,0.6768201589584351,0.12021619081497192,0.24348367750644684,-0.015028297901153564,0.0003137332678306848,0.00027901785714285713,0.0,0.9180434942245483
internal,mango die back,multiple leaf dataset/mango leaf/mango die back/mango die back (420).jpg,480,360,1.3333333333333333,0.5864629745483398,0.686997652053833,0.8023738265037537,0.6700906753540039,0.12820231914520264,0.27089473605155945,-0.007420778274536133,0.00027010211488232017,0.015306122448979591,0.0,0.8765062093734741
internal,mango die back,multiple leaf dataset/mango leaf/mango die back/mango die back (262).jpg,480,360,1.3333333333333333,0.6919324994087219,0.7208200693130493,0.8030504584312439,0.7215570211410522,0.14100658893585205,0.15154680609703064,-0.026671409606933594,0.00027533090906217694,0.0003985969387755102,0.0,0.9410545229911804
internal,mango die back,multiple leaf dataset/mango leaf/mango die back/mango die back (464).jpg,480,360,1.3333333333333333,0.5687079429626465,0.6899683475494385,0.819938600063324,0.6685280799865723,0.120591901242733,0.30676499009132385,-0.004354953765869141,0.0003020880976691842,0.011459661989795918,0.0003786670918367347,0.910116970539093
internal,mango die back,multiple leaf dataset/mango leaf/mango die back/mango die back (169).jpg,480,360,1.3333333333333333,0.7012301683425903,0.7082503437995911,0.7776674628257751,0.7140648365020752,0.14579977095127106,0.11413949728012085,-0.031198441982269287,0.00034919139579869807,0.013014190051020409,0.0,0.9166196584701538
internal,mango die back,multiple leaf dataset/mango leaf/mango die back/mango die back (127).jpg,480,360,1.3333333333333333,0.6955099105834961,0.703517735004425,0.7643040418624878,0.7080531120300293,0.15817129611968994,0.11194121837615967,-0.026389241218566895,0.00037366850301623344,0.02724410076530612,0.0,0.9384353756904602
internal,mango die back,multiple leaf dataset/mango leaf/mango die back/mango die back (128).jpg,480,360,1.3333333333333333,0.6906837821006775,0.6955570578575134,0.7547506093978882,0.7008479237556458,0.15733137726783752,0.11010142415761948,-0.02716010808944702,0.0004747480561491102,0.010363520408163265,0.0,0.942112147808075
internal,mango die back,multiple leaf dataset/mango leaf/mango die back/mango die back (367).jpg,480,360,1.3333333333333333,0.5548371076583862,0.6570904850959778,0.7877655029296875,0.641413688659668,0.12825646996498108,0.3008662760257721,-0.014210820198059082,0.0002463395067024976,0.03533561862244898,0.00011957908163265306,0.9699521660804749
internal,mango die back,multiple leaf dataset/mango leaf/mango die back/mango die back (98).jpg,480,360,1.3333333333333333,0.542528510093689,0.5267173647880554,0.47256404161453247,0.5252713561058044,0.22712819278240204,0.18471573293209076,0.019171059131622314,0.0009823618456721306,0.15559231505102042,0.04685507015306122,0.838753879070282
internal,mango die back,multiple leaf dataset/mango leaf/mango die back/mango die back (222).jpg,480,360,1.3333333333333333,0.6765716075897217,0.6952816843986511,0.7793098092079163,0.6992666125297546,0.1362120509147644,0.14682675898075104,-0.03265899419784546,0.0003298057126812637,0.0019730548469387753,0.0,0.9578667283058167
internal,mango die back,multiple leaf dataset/mango leaf/mango die back/mango die back (398).jpg,480,360,1.3333333333333333,0.5897939801216125,0.6784684062004089,0.7976511120796204,0.6655415892601013,0.14401818811893463,0.2624988555908203,-0.01525413990020752,0.00025395487318746746,0.04241071428571429,0.0005381058673469387,0.9472217559814453
internal,mango die back,multiple leaf dataset/mango leaf/mango die back/mango die back (466).jpg,480,360,1.3333333333333333,0.5356813669204712,0.6947207450866699,0.8421514630317688,0.663975179195404,0.10648274421691895,0.3632297217845917,0.005804300308227539,0.00029194116359576583,0.011379942602040817,0.0,0.9001228213310242
internal,mango die back,multiple leaf dataset/mango leaf/mango die back/mango die back (431).jpg,480,360,1.3333333333333333,0.5488507151603699,0.669122040271759,0.8009870052337646,0.6481935381889343,0.120394267141819,0.3131376802921295,-0.005796849727630615,0.00026856118347495794,0.006118463010204082,0.0,0.8978502750396729
internal,mango die back,multiple leaf dataset/mango leaf/mango die back/mango die back (85).jpg,480,360,1.3333333333333333,0.5684981346130371,0.5646368861198425,0.5066388249397278,0.5591796040534973,0.1971319615840912,0.14745768904685974,0.02706843614578247,0.001443489221855998,0.07350127551020408,0.008091517857142858,0.7871559858322144
internal,mango die back,multiple leaf dataset/mango leaf/mango die back/mango die back (441).jpg,480,360,1.3333333333333333,0.6038172245025635,0.6945861577987671,0.8076204657554626,0.6803321838378906,0.12497962266206741,0.25270310044288635,-0.01113271713256836,0.00039942708099260926,0.009606186224489796,0.0,0.9515805840492249
internal,mango die back,multiple leaf dataset/mango leaf/mango die back/mango die back (407).jpg,480,360,1.3333333333333333,0.6021589040756226,0.6916918158531189,0.8115706443786621,0.6785876154899597,0.12603847682476044,0.2611232399940491,-0.015172958374023438,0.00035976324579678476,0.01767777423469388,0.0,0.9824051260948181
internal,mango die back,multiple leaf dataset/mango leaf/mango die back/mango die back (232).jpg,480,360,1.3333333333333333,0.6275286674499512,0.6616923213005066,0.7438145875930786,0.6608393788337708,0.14953738451004028,0.17167313396930695,-0.0239793062210083,0.000269467243924737,0.02702487244897959,0.0,0.9456138014793396
internal,mango die back,multiple leaf dataset/mango leaf/mango die back/mango die back (444).jpg,480,360,1.3333333333333333,0.5647590756416321,0.67001873254776,0.7888334393501282,0.6520909070968628,0.15042740106582642,0.28207653760910034,-0.006777524948120117,0.0004826115327887237,0.02419483418367347,0.0,0.8530799150466919
internal,mango die back,multiple leaf dataset/mango leaf/mango die back/mango die back (243).jpg,480,360,1.3333333333333333,0.6490380764007568,0.6883890628814697,0.7820719480514526,0.6873029470443726,0.14090242981910706,0.17513695359230042,-0.02716594934463501,0.0002512674545869231,0.010323660714285714,0.00023915816326530612,0.8965581655502319
internal,mango gall midge,multiple leaf dataset/mango leaf/mango gall midge/mango gall midge (299).jpg,480,360,1.3333333333333333,0.7409700751304626,0.7406600713729858,0.6506556868553162,0.7304922342300415,0.2331455498933792,0.21943524479866028,0.044847190380096436,0.0010232527274638414,0.003288424744897959,7.971938775510203e-05,0.8333544731140137
internal,mango gall midge,multiple leaf dataset/mango leaf/mango gall midge/mango gall midge (490).jpg,480,360,1.3333333333333333,0.6520985960960388,0.6406115889549255,0.6131577491760254,0.6409164667129517,0.225350022315979,0.13851745426654816,0.007983386516571045,0.0010131840826943517,0.11204559948979592,0.0480110012755102,0.7763122916221619
internal,mango gall midge,multiple leaf dataset/mango leaf/mango gall midge/mango gall midge (198).jpg,480,360,1.3333333333333333,0.7706997990608215,0.7644742131233215,0.6987736225128174,0.7588458061218262,0.22795265913009644,0.1769048273563385,0.029737532138824463,0.0009150634869001806,0.010881696428571428,0.0001992984693877551,0.9597893357276917
internal,mango gall midge,multiple leaf dataset/mango leaf/mango gall midge/mango gall midge (40).jpg,480,360,1.3333333333333333,0.7166097164154053,0.7272026538848877,0.780381977558136,0.7300978899002075,0.19455808401107788,0.14803338050842285,-0.021293163299560547,0.0008690250688232481,0.06782126913265306,0.0029496173469387753,0.942897379398346
internal,mango gall midge,multiple leaf dataset/mango leaf/mango gall midge/mango gall midge (437).jpg,480,360,1.3333333333333333,0.7567618489265442,0.7382842898368835,0.7154181599617004,0.7412022948265076,0.19262099266052246,0.10296866297721863,0.0021942853927612305,0.0008659997256472707,0.037189094387755105,0.004045758928571429,0.918337881565094
internal,mango gall midge,multiple leaf dataset/mango leaf/mango gall midge/mango gall midge (163).jpg,480,360,1.3333333333333333,0.7421373724937439,0.7347261309623718,0.6991286873817444,0.7328839898109436,0.1776280701160431,0.1077989861369133,0.014093101024627686,0.0006594727165065706,0.0018933354591836734,5.978954081632653e-05,0.9749326109886169
internal,mango gall midge,multiple leaf dataset/mango leaf/mango gall midge/mango gall midge (44).jpg,480,360,1.3333333333333333,0.6370923519134521,0.6413619518280029,0.6203751564025879,0.6376928091049194,0.2926158308982849,0.2587549090385437,0.01262819766998291,0.001007742597721517,0.1941764987244898,0.1034359056122449,0.8115297555923462
internal,mango gall midge,multiple leaf dataset/mango leaf/mango gall midge/mango gall midge (284).jpg,480,360,1.3333333333333333,0.7095334529876709,0.7064347267150879,0.658998429775238,0.7019535899162292,0.21669164299964905,0.1633284091949463,0.022168755531311035,0.0007634274079464376,0.007672991071428571,0.0004185267857142857,0.9585833549499512
internal,mango gall midge,multiple leaf dataset/mango leaf/mango gall midge/mango gall midge (360).jpg,480,360,1.3333333333333333,0.8126195669174194,0.8141469359397888,0.7612459063529968,0.8076595664024353,0.20857132971286774,0.1271272599697113,0.027214229106903076,0.0006896038539707661,0.002032844387755102,0.0001793686224489796,0.9591162204742432
internal,mango gall midge,multiple leaf dataset/mango leaf/mango gall midge/mango gall midge (262).jpg,480,360,1.3333333333333333,0.7813141345977783,0.7756714820861816,0.7421735525131226,0.7735399603843689,0.18703024089336395,0.09847008436918259,0.013927638530731201,0.000844762020278722,0.003268494897959184,0.00011957908163265306,0.7850707173347473
internal,mango gall midge,multiple leaf dataset/mango leaf/mango gall midge/mango gall midge (263).jpg,480,360,1.3333333333333333,0.7205328941345215,0.7145633101463318,0.6801722645759583,0.7124276161193848,0.21492955088615417,0.12720853090286255,0.014210760593414307,0.0007688955520279706,0.02724410076530612,0.0020926339285714285,0.7899731993675232
internal,mango gall midge,multiple leaf dataset/mango leaf/mango gall midge/mango gall midge (303).jpg,480,360,1.3333333333333333,0.6278791427612305,0.6207151412963867,0.5557515025138855,0.6154513359069824,0.24236710369586945,0.2595733404159546,0.028899788856506348,0.0005751358112320304,0.07314253826530612,0.003049266581632653,0.8988938927650452
internal,mango gall midge,multiple leaf dataset/mango leaf/mango gall midge/mango gall midge (433).jpg,480,360,1.3333333333333333,0.678260326385498,0.6614512205123901,0.6606185436248779,0.6663822531700134,0.14265374839305878,0.0764433965086937,-0.007988214492797852,0.0008944866131059825,0.05524553571428571,0.005301339285714286,0.9225185513496399
internal,mango gall midge,multiple leaf dataset/mango leaf/mango gall midge/mango gall midge (136).jpg,480,360,1.3333333333333333,0.756110429763794,0.7483718991279602,0.7221683859825134,0.7476984858512878,0.21728403866291046,0.10772254317998886,0.00923246145248413,0.0007392143015749753,0.0631576849489796,0.00015943877551020407,0.9704508185386658
internal,mango gall midge,multiple leaf dataset/mango leaf/mango gall midge/mango gall midge (149).jpg,480,360,1.3333333333333333,0.7746891975402832,0.7717384696006775,0.7268539071083069,0.7675039172172546,0.20199526846408844,0.12817448377609253,0.020966947078704834,0.000925173400901258,0.002810108418367347,0.0002192283163265306,0.9448674917221069
internal,mango gall midge,multiple leaf dataset/mango leaf/mango gall midge/mango gall midge (467).jpg,480,360,1.3333333333333333,0.6494231820106506,0.6458770036697388,0.6176396012306213,0.6437182426452637,0.20766910910606384,0.13581028580665588,0.012345612049102783,0.0009646668331697583,0.1034359056122449,0.010821906887755101,0.9259070754051208
internal,mango gall midge,multiple leaf dataset/mango leaf/mango gall midge/mango gall midge (227).jpg,480,360,1.3333333333333333,0.7636311054229736,0.7577271461486816,0.7242509722709656,0.7556760907173157,0.21696029603481293,0.11629019677639008,0.013786077499389648,0.0007130920421332121,0.050083705357142856,7.971938775510203e-05,0.9760749936103821
internal,mango gall midge,multiple leaf dataset/mango leaf/mango gall midge/mango gall midge (232).jpg,480,360,1.3333333333333333,0.6798568964004517,0.6732185482978821,0.6675052046775818,0.6745520830154419,0.2032170295715332,0.10908953845500946,-0.00046247243881225586,0.0007450124248862267,0.09869260204081633,0.024354272959183673,0.9183141589164734
internal,mango gall midge,multiple leaf dataset/mango leaf/mango gall midge/mango gall midge (362).jpg,480,360,1.3333333333333333,0.7820358276367188,0.7851681709289551,0.7368835806846619,0.7787271738052368,0.221591517329216,0.1364053636789322,0.025708436965942383,0.0010190376779064536,0.0027503188775510204,0.0,0.9363989233970642
internal,mango gall midge,multiple leaf dataset/mango leaf/mango gall midge/mango gall midge (23).jpg,480,360,1.3333333333333333,0.6900860667228699,0.6871485710144043,0.6594982743263245,0.6848747134208679,0.2535507380962372,0.2094484120607376,0.012356400489807129,0.0007548758876509964,0.12844786352040816,0.024792729591836735,0.933617889881134
internal,mango gall midge,multiple leaf dataset/mango leaf/mango gall midge/mango gall midge (310).jpg,480,360,1.3333333333333333,0.7379894852638245,0.7348735332489014,0.685778021812439,0.7302082777023315,0.20700636506080627,0.14087924361228943,0.022989749908447266,0.0008539931732229888,0.0015943877551020409,0.0,0.9373226165771484
internal,mango gall midge,multiple leaf dataset/mango leaf/mango gall midge/mango gall midge (6).jpg,480,360,1.3333333333333333,0.6907820701599121,0.695259690284729,0.6913317441940308,0.6934731006622314,0.2132822722196579,0.18149371445178986,0.004202783107757568,0.0007860773475840688,0.08199139030612244,0.008510044642857142,0.9368319511413574
internal,mango gall midge,multiple leaf dataset/mango leaf/mango gall midge/mango gall midge (112).jpg,480,360,1.3333333333333333,0.6353761553764343,0.6544344425201416,0.6051887273788452,0.6431220173835754,0.198689267039299,0.17030304670333862,0.03415203094482422,0.0007925514946691692,0.1268933354591837,0.0015744579081632653,0.8200014233589172
internal,mango gall midge,multiple leaf dataset/mango leaf/mango gall midge/mango gall midge (288).jpg,480,360,1.3333333333333333,0.6362864971160889,0.6350393891334534,0.575248122215271,0.6285961270332336,0.22454991936683655,0.23798751831054688,0.029272079467773438,0.0009286964195780456,0.029017857142857144,0.0012157206632653062,0.8575654029846191
internal,mango gall midge,multiple leaf dataset/mango leaf/mango gall midge/mango gall midge (325).jpg,480,360,1.3333333333333333,0.7847197651863098,0.7773303389549255,0.7385237812995911,0.7751157879829407,0.2306092232465744,0.12901031970977783,0.015708565711975098,0.0008888791198842227,0.03750797193877551,0.0005779655612244898,0.9890543222427368
internal,mango gall midge,multiple leaf dataset/mango leaf/mango gall midge/mango gall midge (476).jpg,480,360,1.3333333333333333,0.7811757326126099,0.7773212790489197,0.7521729469299316,0.7756068706512451,0.23635834455490112,0.0934164747595787,0.010646939277648926,0.0010665969457477331,0.07210618622448979,0.026705994897959183,0.8509916663169861
internal,mango gall midge,multiple leaf dataset/mango leaf/mango gall midge/mango gall midge (206).jpg,480,360,1.3333333333333333,0.7099888324737549,0.7041018009185791,0.6500093936920166,0.6996955275535583,0.21888071298599243,0.17486819624900818,0.02410268783569336,0.0009070383384823799,0.0028300382653061226,1.992984693877551e-05,0.9339737892150879
internal,mango gall midge,multiple leaf dataset/mango leaf/mango gall midge/mango gall midge (47).jpg,480,360,1.3333333333333333,0.5681731700897217,0.5738210678100586,0.50788414478302,0.5646156072616577,0.32284069061279297,0.3366434872150421,0.035792410373687744,0.0010373356053605676,0.29872847576530615,0.12868702168367346,0.8362511396408081
internal,mango gall midge,multiple leaf dataset/mango leaf/mango gall midge/mango gall midge (156).jpg,480,360,1.3333333333333333,0.7790552377700806,0.7683300971984863,0.728058934211731,0.7669459581375122,0.20818929374217987,0.12061834335327148,0.014773011207580566,0.001002250355668366,0.022181919642857144,5.978954081632653e-05,0.9283914566040039
internal,mango gall midge,multiple leaf dataset/mango leaf/mango gall midge/mango gall midge (496).jpg,480,360,1.3333333333333333,0.6792068481445312,0.6643124222755432,0.644946813583374,0.6665581464767456,0.17994488775730133,0.10078255087137222,0.002235591411590576,0.0010049990378320217,0.07766661352040816,0.025350765306122448,0.9554754495620728
internal,mango gall midge,multiple leaf dataset/mango leaf/mango gall midge/mango gall midge (451).jpg,480,360,1.3333333333333333,0.6913231015205383,0.6825876832008362,0.6557159423828125,0.6821361184120178,0.18794262409210205,0.10711395740509033,0.009068191051483154,0.0007860948098823428,0.07391980229591837,0.015644929846938774,0.8548812866210938
internal,mango gall midge,multiple leaf dataset/mango leaf/mango gall midge/mango gall midge (148).jpg,480,360,1.3333333333333333,0.6613678932189941,0.6577595472335815,0.6213292479515076,0.654685378074646,0.23942351341247559,0.15071429312229156,0.0164109468460083,0.0007235283264890313,0.09526466836734694,0.022660235969387755,0.8806502223014832
internal,mango gall midge,multiple leaf dataset/mango leaf/mango gall midge/mango gall midge (8).jpg,480,360,1.3333333333333333,0.5971685647964478,0.5798164010047913,0.5291836261749268,0.5792325735092163,0.2957310080528259,0.31063342094421387,0.016640305519104004,0.0009860434802249074,0.2282764668367347,0.12416294642857142,0.8321509957313538
internal,mango gall midge,multiple leaf dataset/mango leaf/mango gall midge/mango gall midge (341).jpg,480,360,1.3333333333333333,0.7531160712242126,0.7529913187026978,0.6966547966003418,0.7466063499450684,0.22036398947238922,0.1689615100622177,0.028105854988098145,0.0011042294790968299,0.002072704081632653,1.992984693877551e-05,0.8366991877555847
internal,mango gall midge,multiple leaf dataset/mango leaf/mango gall midge/mango gall midge (328).jpg,480,360,1.3333333333333333,0.6870689988136292,0.6824103593826294,0.6382442116737366,0.6787683963775635,0.2506260573863983,0.20098429918289185,0.019753754138946533,0.0009379860130138695,0.09233498086734694,0.0015744579081632653,0.9801976680755615
internal,mango gall midge,multiple leaf dataset/mango leaf/mango gall midge/mango gall midge (298).jpg,480,360,1.3333333333333333,0.7717750072479248,0.7678250670433044,0.7092356085777283,0.7623268961906433,0.21269777417182922,0.15405748784542084,0.027319729328155518,0.0007827092777006328,0.0027503188775510204,5.978954081632653e-05,0.8431267738342285
internal,mango gall midge,multiple leaf dataset/mango leaf/mango gall midge/mango gall midge (103).jpg,480,360,1.3333333333333333,0.6573545336723328,0.6769514083862305,0.6599633097648621,0.6691552996635437,0.1434789001941681,0.10410639643669128,0.018292486667633057,0.0006860663997940719,0.03300382653061224,0.0,0.9639145135879517
internal,mango gall midge,multiple leaf dataset/mango leaf/mango gall midge/mango gall midge (367).jpg,480,360,1.3333333333333333,0.7840409278869629,0.7790578603744507,0.7490941882133484,0.777131974697113,0.16231170296669006,0.08477617055177689,0.012490272521972656,0.0007404127973131835,0.0020926339285714285,0.0,0.979399561882019
internal,mango gall midge,multiple leaf dataset/mango leaf/mango gall midge/mango gall midge (290).jpg,480,360,1.3333333333333333,0.7630213499069214,0.7628607749938965,0.6982272267341614,0.7555405497550964,0.20956631004810333,0.166655495762825,0.032236456871032715,0.0009207568946294487,0.00448421556122449,0.00031887755102040814,0.9303798675537109
internal,mango gall midge,multiple leaf dataset/mango leaf/mango gall midge/mango gall midge (329).jpg,480,360,1.3333333333333333,0.6855190992355347,0.6824765801429749,0.6397635340690613,0.6785169839859009,0.2333146631717682,0.19598908722400665,0.019835293292999268,0.0009095334680750966,0.08729272959183673,0.0031489158163265306,0.9816908240318298
internal,mango gall midge,multiple leaf dataset/mango leaf/mango gall midge/mango gall midge (436).jpg,480,360,1.3333333333333333,0.7502899169921875,0.7469480037689209,0.694611668586731,0.7419809103012085,0.22689540684223175,0.1510719358921051,0.02449721097946167,0.0009324700804427266,0.01572464923469388,0.0010363520408163266,0.931037187576294
internal,mango gall midge,multiple leaf dataset/mango leaf/mango gall midge/mango gall midge (100).jpg,480,360,1.3333333333333333,0.6366807818412781,0.646111249923706,0.7296627759933472,0.6528163552284241,0.22330649197101593,0.21987369656562805,-0.03706049919128418,0.001052162260748446,0.12376434948979592,0.06074617346938776,0.9549282193183899
internal,mango gall midge,multiple leaf dataset/mango leaf/mango gall midge/mango gall midge (41).jpg,480,360,1.3333333333333333,0.6694522500038147,0.6650879383087158,0.6423102021217346,0.6637962460517883,0.25784024596214294,0.2194862961769104,0.009206712245941162,0.0012943503679707646,0.1454480229591837,0.046775350765306124,0.9340791702270508
internal,mango gall midge,multiple leaf dataset/mango leaf/mango gall midge/mango gall midge (384).jpg,480,360,1.3333333333333333,0.678565502166748,0.6735508441925049,0.6690450310707092,0.6745365858078003,0.24389491975307465,0.1290336549282074,-0.0002543926239013672,0.0006132717244327068,0.12543845663265307,0.08055644132653061,0.9587340950965881
internal,mango gall midge,multiple leaf dataset/mango leaf/mango gall midge/mango gall midge (405).jpg,480,360,1.3333333333333333,0.706538736820221,0.7089452147483826,0.6845375895500183,0.705443263053894,0.21508178114891052,0.1424068659543991,0.01340705156326294,0.0007979609072208405,0.04195232780612245,0.0024314413265306123,0.7774001359939575
internal,mango gall midge,multiple leaf dataset/mango leaf/mango gall midge/mango gall midge (292).jpg,480,360,1.3333333333333333,0.6526846885681152,0.6471524834632874,0.5916908979415894,0.6424840092658997,0.2193063497543335,0.20337563753128052,0.02496469020843506,0.0009803702123463154,0.03868383290816327,0.002331792091836735,0.9711076021194458
internal,mango gall midge,multiple leaf dataset/mango leaf/mango gall midge/mango gall midge (391).jpg,480,360,1.3333333333333333,0.46899324655532837,0.4753706753253937,0.4733109772205353,0.47322899103164673,0.127469003200531,0.1198921799659729,0.004218548536300659,0.000764921132940799,0.13097895408163265,0.043865593112244895,0.9419992566108704
internal,mango gall midge,multiple leaf dataset/mango leaf/mango gall midge/mango gall midge (319).jpg,480,360,1.3333333333333333,0.7694266438484192,0.7655795216560364,0.7377619743347168,0.7635585069656372,0.1767285019159317,0.09369827806949615,0.011985242366790771,0.0008853712351992726,0.00350765306122449,0.0,0.9651874303817749
internal,mango gall midge,multiple leaf dataset/mango leaf/mango gall midge/mango gall midge (184).jpg,480,360,1.3333333333333333,0.6665232181549072,0.6535379886627197,0.6268743276596069,0.6543808579444885,0.21931733191013336,0.15984319150447845,0.0068392157554626465,0.0007835256401449442,0.12073501275510204,0.0008769132653061224,0.9631973505020142
internal,mango gall midge,multiple leaf dataset/mango leaf/mango gall midge/mango gall midge (412).jpg,480,360,1.3333333333333333,0.7149304747581482,0.701078474521637,0.6859430074691772,0.7034947872161865,0.1785523146390915,0.09880661219358444,0.0006417632102966309,0.0007190765463747084,0.06865832270408163,0.0016541772959183674,0.9126436710357666
internal,mango gall midge,multiple leaf dataset/mango leaf/mango gall midge/mango gall midge (42).jpg,480,360,1.3333333333333333,0.6461412310600281,0.6369596123695374,0.6116258502006531,0.6368168592453003,0.27424758672714233,0.24401116371154785,0.008076071739196777,0.001214929623529315,0.18279655612244897,0.07124920280612244,0.8732776045799255
internal,mango gall midge,multiple leaf dataset/mango leaf/mango gall midge/mango gall midge (2).jpg,480,360,1.3333333333333333,0.6830395460128784,0.6798427104949951,0.6704976558685303,0.6797332167625427,0.1921529620885849,0.1578463315963745,0.0030741095542907715,0.0006965376669541001,0.06692442602040816,0.012396364795918368,0.8155978918075562
internal,mango gall midge,multiple leaf dataset/mango leaf/mango gall midge/mango gall midge (285).jpg,480,360,1.3333333333333333,0.7344803214073181,0.7346220016479492,0.6752461194992065,0.7278107404708862,0.2214793562889099,0.1693180650472641,0.029758810997009277,0.0008004672126844525,0.004842952806122449,0.0003587372448979592,0.9546366333961487
internal,mango gall midge,multiple leaf dataset/mango leaf/mango gall midge/mango gall midge (349).jpg,480,360,1.3333333333333333,0.7860424518585205,0.7801496386528015,0.7503443956375122,0.7785138487815857,0.21001596748828888,0.10074765235185623,0.011956214904785156,0.000924761756323278,0.05293367346938776,0.01118064413265306,0.8570845723152161
internal,mango gall midge,multiple leaf dataset/mango leaf/mango gall midge/mango gall midge (442).jpg,480,360,1.3333333333333333,0.6362142562866211,0.6273467540740967,0.5751599669456482,0.6240488290786743,0.24176684021949768,0.19299550354480743,0.02165961265563965,0.001222631661221385,0.12796954719387754,0.036232461734693876,0.6997323036193848
internal,mango gall midge,multiple leaf dataset/mango leaf/mango gall midge/mango gall midge (84).jpg,480,360,1.3333333333333333,0.7312793135643005,0.7291650772094727,0.7288540601730347,0.7297618389129639,0.21412517130374908,0.16001641750335693,-0.0009015798568725586,0.0011141726281493902,0.07477678571428571,0.009865274234693877,0.7763605713844299
internal,mango gall midge,multiple leaf dataset/mango leaf/mango gall midge/mango gall midge (461).jpg,480,360,1.3333333333333333,0.669154703617096,0.6547484993934631,0.6346070170402527,0.6567598581314087,0.17757265269756317,0.10216131061315536,0.0028676390647888184,0.001076826243661344,0.08077566964285714,0.028698979591836735,0.9018798470497131
internal,mango gall midge,multiple leaf dataset/mango leaf/mango gall midge/mango gall midge (57).jpg,480,360,1.3333333333333333,0.6633230447769165,0.6508991718292236,0.63013756275177,0.6522471308708191,0.2124006748199463,0.19845344126224518,0.004168868064880371,0.0008764175581745803,0.09177694515306123,0.031748246173469385,0.9457761645317078
internal,mango gall midge,multiple leaf dataset/mango leaf/mango gall midge/mango gall midge (320).jpg,480,360,1.3333333333333333,0.7844443917274475,0.7780216932296753,0.7480621337890625,0.776526689529419,0.17461083829402924,0.09422769397497177,0.011768460273742676,0.0007576016359962523,0.0015146683673469387,0.0,0.9600176215171814
internal,mango gall midge,multiple leaf dataset/mango leaf/mango gall midge/mango gall midge (188).jpg,480,360,1.3333333333333333,0.6303340196609497,0.6202058792114258,0.5848897099494934,0.6192082166671753,0.24399936199188232,0.19101975858211517,0.012593984603881836,0.0007581724203191698,0.16346460459183673,0.004165338010204082,0.9836142063140869
internal,mango gall midge,multiple leaf dataset/mango leaf/mango gall midge/mango gall midge (497).jpg,480,360,1.3333333333333333,0.6758716106414795,0.6827148795127869,0.6951543092727661,0.6820868849754333,0.21955357491970062,0.19053064286708832,-0.0027980804443359375,0.000869196024723351,0.09679926658163265,0.046556122448979595,0.9512757062911987
internal,mango gall midge,multiple leaf dataset/mango leaf/mango gall midge/mango gall midge (317).jpg,480,360,1.3333333333333333,0.7313936352729797,0.720142126083374,0.6853238940238953,0.719537079334259,0.18525025248527527,0.1148567870259285,0.011783361434936523,0.0008480201940983534,0.04314811862244898,0.0001992984693877551,0.92963045835495
internal,mango gall midge,multiple leaf dataset/mango leaf/mango gall midge/mango gall midge (491).jpg,480,360,1.3333333333333333,0.6648134589195251,0.6482093930244446,0.6259183287620544,0.6506327986717224,0.18824289739131927,0.10958579927682877,0.002843499183654785,0.0008984202868305147,0.08412388392857142,0.015365911989795918,0.7905307412147522
internal,mango gall midge,multiple leaf dataset/mango leaf/mango gall midge/mango gall midge (266).jpg,480,360,1.3333333333333333,0.7009767889976501,0.6914802193641663,0.6619722247123718,0.6909556984901428,0.23073652386665344,0.14797310531139374,0.010005712509155273,0.0006094016134738922,0.05658083545918367,0.004464285714285714,0.9278982281684875
internal,mango gall midge,multiple leaf dataset/mango leaf/mango gall midge/mango gall midge (179).jpg,480,360,1.3333333333333333,0.6485632061958313,0.6448966264724731,0.6356720924377441,0.6449412703514099,0.19865500926971436,0.11965961754322052,0.0027790069580078125,0.0008856302010826766,0.10056600765306123,0.021285076530612245,0.9739263653755188
internal,mango gall midge,multiple leaf dataset/mango leaf/mango gall midge/mango gall midge (492).jpg,480,360,1.3333333333333333,0.6886120438575745,0.6720527410507202,0.6519454717636108,0.6747117042541504,0.16511647403240204,0.0986616238951683,0.0017739534378051758,0.0010797096183523536,0.06686463647959184,0.0027901785714285715,0.9394403696060181
internal,mango gall midge,multiple leaf dataset/mango leaf/mango gall midge/mango gall midge (212).jpg,480,360,1.3333333333333333,0.76311194896698,0.7554407119750977,0.6971704363822937,0.7510915994644165,0.2324867695569992,0.16286210715770721,0.025299549102783203,0.0012120832689106464,0.016083386479591837,0.0003786670918367347,0.7949817776679993
internal,mango gall midge,multiple leaf dataset/mango leaf/mango gall midge/mango gall midge (167).jpg,480,360,1.3333333333333333,0.7446853518486023,0.7375237345695496,0.6988810300827026,0.7352597713470459,0.18966518342494965,0.12461703270673752,0.015740573406219482,0.001071627950295806,0.0018734056122448979,7.971938775510203e-05,0.8921634554862976
internal,mango gall midge,multiple leaf dataset/mango leaf/mango gall midge/mango gall midge (389).jpg,480,360,1.3333333333333333,0.759477436542511,0.7644714117050171,0.7347409129142761,0.759588897228241,0.24579346179962158,0.13785414397716522,0.017362236976623535,0.0008908355375751853,0.03958067602040816,9.964923469387755e-05,0.8252996206283569
internal,mango gall midge,multiple leaf dataset/mango leaf/mango gall midge/mango gall midge (123).jpg,480,360,1.3333333333333333,0.7405734658241272,0.7280911207199097,0.707359790802002,0.7294599413871765,0.14009463787078857,0.07487379759550095,0.0041245222091674805,0.0006028254283592105,0.025809151785714284,9.964923469387755e-05,0.9020916223526001
internal,mango gall midge,multiple leaf dataset/mango leaf/mango gall midge/mango gall midge (400).jpg,480,360,1.3333333333333333,0.7593960165977478,0.7550386786460876,0.7254918217658997,0.7529731392860413,0.2355814427137375,0.12409188598394394,0.012594759464263916,0.0009202208602800965,0.06939572704081633,0.001096141581632653,0.9251879453659058
internal,mango gall midge,multiple leaf dataset/mango leaf/mango gall midge/mango gall midge (115).jpg,480,360,1.3333333333333333,0.711378276348114,0.7020406126976013,0.6689872145652771,0.7010645270347595,0.16723603010177612,0.10872799903154373,0.011857867240905762,0.0006679205107502639,0.00603874362244898,0.0003587372448979592,0.8277298212051392
internal,mango gall midge,multiple leaf dataset/mango leaf/mango gall midge/mango gall midge (134).jpg,480,360,1.3333333333333333,0.7805251479148865,0.772216796875,0.7446452379226685,0.7715578675270081,0.2390589714050293,0.10986676812171936,0.009631633758544922,0.0007786400383338332,0.09793526785714286,0.0040058992346938774,0.7222172617912292
internal,mango gall midge,multiple leaf dataset/mango leaf/mango gall midge/mango gall midge (76).jpg,480,360,1.3333333333333333,0.6193070411682129,0.6464487910270691,0.5976170897483826,0.6327666640281677,0.22666122019290924,0.19212092459201813,0.037986695766448975,0.001042781281284988,0.1351642219387755,0.03475765306122449,0.8732183575630188
internal,mango gall midge,multiple leaf dataset/mango leaf/mango gall midge/mango gall midge (52).jpg,480,360,1.3333333333333333,0.6751251220703125,0.6811042428016663,0.6707573533058167,0.6781370043754578,0.2243390530347824,0.22446978092193604,0.008163034915924072,0.000894940341822803,0.08679448341836735,0.034458705357142856,0.7113654613494873
internal,mango gall midge,multiple leaf dataset/mango leaf/mango gall midge/mango gall midge (440).jpg,480,360,1.3333333333333333,0.7383410334587097,0.7219259142875671,0.7003173828125,0.7243706583976746,0.17739234864711761,0.08939369022846222,0.0025966763496398926,0.0010080947540700436,0.05219626913265306,0.010044642857142858,0.911375105381012
internal,mango gall midge,multiple leaf dataset/mango leaf/mango gall midge/mango gall midge (463).jpg,480,360,1.3333333333333333,0.6667665839195251,0.6566319465637207,0.6345072984695435,0.6571400165557861,0.1776479035615921,0.09909471869468689,0.005995035171508789,0.0009025580366142094,0.08284837372448979,0.026327327806122448,0.7951992750167847
internal,mango gall midge,multiple leaf dataset/mango leaf/mango gall midge/mango gall midge (86).jpg,480,360,1.3333333333333333,0.6966423392295837,0.6841323971748352,0.6671317219734192,0.6859349012374878,0.2648853659629822,0.1960146725177765,0.0022453665733337402,0.0009464606991969049,0.12356505102040816,0.07461734693877552,0.9796833395957947
internal,mango gall midge,multiple leaf dataset/mango leaf/mango gall midge/mango gall midge (180).jpg,480,360,1.3333333333333333,0.7709635496139526,0.7685111165046692,0.741834819316864,0.7662032842636108,0.2051437348127365,0.09826862812042236,0.012111961841583252,0.0008839377551339567,0.04739317602040816,7.971938775510203e-05,0.9831978678703308
internal,mango gall midge,multiple leaf dataset/mango leaf/mango gall midge/mango gall midge (175).jpg,480,360,1.3333333333333333,0.742181122303009,0.73175048828125,0.7015620470046997,0.731427788734436,0.19105613231658936,0.11182164400815964,0.009878873825073242,0.0009481351007707417,0.022401147959183673,0.0012356505102040817,0.7911502718925476
internal,mango gall midge,multiple leaf dataset/mango leaf/mango gall midge/mango gall midge (275).jpg,480,360,1.3333333333333333,0.7898730635643005,0.7828193306922913,0.7457804083824158,0.780705988407135,0.20985741913318634,0.11486329883337021,0.014992594718933105,0.001147002330981195,0.018993144132653062,0.00023915816326530612,0.945809543132782
internal,mango gall midge,multiple leaf dataset/mango leaf/mango gall midge/mango gall midge (280).jpg,480,360,1.3333333333333333,0.7611982226371765,0.7488181591033936,0.7187690138816833,0.7490941882133484,0.18407270312309265,0.10718915611505508,0.008834540843963623,0.000871103024110198,0.014190051020408163,0.00033880739795918367,0.8636971116065979
internal,mango gall midge,multiple leaf dataset/mango leaf/mango gall midge/mango gall midge (326).jpg,480,360,1.3333333333333333,0.7722030282020569,0.7698314189910889,0.730151355266571,0.7660170793533325,0.22345523536205292,0.13866251707077026,0.018654227256774902,0.0009272363968193531,0.01725924744897959,0.0007971938775510204,0.9862340688705444
internal,mango gall midge,multiple leaf dataset/mango leaf/mango gall midge/mango gall midge (447).jpg,480,360,1.3333333333333333,0.7348413467407227,0.7246490716934204,0.6998769044876099,0.7248725295066833,0.2182660549879074,0.106170155107975,0.00728994607925415,0.001276026712730527,0.07718829719387756,0.019232302295918366,0.896834135055542
internal,mango gall midge,multiple leaf dataset/mango leaf/mango gall midge/mango gall midge (493).jpg,480,360,1.3333333333333333,0.6769462823867798,0.659852921962738,0.6378988027572632,0.6624610424041748,0.16334618628025055,0.10280848294496536,0.0024303793907165527,0.0009676782647147775,0.06947544642857142,0.004603794642857143,0.9391539096832275
internal,mango gall midge,multiple leaf dataset/mango leaf/mango gall midge/mango gall midge (91).jpg,480,360,1.3333333333333333,0.7773467302322388,0.768499493598938,0.7172350287437439,0.7653006911277771,0.22802364826202393,0.14483699202537537,0.021208643913269043,0.0008569215424358845,0.058095503826530615,0.0013950892857142857,0.7978258728981018
internal,mango gall midge,multiple leaf dataset/mango leaf/mango gall midge/mango gall midge (174).jpg,480,360,1.3333333333333333,0.7853749990463257,0.7758287787437439,0.7385202646255493,0.7744299173355103,0.2012699693441391,0.11349140107631683,0.013881146907806396,0.0010440066689625382,0.019690688775510203,0.0007772640306122449,0.7653683423995972
internal,mango gall midge,multiple leaf dataset/mango leaf/mango gall midge/mango gall midge (401).jpg,480,360,1.3333333333333333,0.7433845400810242,0.7393431663513184,0.7047849297523499,0.7366118431091309,0.2406429797410965,0.14020317792892456,0.015258431434631348,0.0009907518979161978,0.05592315051020408,0.0018534757653061226,0.9198912382125854
internal,mango gall midge,multiple leaf dataset/mango leaf/mango gall midge/mango gall midge (219).jpg,480,360,1.3333333333333333,0.7614535689353943,0.755797803401947,0.7184513807296753,0.7532314658164978,0.19757723808288574,0.11258856952190399,0.01584535837173462,0.0011639498407021165,0.006716358418367347,1.992984693877551e-05,0.8783624172210693
internal,mango gall midge,multiple leaf dataset/mango leaf/mango gall midge/mango gall midge (379).jpg,480,360,1.3333333333333333,0.7862405776977539,0.7854411005973816,0.7381445169448853,0.7802882790565491,0.23730437457561493,0.14039814472198486,0.02324855327606201,0.0010575840715318918,0.007393973214285714,0.0002192283163265306,0.9836028814315796
internal,mango gall midge,multiple leaf dataset/mango leaf/mango gall midge/mango gall midge (245).jpg,480,360,1.3333333333333333,0.7341448664665222,0.7211201190948486,0.691872239112854,0.7216801643371582,0.20536395907402039,0.11925448477268219,0.00811159610748291,0.0006222697556950152,0.0770687181122449,0.00025908801020408165,0.9688331484794617
internal,mango gall midge,multiple leaf dataset/mango leaf/mango gall midge/mango gall midge (78).jpg,480,360,1.3333333333333333,0.6745758056640625,0.6937447190284729,0.6634495854377747,0.6845595836639404,0.16059109568595886,0.11072968691587448,0.02473205327987671,0.0007209706818684936,0.03513632015306122,1.992984693877551e-05,0.9294884204864502
internal,mango gall midge,multiple leaf dataset/mango leaf/mango gall midge/mango gall midge (18).jpg,480,360,1.3333333333333333,0.6422252655029297,0.6349826455116272,0.6090207695960999,0.6341885924339294,0.2312912940979004,0.22657203674316406,0.009359657764434814,0.0008425141568295658,0.11090959821428571,0.030512595663265307,0.9613882899284363
internal,mango gall midge,multiple leaf dataset/mango leaf/mango gall midge/mango gall midge (176).jpg,480,360,1.3333333333333333,0.796180248260498,0.789313018321991,0.737755298614502,0.7854886651039124,0.20493359863758087,0.13177065551280975,0.022345244884490967,0.0010239522671326995,0.0048828125,0.0008769132653061224,0.7400913834571838
internal,mango gall midge,multiple leaf dataset/mango leaf/mango gall midge/mango gall midge (239).jpg,480,360,1.3333333333333333,0.7186515927314758,0.7200127243995667,0.6920855641365051,0.7164220809936523,0.2217404842376709,0.12672612071037292,0.014644145965576172,0.000569579133298248,0.04261001275510204,0.00235172193877551,0.8029950857162476
internal,mango gall midge,multiple leaf dataset/mango leaf/mango gall midge/mango gall midge (116).jpg,480,360,1.3333333333333333,0.7281439900398254,0.7232956290245056,0.6859861612319946,0.7204920053482056,0.1755153387784958,0.11502207815647125,0.016230523586273193,0.000652510323561728,0.0018734056122448979,0.00013950892857142856,0.9575168490409851
internal,mango gall midge,multiple leaf dataset/mango leaf/mango gall midge/mango gall midge (79).jpg,480,360,1.3333333333333333,0.627528965473175,0.6560340523719788,0.6145775318145752,0.6427849531173706,0.19840148091316223,0.18331439793109894,0.034980833530426025,0.0009823159780353308,0.13083944515306123,0.002610809948979592,0.9620034098625183
internal,mango gall midge,multiple leaf dataset/mango leaf/mango gall midge/mango gall midge (324).jpg,480,360,1.3333333333333333,0.7704598307609558,0.7672162652015686,0.7345255613327026,0.7644594311714172,0.22595961391925812,0.12578506767749786,0.014723598957061768,0.0009597503812983632,0.0431281887755102,0.0003786670918367347,0.9856422543525696
internal,mango gall midge,multiple leaf dataset/mango leaf/mango gall midge/mango gall midge (308).jpg,480,360,1.3333333333333333,0.7495412230491638,0.7401056289672852,0.717444658279419,0.7403435111045837,0.16840991377830505,0.08446187525987625,0.006612658500671387,0.000984150799922645,0.012476084183673469,3.985969387755102e-05,0.881608247756958
internal,mango gall midge,multiple leaf dataset/mango leaf/mango gall midge/mango gall midge (410).jpg,480,360,1.3333333333333333,0.7499761581420898,0.7482805848121643,0.7265769839286804,0.7463133931159973,0.18447256088256836,0.08738159388303757,0.010003983974456787,0.0008204150944948196,0.03657126913265306,0.0006377551020408163,0.9524024128913879
internal,mango gall midge,multiple leaf dataset/mango leaf/mango gall midge/mango gall midge (417).jpg,480,360,1.3333333333333333,0.7265645265579224,0.7306137084960938,0.6858839988708496,0.7243039011955261,0.17479342222213745,0.10504023730754852,0.024389445781707764,0.0009698594803921878,0.005919164540816327,0.00033880739795918367,0.8331930637359619
internal,mango gall midge,multiple leaf dataset/mango leaf/mango gall midge/mango gall midge (189).jpg,480,360,1.3333333333333333,0.7111952900886536,0.7025154232978821,0.6502535343170166,0.6991528272628784,0.24248123168945312,0.1938149631023407,0.021791040897369385,0.0008429062436334789,0.0322265625,0.0003786670918367347,0.9839075803756714
internal,mango gall midge,multiple leaf dataset/mango leaf/mango gall midge/mango gall midge (133).jpg,480,360,1.3333333333333333,0.8065495491027832,0.797607421875,0.7522730231285095,0.7951130270957947,0.20627063512802124,0.11782293766736984,0.01819610595703125,0.0009461737936362624,0.007095025510204082,0.0007573341836734694,0.9309462904930115
internal,mango gall midge,multiple leaf dataset/mango leaf/mango gall midge/mango gall midge (282).jpg,480,360,1.3333333333333333,0.7928344011306763,0.7853100895881653,0.7469548583030701,0.7831873297691345,0.1990991085767746,0.11124764382839203,0.015415489673614502,0.0011163810268044472,0.004185267857142857,0.00013950892857142856,0.8995660543441772
internal,mango gall midge,multiple leaf dataset/mango leaf/mango gall midge/mango gall midge (374).jpg,480,360,1.3333333333333333,0.7637682557106018,0.7677783370018005,0.7541600465774536,0.7650268077850342,0.1948327124118805,0.10635489970445633,0.00881415605545044,0.0007777570281177759,0.02295918367346939,0.00031887755102040814,0.90576171875
internal,mango gall midge,multiple leaf dataset/mango leaf/mango gall midge/mango gall midge (276).jpg,480,360,1.3333333333333333,0.7492691278457642,0.7386941909790039,0.6990382671356201,0.7373353838920593,0.20689882338047028,0.13044793903827667,0.014540493488311768,0.0009686435223557055,0.03832509566326531,0.00047831632653061223,0.821790337562561
internal,mango gall midge,multiple leaf dataset/mango leaf/mango gall midge/mango gall midge (339).jpg,480,360,1.3333333333333333,0.6207711100578308,0.6177241802215576,0.5813589692115784,0.6144895553588867,0.2228345423936844,0.1934623122215271,0.016659140586853027,0.0009040961158461869,0.09359056122448979,0.0021125637755102043,0.8276532292366028
internal,mango gall midge,multiple leaf dataset/mango leaf/mango gall midge/mango gall midge (192).jpg,480,360,1.3333333333333333,0.772460401058197,0.7660254836082458,0.7407964468002319,0.7650733590126038,0.22247619926929474,0.10448824614286423,0.00939708948135376,0.0008146406034938991,0.052654655612244895,0.00011957908163265306,0.9644177556037903
internal,mango gall midge,multiple leaf dataset/mango leaf/mango gall midge/mango gall midge (361).jpg,480,360,1.3333333333333333,0.746527910232544,0.7490256428718567,0.7303177714347839,0.7461460828781128,0.19626984000205994,0.09880629181861877,0.010602772235870361,0.0005126342875882983,0.054567920918367346,0.001175860969387755,0.9464120864868164
internal,mango gall midge,multiple leaf dataset/mango leaf/mango gall midge/mango gall midge (87).jpg,480,360,1.3333333333333333,0.7079981565475464,0.6937719583511353,0.6926541924476624,0.6978981494903564,0.22479674220085144,0.15726616978645325,-0.006554245948791504,0.000926476379390806,0.08840880102040816,0.04862882653061224,0.9824734926223755
internal,mango gall midge,multiple leaf dataset/mango leaf/mango gall midge/mango gall midge (3).jpg,480,360,1.3333333333333333,0.6820219159126282,0.686511754989624,0.6998378038406372,0.6866884231567383,0.1783645749092102,0.15155276656150818,-0.004418134689331055,0.000666600011754781,0.06459263392857142,0.002969547193877551,0.8339927196502686
internal,mango gall midge,multiple leaf dataset/mango leaf/mango gall midge/mango gall midge (231).jpg,480,360,1.3333333333333333,0.6812186241149902,0.6782072186470032,0.6648125052452087,0.677580714225769,0.20780117809772491,0.11238257586956024,0.005191624164581299,0.0007889484986662865,0.10387436224489796,0.008629623724489796,0.9497085809707642
internal,mango gall midge,multiple leaf dataset/mango leaf/mango gall midge/mango gall midge (466).jpg,480,360,1.3333333333333333,0.6576151847839355,0.6481941938400269,0.6282188296318054,0.6487338542938232,0.17149299383163452,0.09568391740322113,0.005277156829833984,0.000794729683548212,0.0859375,0.00705516581632653,0.9071733951568604
internal,mango gall midge,multiple leaf dataset/mango leaf/mango gall midge/mango gall midge (25).jpg,480,360,1.3333333333333333,0.6598654985427856,0.6528314352035522,0.6361510753631592,0.6530330181121826,0.19348448514938354,0.1741715669631958,0.004823148250579834,0.0006417046533897519,0.07443797831632654,0.014847735969387755,0.8062692284584045
internal,mango gall midge,multiple leaf dataset/mango leaf/mango gall midge/mango gall midge (131).jpg,480,360,1.3333333333333333,0.7778368592262268,0.7734405994415283,0.7289239764213562,0.7696802616119385,0.2278205156326294,0.1308712512254715,0.020060181617736816,0.0013771310914307833,0.019511320153061226,0.002152423469387755,0.7388209104537964
internal,mango gall midge,multiple leaf dataset/mango leaf/mango gall midge/mango gall midge (337).jpg,480,360,1.3333333333333333,0.7408322095870972,0.730664849281311,0.6897628307342529,0.7290420532226562,0.20478858053684235,0.14187492430210114,0.015367329120635986,0.0010023824870586395,0.00448421556122449,0.0001793686224489796,0.9014200568199158
internal,mango gall midge,multiple leaf dataset/mango leaf/mango gall midge/mango gall midge (221).jpg,480,360,1.3333333333333333,0.7695780992507935,0.758394181728363,0.7340797781944275,0.7589663863182068,0.14717842638492584,0.07676203548908234,0.006565272808074951,0.0007942569209262729,0.004245057397959184,0.0,0.9147286415100098
internal,mango gall midge,multiple leaf dataset/mango leaf/mango gall midge/mango gall midge (301).jpg,480,360,1.3333333333333333,0.7072216868400574,0.7095766663551331,0.6221693754196167,0.6989080309867859,0.23220311105251312,0.23582987487316132,0.04488116502761841,0.001038476824760437,0.003308354591836735,0.00013950892857142856,0.8365078568458557
internal,mango gall midge,multiple leaf dataset/mango leaf/mango gall midge/mango gall midge (281).jpg,480,360,1.3333333333333333,0.7511794567108154,0.7364819645881653,0.7099069356918335,0.7378469109535217,0.18073363602161407,0.10787265002727509,0.00593876838684082,0.0008889113087207079,0.017239317602040817,0.00029894770408163266,0.9115115404129028
internal,mango gall midge,multiple leaf dataset/mango leaf/mango gall midge/mango gall midge (443).jpg,480,360,1.3333333333333333,0.626552164554596,0.6230965852737427,0.570884644985199,0.6181777119636536,0.2360571324825287,0.19927343726158142,0.024378180503845215,0.00110948970541358,0.13807397959183673,0.026666135204081634,0.7107363343238831
internal,mango gall midge,multiple leaf dataset/mango leaf/mango gall midge/mango gall midge (50).jpg,480,360,1.3333333333333333,0.6511428356170654,0.6687933206558228,0.6659680604934692,0.6631937623023987,0.2160487174987793,0.23188354074954987,0.01023787260055542,0.001126298331655562,0.08569834183673469,0.020487882653061226,0.8144420981407166
internal,mango gall midge,multiple leaf dataset/mango leaf/mango gall midge/mango gall midge (210).jpg,480,360,1.3333333333333333,0.7890390157699585,0.7791878581047058,0.749272882938385,0.7787230610847473,0.1693674921989441,0.08793451637029648,0.01003187894821167,0.000879757571965456,0.00510204081632653,0.0,0.8920394778251648
internal,mango gall midge,multiple leaf dataset/mango leaf/mango gall midge/mango gall midge (247).jpg,480,360,1.3333333333333333,0.7529339790344238,0.7445753216743469,0.7005279660224915,0.742053210735321,0.2387915998697281,0.15080136060714722,0.01784437894821167,0.0008066296577453613,0.04526068239795918,0.00011957908163265306,0.7118929624557495
internal,mango gall midge,multiple leaf dataset/mango leaf/mango gall midge/mango gall midge (377).jpg,480,360,1.3333333333333333,0.7940434813499451,0.7926117777824402,0.7648505568504333,0.7898750901222229,0.20094552636146545,0.09475196152925491,0.013164758682250977,0.0009910716908052564,0.01207748724489796,0.0007772640306122449,0.8999585509300232
internal,mango gall midge,multiple leaf dataset/mango leaf/mango gall midge/mango gall midge (73).jpg,480,360,1.3333333333333333,0.6139746904373169,0.6368556618690491,0.5988725423812866,0.6256841421127319,0.2048073709011078,0.18355077505111694,0.030432045459747314,0.0007032850990071893,0.13934948979591838,0.0064572704081632655,0.8929497003555298
internal,mango gall midge,multiple leaf dataset/mango leaf/mango gall midge/mango gall midge (244).jpg,480,360,1.3333333333333333,0.7941078543663025,0.788135290145874,0.7541715502738953,0.7860491871833801,0.21596866846084595,0.11119937896728516,0.013995587825775146,0.0006923491600900888,0.045220822704081634,0.0,0.9736250042915344
internal,mango gall midge,multiple leaf dataset/mango leaf/mango gall midge/mango gall midge (146).jpg,480,360,1.3333333333333333,0.6495734453201294,0.6483660936355591,0.619279682636261,0.6454112529754639,0.24314247071743011,0.15432362258434296,0.013939499855041504,0.0006773031200282276,0.16468032525510204,0.0254703443877551,0.8870848417282104
internal,mango gall midge,multiple leaf dataset/mango leaf/mango gall midge/mango gall midge (346).jpg,480,360,1.3333333333333333,0.7598123550415039,0.764404833316803,0.7238186597824097,0.7584049701690674,0.2323179394006729,0.12972688674926758,0.02258932590484619,0.000879515428096056,0.04197225765306122,0.0010363520408163266,0.9569112062454224
internal,mango gall midge,multiple leaf dataset/mango leaf/mango gall midge/mango gall midge (428).jpg,480,360,1.3333333333333333,0.6523851752281189,0.6413983702659607,0.6073602437973022,0.6408030986785889,0.219110906124115,0.16724611818790436,0.01152569055557251,0.001018236274830997,0.09020248724489796,0.011061065051020409,0.8550220727920532
internal,mango gall midge,multiple leaf dataset/mango leaf/mango gall midge/mango gall midge (243).jpg,480,360,1.3333333333333333,0.7805814146995544,0.7741307020187378,0.7410136461257935,0.7722840309143066,0.22050996124744415,0.11607570946216583,0.01333320140838623,0.0006949239759705961,0.044822225765306124,5.978954081632653e-05,0.9797899723052979
internal,mango gall midge,multiple leaf dataset/mango leaf/mango gall midge/mango gall midge (183).jpg,480,360,1.3333333333333333,0.7671149373054504,0.7598211169242859,0.7241577506065369,0.7579363584518433,0.20962463319301605,0.1258613020181656,0.014184772968292236,0.000845884089358151,0.022341358418367346,9.964923469387755e-05,0.9654455780982971
internal,mango gall midge,multiple leaf dataset/mango leaf/mango gall midge/mango gall midge (419).jpg,480,360,1.3333333333333333,0.7403585314750671,0.7432299256324768,0.7081444263458252,0.7383716106414795,0.1554543375968933,0.07914836704730988,0.018978416919708252,0.001087274868041277,0.009068080357142858,0.0011160714285714285,0.8662764430046082
internal,mango gall midge,multiple leaf dataset/mango leaf/mango gall midge/mango gall midge (425).jpg,480,360,1.3333333333333333,0.6702413558959961,0.6607101559638977,0.614162027835846,0.6582534909248352,0.24401649832725525,0.17149287462234497,0.018508493900299072,0.001400457345880568,0.12189094387755102,0.014309630102040817,0.9378606081008911
internal,mango gall midge,multiple leaf dataset/mango leaf/mango gall midge/mango gall midge (444).jpg,480,360,1.3333333333333333,0.6647334098815918,0.6553468704223633,0.6335271596908569,0.655665934085846,0.19029749929904938,0.10986416041851044,0.006216585636138916,0.0007471341523341835,0.08386479591836735,0.03326291454081633,0.8142441511154175
internal,mango gall midge,multiple leaf dataset/mango leaf/mango gall midge/mango gall midge (473).jpg,480,360,1.3333333333333333,0.38126230239868164,0.3790642023086548,0.36603519320487976,0.37823614478111267,0.1698206067085266,0.17265860736370087,0.005415439605712891,0.0007855065632611513,0.2272002551020408,0.15652901785714285,0.8853654265403748
internal,mango gall midge,multiple leaf dataset/mango leaf/mango gall midge/mango gall midge (139).jpg,480,360,1.3333333333333333,0.7599177360534668,0.7458910346031189,0.7185664176940918,0.7469700574874878,0.1937393993139267,0.10956341028213501,0.0066489577293396,0.0009418803383596241,0.03910235969387755,0.00011957908163265306,0.9589501023292542
internal,mango gall midge,multiple leaf dataset/mango leaf/mango gall midge/mango gall midge (311).jpg,480,360,1.3333333333333333,0.7059162855148315,0.6951594948768616,0.6567925214767456,0.6940019726753235,0.20148931443691254,0.14559710025787354,0.013805091381072998,0.0007586835417896509,0.005899234693877551,5.978954081632653e-05,0.9158172011375427
internal,mango gall midge,multiple leaf dataset/mango leaf/mango gall midge/mango gall midge (418).jpg,480,360,1.3333333333333333,0.6626267433166504,0.6672083735466003,0.6319920420646667,0.6618238091468811,0.14015112817287445,0.08458559960126877,0.019898951053619385,0.0008531376952305436,0.03186782525510204,0.0006576849489795918,0.8777055144309998
internal,mango gall midge,multiple leaf dataset/mango leaf/mango gall midge/mango gall midge (30).jpg,480,360,1.3333333333333333,0.6703100204467773,0.6905136108398438,0.7031310796737671,0.685911238193512,0.2236243188381195,0.21843339502811432,0.003793060779571533,0.001199197955429554,0.09903140943877552,0.018534757653061226,0.7170778512954712
internal,mango gall midge,multiple leaf dataset/mango leaf/mango gall midge/mango gall midge (462).jpg,480,360,1.3333333333333333,0.6538474559783936,0.6432380080223083,0.6196112632751465,0.6437167525291443,0.17819656431674957,0.1062227189540863,0.00650864839553833,0.0009706650744192302,0.08671476403061225,0.027503188775510203,0.8078091740608215
internal,mango gall midge,multiple leaf dataset/mango leaf/mango gall midge/mango gall midge (169).jpg,480,360,1.3333333333333333,0.7477496266365051,0.7389073967933655,0.7030459046363831,0.7374630570411682,0.18591153621673584,0.12061161547899246,0.013509631156921387,0.0008196179987862706,0.0021324936224489796,0.00015943877551020407,0.9498132467269897
internal,mango gall midge,multiple leaf dataset/mango leaf/mango gall midge/mango gall midge (127).jpg,480,360,1.3333333333333333,0.719487726688385,0.6995648741722107,0.6739668846130371,0.7026036381721497,0.16414795815944672,0.10542560368776321,0.0028375983238220215,0.0005377959460020065,0.04135443239795918,0.0002192283163265306,0.9077454209327698
internal,mango gall midge,multiple leaf dataset/mango leaf/mango gall midge/mango gall midge (128).jpg,480,360,1.3333333333333333,0.7625797986984253,0.7518056631088257,0.7232575416564941,0.7517727613449097,0.20511656999588013,0.11303535848855972,0.008886992931365967,0.0009262999519705772,0.021723533163265307,0.001793686224489796,0.8864853382110596
internal,mango gall midge,multiple leaf dataset/mango leaf/mango gall midge/mango gall midge (33).jpg,480,360,1.3333333333333333,0.673712968826294,0.6775997877120972,0.6619182229042053,0.6746498942375183,0.258359432220459,0.20156750082969666,0.009784221649169922,0.0007070770370773971,0.13526387117346939,0.06251992984693877,0.9764906167984009
internal,mango gall midge,multiple leaf dataset/mango leaf/mango gall midge/mango gall midge (441).jpg,480,360,1.3333333333333333,0.6466788053512573,0.6307243704795837,0.5991793870925903,0.6318985819816589,0.2118745744228363,0.14451242983341217,0.007795274257659912,0.0010970757575705647,0.10640545280612244,0.04922672193877551,0.7907630801200867
internal,mango gall midge,multiple leaf dataset/mango leaf/mango gall midge/mango gall midge (222).jpg,480,360,1.3333333333333333,0.7663381099700928,0.7542887330055237,0.7287012338638306,0.7549745440483093,0.15228474140167236,0.08213237673044205,0.006769061088562012,0.0008705533109605312,0.005361128826530612,0.0,0.9012159109115601
internal,mango gall midge,multiple leaf dataset/mango leaf/mango gall midge/mango gall midge (396).jpg,480,360,1.3333333333333333,0.6992813348770142,0.6927820444107056,0.6792793869972229,0.6931861042976379,0.2376403659582138,0.13903596997261047,0.0035016536712646484,0.0009157496388070285,0.11244419642857142,0.00922751913265306,0.7737202048301697
internal,mango gall midge,multiple leaf dataset/mango leaf/mango gall midge/mango gall midge (464).jpg,480,360,1.3333333333333333,0.6604140400886536,0.650438666343689,0.6302220225334167,0.6511166095733643,0.17405319213867188,0.0955817848443985,0.005120635032653809,0.0009029685170389712,0.08252949617346939,0.01931202168367347,0.8080883026123047
internal,mango gall midge,multiple leaf dataset/mango leaf/mango gall midge/mango gall midge (37).jpg,480,360,1.3333333333333333,0.6388445496559143,0.6301608085632324,0.6065952777862549,0.6300708055496216,0.2736593782901764,0.24721170961856842,0.007440924644470215,0.0007202245178632438,0.1764190051020408,0.07081074617346939,0.9803100228309631
internal,mango gall midge,multiple leaf dataset/mango leaf/mango gall midge/mango gall midge (58).jpg,480,360,1.3333333333333333,0.6279590129852295,0.6138486862182617,0.5851683616638184,0.6147981286048889,0.22804850339889526,0.2570083439350128,0.007284998893737793,0.0008991473005153239,0.11806441326530612,0.03687021683673469,0.9393050074577332
internal,mango healthy,multiple leaf dataset/mango leaf/mango healthy/mango healthy (299).jpg,480,360,1.3333333333333333,0.8058537244796753,0.8026113510131836,0.7805674076080322,0.8010678887367249,0.2034808099269867,0.09258360415697098,0.009400784969329834,0.0014268564991652966,0.011519451530612245,0.0,0.9623849391937256
internal,mango healthy,multiple leaf dataset/mango leaf/mango healthy/mango healthy (490).jpg,480,360,1.3333333333333333,0.7308320999145508,0.7515581846237183,0.7442508339881897,0.7445279955863953,0.23883578181266785,0.11404307931661606,0.01401674747467041,0.0014104887377470732,0.04029815051020408,0.0,0.7261792421340942
internal,mango healthy,multiple leaf dataset/mango leaf/mango healthy/mango healthy (198).jpg,480,360,1.3333333333333333,0.6718538999557495,0.708649218082428,0.6155731081962585,0.6870366930961609,0.2556569576263428,0.23175804316997528,0.06493574380874634,0.0013612959301099181,0.027483258928571428,0.0,0.8970867395401001
internal,mango healthy,multiple leaf dataset/mango leaf/mango healthy/mango healthy (40).jpg,480,360,1.3333333333333333,0.7403193712234497,0.7597396969795227,0.6906115412712097,0.7460523843765259,0.26085564494132996,0.18947558104991913,0.04427427053451538,0.0011335788294672966,0.038364955357142856,0.0,0.727837085723877
internal,mango healthy,multiple leaf dataset/mango leaf/mango healthy/mango healthy (437).jpg,480,360,1.3333333333333333,0.7608640789985657,0.7726290822029114,0.7535452842712402,0.7669358253479004,0.21079006791114807,0.09231462329626083,0.01542443037033081,0.0012874874519184232,0.026646205357142856,0.0,0.9736965298652649
internal,mango healthy,multiple leaf dataset/mango leaf/mango healthy/mango healthy (163).jpg,480,360,1.3333333333333333,0.562846839427948,0.5563852787017822,0.49420270323753357,0.5512284636497498,0.24417126178741455,0.2522056996822357,0.027860522270202637,0.0008417518110945821,0.25607860331632654,0.05006377551020408,0.9122160077095032
internal,mango healthy,multiple leaf dataset/mango leaf/mango healthy/mango healthy (44).jpg,480,360,1.3333333333333333,0.8284060955047607,0.8333287239074707,0.7974388003349304,0.8277654051780701,0.2291216403245926,0.10640207678079605,0.020406246185302734,0.0010683994041755795,0.029755261479591837,0.0,0.9201191663742065
internal,mango healthy,multiple leaf dataset/mango leaf/mango healthy/mango healthy (284).jpg,480,360,1.3333333333333333,0.8046834468841553,0.8080355525016785,0.7743939757347107,0.8031982183456421,0.24864353239536285,0.12832200527191162,0.018496811389923096,0.0014438838697969913,0.006377551020408163,0.0,0.9844821691513062
internal,mango healthy,multiple leaf dataset/mango leaf/mango healthy/mango healthy (360).jpg,480,360,1.3333333333333333,0.7154541015625,0.7298271656036377,0.6946945190429688,0.7215245366096497,0.22776371240615845,0.11811450868844986,0.02475285530090332,0.0010224857833236456,0.01016422193877551,0.0,0.9129815697669983
internal,mango healthy,multiple leaf dataset/mango leaf/mango healthy/mango healthy (262).jpg,480,360,1.3333333333333333,0.7371187806129456,0.7382434010505676,0.6960353255271912,0.7330954670906067,0.25380703806877136,0.16715013980865479,0.021666347980499268,0.0016045867232605815,0.024394132653061226,0.0,0.8561103940010071
internal,mango healthy,multiple leaf dataset/mango leaf/mango healthy/mango healthy (263).jpg,480,360,1.3333333333333333,0.6930928826332092,0.7031039595603943,0.6455072164535522,0.6935445666313171,0.23539447784423828,0.17365339398384094,0.03380388021469116,0.001197089091874659,0.0,0.0,0.7409884333610535
internal,mango healthy,multiple leaf dataset/mango leaf/mango healthy/mango healthy (303).jpg,480,360,1.3333333333333333,0.7796311378479004,0.7805162668228149,0.7449230551719666,0.7761939764022827,0.2532072067260742,0.14280349016189575,0.018239140510559082,0.0017231759848073125,0.03693000637755102,0.0,0.9239308834075928
internal,mango healthy,multiple leaf dataset/mango leaf/mango healthy/mango healthy (433).jpg,480,360,1.3333333333333333,0.7062157392501831,0.7221646904945374,0.6952447891235352,0.7143270373344421,0.19681720435619354,0.12400811910629272,0.021434426307678223,0.0007732212543487549,0.024394132653061226,0.0,0.9193120002746582
internal,mango healthy,multiple leaf dataset/mango leaf/mango healthy/mango healthy (136).jpg,480,360,1.3333333333333333,0.6877187490463257,0.6856681704521179,0.6243609189987183,0.6792922616004944,0.20998409390449524,0.17710264027118683,0.029628336429595947,0.001174445147626102,0.007194674744897959,0.0,0.8969497084617615
internal,mango healthy,multiple leaf dataset/mango leaf/mango healthy/mango healthy (149).jpg,480,360,1.3333333333333333,0.6367543935775757,0.6613025069236755,0.5717042684555054,0.6437484622001648,0.26803967356681824,0.259872168302536,0.05707317590713501,0.0011543403379619122,0.10249920280612244,0.0002192283163265306,0.6599961519241333
internal,mango healthy,multiple leaf dataset/mango leaf/mango healthy/mango healthy (467).jpg,480,360,1.3333333333333333,0.7234058976173401,0.7473118305206299,0.7082295417785645,0.7357085943222046,0.21936337649822235,0.13985683023929596,0.031494140625,0.0011217843275517225,0.005620216836734694,0.0,0.9766974449157715
internal,mango healthy,multiple leaf dataset/mango leaf/mango healthy/mango healthy (227).jpg,480,360,1.3333333333333333,0.7708494067192078,0.7659775614738464,0.7354382872581482,0.7639527320861816,0.20440180599689484,0.10752169787883759,0.012833714485168457,0.0010837800800800323,0.0007374043367346938,0.0,0.8905537128448486
internal,mango healthy,multiple leaf dataset/mango leaf/mango healthy/mango healthy (232).jpg,480,360,1.3333333333333333,0.7836974859237671,0.7828229069709778,0.7530181407928467,0.779686689376831,0.23913083970546722,0.11818506568670273,0.014465093612670898,0.0012079719454050064,0.03904257015306122,0.0,0.9601007699966431
internal,mango healthy,multiple leaf dataset/mango leaf/mango healthy/mango healthy (362).jpg,480,360,1.3333333333333333,0.7007704973220825,0.7334724068641663,0.7403508424758911,0.7244787216186523,0.1563459187746048,0.1441437155008316,0.012911736965179443,0.0007644214201718569,0.0,0.0,0.9716425538063049
internal,mango healthy,multiple leaf dataset/mango leaf/mango healthy/mango healthy (23).jpg,480,360,1.3333333333333333,0.6128593683242798,0.6418625712394714,0.5740509033203125,0.6254600882530212,0.270370751619339,0.2269447147846222,0.04840743541717529,0.0018169222166761756,0.12802933673469388,0.027004942602040817,0.662879228591919
internal,mango healthy,multiple leaf dataset/mango leaf/mango healthy/mango healthy (310).jpg,480,360,1.3333333333333333,0.7752500176429749,0.774828314781189,0.7432363033294678,0.7713529467582703,0.21609996259212494,0.12309318035840988,0.015585184097290039,0.0010184147395193577,0.029834980867346938,0.0,0.9393072128295898
internal,mango healthy,multiple leaf dataset/mango leaf/mango healthy/mango healthy (6).jpg,480,360,1.3333333333333333,0.7605077028274536,0.7641939520835876,0.7277902364730835,0.7589417099952698,0.2210465967655182,0.11921945214271545,0.020044982433319092,0.0006243695970624685,0.03204719387755102,1.992984693877551e-05,0.8696812391281128
internal,mango healthy,multiple leaf dataset/mango leaf/mango healthy/mango healthy (112).jpg,480,360,1.3333333333333333,0.7035926580429077,0.7059780955314636,0.6410164833068848,0.6978592276573181,0.23909705877304077,0.19017252326011658,0.03367352485656738,0.000941630220040679,0.04398517219387755,0.00015943877551020407,0.9016709327697754
internal,mango healthy,multiple leaf dataset/mango leaf/mango healthy/mango healthy (288).jpg,480,360,1.3333333333333333,0.7422584891319275,0.7400354146957397,0.7072631120681763,0.7369639873504639,0.22644923627376556,0.1256963163614273,0.015274643898010254,0.0011867847060784698,0.08201132015306123,0.0,0.7402458190917969
internal,mango healthy,multiple leaf dataset/mango leaf/mango healthy/mango healthy (325).jpg,480,360,1.3333333333333333,0.6433545351028442,0.6722778677940369,0.5931859016418457,0.6546132564544678,0.24128320813179016,0.259533166885376,0.054007649421691895,0.0011583067243918777,0.034857302295918366,0.0,0.762131929397583
internal,mango healthy,multiple leaf dataset/mango leaf/mango healthy/mango healthy (476).jpg,480,360,1.3333333333333333,0.737388014793396,0.7473446726799011,0.7345575094223022,0.7429099678993225,0.21166129410266876,0.07970526069402695,0.011371910572052002,0.0011434745974838734,0.015465561224489796,0.0,0.8730425238609314
internal,mango healthy,multiple leaf dataset/mango leaf/mango healthy/mango healthy (206).jpg,480,360,1.3333333333333333,0.6450986862182617,0.6587644219398499,0.5976818203926086,0.6477149724960327,0.2512493133544922,0.18802650272846222,0.03737419843673706,0.0012814723886549473,0.1444515306122449,0.0006576849489795918,0.7761902809143066
internal,mango healthy,multiple leaf dataset/mango leaf/mango healthy/mango healthy (47).jpg,480,360,1.3333333333333333,0.7987956404685974,0.7998359203338623,0.7738268971443176,0.7965598702430725,0.24565017223358154,0.08824262022972107,0.013524651527404785,0.0009083172190003097,0.03830516581632653,0.0,0.7945787906646729
internal,mango healthy,multiple leaf dataset/mango leaf/mango healthy/mango healthy (156).jpg,480,360,1.3333333333333333,0.6764162182807922,0.697874128818512,0.6369316577911377,0.6845108270645142,0.25325044989585876,0.19049103558063507,0.041200220584869385,0.0011185489129275084,0.06889748086734694,0.0,0.8510408997535706
internal,mango healthy,multiple leaf dataset/mango leaf/mango healthy/mango healthy (496).jpg,480,360,1.3333333333333333,0.6980522274971008,0.7332170605659485,0.7318230271339417,0.7225440144538879,0.1693931370973587,0.14456738531589508,0.018279433250427246,0.0008898146916180849,0.007035235969387755,0.0,0.9417438507080078
internal,mango healthy,multiple leaf dataset/mango leaf/mango healthy/mango healthy (451).jpg,480,360,1.3333333333333333,0.7565159797668457,0.7773704528808594,0.744025468826294,0.7673336863517761,0.19921386241912842,0.14905118942260742,0.02709972858428955,0.0011068767635151744,0.0005181760204081633,0.0,0.7523820400238037
internal,mango healthy,multiple leaf dataset/mango leaf/mango healthy/mango healthy (148).jpg,480,360,1.3333333333333333,0.6553084850311279,0.6696100234985352,0.5814908742904663,0.6552882790565491,0.259071409702301,0.2617573142051697,0.05121034383773804,0.0010397332953289151,0.01917251275510204,0.0,0.9163187742233276
internal,mango healthy,multiple leaf dataset/mango leaf/mango healthy/mango healthy (8).jpg,480,360,1.3333333333333333,0.6595464944839478,0.6801144480705261,0.6095543503761292,0.6659207344055176,0.2749086022377014,0.22791850566864014,0.04556399583816528,0.0007271196809597313,0.13105867346938777,0.0005580357142857143,0.8833346962928772
internal,mango healthy,multiple leaf dataset/mango leaf/mango healthy/mango healthy (341).jpg,480,360,1.3333333333333333,0.6355088949203491,0.6607528328895569,0.6584812998771667,0.6529459357261658,0.2183203250169754,0.13837729394435883,0.013757765293121338,0.0009045631741173565,0.1398875956632653,0.022441007653061226,0.7955547571182251
internal,mango healthy,multiple leaf dataset/mango leaf/mango healthy/mango healthy (328).jpg,480,360,1.3333333333333333,0.7340601682662964,0.7604698538780212,0.7039694786071777,0.7461323738098145,0.24130022525787354,0.19911427795886993,0.04145503044128418,0.0013339085271582007,0.03631218112244898,0.0,0.8688063025474548
internal,mango healthy,multiple leaf dataset/mango leaf/mango healthy/mango healthy (298).jpg,480,360,1.3333333333333333,0.7492851614952087,0.7552460432052612,0.7069361805915833,0.7479565143585205,0.27361351251602173,0.19088590145111084,0.027135372161865234,0.001306678052060306,0.05410953443877551,0.0,0.9666503071784973
internal,mango healthy,multiple leaf dataset/mango leaf/mango healthy/mango healthy (103).jpg,480,360,1.3333333333333333,0.7553220391273499,0.7554193735122681,0.7173758745193481,0.7510533332824707,0.22074323892593384,0.11406964808702469,0.01907038688659668,0.0012447959743440151,0.029496173469387755,0.0,0.8995972871780396
internal,mango healthy,multiple leaf dataset/mango leaf/mango healthy/mango healthy (367).jpg,480,360,1.3333333333333333,0.7289071083068848,0.7470211386680603,0.7223544716835022,0.7387930154800415,0.24279598891735077,0.11706759035587311,0.02139037847518921,0.0012433246010914445,0.03794642857142857,0.0,0.8318316340446472
internal,mango healthy,multiple leaf dataset/mango leaf/mango healthy/mango healthy (290).jpg,480,360,1.3333333333333333,0.7014360427856445,0.7011222243309021,0.6631714105606079,0.6968896985054016,0.22202421724796295,0.1327817142009735,0.01881849765777588,0.0010975321056321263,0.06156329719387755,1.992984693877551e-05,0.8210330605506897
internal,mango healthy,multiple leaf dataset/mango leaf/mango healthy/mango healthy (329).jpg,480,360,1.3333333333333333,0.7258057594299316,0.7436661720275879,0.676116406917572,0.7306252121925354,0.20509065687656403,0.17444857954978943,0.04270505905151367,0.0009128475212492049,0.0,0.0,0.9095159769058228
internal,mango healthy,multiple leaf dataset/mango leaf/mango healthy/mango healthy (436).jpg,480,360,1.3333333333333333,0.7725995182991028,0.7845287919044495,0.769035279750824,0.7791956663131714,0.19147320091724396,0.08487103879451752,0.013711392879486084,0.000800725887529552,0.0006377551020408163,0.0,0.9380885362625122
internal,mango healthy,multiple leaf dataset/mango leaf/mango healthy/mango healthy (100).jpg,480,360,1.3333333333333333,0.6759529709815979,0.6939399838447571,0.6195780634880066,0.6800845265388489,0.279529869556427,0.21789664030075073,0.046174466609954834,0.0010012862039729953,0.021364795918367346,0.0,0.7229735255241394
internal,mango healthy,multiple leaf dataset/mango leaf/mango healthy/mango healthy (41).jpg,480,360,1.3333333333333333,0.7181037068367004,0.7257769703865051,0.6749550700187683,0.717689037322998,0.2566477060317993,0.16435164213180542,0.029247581958770752,0.0013059648917987943,0.10072544642857142,0.0,0.9020125865936279
internal,mango healthy,multiple leaf dataset/mango leaf/mango healthy/mango healthy (384).jpg,480,360,1.3333333333333333,0.7426114678382874,0.7611686587333679,0.7143779397010803,0.7502859234809875,0.20460321009159088,0.14653721451759338,0.03267395496368408,0.0009077372378669679,0.012555803571428572,0.0,0.9080140590667725
internal,mango healthy,multiple leaf dataset/mango leaf/mango healthy/mango healthy (405).jpg,480,360,1.3333333333333333,0.7134971022605896,0.7276473045349121,0.6982682943344116,0.7200670838356018,0.23595227301120758,0.11864099651575089,0.021764636039733887,0.0013163788244128227,0.08902662627551021,0.0,0.9520290493965149
internal,mango healthy,multiple leaf dataset/mango leaf/mango healthy/mango healthy (292).jpg,480,360,1.3333333333333333,0.7652217149734497,0.7702842354774475,0.7212264537811279,0.7631779909133911,0.2856159806251526,0.19368138909339905,0.02706015110015869,0.0014215067494660616,0.011918048469387755,0.0,0.7423133850097656
internal,mango healthy,multiple leaf dataset/mango leaf/mango healthy/mango healthy (391).jpg,480,360,1.3333333333333333,0.7400060296058655,0.7504417896270752,0.7322430610656738,0.7452468872070312,0.19791169464588165,0.09647775441408157,0.01431727409362793,0.0008453800692223012,0.014628507653061224,0.0,0.8655251264572144
internal,mango healthy,multiple leaf dataset/mango leaf/mango healthy/mango healthy (319).jpg,480,360,1.3333333333333333,0.7484212517738342,0.7557302713394165,0.7269086837768555,0.7502592206001282,0.2137710452079773,0.10144883394241333,0.018065333366394043,0.0008978548576124012,0.04669563137755102,0.0,0.8961226940155029
internal,mango healthy,multiple leaf dataset/mango leaf/mango healthy/mango healthy (184).jpg,480,360,1.3333333333333333,0.7141907215118408,0.7026067972183228,0.6349218487739563,0.6983543038368225,0.2040100395679474,0.1717289686203003,0.028050541877746582,0.0006276359199546278,0.05016342474489796,0.002232142857142857,0.9320682883262634
internal,mango healthy,multiple leaf dataset/mango leaf/mango healthy/mango healthy (412).jpg,480,360,1.3333333333333333,0.7212195992469788,0.7390525937080383,0.7179398536682129,0.7313136458396912,0.2238490879535675,0.11749877035617828,0.019472897052764893,0.0008734975708648562,0.03884327168367347,0.0,0.9343658685684204
internal,mango healthy,multiple leaf dataset/mango leaf/mango healthy/mango healthy (42).jpg,480,360,1.3333333333333333,0.7824087142944336,0.7880211472511292,0.7532163262367249,0.7823753952980042,0.24603483080863953,0.11137860268354416,0.020208656787872314,0.0010165417334064841,0.045579559948979595,0.0,0.856160581111908
internal,mango healthy,multiple leaf dataset/mango leaf/mango healthy/mango healthy (2).jpg,480,360,1.3333333333333333,0.6382881999015808,0.6556846499443054,0.6186597943305969,0.6462622880935669,0.2934250831604004,0.1849990338087082,0.027210652828216553,0.001599901239387691,0.2629344706632653,0.033900669642857144,0.8727847933769226
internal,mango healthy,multiple leaf dataset/mango leaf/mango healthy/mango healthy (285).jpg,480,360,1.3333333333333333,0.7576236128807068,0.7605097889900208,0.7134228348731995,0.7542790174484253,0.27417856454849243,0.18481750786304474,0.024986565113067627,0.0014798945048823953,0.016561702806122448,0.0,0.9690766930580139
internal,mango healthy,multiple leaf dataset/mango leaf/mango healthy/mango healthy (349).jpg,480,360,1.3333333333333333,0.7670470476150513,0.7769113779067993,0.7481491565704346,0.7706830501556396,0.19236862659454346,0.1095661073923111,0.019313275814056396,0.0008978687110356987,0.019810267857142856,0.0,0.9638074636459351
internal,mango healthy,multiple leaf dataset/mango leaf/mango healthy/mango healthy (442).jpg,480,360,1.3333333333333333,0.7313507795333862,0.7520754933357239,0.7600390315055847,0.7467865943908691,0.1801900416612625,0.1056956946849823,0.006380617618560791,0.0009116884903050959,0.005719866071428571,0.0,0.9800950288772583
internal,mango healthy,multiple leaf dataset/mango leaf/mango healthy/mango healthy (84).jpg,480,360,1.3333333333333333,0.7588631510734558,0.7659249305725098,0.7313453555107117,0.7598714232444763,0.2320798933506012,0.11030711233615875,0.020820677280426025,0.0013438657624647021,0.04858896683673469,0.0,0.8997989892959595
internal,mango healthy,multiple leaf dataset/mango leaf/mango healthy/mango healthy (461).jpg,480,360,1.3333333333333333,0.6832907795906067,0.7189124822616577,0.6690879464149475,0.7025815844535828,0.23929116129875183,0.16538281738758087,0.042723119258880615,0.0010475085582584143,0.02028858418367347,0.0,0.9392521977424622
internal,mango healthy,multiple leaf dataset/mango leaf/mango healthy/mango healthy (57).jpg,480,360,1.3333333333333333,0.6963594555854797,0.7187029719352722,0.6512576341629028,0.7043335437774658,0.29732999205589294,0.22588583827018738,0.044894397258758545,0.0018839412368834019,0.15766501913265307,0.0,0.6510595679283142
internal,mango healthy,multiple leaf dataset/mango leaf/mango healthy/mango healthy (320).jpg,480,360,1.3333333333333333,0.6941285133361816,0.7125644087791443,0.6489351391792297,0.6997983455657959,0.2518954575061798,0.18692666292190552,0.041032612323760986,0.001160167157649994,0.04147401147959184,0.0,0.9032847881317139
internal,mango healthy,multiple leaf dataset/mango leaf/mango healthy/mango healthy (188).jpg,480,360,1.3333333333333333,0.7721593379974365,0.7819806933403015,0.7543275952339172,0.7758916616439819,0.2333449274301529,0.10769475251436234,0.01873725652694702,0.0009823957225307822,0.061423788265306124,0.006397480867346939,0.8948473930358887
internal,mango healthy,multiple leaf dataset/mango leaf/mango healthy/mango healthy (497).jpg,480,360,1.3333333333333333,0.751441240310669,0.7629284858703613,0.7085409164428711,0.7532935738563538,0.2619971036911011,0.16721662878990173,0.03293740749359131,0.0014956307131797075,0.06090561224489796,0.0,0.8576180934906006
internal,mango healthy,multiple leaf dataset/mango leaf/mango healthy/mango healthy (317).jpg,480,360,1.3333333333333333,0.7118958234786987,0.7350783348083496,0.665256679058075,0.7201871275901794,0.24490396678447723,0.1804915815591812,0.046502113342285156,0.0008847144199535251,0.010403380102040817,0.0,0.900428295135498
internal,mango healthy,multiple leaf dataset/mango leaf/mango healthy/mango healthy (491).jpg,480,360,1.3333333333333333,0.7332758903503418,0.7620518207550049,0.7454631328582764,0.7515566945075989,0.17780935764312744,0.13613593578338623,0.0226823091506958,0.000857405480928719,0.0,0.0,0.9350293278694153
internal,mango healthy,multiple leaf dataset/mango leaf/mango healthy/mango healthy (266).jpg,480,360,1.3333333333333333,0.7174656987190247,0.703574538230896,0.6763753890991211,0.7046272158622742,0.2206665426492691,0.1265883594751358,0.006654024124145508,0.0008730717818252742,0.0509406887755102,0.007971938775510204,0.8724818229675293
internal,mango healthy,multiple leaf dataset/mango leaf/mango healthy/mango healthy (179).jpg,480,360,1.3333333333333333,0.6701858043670654,0.6768275499343872,0.6433178782463074,0.671021580696106,0.22006110846996307,0.143400639295578,0.020075678825378418,0.0010947006521746516,0.1270328443877551,0.028878348214285716,0.856803834438324
internal,mango healthy,multiple leaf dataset/mango leaf/mango healthy/mango healthy (492).jpg,480,360,1.3333333333333333,0.6913472414016724,0.7370692491531372,0.7532801628112793,0.7252464890480042,0.16213898360729218,0.15540346503257751,0.014755547046661377,0.0009126306977123022,0.003826530612244898,0.0,0.8920974135398865
internal,mango healthy,multiple leaf dataset/mango leaf/mango healthy/mango healthy (212).jpg,480,360,1.3333333333333333,0.6788762211799622,0.6937679648399353,0.6381552815437317,0.6829754710197449,0.24780184030532837,0.166780024766922,0.03525221347808838,0.0010783602483570576,0.03017378826530612,0.0,0.7658126950263977
internal,mango healthy,multiple leaf dataset/mango leaf/mango healthy/mango healthy (167).jpg,480,360,1.3333333333333333,0.604677140712738,0.5869133472442627,0.5045176148414612,0.582831621170044,0.24429118633270264,0.28958845138549805,0.032315969467163086,0.0008534352527931333,0.21992586096938777,0.012097417091836735,0.9714325666427612
internal,mango healthy,multiple leaf dataset/mango leaf/mango healthy/mango healthy (389).jpg,480,360,1.3333333333333333,0.6926889419555664,0.7243166565895081,0.6490097641944885,0.7062749862670898,0.23670250177383423,0.22728759050369263,0.05346733331680298,0.0014387251576408744,0.03326291454081633,0.0,0.7281165719032288
internal,mango healthy,multiple leaf dataset/mango leaf/mango healthy/mango healthy (123).jpg,480,360,1.3333333333333333,0.7058103084564209,0.7210482954978943,0.6719536185264587,0.7108953595161438,0.25331488251686096,0.1574503481388092,0.03216630220413208,0.0007986775599420071,0.06973453443877552,0.0,0.7904182076454163
internal,mango healthy,multiple leaf dataset/mango leaf/mango healthy/mango healthy (400).jpg,480,360,1.3333333333333333,0.7212271690368652,0.7318231463432312,0.7151540517807007,0.7267546653747559,0.20381052792072296,0.09840449690818787,0.013632535934448242,0.000877617159858346,0.04203204719387755,0.0006377551020408163,0.9158753752708435
internal,mango healthy,multiple leaf dataset/mango leaf/mango healthy/mango healthy (115).jpg,480,360,1.3333333333333333,0.6886110901832581,0.6985017657279968,0.6226577758789062,0.6868982315063477,0.24267235398292542,0.2139798402786255,0.04286736249923706,0.0011152740335091949,0.024553571428571428,0.001096141581632653,0.8849872350692749
internal,mango healthy,multiple leaf dataset/mango leaf/mango healthy/mango healthy (134).jpg,480,360,1.3333333333333333,0.6795868873596191,0.6985377073287964,0.6261281371116638,0.6846166849136353,0.2646089792251587,0.2032710164785385,0.04568016529083252,0.0011460365494713187,0.0301937181122449,0.0,0.9233248829841614
internal,mango healthy,multiple leaf dataset/mango leaf/mango healthy/mango healthy (76).jpg,480,360,1.3333333333333333,0.7910027503967285,0.7971735596656799,0.7571660280227661,0.7907676696777344,0.2421136051416397,0.1211819052696228,0.023089170455932617,0.0015095644630491734,0.03067203443877551,0.0,0.9655353426933289
internal,mango healthy,multiple leaf dataset/mango leaf/mango healthy/mango healthy (52).jpg,480,360,1.3333333333333333,0.6875208020210266,0.6884435415267944,0.6429117918014526,0.682977020740509,0.24268247187137604,0.15599673986434937,0.023227214813232422,0.0009588258108124137,0.10877710459183673,0.0014150191326530613,0.9417893290519714
internal,mango healthy,multiple leaf dataset/mango leaf/mango healthy/mango healthy (440).jpg,480,360,1.3333333333333333,0.7565028667449951,0.7703117728233337,0.7684332132339478,0.7659687995910645,0.20900842547416687,0.08391997218132019,0.007843732833862305,0.0014119534753262997,0.058294802295918366,0.0,0.9800976514816284
internal,mango healthy,multiple leaf dataset/mango leaf/mango healthy/mango healthy (463).jpg,480,360,1.3333333333333333,0.7195744514465332,0.7419341206550598,0.7002899646759033,0.730501115322113,0.23186375200748444,0.1381773203611374,0.03200191259384155,0.0008053441997617483,0.0010363520408163266,0.0,0.9378970265388489
internal,mango healthy,multiple leaf dataset/mango leaf/mango healthy/mango healthy (86).jpg,480,360,1.3333333333333333,0.8389055132865906,0.8364944458007812,0.8135836720466614,0.8346036076545715,0.22936269640922546,0.07709264010190964,0.010249853134155273,0.001200017868541181,0.0389030612244898,0.0,0.952194094657898
internal,mango healthy,multiple leaf dataset/mango leaf/mango healthy/mango healthy (180).jpg,480,360,1.3333333333333333,0.7565674781799316,0.7547657489776611,0.727142333984375,0.7521553635597229,0.18325330317020416,0.1010943353176117,0.012910842895507812,0.0004942789091728628,0.01136001275510204,0.0,0.8814436197280884
internal,mango healthy,multiple leaf dataset/mango leaf/mango healthy/mango healthy (175).jpg,480,360,1.3333333333333333,0.6722254753112793,0.6869235634803772,0.6037158370018005,0.6730432510375977,0.284795343875885,0.24299730360507965,0.04895287752151489,0.0010855641448870301,0.041892538265306124,0.0,0.9402013421058655
internal,mango healthy,multiple leaf dataset/mango leaf/mango healthy/mango healthy (275).jpg,480,360,1.3333333333333333,0.7579381465911865,0.7644297480583191,0.7241634726524353,0.7578983902931213,0.22284673154354095,0.11690419912338257,0.02337890863418579,0.001193162170238793,0.012675382653061224,0.0,0.8583946824073792
internal,mango healthy,multiple leaf dataset/mango leaf/mango healthy/mango healthy (280).jpg,480,360,1.3333333333333333,0.8255210518836975,0.8253651857376099,0.8009190559387207,0.8226249814033508,0.21374258399009705,0.10097971558570862,0.012145161628723145,0.0011371455620974302,0.022919323979591837,0.0,0.8332476019859314
internal,mango healthy,multiple leaf dataset/mango leaf/mango healthy/mango healthy (326).jpg,480,360,1.3333333333333333,0.7064333558082581,0.7350332140922546,0.6652237176895142,0.7185236215591431,0.20135769248008728,0.18763363361358643,0.04920464754104614,0.000923236773815006,0.004424426020408163,0.0,0.7648760080337524
internal,mango healthy,multiple leaf dataset/mango leaf/mango healthy/mango healthy (447).jpg,480,360,1.3333333333333333,0.677594780921936,0.7028121948242188,0.6562568545341492,0.6899648904800415,0.2109222710132599,0.2079666256904602,0.035886406898498535,0.0007952520973049104,0.01504703443877551,0.0,0.9464251399040222
internal,mango healthy,multiple leaf dataset/mango leaf/mango healthy/mango healthy (493).jpg,480,360,1.3333333333333333,0.7080207467079163,0.7290827035903931,0.7019523978233337,0.7196922898292542,0.25989463925361633,0.12423137575387955,0.024096131324768066,0.001145258778706193,0.025629783163265307,0.0,0.9323218464851379
internal,mango healthy,multiple leaf dataset/mango leaf/mango healthy/mango healthy (91).jpg,480,360,1.3333333333333333,0.7503436207771301,0.7576034069061279,0.6974179148674011,0.7485715746879578,0.24010711908340454,0.17779631912708282,0.033722639083862305,0.0010124411201104522,0.044244260204081634,0.0,0.795558750629425
internal,mango healthy,multiple leaf dataset/mango leaf/mango healthy/mango healthy (174).jpg,480,360,1.3333333333333333,0.553316056728363,0.5645451545715332,0.46574684977531433,0.5499246716499329,0.24261249601840973,0.3321334719657898,0.05501371622085571,0.0010659857653081417,0.2067920918367347,0.004444355867346939,0.7501493096351624
internal,mango healthy,multiple leaf dataset/mango leaf/mango healthy/mango healthy (401).jpg,480,360,1.3333333333333333,0.7538975477218628,0.7613679766654968,0.7463445663452148,0.7574215531349182,0.19920344650745392,0.08633225411176682,0.011246919631958008,0.0011175853433087468,0.03754783163265306,0.0,0.966410219669342
internal,mango healthy,multiple leaf dataset/mango leaf/mango healthy/mango healthy (219).jpg,480,360,1.3333333333333333,0.7152755260467529,0.7161037921905518,0.6829254031181335,0.712073802947998,0.19239918887615204,0.1229250580072403,0.017003297805786133,0.0005755109013989568,0.03866390306122449,0.0005381058673469387,0.9159404635429382
internal,mango healthy,multiple leaf dataset/mango leaf/mango healthy/mango healthy (379).jpg,480,360,1.3333333333333333,0.7345643043518066,0.7492806315422058,0.7113838791847229,0.7405602335929871,0.23134848475456238,0.13751830160617828,0.026306569576263428,0.0009670124272815883,0.017817283163265307,0.0,0.9165591597557068
internal,mango healthy,multiple leaf dataset/mango leaf/mango healthy/mango healthy (245).jpg,480,360,1.3333333333333333,0.7219383716583252,0.7257695198059082,0.6745398640632629,0.7187837958335876,0.2826458811759949,0.22986532747745514,0.027530431747436523,0.0016125488327816129,0.039919483418367346,0.0,0.9287607669830322
internal,mango healthy,multiple leaf dataset/mango leaf/mango healthy/mango healthy (78).jpg,480,360,1.3333333333333333,0.7382440567016602,0.748405396938324,0.6979787945747375,0.7396184802055359,0.253774493932724,0.1526326686143875,0.03029400110244751,0.0014581134309992194,0.04087611607142857,0.0011559311224489796,0.9193404316902161
internal,mango healthy,multiple leaf dataset/mango leaf/mango healthy/mango healthy (18).jpg,480,360,1.3333333333333333,0.7812215089797974,0.7921363711357117,0.7613545656204224,0.7853637933731079,0.2336704581975937,0.1117793470621109,0.020848333835601807,0.0018039630958810449,0.09024234693877552,0.003268494897959184,0.918965756893158
internal,mango healthy,multiple leaf dataset/mango leaf/mango healthy/mango healthy (176).jpg,480,360,1.3333333333333333,0.705721378326416,0.716559886932373,0.6748090982437134,0.7085596323013306,0.23286990821361542,0.1389029175043106,0.02629464864730835,0.0007850914844311774,0.02684550382653061,0.0,0.9141900539398193
internal,mango healthy,multiple leaf dataset/mango leaf/mango healthy/mango healthy (239).jpg,480,360,1.3333333333333333,0.7482714056968689,0.751298725605011,0.6969467997550964,0.7441973686218262,0.25861281156539917,0.17036309838294983,0.02868962287902832,0.0013923540245741606,0.021424585459183673,0.0,0.9454541206359863
internal,mango healthy,multiple leaf dataset/mango leaf/mango healthy/mango healthy (116).jpg,480,360,1.3333333333333333,0.666754424571991,0.6901928782463074,0.5962153673171997,0.6724713444709778,0.28730568289756775,0.2672062814235687,0.058708012104034424,0.0017393067246302962,0.01797672193877551,0.0,0.848357081413269
internal,mango healthy,multiple leaf dataset/mango leaf/mango healthy/mango healthy (79).jpg,480,360,1.3333333333333333,0.6526781320571899,0.6557115912437439,0.6041409373283386,0.6489255428314209,0.2838480770587921,0.20463958382606506,0.027302086353302002,0.001149409101344645,0.23981584821428573,0.05701929209183673,0.9313865303993225
internal,mango healthy,multiple leaf dataset/mango leaf/mango healthy/mango healthy (324).jpg,480,360,1.3333333333333333,0.6305913925170898,0.6551252007484436,0.5952196717262268,0.6409603953361511,0.1825632005929947,0.1883482187986374,0.042219698429107666,0.0009783483110368252,0.013671875,0.0002192283163265306,0.8762038946151733
internal,mango healthy,multiple leaf dataset/mango leaf/mango healthy/mango healthy (308).jpg,480,360,1.3333333333333333,0.7514660358428955,0.7558039426803589,0.7206346988677979,0.7504976391792297,0.26725926995277405,0.1409265547990799,0.019753575325012207,0.0015704784309491515,0.09375,0.0,0.9752548933029175
internal,mango healthy,multiple leaf dataset/mango leaf/mango healthy/mango healthy (410).jpg,480,360,1.3333333333333333,0.7785301208496094,0.79638671875,0.7617695927619934,0.7871012687683105,0.1941850781440735,0.1250598132610321,0.026236891746520996,0.0008146117907017469,0.0,0.0,0.936566948890686
internal,mango healthy,multiple leaf dataset/mango leaf/mango healthy/mango healthy (417).jpg,480,360,1.3333333333333333,0.7457640767097473,0.7591038942337036,0.7442703247070312,0.753424346446991,0.21855121850967407,0.10423066467046738,0.014086723327636719,0.0009512830292806029,0.027283960459183673,0.0,0.9231179356575012
internal,mango healthy,multiple leaf dataset/mango leaf/mango healthy/mango healthy (189).jpg,480,360,1.3333333333333333,0.7323564887046814,0.7468721270561218,0.700563907623291,0.7372528314590454,0.2786162197589874,0.1533522754907608,0.030411899089813232,0.0010643269633874297,0.09520487882653061,0.002032844387755102,0.8761507272720337
internal,mango healthy,multiple leaf dataset/mango leaf/mango healthy/mango healthy (133).jpg,480,360,1.3333333333333333,0.6806548833847046,0.6862512826919556,0.646988570690155,0.6801020503044128,0.2317284345626831,0.1632288247346878,0.022429585456848145,0.0012594555737450719,0.054787149234693876,0.0,0.8860146999359131
internal,mango healthy,multiple leaf dataset/mango leaf/mango healthy/mango healthy (282).jpg,480,360,1.3333333333333333,0.7216712832450867,0.7300495505332947,0.6709144115447998,0.7208030223846436,0.28735604882240295,0.23677127063274384,0.03375667333602905,0.0013768633361905813,0.03912228954081633,0.0,0.7345848679542542
internal,mango healthy,multiple leaf dataset/mango leaf/mango healthy/mango healthy (374).jpg,480,360,1.3333333333333333,0.627457320690155,0.6528963446617126,0.6693570613861084,0.6471666097640991,0.2283710390329361,0.12648539245128632,0.004489123821258545,0.000914636766538024,0.15208466198979592,0.030113998724489797,0.7906087040901184
internal,mango healthy,multiple leaf dataset/mango leaf/mango healthy/mango healthy (276).jpg,480,360,1.3333333333333333,0.7273489236831665,0.7330355644226074,0.6907072067260742,0.7265098690986633,0.20661373436450958,0.12123602628707886,0.02400749921798706,0.0009806639282032847,0.01526626275510204,0.0,0.8609566688537598
internal,mango healthy,multiple leaf dataset/mango leaf/mango healthy/mango healthy (339).jpg,480,360,1.3333333333333333,0.7587429881095886,0.7655948996543884,0.7517799139022827,0.7619712352752686,0.17322476208209991,0.08383262157440186,0.010333478450775146,0.0006437849369831383,0.027762276785714284,0.0,0.9715472459793091
internal,mango healthy,multiple leaf dataset/mango leaf/mango healthy/mango healthy (192).jpg,480,360,1.3333333333333333,0.6943312883377075,0.7096728086471558,0.6504161357879639,0.6983304619789124,0.23417389392852783,0.1666877269744873,0.03729909658432007,0.0009528863593004644,0.06068638392857143,0.0027901785714285715,0.8798490762710571
internal,mango healthy,multiple leaf dataset/mango leaf/mango healthy/mango healthy (361).jpg,480,360,1.3333333333333333,0.6746587157249451,0.6973744630813599,0.6348965167999268,0.683459997177124,0.2686091661453247,0.18397369980812073,0.04259681701660156,0.0011052482295781374,0.045778858418367346,0.0,0.9106590747833252
internal,mango healthy,multiple leaf dataset/mango leaf/mango healthy/mango healthy (87).jpg,480,360,1.3333333333333333,0.8347651958465576,0.8323501348495483,0.8109467029571533,0.8306322693824768,0.22126100957393646,0.07241595536470413,0.009494185447692871,0.0011728781973943114,0.04298867984693878,0.0,0.9616944789886475
internal,mango healthy,multiple leaf dataset/mango leaf/mango healthy/mango healthy (3).jpg,480,360,1.3333333333333333,0.6835893392562866,0.6829940676689148,0.6402595639228821,0.6783003807067871,0.24948446452617645,0.16183149814605713,0.021069586277008057,0.0009558966848999262,0.1441924426020408,0.03398038903061224,0.805245041847229
internal,mango healthy,multiple leaf dataset/mango leaf/mango healthy/mango healthy (231).jpg,480,360,1.3333333333333333,0.7225072979927063,0.7163283824920654,0.6828363537788391,0.7143577933311462,0.2356967180967331,0.13406242430210114,0.013656556606292725,0.0012306615244597197,0.03635204081632653,0.0,0.7620458006858826
internal,mango healthy,multiple leaf dataset/mango leaf/mango healthy/mango healthy (466).jpg,480,360,1.3333333333333333,0.7408419251441956,0.7650550603866577,0.7276124954223633,0.7535468935966492,0.21148763597011566,0.1337502896785736,0.030827879905700684,0.0008350276621058583,0.0071548150510204085,0.0,0.8961828947067261
internal,mango healthy,multiple leaf dataset/mango leaf/mango healthy/mango healthy (25).jpg,480,360,1.3333333333333333,0.7460253238677979,0.7651511430740356,0.7039914727210999,0.752460241317749,0.258844792842865,0.17368543148040771,0.04014277458190918,0.0016044436488300562,0.055544483418367346,0.0010562818877551021,0.9021121263504028
internal,mango healthy,multiple leaf dataset/mango leaf/mango healthy/mango healthy (131).jpg,480,360,1.3333333333333333,0.6915202140808105,0.6998642683029175,0.6244986653327942,0.6887776851654053,0.279392272233963,0.21603649854660034,0.0418548583984375,0.001139013096690178,0.04860889668367347,0.0,0.9821438193321228
internal,mango healthy,multiple leaf dataset/mango leaf/mango healthy/mango healthy (337).jpg,480,360,1.3333333333333333,0.8297256827354431,0.8246657848358154,0.8063117265701294,0.8240864276885986,0.2476685792207718,0.08143743127584457,0.0066471099853515625,0.000928344379644841,0.04135443239795918,0.0,0.9738889336585999
internal,mango healthy,multiple leaf dataset/mango leaf/mango healthy/mango healthy (221).jpg,480,360,1.3333333333333333,0.7572609782218933,0.7639320492744446,0.7298412919044495,0.7580510973930359,0.2044544219970703,0.11405312269926071,0.020380914211273193,0.0011147395707666874,0.05171795280612245,0.0024115114795918366,0.8222422003746033
internal,mango healthy,multiple leaf dataset/mango leaf/mango healthy/mango healthy (301).jpg,480,360,1.3333333333333333,0.8348109722137451,0.8361179828643799,0.8103061318397522,0.8327847123146057,0.21865403652191162,0.10183943808078766,0.013559460639953613,0.0011549971532076597,0.023895886479591837,0.0,0.973402202129364
internal,mango healthy,multiple leaf dataset/mango leaf/mango healthy/mango healthy (281).jpg,480,360,1.3333333333333333,0.8227566480636597,0.8269261121749878,0.7944175601005554,0.821973443031311,0.24042382836341858,0.12366307526826859,0.018339037895202637,0.0018982385518029332,0.012894610969387755,0.0,0.9772232174873352
internal,mango healthy,multiple leaf dataset/mango leaf/mango healthy/mango healthy (443).jpg,480,360,1.3333333333333333,0.7101585268974304,0.7400028705596924,0.7137792110443115,0.7280899286270142,0.2517326772212982,0.14981476962566376,0.028033971786499023,0.0010110284201800823,0.06808035714285714,0.0,0.7782692909240723
internal,mango healthy,multiple leaf dataset/mango leaf/mango healthy/mango healthy (50).jpg,480,360,1.3333333333333333,0.7136479616165161,0.7174357175827026,0.6648457646369934,0.7103078961372375,0.27656078338623047,0.18722160160541534,0.02818882465362549,0.0015882565639913082,0.07280373086734694,0.0,0.957892656326294
internal,mango healthy,multiple leaf dataset/mango leaf/mango healthy/mango healthy (210).jpg,480,360,1.3333333333333333,0.64987713098526,0.6525444984436035,0.6193490028381348,0.647962749004364,0.22089515626430511,0.15110409259796143,0.017931461334228516,0.0007922941586002707,0.15092873086734693,0.02604830994897959,0.9216412305831909
internal,mango healthy,multiple leaf dataset/mango leaf/mango healthy/mango healthy (247).jpg,480,360,1.3333333333333333,0.8021754622459412,0.8006804585456848,0.7734997868537903,0.798028826713562,0.22266970574855804,0.11707057803869247,0.012842833995819092,0.0011174615938216448,0.011559311224489796,0.0,0.9736754298210144
internal,mango healthy,multiple leaf dataset/mango leaf/mango healthy/mango healthy (377).jpg,480,360,1.3333333333333333,0.7191764712333679,0.7373993396759033,0.6949989199638367,0.727117121219635,0.22762230038642883,0.14619344472885132,0.030311644077301025,0.0008846689597703516,0.010483099489795918,0.0,0.9318223595619202
internal,mango healthy,multiple leaf dataset/mango leaf/mango healthy/mango healthy (73).jpg,480,360,1.3333333333333333,0.7535397410392761,0.7581038475036621,0.7149761915206909,0.7518226504325867,0.22884008288383484,0.1290895938873291,0.023845911026000977,0.001147171831689775,0.050880899234693876,0.0007772640306122449,0.9270382523536682
internal,mango healthy,multiple leaf dataset/mango leaf/mango healthy/mango healthy (244).jpg,480,360,1.3333333333333333,0.7725126147270203,0.7657565474510193,0.7310724854469299,0.7638226747512817,0.2311311811208725,0.14565525949001312,0.01396399736404419,0.0009983315831050277,0.023317920918367346,0.0,0.9556883573532104
internal,mango healthy,multiple leaf dataset/mango leaf/mango healthy/mango healthy (146).jpg,480,360,1.3333333333333333,0.6000672578811646,0.6415874361991882,0.5235610008239746,0.615717887878418,0.2927357852458954,0.33621612191200256,0.07977330684661865,0.001503713778220117,0.048529177295918366,0.0,0.771927535533905
internal,mango healthy,multiple leaf dataset/mango leaf/mango healthy/mango healthy (346).jpg,480,360,1.3333333333333333,0.6522244811058044,0.6806657910346985,0.6717566847801208,0.6711462140083313,0.22962847352027893,0.19071052968502045,0.01867520809173584,0.0012994033750146627,0.1550342793367347,0.013731664540816327,0.9585424065589905
internal,mango healthy,multiple leaf dataset/mango leaf/mango healthy/mango healthy (428).jpg,480,360,1.3333333333333333,0.6220078468322754,0.6567502617835999,0.5625275373458862,0.6356208920478821,0.2795830965042114,0.25640660524368286,0.06448256969451904,0.001219933619722724,0.030791613520408163,0.0,0.9139183759689331
internal,mango healthy,multiple leaf dataset/mango leaf/mango healthy/mango healthy (243).jpg,480,360,1.3333333333333333,0.6833103895187378,0.6921714544296265,0.6386083364486694,0.6834157705307007,0.24546433985233307,0.17630337178707123,0.03121209144592285,0.0010846700752153993,0.07102997448979592,0.0,0.9473795294761658
internal,mango healthy,multiple leaf dataset/mango leaf/mango healthy/mango healthy (183).jpg,480,360,1.3333333333333333,0.7550811171531677,0.7693652510643005,0.7153021097183228,0.7589311599731445,0.25056856870651245,0.15326116979122162,0.034173667430877686,0.0010699066333472729,0.020946269132653062,0.0,0.9609119892120361
internal,mango healthy,multiple leaf dataset/mango leaf/mango healthy/mango healthy (419).jpg,480,360,1.3333333333333333,0.6969690918922424,0.7161791920661926,0.6709645986557007,0.7052810192108154,0.22793619334697723,0.15718276798725128,0.03221231698989868,0.0006424993625842035,0.016641422193877552,0.0,0.92171311378479
internal,mango healthy,multiple leaf dataset/mango leaf/mango healthy/mango healthy (425).jpg,480,360,1.3333333333333333,0.7546718120574951,0.7693660259246826,0.7572046518325806,0.7635861039161682,0.20379407703876495,0.08925287425518036,0.013427793979644775,0.0009308515582233667,0.011220503826530613,0.0,0.9205017685890198
internal,mango healthy,multiple leaf dataset/mango leaf/mango healthy/mango healthy (444).jpg,480,360,1.3333333333333333,0.7105516791343689,0.7371403574943542,0.7008357048034668,0.7250515818595886,0.25413936376571655,0.15837976336479187,0.031446635723114014,0.0015434733359143138,0.03314333545918367,0.0,0.9741042852401733
internal,mango healthy,multiple leaf dataset/mango leaf/mango healthy/mango healthy (473).jpg,480,360,1.3333333333333333,0.7262837886810303,0.7471824884414673,0.7191856503486633,0.7377421855926514,0.22763052582740784,0.12094525247812271,0.02444779872894287,0.001078578527085483,0.0006975446428571429,0.0,0.9070831537246704
internal,mango healthy,multiple leaf dataset/mango leaf/mango healthy/mango healthy (139).jpg,480,360,1.3333333333333333,0.67139732837677,0.6921706199645996,0.6142258644104004,0.6770737171173096,0.2369857132434845,0.21868082880973816,0.049359023571014404,0.0012020578142255545,0.008270886479591837,0.0,0.7472370862960815
internal,mango healthy,multiple leaf dataset/mango leaf/mango healthy/mango healthy (311).jpg,480,360,1.3333333333333333,0.7479220628738403,0.7458553910255432,0.7213001847267151,0.7436739802360535,0.24664831161499023,0.13338522613048553,0.011244237422943115,0.0015990560641512275,0.14993223852040816,0.0017139668367346938,0.7423079013824463
internal,mango healthy,multiple leaf dataset/mango leaf/mango healthy/mango healthy (418).jpg,480,360,1.3333333333333333,0.7470458745956421,0.7627236247062683,0.7379887104034424,0.7552161812782288,0.21471229195594788,0.11724255979061127,0.020206332206726074,0.0009405394666828215,0.014568718112244899,0.0,0.9234690070152283
internal,mango healthy,multiple leaf dataset/mango leaf/mango healthy/mango healthy (30).jpg,480,360,1.3333333333333333,0.7236284613609314,0.7400591969490051,0.6770035028457642,0.727958083152771,0.26462996006011963,0.18914319574832916,0.039743244647979736,0.0016904360381886363,0.06702407525510204,0.0033880739795918366,0.8325664401054382
internal,mango healthy,multiple leaf dataset/mango leaf/mango healthy/mango healthy (462).jpg,480,360,1.3333333333333333,0.7066394090652466,0.7289380431175232,0.6754021048545837,0.716167688369751,0.235395610332489,0.15668362379074097,0.03791731595993042,0.000900309591088444,0.0007174744897959184,0.0,0.9386679530143738
internal,mango healthy,multiple leaf dataset/mango leaf/mango healthy/mango healthy (169).jpg,480,360,1.3333333333333333,0.7360634207725525,0.7459579706192017,0.6826772689819336,0.7357854843139648,0.228982076048851,0.17805421352386475,0.03658759593963623,0.0011617974378168583,0.013970822704081632,0.0,0.9516394734382629
internal,mango healthy,multiple leaf dataset/mango leaf/mango healthy/mango healthy (127).jpg,480,360,1.3333333333333333,0.8051804304122925,0.8018530011177063,0.7725988626480103,0.7995129823684692,0.20466914772987366,0.09887371212244034,0.012963354587554932,0.0013552334858104587,0.07238520408163265,0.0,0.9513729214668274
internal,mango healthy,multiple leaf dataset/mango leaf/mango healthy/mango healthy (128).jpg,480,360,1.3333333333333333,0.8210497498512268,0.8264555931091309,0.8024631142616272,0.8221040964126587,0.23374077677726746,0.08415695279836655,0.014699161052703857,0.0009041735320352018,0.026088169642857144,0.0,0.8703710436820984
internal,mango healthy,multiple leaf dataset/mango leaf/mango healthy/mango healthy (33).jpg,480,360,1.3333333333333333,0.6055251359939575,0.6240081191062927,0.5547729730606079,0.6105888485908508,0.24062176048755646,0.21327055990695953,0.04385906457901001,0.0011485439026728272,0.05335220025510204,0.0,0.8824356198310852
internal,mango healthy,multiple leaf dataset/mango leaf/mango healthy/mango healthy (441).jpg,480,360,1.3333333333333333,0.7648119330406189,0.7776005864143372,0.762700617313385,0.7720782160758972,0.21461687982082367,0.1019304022192955,0.013844311237335205,0.0008851804304867983,0.002650669642857143,0.0,0.889696478843689
internal,mango healthy,multiple leaf dataset/mango leaf/mango healthy/mango healthy (222).jpg,480,360,1.3333333333333333,0.7467528581619263,0.7461308240890503,0.7086271047592163,0.7420414686203003,0.18305350840091705,0.10701487958431244,0.018440842628479004,0.0006081206956878304,0.01602359693877551,0.0,0.8841447234153748
internal,mango healthy,multiple leaf dataset/mango leaf/mango healthy/mango healthy (396).jpg,480,360,1.3333333333333333,0.6333529353141785,0.676091730594635,0.6876208186149597,0.6646271347999573,0.19068938493728638,0.1854044795036316,0.015604853630065918,0.0009346624137833714,0.04864875637755102,5.978954081632653e-05,0.9707732796669006
internal,mango healthy,multiple leaf dataset/mango leaf/mango healthy/mango healthy (464).jpg,480,360,1.3333333333333333,0.6831083297729492,0.7124853134155273,0.7427211403846741,0.7071484923362732,0.1891648918390274,0.1148778572678566,-0.00042939186096191406,0.0008569929632358253,0.09404894770408163,0.03244579081632653,0.9276589155197144
internal,mango healthy,multiple leaf dataset/mango leaf/mango healthy/mango healthy (37).jpg,480,360,1.3333333333333333,0.6079848408699036,0.6267077922821045,0.5723937153816223,0.6149178147315979,0.24662724137306213,0.19346743822097778,0.03651851415634155,0.001265853876248002,0.11985809948979592,0.02228156887755102,0.7753168940544128
internal,mango healthy,multiple leaf dataset/mango leaf/mango healthy/mango healthy (58).jpg,480,360,1.3333333333333333,0.7839030027389526,0.7965182662010193,0.7483044266700745,0.7872499823570251,0.2720261216163635,0.1498108059167862,0.03041452169418335,0.0015257002087309957,0.02951610331632653,0.0,0.834170937538147
internal,mango powdery mildew,multiple leaf dataset/mango leaf/mango powdery mildew/mango powdery mildew (299).jpg,480,360,1.3333333333333333,0.7345759868621826,0.7679049372673035,0.7996091842651367,0.761553943157196,0.24424861371517181,0.11862453073263168,0.0008123517036437988,0.0014431449817493558,0.07531489158163265,0.00015943877551020407,0.853222668170929
internal,mango powdery mildew,multiple leaf dataset/mango leaf/mango powdery mildew/mango powdery mildew (490).jpg,480,360,1.3333333333333333,0.6014883518218994,0.5998213887214661,0.5300140380859375,0.5923617482185364,0.2502976059913635,0.2860495448112488,0.03407019376754761,0.0006599339540116489,0.032884247448979595,0.00025908801020408165,0.8525857925415039
internal,mango powdery mildew,multiple leaf dataset/mango leaf/mango powdery mildew/mango powdery mildew (198).jpg,480,360,1.3333333333333333,0.6470007300376892,0.6419313549995422,0.6227554678916931,0.6412609815597534,0.24796290695667267,0.13432656228542328,0.007053256034851074,0.0014012842439115047,0.03834502551020408,0.0006576849489795918,0.8621754050254822
internal,mango powdery mildew,multiple leaf dataset/mango leaf/mango powdery mildew/mango powdery mildew (40).jpg,480,360,1.3333333333333333,0.6088893413543701,0.6019302010536194,0.5636405944824219,0.5996459722518921,0.214630126953125,0.15497876703739166,0.01566523313522339,0.0042597828432917595,0.014847735969387755,3.985969387755102e-05,0.7011107206344604
internal,mango powdery mildew,multiple leaf dataset/mango leaf/mango powdery mildew/mango powdery mildew (437).jpg,480,360,1.3333333333333333,0.6016350984573364,0.6092803478240967,0.5396193861961365,0.599053144454956,0.23439934849739075,0.2548166811466217,0.03865313529968262,0.0005946203018538654,0.0018534757653061226,0.0,0.8999342322349548
internal,mango powdery mildew,multiple leaf dataset/mango leaf/mango powdery mildew/mango powdery mildew (163).jpg,480,360,1.3333333333333333,0.6022199392318726,0.6066756248474121,0.5822966694831848,0.6025641560554504,0.2580321133136749,0.09857159852981567,0.014417290687561035,0.004203918389976025,0.0049824617346938774,0.0,0.649732232093811
internal,mango powdery mildew,multiple leaf dataset/mango leaf/mango powdery mildew/mango powdery mildew (44).jpg,480,360,1.3333333333333333,0.5966917872428894,0.5973032116889954,0.5586401224136353,0.5927128791809082,0.29510176181793213,0.1858590990304947,0.01963728666305542,0.002537292195484042,0.09295280612244898,0.002730389030612245,0.820536196231842
internal,mango powdery mildew,multiple leaf dataset/mango leaf/mango powdery mildew/mango powdery mildew (284).jpg,480,360,1.3333333333333333,0.6895653009414673,0.6988424062728882,0.6509507298469543,0.6906089186668396,0.24843934178352356,0.1368856579065323,0.02858436107635498,0.0017793698934838176,0.006158322704081632,0.0,0.7610660791397095
internal,mango powdery mildew,multiple leaf dataset/mango leaf/mango powdery mildew/mango powdery mildew (360).jpg,480,360,1.3333333333333333,0.6481902003288269,0.6455024480819702,0.625947892665863,0.6440768837928772,0.21486501395702362,0.11842075735330582,0.008433401584625244,0.0008311042911373079,0.02939652423469388,0.0,0.8694193959236145
internal,mango powdery mildew,multiple leaf dataset/mango leaf/mango powdery mildew/mango powdery mildew (262).jpg,480,360,1.3333333333333333,0.7031713724136353,0.7188409566879272,0.7383193969726562,0.7163763046264648,0.22754083573818207,0.12099115550518036,-0.0019044280052185059,0.0015791901387274265,0.014389349489795918,0.0,0.9693427681922913
internal,mango powdery mildew,multiple leaf dataset/mango leaf/mango powdery mildew/mango powdery mildew (263).jpg,480,360,1.3333333333333333,0.6419623494148254,0.6498762369155884,0.654416561126709,0.6480275988578796,0.2786669135093689,0.15817317366600037,0.0016868114471435547,0.001389797660522163,0.17111766581632654,0.00029894770408163266,0.9181256294250488
internal,mango powdery mildew,multiple leaf dataset/mango leaf/mango powdery mildew/mango powdery mildew (303).jpg,480,360,1.3333333333333333,0.7587783336639404,0.7796411514282227,0.7887056469917297,0.7744364738464355,0.2119557410478592,0.08956197649240494,0.005899190902709961,0.0012098767329007387,0.032126913265306124,0.005420918367346939,0.9591185450553894
internal,mango powdery mildew,multiple leaf dataset/mango leaf/mango powdery mildew/mango powdery mildew (433).jpg,480,360,1.3333333333333333,0.6152817010879517,0.6102790236473083,0.5944058895111084,0.6099653244018555,0.23252461850643158,0.17062443494796753,0.00543522834777832,0.0009007976623252034,0.00839046556122449,0.0,0.7545757293701172
internal,mango powdery mildew,multiple leaf dataset/mango leaf/mango powdery mildew/mango powdery mildew (136).jpg,480,360,1.3333333333333333,0.7658966183662415,0.7820526361465454,0.7764717936515808,0.7765856981277466,0.24116042256355286,0.11274099349975586,0.010868430137634277,0.0012924143811687827,0.031130420918367346,1.992984693877551e-05,0.9396366477012634
internal,mango powdery mildew,multiple leaf dataset/mango leaf/mango powdery mildew/mango powdery mildew (149).jpg,480,360,1.3333333333333333,0.7263850569725037,0.7462712526321411,0.7640835642814636,0.7423558831214905,0.24129852652549744,0.11992499232292175,0.0010369420051574707,0.0011369268177077174,0.047193877551020405,0.0047831632653061226,0.7776747941970825
internal,mango powdery mildew,multiple leaf dataset/mango leaf/mango powdery mildew/mango powdery mildew (467).jpg,480,360,1.3333333333333333,0.5417819619178772,0.5381150245666504,0.5102332234382629,0.5360329151153564,0.230465829372406,0.2185249924659729,0.012107431888580322,0.0008328912663273513,0.13432716836734693,0.0028300382653061226,0.9151387810707092
internal,mango powdery mildew,multiple leaf dataset/mango leaf/mango powdery mildew/mango powdery mildew (227).jpg,480,360,1.3333333333333333,0.7274616956710815,0.7339235544204712,0.7016346454620361,0.7283105850219727,0.26956650614738464,0.08858515322208405,0.019375383853912354,0.0022371357772499323,0.04161352040816327,9.964923469387755e-05,0.7335767149925232
internal,mango powdery mildew,multiple leaf dataset/mango leaf/mango powdery mildew/mango powdery mildew (232).jpg,480,360,1.3333333333333333,0.6300508379936218,0.6224770545959473,0.6205511093139648,0.6245220899581909,0.2315787822008133,0.14666995406150818,-0.002823948860168457,0.002853619633242488,0.008808992346938776,0.0,0.673873245716095
internal,mango powdery mildew,multiple leaf dataset/mango leaf/mango powdery mildew/mango powdery mildew (362).jpg,480,360,1.3333333333333333,0.6406716108322144,0.6386873722076416,0.6223666667938232,0.6374200582504272,0.2533044219017029,0.16637179255485535,0.007168233394622803,0.0006105980719439685,0.06628667091836735,0.0,0.8684017658233643
internal,mango powdery mildew,multiple leaf dataset/mango leaf/mango powdery mildew/mango powdery mildew (23).jpg,480,360,1.3333333333333333,0.586186408996582,0.5907109379768372,0.5981879234313965,0.5902104377746582,0.25941333174705505,0.14083661139011383,-0.0014762282371520996,0.001481753890402615,0.22391183035714285,0.00835060586734694,0.7481975555419922
internal,mango powdery mildew,multiple leaf dataset/mango leaf/mango powdery mildew/mango powdery mildew (310).jpg,480,360,1.3333333333333333,0.6693662405014038,0.6984692215919495,0.7185088992118835,0.6920519471168518,0.2304076850414276,0.14638075232505798,0.004531681537628174,0.0009941699681803584,0.09510522959183673,0.016163105867346938,0.8272519707679749
internal,mango powdery mildew,multiple leaf dataset/mango leaf/mango powdery mildew/mango powdery mildew (6).jpg,480,360,1.3333333333333333,0.6408731341362,0.6413375735282898,0.6011151075363159,0.6366133689880371,0.2885664105415344,0.1718289852142334,0.020343482494354248,0.0026527896989136934,0.03970025510204082,0.0,0.928433358669281
internal,mango powdery mildew,multiple leaf dataset/mango leaf/mango powdery mildew/mango powdery mildew (112).jpg,480,360,1.3333333333333333,0.6324902176856995,0.6292313933372498,0.5783657431602478,0.6244071125984192,0.23686909675598145,0.19354383647441864,0.023803412914276123,0.002560584107413888,0.016003667091836735,0.0,0.6837124228477478
internal,mango powdery mildew,multiple leaf dataset/mango leaf/mango powdery mildew/mango powdery mildew (288).jpg,480,360,1.3333333333333333,0.6450691223144531,0.6570414900779724,0.6578330397605896,0.6535519957542419,0.25602447986602783,0.14040979743003845,0.005590379238128662,0.0014116247184574604,0.15314094387755103,0.006995376275510204,0.694157600402832
internal,mango powdery mildew,multiple leaf dataset/mango leaf/mango powdery mildew/mango powdery mildew (325).jpg,480,360,1.3333333333333333,0.6552892327308655,0.6430658102035522,0.6284756064414978,0.6450572609901428,0.2256968468427658,0.1289609670639038,0.0011833906173706055,0.0007805704954080284,0.00839046556122449,0.0,0.9142090678215027
internal,mango powdery mildew,multiple leaf dataset/mango leaf/mango powdery mildew/mango powdery mildew (476).jpg,480,360,1.3333333333333333,0.588026225566864,0.5965815782546997,0.5810480117797852,0.5922526717185974,0.19111104309558868,0.18254892528057098,0.012044429779052734,0.0007981977541930974,0.026387117346938774,0.0,0.9356752038002014
internal,mango powdery mildew,multiple leaf dataset/mango leaf/mango powdery mildew/mango powdery mildew (206).jpg,480,360,1.3333333333333333,0.6380367875099182,0.634662926197052,0.6220590472221375,0.6342348456382751,0.25405675172805786,0.15407134592533112,0.00461500883102417,0.002631118055433035,0.01612324617346939,0.0,0.6666048169136047
internal,mango powdery mildew,multiple leaf dataset/mango leaf/mango powdery mildew/mango powdery mildew (47).jpg,480,360,1.3333333333333333,0.5926738381385803,0.593076765537262,0.5890563726425171,0.5924980044364929,0.27641168236732483,0.16495728492736816,0.002211630344390869,0.002551247598603368,0.11084980867346939,0.007653061224489796,0.6378026008605957
internal,mango powdery mildew,multiple leaf dataset/mango leaf/mango powdery mildew/mango powdery mildew (156).jpg,480,360,1.3333333333333333,0.7013646364212036,0.7258914113044739,0.7428735494613647,0.7204939126968384,0.2551422119140625,0.13864588737487793,0.0037723183631896973,0.0012014236999675632,0.037009725765306124,0.001295440051020408,0.7124657034873962
internal,mango powdery mildew,multiple leaf dataset/mango leaf/mango powdery mildew/mango powdery mildew (496).jpg,480,360,1.3333333333333333,0.6270624995231628,0.6207714676856995,0.5971862077713013,0.6199637651443481,0.20842306315898895,0.16589169204235077,0.008647143840789795,0.0006343150162138045,0.009446747448979591,0.00033880739795918367,0.8828933238983154
internal,mango powdery mildew,multiple leaf dataset/mango leaf/mango powdery mildew/mango powdery mildew (451).jpg,480,360,1.3333333333333333,0.6800171136856079,0.6811252236366272,0.6731749773025513,0.679887592792511,0.23722736537456512,0.1322803497314453,0.004529178142547607,0.0006878662970848382,0.04779177295918367,0.0,0.8667981624603271
internal,mango powdery mildew,multiple leaf dataset/mango leaf/mango powdery mildew/mango powdery mildew (148).jpg,480,360,1.3333333333333333,0.7062532901763916,0.7086424827575684,0.7034255862236023,0.7073333859443665,0.2353029102087021,0.12330474704504013,0.0038030147552490234,0.001155216246843338,0.06443319515306123,0.00528140943877551,0.787154495716095
internal,mango powdery mildew,multiple leaf dataset/mango leaf/mango powdery mildew/mango powdery mildew (8).jpg,480,360,1.3333333333333333,0.7479023933410645,0.774732768535614,0.792512834072113,0.7687374949455261,0.2350674420595169,0.11949778348207474,0.004525125026702881,0.0010928190313279629,0.05052216198979592,0.005580357142857143,0.8197301626205444
internal,mango powdery mildew,multiple leaf dataset/mango leaf/mango powdery mildew/mango powdery mildew (341).jpg,480,360,1.3333333333333333,0.6864491105079651,0.6812054514884949,0.7021903395652771,0.6851655840873718,0.17399682104587555,0.08973308652639389,-0.01311427354812622,0.0006402027211152017,0.002551020408163265,0.0,0.9208587408065796
internal,mango powdery mildew,multiple leaf dataset/mango leaf/mango powdery mildew/mango powdery mildew (328).jpg,480,360,1.3333333333333333,0.5971739888191223,0.5797064900398254,0.5162860155105591,0.5776993036270142,0.2374095469713211,0.2008684128522873,0.022976458072662354,0.0009501769091002643,0.00817123724489796,0.0,0.9290357828140259
internal,mango powdery mildew,multiple leaf dataset/mango leaf/mango powdery mildew/mango powdery mildew (298).jpg,480,360,1.3333333333333333,0.5664839744567871,0.5630452036857605,0.5242085456848145,0.5596460700035095,0.22575987875461578,0.141407772898674,0.017698943614959717,0.004140610806643963,0.003946109693877551,0.0,0.6570249199867249
internal,mango powdery mildew,multiple leaf dataset/mango leaf/mango powdery mildew/mango powdery mildew (103).jpg,480,360,1.3333333333333333,0.7674499154090881,0.7982498407363892,0.8272245526313782,0.7923437356948853,0.21710173785686493,0.10900339484214783,0.0009126067161560059,0.001337133115157485,0.05040258290816327,0.0021125637755102043,0.9083131551742554
internal,mango powdery mildew,multiple leaf dataset/mango leaf/mango powdery mildew/mango powdery mildew (367).jpg,480,360,1.3333333333333333,0.6475529670715332,0.646822452545166,0.6360386610031128,0.6458115577697754,0.23758049309253693,0.1581021547317505,0.005026638507843018,0.000550720258615911,0.043825733418367346,0.0,0.9174331426620483
internal,mango powdery mildew,multiple leaf dataset/mango leaf/mango powdery mildew/mango powdery mildew (290).jpg,480,360,1.3333333333333333,0.6446380019187927,0.6535370349884033,0.6306511163711548,0.6482672691345215,0.26739367842674255,0.15967805683612823,0.015892505645751953,0.0020992248319089413,0.049147002551020405,3.985969387755102e-05,0.6697550415992737
internal,mango powdery mildew,multiple leaf dataset/mango leaf/mango powdery mildew/mango powdery mildew (329).jpg,480,360,1.3333333333333333,0.6120098233222961,0.6040849685668945,0.5488528609275818,0.6001579761505127,0.2483958899974823,0.20391961932182312,0.023653626441955566,0.0011087995953857899,0.00253109056122449,0.0,0.9292884469032288
internal,mango powdery mildew,multiple leaf dataset/mango leaf/mango powdery mildew/mango powdery mildew (436).jpg,480,360,1.3333333333333333,0.6789957284927368,0.6798952221870422,0.6753090023994446,0.679103434085846,0.197148397564888,0.14988170564174652,0.0027428269386291504,0.000429117790190503,0.0011160714285714285,0.0,0.9079418182373047
internal,mango powdery mildew,multiple leaf dataset/mango leaf/mango powdery mildew/mango powdery mildew (100).jpg,480,360,1.3333333333333333,0.7269503474235535,0.7489734292030334,0.7620348930358887,0.7438774704933167,0.25014349818229675,0.1268092542886734,0.00448077917098999,0.001262396341189742,0.03772720025510204,0.0012356505102040817,0.7751672267913818
internal,mango powdery mildew,multiple leaf dataset/mango leaf/mango powdery mildew/mango powdery mildew (41).jpg,480,360,1.3333333333333333,0.6541264653205872,0.6523899435997009,0.6084323525428772,0.6478979587554932,0.24955964088439941,0.1422489732503891,0.02111053466796875,0.003555560950189829,0.016741071428571428,0.0,0.8596010804176331
internal,mango powdery mildew,multiple leaf dataset/mango leaf/mango powdery mildew/mango powdery mildew (384).jpg,480,360,1.3333333333333333,0.6242232322692871,0.6201608180999756,0.5999491214752197,0.619071364402771,0.20169499516487122,0.16163551807403564,0.008074641227722168,0.0008172502275556326,0.03619260204081633,0.0001992984693877551,0.8734930753707886
internal,mango powdery mildew,multiple leaf dataset/mango leaf/mango powdery mildew/mango powdery mildew (405).jpg,480,360,1.3333333333333333,0.6212716102600098,0.6196990609169006,0.5692289471626282,0.61441570520401,0.22547829151153564,0.21497038006782532,0.024448812007904053,0.000625497370492667,0.018833705357142856,0.0,0.9183850288391113
internal,mango powdery mildew,multiple leaf dataset/mango leaf/mango powdery mildew/mango powdery mildew (292).jpg,480,360,1.3333333333333333,0.5685656666755676,0.5836337208747864,0.5736827254295349,0.5779939889907837,0.26850607991218567,0.18342061340808868,0.012509524822235107,0.0018341419054195285,0.1794483418367347,0.016800860969387755,0.6916455030441284
internal,mango powdery mildew,multiple leaf dataset/mango leaf/mango powdery mildew/mango powdery mildew (391).jpg,480,360,1.3333333333333333,0.6358144879341125,0.6323644518852234,0.6138063669204712,0.6312804222106934,0.19828270375728607,0.13819807767868042,0.007553994655609131,0.0009058168507181108,0.01707987882653061,0.0,0.9293955564498901
internal,mango powdery mildew,multiple leaf dataset/mango leaf/mango powdery mildew/mango powdery mildew (319).jpg,480,360,1.3333333333333333,0.7406013607978821,0.7443041801452637,0.713275134563446,0.7396597862243652,0.22726477682590485,0.08343689888715744,0.01736593246459961,0.0011118773836642504,0.024174904336734693,0.00013950892857142856,0.846601128578186
internal,mango powdery mildew,multiple leaf dataset/mango leaf/mango powdery mildew/mango powdery mildew (184).jpg,480,360,1.3333333333333333,0.7156781554222107,0.7339946031570435,0.7384437322616577,0.7290252447128296,0.2639502286911011,0.13329967856407166,0.006933689117431641,0.001068594865500927,0.09034199617346939,0.004245057397959184,0.9297417402267456
internal,mango powdery mildew,multiple leaf dataset/mango leaf/mango powdery mildew/mango powdery mildew (412).jpg,480,360,1.3333333333333333,0.5878927111625671,0.5981493592262268,0.5085411667823792,0.5848672986030579,0.21841736137866974,0.29643669724464417,0.04993242025375366,0.0008728309185244143,0.018355389030612245,0.0,0.9122911095619202
internal,mango powdery mildew,multiple leaf dataset/mango leaf/mango powdery mildew/mango powdery mildew (42).jpg,480,360,1.3333333333333333,0.6277130246162415,0.6289187669754028,0.5960106253623962,0.6248067617416382,0.2909591495990753,0.17710405588150024,0.017056941986083984,0.0022275568917393684,0.099609375,0.0012555803571428572,0.6366373896598816
internal,mango powdery mildew,multiple leaf dataset/mango leaf/mango powdery mildew/mango powdery mildew (2).jpg,480,360,1.3333333333333333,0.5967971682548523,0.6048836708068848,0.6237086057662964,0.604611873626709,0.2637677788734436,0.12121938169002533,-0.0053691864013671875,0.001280546304769814,0.24172911352040816,0.06369579081632654,0.7760711312294006
internal,mango powdery mildew,multiple leaf dataset/mango leaf/mango powdery mildew/mango powdery mildew (285).jpg,480,360,1.3333333333333333,0.7452797293663025,0.7549508810043335,0.7108299136161804,0.7470293641090393,0.24891962110996246,0.10984426736831665,0.02689605951309204,0.0014868990983814,0.002650669642857143,0.0,0.7768163681030273
internal,mango powdery mildew,multiple leaf dataset/mango leaf/mango powdery mildew/mango powdery mildew (349).jpg,480,360,1.3333333333333333,0.691455602645874,0.6974350214004517,0.659862220287323,0.6913638710975647,0.24398168921470642,0.1825185865163803,0.02177608013153076,0.000603123102337122,0.008589764030612245,0.0,0.8975546956062317
internal,mango powdery mildew,multiple leaf dataset/mango leaf/mango powdery mildew/mango powdery mildew (442).jpg,480,360,1.3333333333333333,0.6287735104560852,0.6376498341560364,0.608399510383606,0.6316612958908081,0.23033951222896576,0.20737802982330322,0.019063293933868408,0.0007907815161161125,0.019331951530612245,0.0,0.8894826173782349
internal,mango powdery mildew,multiple leaf dataset/mango leaf/mango powdery mildew/mango powdery mildew (84).jpg,480,360,1.3333333333333333,0.7665305137634277,0.7794225215911865,0.775880753993988,0.7751640677452087,0.24758610129356384,0.11586205661296844,0.00821685791015625,0.0015951261157169938,0.04237085459183673,0.006855867346938775,0.7942209243774414
internal,mango powdery mildew,multiple leaf dataset/mango leaf/mango powdery mildew/mango powdery mildew (461).jpg,480,360,1.3333333333333333,0.7112826108932495,0.7075915336608887,0.7187045216560364,0.7099621295928955,0.24190282821655273,0.11622575670480728,-0.00740206241607666,0.0007936427718959749,0.0107421875,0.0,0.9225939512252808
internal,mango powdery mildew,multiple leaf dataset/mango leaf/mango powdery mildew/mango powdery mildew (57).jpg,480,360,1.3333333333333333,0.6473785638809204,0.646950900554657,0.6188721060752869,0.6438777446746826,0.28242939710617065,0.1563168615102768,0.013825595378875732,0.003033311339095235,0.0272640306122449,0.0,0.722081184387207
internal,mango powdery mildew,multiple leaf dataset/mango leaf/mango powdery mildew/mango powdery mildew (320).jpg,480,360,1.3333333333333333,0.7735682129859924,0.7723512649536133,0.756842315196991,0.7709470391273499,0.19451358914375305,0.05089305713772774,0.007146000862121582,0.0010081662330776453,0.015664859693877552,0.0,0.8728040456771851
internal,mango powdery mildew,multiple leaf dataset/mango leaf/mango powdery mildew/mango powdery mildew (188).jpg,480,360,1.3333333333333333,0.6237736344337463,0.6283180117607117,0.6276726722717285,0.6268856525421143,0.24840526282787323,0.15574760735034943,0.002594888210296631,0.003190712071955204,0.048947704081632654,0.00253109056122449,0.9210981130599976
internal,mango powdery mildew,multiple leaf dataset/mango leaf/mango powdery mildew/mango powdery mildew (497).jpg,480,360,1.3333333333333333,0.6021037697792053,0.596452534198761,0.5547575354576111,0.593389093875885,0.22366027534008026,0.21617071330547333,0.018021881580352783,0.0005951299099251628,0.011937978316326531,0.0,0.9456267952919006
internal,mango powdery mildew,multiple leaf dataset/mango leaf/mango powdery mildew/mango powdery mildew (317).jpg,480,360,1.3333333333333333,0.699485182762146,0.7054522037506104,0.6723982095718384,0.6998998522758484,0.2687152624130249,0.1043582484126091,0.019510507583618164,0.0013236984377726912,0.10738201530612244,0.005839445153061225,0.8875746130943298
internal,mango powdery mildew,multiple leaf dataset/mango leaf/mango powdery mildew/mango powdery mildew (491).jpg,480,360,1.3333333333333333,0.5957520008087158,0.6030645370483398,0.6152338981628418,0.6022654175758362,0.20615744590759277,0.132242351770401,-0.002428412437438965,0.0009042794699780643,0.02879862882653061,0.0,0.932203471660614
internal,mango powdery mildew,multiple leaf dataset/mango leaf/mango powdery mildew/mango powdery mildew (266).jpg,480,360,1.3333333333333333,0.66917884349823,0.6839906573295593,0.6797795295715332,0.6790817975997925,0.26009228825569153,0.1356648951768875,0.009511470794677734,0.0017637322889640927,0.03575414540816327,7.971938775510203e-05,0.9572120308876038
internal,mango powdery mildew,multiple leaf dataset/mango leaf/mango powdery mildew/mango powdery mildew (179).jpg,480,360,1.3333333333333333,0.7655797600746155,0.7889828085899353,0.8054183721542358,0.7838589549064636,0.22731441259384155,0.11395159363746643,0.003483712673187256,0.0011631408706307411,0.025769292091836735,0.0005381058673469387,0.9424254298210144
internal,mango powdery mildew,multiple leaf dataset/mango leaf/mango powdery mildew/mango powdery mildew (492).jpg,480,360,1.3333333333333333,0.5469074845314026,0.5383407473564148,0.5400195121765137,0.5410935878753662,0.23960691690444946,0.15949656069278717,-0.005122721195220947,0.0006673295283690095,0.14202008928571427,0.001175860969387755,0.9333409667015076
internal,mango powdery mildew,multiple leaf dataset/mango leaf/mango powdery mildew/mango powdery mildew (212).jpg,480,360,1.3333333333333333,0.7615752220153809,0.7826645374298096,0.7963566780090332,0.7779197096824646,0.24839675426483154,0.09933049231767654,0.003698587417602539,0.0013295032549649477,0.06841916454081633,0.01696029974489796,0.8102295398712158
internal,mango powdery mildew,multiple leaf dataset/mango leaf/mango powdery mildew/mango powdery mildew (167).jpg,480,360,1.3333333333333333,0.5201202034950256,0.5231137871742249,0.49432241916656494,0.5189365148544312,0.1948847472667694,0.1025209128856659,0.015892446041107178,0.005515739321708679,0.013651945153061224,0.0,0.7050262093544006
internal,mango powdery mildew,multiple leaf dataset/mango leaf/mango powdery mildew/mango powdery mildew (389).jpg,480,360,1.3333333333333333,0.6456574201583862,0.6370639801025391,0.6185345649719238,0.6375210881233215,0.2323850393295288,0.13308779895305634,0.004967987537384033,0.0006614794256165624,0.06887755102040816,0.0023716517857142855,0.8023077249526978
internal,mango powdery mildew,multiple leaf dataset/mango leaf/mango powdery mildew/mango powdery mildew (123).jpg,480,360,1.3333333333333333,0.6212227940559387,0.6170958876609802,0.6215956807136536,0.6188428401947021,0.24598811566829681,0.12792110443115234,-0.004313349723815918,0.0036245237570255995,0.03413982780612245,0.0005580357142857143,0.9459246397018433
internal,mango powdery mildew,multiple leaf dataset/mango leaf/mango powdery mildew/mango powdery mildew (400).jpg,480,360,1.3333333333333333,0.5832870602607727,0.5693796873092651,0.5148762464523315,0.5673246383666992,0.25735047459602356,0.24085356295108795,0.020298004150390625,0.0008044202113524079,0.02513153698979592,0.0,0.9620794057846069
internal,mango powdery mildew,multiple leaf dataset/mango leaf/mango powdery mildew/mango powdery mildew (115).jpg,480,360,1.3333333333333333,0.6320061087608337,0.6426935791969299,0.5711207985877991,0.6313387155532837,0.20722252130508423,0.21298594772815704,0.041130125522613525,0.0018751185853034258,0.03619260204081633,0.0,0.7026113867759705
internal,mango powdery mildew,multiple leaf dataset/mango leaf/mango powdery mildew/mango powdery mildew (134).jpg,480,360,1.3333333333333333,0.788373589515686,0.8104644417762756,0.8286194801330566,0.8059288859367371,0.21232566237449646,0.09947214275598526,0.001967906951904297,0.0010851474944502115,0.029097576530612245,0.0009964923469387755,0.9268697500228882
internal,mango powdery mildew,multiple leaf dataset/mango leaf/mango powdery mildew/mango powdery mildew (76).jpg,480,360,1.3333333333333333,0.5845898389816284,0.5940539836883545,0.5516955852508545,0.5863953232765198,0.2276972532272339,0.2094307690858841,0.025911271572113037,0.0017998432740569115,0.06505102040816327,0.00015943877551020407,0.7228246331214905
internal,mango powdery mildew,multiple leaf dataset/mango leaf/mango powdery mildew/mango powdery mildew (52).jpg,480,360,1.3333333333333333,0.7271400094032288,0.7406478524208069,0.7429900765419006,0.7368759512901306,0.26467397809028625,0.10637184232473373,0.0055828094482421875,0.0017778393812477589,0.07491629464285714,0.0038464604591836736,0.9154009819030762
internal,mango powdery mildew,multiple leaf dataset/mango leaf/mango powdery mildew/mango powdery mildew (440).jpg,480,360,1.3333333333333333,0.6839657425880432,0.6918876767158508,0.6670827269554138,0.6866912841796875,0.19380950927734375,0.1637331247329712,0.016363441944122314,0.0006061941967345774,7.971938775510203e-05,0.0,0.8843822479248047
internal,mango powdery mildew,multiple leaf dataset/mango leaf/mango powdery mildew/mango powdery mildew (463).jpg,480,360,1.3333333333333333,0.6375245451927185,0.6355313658714294,0.6091102957725525,0.6331153512001038,0.22765597701072693,0.18269100785255432,0.012213945388793945,0.0007352723623625934,0.04701450892857143,0.000817123724489796,0.8863410949707031
internal,mango powdery mildew,multiple leaf dataset/mango leaf/mango powdery mildew/mango powdery mildew (86).jpg,480,360,1.3333333333333333,0.61872798204422,0.6179226040840149,0.6278589367866516,0.6192961931228638,0.25206246972084045,0.142255499958992,-0.0053708553314208984,0.0035270466469228268,0.05959024234693878,0.0036073022959183672,0.6555772423744202
internal,mango powdery mildew,multiple leaf dataset/mango leaf/mango powdery mildew/mango powdery mildew (180).jpg,480,360,1.3333333333333333,0.7416277527809143,0.7727096080780029,0.7939515113830566,0.7658377885818481,0.23127512633800507,0.12273848801851273,0.004920005798339844,0.0010698501719161868,0.0333625637755102,0.001634247448979592,0.9599862098693848
internal,mango powdery mildew,multiple leaf dataset/mango leaf/mango powdery mildew/mango powdery mildew (175).jpg,480,360,1.3333333333333333,0.6387165784835815,0.6422947645187378,0.6123712658882141,0.6378135681152344,0.27962300181388855,0.10914888978004456,0.016750812530517578,0.003373469226062298,0.01594387755102041,0.0,0.6826401948928833
internal,mango powdery mildew,multiple leaf dataset/mango leaf/mango powdery mildew/mango powdery mildew (275).jpg,480,360,1.3333333333333333,0.6179642677307129,0.6129847764968872,0.625853955745697,0.6159407496452332,0.23831653594970703,0.14882363379001617,-0.008924365043640137,0.0022351027000695467,0.04235092474489796,0.011340082908163265,0.7073035836219788
internal,mango powdery mildew,multiple leaf dataset/mango leaf/mango powdery mildew/mango powdery mildew (280).jpg,480,360,1.3333333333333333,0.5960368514060974,0.6042816638946533,0.5689516067504883,0.5977888107299805,0.26963549852371216,0.13241231441497803,0.021787405014038086,0.001815463649109006,0.16454081632653061,0.009386957908163265,0.8025645017623901
internal,mango powdery mildew,multiple leaf dataset/mango leaf/mango powdery mildew/mango powdery mildew (326).jpg,480,360,1.3333333333333333,0.6287484765052795,0.6173063516616821,0.6115882992744446,0.6200757026672363,0.23869000375270844,0.14952009916305542,-0.0028620362281799316,0.0008045127033255994,0.009486607142857142,0.0,0.9398314952850342
internal,mango powdery mildew,multiple leaf dataset/mango leaf/mango powdery mildew/mango powdery mildew (447).jpg,480,360,1.3333333333333333,0.6440046429634094,0.6455320119857788,0.6101659536361694,0.6410435438156128,0.2273445725440979,0.17964822053909302,0.018446683883666992,0.0007630183245055377,0.030951052295918366,3.985969387755102e-05,0.8507938385009766
internal,mango powdery mildew,multiple leaf dataset/mango leaf/mango powdery mildew/mango powdery mildew (493).jpg,480,360,1.3333333333333333,0.655983567237854,0.6534262895584106,0.6326098442077637,0.651817798614502,0.2714901268482208,0.13268160820007324,0.009129583835601807,0.000875461264513433,0.0026705994897959183,0.0,0.9529780149459839
internal,mango powdery mildew,multiple leaf dataset/mango leaf/mango powdery mildew/mango powdery mildew (91).jpg,480,360,1.3333333333333333,0.6699280738830566,0.686809778213501,0.6878710985183716,0.6818831562995911,0.25507259368896484,0.13644671440124512,0.007910192012786865,0.0018064642790704966,0.042470503826530615,0.006138392857142857,0.7389957308769226
internal,mango powdery mildew,multiple leaf dataset/mango leaf/mango powdery mildew/mango powdery mildew (174).jpg,480,360,1.3333333333333333,0.691572368144989,0.6927669048309326,0.6890939474105835,0.6919910907745361,0.26406165957450867,0.1344078630208969,0.00243377685546875,0.0016288793412968516,0.03774713010204082,0.0005381058673469387,0.9239885807037354
internal,mango powdery mildew,multiple leaf dataset/mango leaf/mango powdery mildew/mango powdery mildew (401).jpg,480,360,1.3333333333333333,0.6614871025085449,0.6633104681968689,0.6460458636283875,0.660797119140625,0.2156928926706314,0.1546573042869568,0.009543955326080322,0.000625083688646555,0.015485491071428572,0.0,0.894185483455658
internal,mango powdery mildew,multiple leaf dataset/mango leaf/mango powdery mildew/mango powdery mildew (219).jpg,480,360,1.3333333333333333,0.6100755333900452,0.6062321066856384,0.5952202081680298,0.6061258912086487,0.2647816240787506,0.12944912910461426,0.0035842061042785645,0.004783872980624437,0.06447305484693877,0.005500637755102041,0.6888419985771179
internal,mango powdery mildew,multiple leaf dataset/mango leaf/mango powdery mildew/mango powdery mildew (379).jpg,480,360,1.3333333333333333,0.7156212329864502,0.7258834838867188,0.7095332145690918,0.7209511399269104,0.2420388013124466,0.14608922600746155,0.013306260108947754,0.0005565451574511826,0.017378826530612245,0.0,0.8737587332725525
internal,mango powdery mildew,multiple leaf dataset/mango leaf/mango powdery mildew/mango powdery mildew (245).jpg,480,360,1.3333333333333333,0.630205512046814,0.6392185688018799,0.5738412737846375,0.6290706992149353,0.21506518125534058,0.16618329286575317,0.03719520568847656,0.003731107572093606,0.002610809948979592,0.0,0.7006984353065491
internal,mango powdery mildew,multiple leaf dataset/mango leaf/mango powdery mildew/mango powdery mildew (78).jpg,480,360,1.3333333333333333,0.7149612307548523,0.7388107776641846,0.752153217792511,0.7332008481025696,0.28022125363349915,0.1291884183883667,0.00525355339050293,0.0014812438748776913,0.14295679209183673,0.04127471301020408,0.7600592374801636
internal,mango powdery mildew,multiple leaf dataset/mango leaf/mango powdery mildew/mango powdery mildew (18).jpg,480,360,1.3333333333333333,0.662097692489624,0.6595942974090576,0.6260682344436646,0.6565209031105042,0.2599307596683502,0.20061367750167847,0.01551133394241333,0.00157107540871948,0.06293845663265306,0.0030293367346938774,0.7419726848602295
internal,mango powdery mildew,multiple leaf dataset/mango leaf/mango powdery mildew/mango powdery mildew (176).jpg,480,360,1.3333333333333333,0.5829498171806335,0.5808401703834534,0.5437541007995605,0.5772430896759033,0.2908088266849518,0.15095962584018707,0.017488181591033936,0.0030080103315413,0.030612244897959183,0.0,0.7502914071083069
internal,mango powdery mildew,multiple leaf dataset/mango leaf/mango powdery mildew/mango powdery mildew (239).jpg,480,360,1.3333333333333333,0.6570380926132202,0.681175172328949,0.6965050101280212,0.6757057309150696,0.24384188652038574,0.12859873473644257,0.004403650760650635,0.0017865635454654694,0.09390943877551021,0.00253109056122449,0.7699668407440186
internal,mango powdery mildew,multiple leaf dataset/mango leaf/mango powdery mildew/mango powdery mildew (116).jpg,480,360,1.3333333333333333,0.6076096296310425,0.6178504228591919,0.5467243194580078,0.6066800355911255,0.21052907407283783,0.2178754061460495,0.04068344831466675,0.0014917094958946109,0.05129942602040816,0.0,0.6946185231208801
internal,mango powdery mildew,multiple leaf dataset/mango leaf/mango powdery mildew/mango powdery mildew (79).jpg,480,360,1.3333333333333333,0.6999208331108093,0.7261838316917419,0.7327839732170105,0.7190834879875183,0.29439276456832886,0.13428238034248352,0.009831428527832031,0.0014715433353558183,0.14475047831632654,0.03382095025510204,0.7013466358184814
internal,mango powdery mildew,multiple leaf dataset/mango leaf/mango powdery mildew/mango powdery mildew (324).jpg,480,360,1.3333333333333333,0.6307578086853027,0.6169407367706299,0.599616289138794,0.6190970540046692,0.23228813707828522,0.1493353396654129,0.001753687858581543,0.0008337576291523874,0.009606186224489796,0.0,0.9274648427963257
internal,mango powdery mildew,multiple leaf dataset/mango leaf/mango powdery mildew/mango powdery mildew (308).jpg,480,360,1.3333333333333333,0.6697446703910828,0.6896796822547913,0.6988003253936768,0.6847588419914246,0.23588532209396362,0.14127367734909058,0.005407154560089111,0.0011260301107540727,0.06433354591836735,0.017996651785714284,0.9603971242904663
internal,mango powdery mildew,multiple leaf dataset/mango leaf/mango powdery mildew/mango powdery mildew (410).jpg,480,360,1.3333333333333333,0.6215682625770569,0.6199758648872375,0.5542834401130676,0.612963080406189,0.23266814649105072,0.272174596786499,0.03205001354217529,0.0006897174753248692,0.004185267857142857,0.0,0.9494428634643555
internal,mango powdery mildew,multiple leaf dataset/mango leaf/mango powdery mildew/mango powdery mildew (417).jpg,480,360,1.3333333333333333,0.6656875014305115,0.669822096824646,0.6727632880210876,0.668921172618866,0.2030489295721054,0.15246810019016266,0.0005967020988464355,0.0006607535178773105,0.006796077806122449,0.0,0.8964698314666748
internal,mango powdery mildew,multiple leaf dataset/mango leaf/mango powdery mildew/mango powdery mildew (189).jpg,480,360,1.3333333333333333,0.6569443345069885,0.6631637811660767,0.6651270985603333,0.6615279912948608,0.2680262327194214,0.1474938690662384,0.0021280646324157715,0.0014400100335478783,0.14393335459183673,0.014409279336734694,0.9255616664886475
internal,mango powdery mildew,multiple leaf dataset/mango leaf/mango powdery mildew/mango powdery mildew (133).jpg,480,360,1.3333333333333333,0.7751966714859009,0.7896301746368408,0.7980732917785645,0.786277174949646,0.23204876482486725,0.10456149280071259,0.0029951930046081543,0.001160789281129837,0.03404017857142857,0.0005181760204081633,0.9371926188468933
internal,mango powdery mildew,multiple leaf dataset/mango leaf/mango powdery mildew/mango powdery mildew (282).jpg,480,360,1.3333333333333333,0.5846477150917053,0.596721351146698,0.5557418465614319,0.5884397029876709,0.26901760697364807,0.1532045304775238,0.026526570320129395,0.0012685073306784034,0.20549665178571427,0.01175860969387755,0.7815377712249756
internal,mango powdery mildew,multiple leaf dataset/mango leaf/mango powdery mildew/mango powdery mildew (374).jpg,480,360,1.3333333333333333,0.6646769046783447,0.6598328351974487,0.6194977164268494,0.6566830277442932,0.19288088381290436,0.18714387714862823,0.017745494842529297,0.000500573543831706,3.985969387755102e-05,0.0,0.9642211198806763
internal,mango powdery mildew,multiple leaf dataset/mango leaf/mango powdery mildew/mango powdery mildew (276).jpg,480,360,1.3333333333333333,0.6165799498558044,0.6116991639137268,0.624578595161438,0.6146267652511597,0.2445380985736847,0.14781536161899567,-0.008880078792572021,0.0022165749687701464,0.04864875637755102,0.011838329081632654,0.701088011264801
internal,mango powdery mildew,multiple leaf dataset/mango leaf/mango powdery mildew/mango powdery mildew (339).jpg,480,360,1.3333333333333333,0.680790901184082,0.6782256364822388,0.6861852407455444,0.679900050163269,0.20494240522384644,0.1285185068845749,-0.005262434482574463,0.0006780934636481106,0.0007573341836734694,0.0,0.9267272353172302
internal,mango powdery mildew,multiple leaf dataset/mango leaf/mango powdery mildew/mango powdery mildew (192).jpg,480,360,1.3333333333333333,0.6379568576812744,0.6367587447166443,0.5989657044410706,0.6328085064888,0.24097445607185364,0.1784157007932663,0.01829749345779419,0.0021284595131874084,0.018933354591836735,0.00013950892857142856,0.7366377711296082
internal,mango powdery mildew,multiple leaf dataset/mango leaf/mango powdery mildew/mango powdery mildew (361).jpg,480,360,1.3333333333333333,0.6044000387191772,0.6081083416938782,0.5336675643920898,0.5985133051872253,0.2666975259780884,0.21671782433986664,0.03907454013824463,0.0007594031048938632,0.0002192283163265306,0.0,0.9036426544189453
internal,mango powdery mildew,multiple leaf dataset/mango leaf/mango powdery mildew/mango powdery mildew (87).jpg,480,360,1.3333333333333333,0.551530122756958,0.5652039051055908,0.5776383280754089,0.5625330209732056,0.25586891174316406,0.14929185807704926,0.0006196498870849609,0.002226398093625903,0.12525908801020408,0.01446906887755102,0.6566187739372253
internal,mango powdery mildew,multiple leaf dataset/mango leaf/mango powdery mildew/mango powdery mildew (3).jpg,480,360,1.3333333333333333,0.690075159072876,0.6988053321838379,0.6950222849845886,0.6957637071609497,0.25777512788772583,0.11375439167022705,0.006256580352783203,0.00172123359516263,0.07633131377551021,0.00033880739795918367,0.7743929624557495
internal,mango powdery mildew,multiple leaf dataset/mango leaf/mango powdery mildew/mango powdery mildew (231).jpg,480,360,1.3333333333333333,0.6789490580558777,0.6766860485076904,0.6683309078216553,0.6764101982116699,0.24081775546073914,0.14213795959949493,0.0030460357666015625,0.0016139576910063624,0.04047751913265306,1.992984693877551e-05,0.9145903587341309
internal,mango powdery mildew,multiple leaf dataset/mango leaf/mango powdery mildew/mango powdery mildew (466).jpg,480,360,1.3333333333333333,0.6276283860206604,0.6293836236000061,0.6027241349220276,0.6258196234703064,0.2303534299135208,0.207613006234169,0.01420736312866211,0.0007361455354839563,0.029017857142857144,0.0,0.8819366097450256
internal,mango powdery mildew,multiple leaf dataset/mango leaf/mango powdery mildew/mango powdery mildew (25).jpg,480,360,1.3333333333333333,0.6005117893218994,0.5980198979377747,0.5993973016738892,0.5989220142364502,0.23147869110107422,0.14361031353473663,-0.001934647560119629,0.0015200618654489517,0.026068239795918366,9.964923469387755e-05,0.7234794497489929
internal,mango powdery mildew,multiple leaf dataset/mango leaf/mango powdery mildew/mango powdery mildew (131).jpg,480,360,1.3333333333333333,0.7130424380302429,0.7287979125976562,0.7357576489448547,0.7248805165290833,0.2943679690361023,0.12545891106128693,0.004397869110107422,0.0012825223384425044,0.1558514030612245,0.07238520408163265,0.9239453673362732
internal,mango powdery mildew,multiple leaf dataset/mango leaf/mango powdery mildew/mango powdery mildew (337).jpg,480,360,1.3333333333333333,0.6636425852775574,0.6613551378250122,0.6497165560722351,0.6607123613357544,0.23191943764686584,0.16495023667812347,0.004675567150115967,0.0007300663855858147,0.004344706632653061,0.0,0.9357378482818604
internal,mango powdery mildew,multiple leaf dataset/mango leaf/mango powdery mildew/mango powdery mildew (221).jpg,480,360,1.3333333333333333,0.5984455943107605,0.6020562052726746,0.5540672540664673,0.595505952835083,0.27650967240333557,0.21460166573524475,0.025799810886383057,0.0035271691158413887,0.09347098214285714,0.0047831632653061226,0.9189947247505188
internal,mango powdery mildew,multiple leaf dataset/mango leaf/mango powdery mildew/mango powdery mildew (301).jpg,480,360,1.3333333333333333,0.6515567302703857,0.6463954448699951,0.6097787618637085,0.6437643766403198,0.29185208678245544,0.16019128262996674,0.015727698802947998,0.001308072591200471,0.1593391262755102,0.08318718112244898,0.9154348969459534
internal,mango powdery mildew,multiple leaf dataset/mango leaf/mango powdery mildew/mango powdery mildew (281).jpg,480,360,1.3333333333333333,0.6119783520698547,0.6208562850952148,0.5926541090011597,0.6149868369102478,0.26435762643814087,0.10748291015625,0.018540024757385254,0.0016325247706845403,0.1747249681122449,0.012914540816326531,0.8083452582359314
internal,mango powdery mildew,multiple leaf dataset/mango leaf/mango powdery mildew/mango powdery mildew (443).jpg,480,360,1.3333333333333333,0.6642692685127258,0.6748130321502686,0.6586971879005432,0.669823169708252,0.2184959053993225,0.17088942229747772,0.013329803943634033,0.0007880446501076221,0.010542889030612245,0.0,0.87738037109375
internal,mango powdery mildew,multiple leaf dataset/mango leaf/mango powdery mildew/mango powdery mildew (50).jpg,480,360,1.3333333333333333,0.6784384846687317,0.6825144290924072,0.6773266196250916,0.6807042956352234,0.2597212493419647,0.13612042367458344,0.0046318769454956055,0.001693436992354691,0.1387316645408163,0.004364636479591837,0.9203247427940369
internal,mango powdery mildew,multiple leaf dataset/mango leaf/mango powdery mildew/mango powdery mildew (210).jpg,480,360,1.3333333333333333,0.7545236945152283,0.778019368648529,0.7975584268569946,0.7732216119766235,0.25358062982559204,0.10142145305871964,0.0019783377647399902,0.001467965659685433,0.06971460459183673,0.0030293367346938774,0.9005162715911865
internal,mango powdery mildew,multiple leaf dataset/mango leaf/mango powdery mildew/mango powdery mildew (247).jpg,480,360,1.3333333333333333,0.7522842288017273,0.7849643230438232,0.8136016130447388,0.7784576416015625,0.22792133688926697,0.10963751375675201,0.0020214319229125977,0.0011264514178037643,0.049127072704081634,0.0036870216836734694,0.8724363446235657
internal,mango powdery mildew,multiple leaf dataset/mango leaf/mango powdery mildew/mango powdery mildew (377).jpg,480,360,1.3333333333333333,0.635899007320404,0.6374679207801819,0.629095196723938,0.6360443234443665,0.19627289474010468,0.16567063331604004,0.004970848560333252,0.0004687761247623712,0.0018734056122448979,0.0,0.9526550769805908
internal,mango powdery mildew,multiple leaf dataset/mango leaf/mango powdery mildew/mango powdery mildew (73).jpg,480,360,1.3333333333333333,0.5931901335716248,0.6026011109352112,0.5290914177894592,0.5914071202278137,0.24289365112781525,0.24148999154567719,0.04146033525466919,0.001747334492392838,0.031529017857142856,5.978954081632653e-05,0.681990385055542
internal,mango powdery mildew,multiple leaf dataset/mango leaf/mango powdery mildew/mango powdery mildew (244).jpg,480,360,1.3333333333333333,0.6016795635223389,0.6029346585273743,0.5795597434043884,0.5998947024345398,0.244609072804451,0.17129559814929962,0.012314975261688232,0.0016130023868754506,0.05367107780612245,0.0,0.8215439915657043
internal,mango powdery mildew,multiple leaf dataset/mango leaf/mango powdery mildew/mango powdery mildew (146).jpg,480,360,1.3333333333333333,0.7017304301261902,0.6942160725593567,0.6702581644058228,0.6937316656112671,0.22651271522045135,0.13709060847759247,0.008221805095672607,0.001289747771807015,0.030133928571428572,0.0006377551020408163,0.7643625140190125
internal,mango powdery mildew,multiple leaf dataset/mango leaf/mango powdery mildew/mango powdery mildew (346).jpg,480,360,1.3333333333333333,0.6963952779769897,0.6883572936058044,0.6794306039810181,0.6897430419921875,0.18977732956409454,0.1286105513572693,0.0004443526268005371,0.0006149572436697781,0.0034677933673469387,0.0,0.9566057920455933
internal,mango powdery mildew,multiple leaf dataset/mango leaf/mango powdery mildew/mango powdery mildew (428).jpg,480,360,1.3333333333333333,0.7098586559295654,0.7064717411994934,0.7237859964370728,0.7094582319259644,0.1977672576904297,0.11148267239332199,-0.010350584983825684,0.0007641491247341037,0.015565210459183673,0.0,0.9443838000297546
internal,mango powdery mildew,multiple leaf dataset/mango leaf/mango powdery mildew/mango powdery mildew (243).jpg,480,360,1.3333333333333333,0.6021408438682556,0.6089162230491638,0.588979959487915,0.6046176552772522,0.2354673594236374,0.15583927929401398,0.013355791568756104,0.0022318402770906687,0.0330436862244898,0.0004384566326530612,0.8475647568702698
internal,mango powdery mildew,multiple leaf dataset/mango leaf/mango powdery mildew/mango powdery mildew (183).jpg,480,360,1.3333333333333333,0.74740070104599,0.7795113325119019,0.8037925362586975,0.7726783752441406,0.21075089275836945,0.12152267247438431,0.0039147138595581055,0.0010077583137899637,0.02082669005102041,0.0006178252551020409,0.7825207114219666
internal,mango powdery mildew,multiple leaf dataset/mango leaf/mango powdery mildew/mango powdery mildew (419).jpg,480,360,1.3333333333333333,0.7066357731819153,0.7012150287628174,0.7110835313796997,0.7039608359336853,0.18687176704406738,0.11266222596168518,-0.0076446533203125,0.0005820206715725362,0.0,0.0,0.9338811635971069
internal,mango powdery mildew,multiple leaf dataset/mango leaf/mango powdery mildew/mango powdery mildew (425).jpg,480,360,1.3333333333333333,0.6149870157241821,0.6267151236534119,0.5782454609870911,0.6176828742027283,0.22754095494747162,0.21459589898586273,0.03009885549545288,0.0009732808684930205,0.013213488520408163,0.0,0.7510815858840942
internal,mango powdery mildew,multiple leaf dataset/mango leaf/mango powdery mildew/mango powdery mildew (444).jpg,480,360,1.3333333333333333,0.5432608723640442,0.5583572387695312,0.5670257210731506,0.5548316240310669,0.20278193056583405,0.18049220740795135,0.003213942050933838,0.0005727634415961802,0.08830915178571429,0.006058673469387755,0.9157634973526001
internal,mango powdery mildew,multiple leaf dataset/mango leaf/mango powdery mildew/mango powdery mildew (473).jpg,480,360,1.3333333333333333,0.6346274614334106,0.6486722826957703,0.62334805727005,0.6415858864784241,0.2466541826725006,0.1855292171239853,0.01968449354171753,0.000987905659712851,0.005082110969387755,0.0,0.8649979829788208
internal,mango powdery mildew,multiple leaf dataset/mango leaf/mango powdery mildew/mango powdery mildew (139).jpg,480,360,1.3333333333333333,0.6668517589569092,0.6685562133789062,0.6503567695617676,0.6659718751907349,0.25498542189598083,0.16562943160533905,0.009951949119567871,0.0012697831261903048,0.07338169642857142,0.00408561862244898,0.9372090697288513
internal,mango powdery mildew,multiple leaf dataset/mango leaf/mango powdery mildew/mango powdery mildew (311).jpg,480,360,1.3333333333333333,0.7302365899085999,0.7623177170753479,0.7795215249061584,0.7546867728233337,0.23702417314052582,0.12155605107545853,0.00743865966796875,0.0010733080562204123,0.03942123724489796,0.009905133928571428,0.7936179041862488
internal,mango powdery mildew,multiple leaf dataset/mango leaf/mango powdery mildew/mango powdery mildew (418).jpg,480,360,1.3333333333333333,0.6682479977607727,0.6701269149780273,0.6820686459541321,0.670926570892334,0.18106044828891754,0.12053906172513962,-0.005031406879425049,0.0006062507745809853,0.010044642857142858,0.0,0.9082063436508179
internal,mango powdery mildew,multiple leaf dataset/mango leaf/mango powdery mildew/mango powdery mildew (30).jpg,480,360,1.3333333333333333,0.6449885964393616,0.6663798093795776,0.6726463437080383,0.6606982350349426,0.26452410221099854,0.15273793041706085,0.0075623393058776855,0.0017197633860632777,0.08466198979591837,3.985969387755102e-05,0.7709224820137024
internal,mango powdery mildew,multiple leaf dataset/mango leaf/mango powdery mildew/mango powdery mildew (462).jpg,480,360,1.3333333333333333,0.6061040759086609,0.6175942420959473,0.6311254501342773,0.6157011985778809,0.2130921632051468,0.1871054470539093,-0.0010205507278442383,0.0007038165931589901,0.04838966836734694,0.0,0.9332727193832397
internal,mango powdery mildew,multiple leaf dataset/mango leaf/mango powdery mildew/mango powdery mildew (169).jpg,480,360,1.3333333333333333,0.6538998484611511,0.6567661762237549,0.6256896257400513,0.6523663997650146,0.295337438583374,0.13749147951602936,0.016971468925476074,0.0029595610685646534,0.04217155612244898,1.992984693877551e-05,0.8255575299263
internal,mango powdery mildew,multiple leaf dataset/mango leaf/mango powdery mildew/mango powdery mildew (127).jpg,480,360,1.3333333333333333,0.6249454021453857,0.6451608538627625,0.632499098777771,0.637673020362854,0.29782578349113464,0.15473824739456177,0.016438603401184082,0.0021235619205981493,0.14000717474489796,0.041294642857142856,0.9470452666282654
internal,mango powdery mildew,multiple leaf dataset/mango leaf/mango powdery mildew/mango powdery mildew (128).jpg,480,360,1.3333333333333333,0.6582086682319641,0.6628595590591431,0.643408477306366,0.6592514514923096,0.2700430154800415,0.11221818625926971,0.012050986289978027,0.0030070131178945303,0.05893255739795918,0.0010762117346938774,0.7443830370903015
internal,mango powdery mildew,multiple leaf dataset/mango leaf/mango powdery mildew/mango powdery mildew (33).jpg,480,360,1.3333333333333333,0.6407641768455505,0.6440179347991943,0.6080852746963501,0.6389487385749817,0.2714191675186157,0.1944795548915863,0.019593238830566406,0.0017112080240622163,0.10341597576530612,1.992984693877551e-05,0.6820007562637329
internal,mango powdery mildew,multiple leaf dataset/mango leaf/mango powdery mildew/mango powdery mildew (441).jpg,480,360,1.3333333333333333,0.6511106491088867,0.6573677062988281,0.6407569050788879,0.653603196144104,0.19787070155143738,0.18379905819892883,0.011433959007263184,0.0004877964092884213,0.0027104591836734694,0.0,0.9080243706703186
internal,mango powdery mildew,multiple leaf dataset/mango leaf/mango powdery mildew/mango powdery mildew (222).jpg,480,360,1.3333333333333333,0.629372775554657,0.6278831958770752,0.5729603171348572,0.622067391872406,0.2576664686203003,0.21603690087795258,0.026716649532318115,0.0033497558906674385,0.05885283801020408,0.0005580357142857143,0.9074700474739075
internal,mango powdery mildew,multiple leaf dataset/mango leaf/mango powdery mildew/mango powdery mildew (396).jpg,480,360,1.3333333333333333,0.6321192383766174,0.6211819648742676,0.5365556478500366,0.6148048043251038,0.2532922029495239,0.2318376749753952,0.036844491958618164,0.0012529796222224832,9.964923469387755e-05,0.0,0.8884991407394409
internal,mango powdery mildew,multiple leaf dataset/mango leaf/mango powdery mildew/mango powdery mildew (464).jpg,480,360,1.3333333333333333,0.621586263179779,0.6144214868545532,0.5764821767807007,0.6122386455535889,0.2289653718471527,0.1643076390028,0.015387296676635742,0.0006869721692055464,0.08217075892857142,0.008410395408163265,0.8522365093231201
internal,mango powdery mildew,multiple leaf dataset/mango leaf/mango powdery mildew/mango powdery mildew (37).jpg,480,360,1.3333333333333333,0.5489850640296936,0.5562478303909302,0.5569550395011902,0.5541568398475647,0.27567097544670105,0.18710432946681976,0.0032777786254882812,0.0020374616142362356,0.19200414540816327,0.017617984693877552,0.9436401724815369
internal,mango powdery mildew,multiple leaf dataset/mango leaf/mango powdery mildew/mango powdery mildew (58).jpg,480,360,1.3333333333333333,0.7619277238845825,0.792973518371582,0.8187583684921265,0.7866302728652954,0.22036385536193848,0.11827176809310913,0.002630472183227539,0.0010822220938280225,0.04488201530612245,0.0021723533163265306,0.8429343700408936
internal,mango sooty mould,multiple leaf dataset/mango leaf/mango sooty mould/mango sooty mould (104).jpg,480,360,1.3333333333333333,0.6424477100372314,0.6336800456047058,0.596700131893158,0.6320858597755432,0.2982681691646576,0.21649587154388428,0.01410609483718872,0.0014543276047334075,0.2602638711734694,0.00896843112244898,0.7268025875091553
internal,mango sooty mould,multiple leaf dataset/mango leaf/mango sooty mould/mango sooty mould (121).jpg,480,360,1.3333333333333333,0.6585643291473389,0.6511818170547485,0.6294582486152649,0.6509127020835876,0.3007297217845917,0.11468108743429184,0.007170557975769043,0.0007518378552049398,0.19543207908163265,0.042490433673469385,0.6614614725112915
internal,mango sooty mould,multiple leaf dataset/mango leaf/mango sooty mould/mango sooty mould (136).jpg,480,360,1.3333333333333333,0.6622409224510193,0.6626536846160889,0.6200057864189148,0.6576684713363647,0.26352494955062866,0.168582022190094,0.021530330181121826,0.0007511040894314647,0.09303252551020408,0.011499521683673469,0.6985379457473755
internal,mango sooty mould,multiple leaf dataset/mango leaf/mango sooty mould/mango sooty mould (71).jpg,480,360,1.3333333333333333,0.6118673086166382,0.6019487380981445,0.5648152232170105,0.6006812453269958,0.3049546778202057,0.22520007193088531,0.013607501983642578,0.0013331526424735785,0.31198182397959184,0.0017737563775510204,0.6910125017166138
internal,mango sooty mould,multiple leaf dataset/mango leaf/mango sooty mould/mango sooty mould (97).jpg,480,360,1.3333333333333333,0.6411490440368652,0.6410948038101196,0.5972564220428467,0.6361133456230164,0.24972659349441528,0.1836259961128235,0.021892070770263672,0.0006589679978787899,0.013014190051020409,0.0,0.9084174036979675
internal,mango sooty mould,multiple leaf dataset/mango leaf/mango sooty mould/mango sooty mould (91).jpg,480,360,1.3333333333333333,0.6740317940711975,0.6714122295379639,0.6360793113708496,0.6681675314903259,0.24668581783771515,0.14808125793933868,0.016356706619262695,0.0008443891420029104,0.06345663265306123,0.0,0.796758234500885
internal,mango sooty mould,multiple leaf dataset/mango leaf/mango sooty mould/mango sooty mould (58).jpg,480,360,1.3333333333333333,0.734977126121521,0.7224167585372925,0.6973001956939697,0.7233090400695801,0.22374902665615082,0.10897239297628403,0.006278097629547119,0.0012238261988386512,0.08701371173469388,0.008071588010204082,0.8363350629806519
internal,mango sooty mould,multiple leaf dataset/mango leaf/mango sooty mould/mango sooty mould (20).jpg,480,360,1.3333333333333333,0.7487568855285645,0.741728663444519,0.7255142331123352,0.7419816851615906,0.2455626279115677,0.12827491760253906,0.0045931339263916016,0.0010205850703641772,0.05135921556122449,0.0,0.95447838306427
internal,mango sooty mould,multiple leaf dataset/mango leaf/mango sooty mould/mango sooty mould (69).jpg,480,360,1.3333333333333333,0.7226737141609192,0.7090098857879639,0.6763822436332703,0.70937579870224,0.2898940145969391,0.16679352521896362,0.00948190689086914,0.0009555640863254666,0.17645886479591838,0.005181760204081632,0.9328774213790894
internal,mango sooty mould,multiple leaf dataset/mango leaf/mango sooty mould/mango sooty mould (48).jpg,480,360,1.3333333333333333,0.7050366997718811,0.6996437907218933,0.6560747623443604,0.6962893605232239,0.2853281497955322,0.18899837136268616,0.01908808946609497,0.001018960028886795,0.1695830676020408,7.971938775510203e-05,0.9110477566719055
internal,mango sooty mould,multiple leaf dataset/mango leaf/mango sooty mould/mango sooty mould (59).jpg,480,360,1.3333333333333333,0.7801880240440369,0.7674605846405029,0.7375521063804626,0.7678564190864563,0.22267481684684753,0.10009879618883133,0.008590519428253174,0.0008899777312763035,0.021324936224489797,0.0,0.9542292952537537
internal,mango sooty mould,multiple leaf dataset/mango leaf/mango sooty mould/mango sooty mould (203).jpg,480,360,1.3333333333333333,0.6209937334060669,0.6260116696357727,0.5591874122619629,0.6168933510780334,0.2558024227619171,0.23041123151779175,0.03592109680175781,0.0008052248740568757,0.04047751913265306,0.0,0.700315535068512
internal,mango sooty mould,multiple leaf dataset/mango leaf/mango sooty mould/mango sooty mould (171).jpg,480,360,1.3333333333333333,0.636104941368103,0.6448397636413574,0.5936413407325745,0.6363914012908936,0.2831629812717438,0.1991298645734787,0.02996659278869629,0.0008809063583612442,0.034677933673469385,0.0,0.9395100474357605
internal,mango sooty mould,multiple leaf dataset/mango leaf/mango sooty mould/mango sooty mould (87).jpg,480,360,1.3333333333333333,0.7682092785835266,0.7570742964744568,0.7233907580375671,0.756563663482666,0.2520928382873535,0.14148952066898346,0.011274278163909912,0.0013689895858988166,0.11292251275510204,0.0036471619897959183,0.8494178652763367
internal,mango sooty mould,multiple leaf dataset/mango leaf/mango sooty mould/mango sooty mould (174).jpg,480,360,1.3333333333333333,0.694618821144104,0.6962607502937317,0.6707577109336853,0.6928625106811523,0.26625433564186096,0.12419319152832031,0.013572514057159424,0.0009132963605225086,0.07067123724489796,5.978954081632653e-05,0.8494502902030945
internal,mango sooty mould,multiple leaf dataset/mango leaf/mango sooty mould/mango sooty mould (163).jpg,480,360,1.3333333333333333,0.6316863298416138,0.632368266582489,0.578637957572937,0.6260391473770142,0.2565942406654358,0.2069844752550125,0.027206122875213623,0.0008167353225871921,0.05247528698979592,0.0,0.941001832485199
internal,mango sooty mould,multiple leaf dataset/mango leaf/mango sooty mould/mango sooty mould (38).jpg,480,360,1.3333333333333333,0.7372651100158691,0.7293108105659485,0.7059571146965027,0.7290267944335938,0.24721010029315948,0.11931067705154419,0.0076996684074401855,0.001082514994777739,0.12326610331632654,0.02072704081632653,0.9332952499389648
internal,mango sooty mould,multiple leaf dataset/mango leaf/mango sooty mould/mango sooty mould (57).jpg,480,360,1.3333333333333333,0.6739657521247864,0.660028874874115,0.6379705667495728,0.6616813540458679,0.23651370406150818,0.1333705186843872,0.004060685634613037,0.0011891257017850876,0.13058035714285715,0.01020408163265306,0.8081417083740234
internal,mango sooty mould,multiple leaf dataset/mango leaf/mango sooty mould/mango sooty mould (54).jpg,480,360,1.3333333333333333,0.7662697434425354,0.7576948404312134,0.7812309861183167,0.7629419565200806,0.24099011719226837,0.12630817294120789,-0.016055524349212646,0.0012714206241071224,0.10913584183673469,0.011738679846938776,0.9448569416999817
internal,mango sooty mould,multiple leaf dataset/mango leaf/mango sooty mould/mango sooty mould (86).jpg,480,360,1.3333333333333333,0.6804181337356567,0.6716856956481934,0.6325302124023438,0.6698329448699951,0.2641696631908417,0.19918523728847504,0.015211522579193115,0.0012419671984389424,0.17679767219387754,0.021902901785714284,0.7379026412963867
internal,mango sooty mould,multiple leaf dataset/mango leaf/mango sooty mould/mango sooty mould (114).jpg,480,360,1.3333333333333333,0.7204394936561584,0.7139531970024109,0.6911848187446594,0.7132970094680786,0.25002241134643555,0.10015872865915298,0.008141040802001953,0.0009411933715455234,0.11820392219387756,0.013651945153061224,0.9036402106285095
internal,mango sooty mould,multiple leaf dataset/mango leaf/mango sooty mould/mango sooty mould (181).jpg,480,360,1.3333333333333333,0.7237057089805603,0.7171692848205566,0.6927244067192078,0.7163369059562683,0.26377686858177185,0.1068279892206192,0.008954226970672607,0.000874052697326988,0.10349569515306123,0.0,0.7818393111228943
internal,mango sooty mould,multiple leaf dataset/mango leaf/mango sooty mould/mango sooty mould (153).jpg,480,360,1.3333333333333333,0.5872067213058472,0.6013092398643494,0.5599825978279114,0.5923812985420227,0.2686491310596466,0.16019630432128906,0.027714550495147705,0.0011059142416343093,0.0713687818877551,0.0,0.6802152991294861
internal,mango sooty mould,multiple leaf dataset/mango leaf/mango sooty mould/mango sooty mould (180).jpg,480,360,1.3333333333333333,0.7067049145698547,0.6988672018051147,0.6745007634162903,0.6984329223632812,0.24802085757255554,0.10416354984045029,0.008264362812042236,0.0008360781939700246,0.10012755102040816,0.00013950892857142856,0.820663332939148
internal,mango sooty mould,multiple leaf dataset/mango leaf/mango sooty mould/mango sooty mould (184).jpg,480,360,1.3333333333333333,0.7104454636573792,0.7014549374580383,0.680079996585846,0.7017064094543457,0.26044002175331116,0.10105333477258682,0.006192207336425781,0.0006633847369812429,0.1190609056122449,0.0008769132653061224,0.8244105577468872
internal,mango sooty mould,multiple leaf dataset/mango leaf/mango sooty mould/mango sooty mould (1).jpg,480,360,1.3333333333333333,0.6716324687004089,0.6590970754623413,0.6228261590003967,0.658710241317749,0.2776155173778534,0.1989145278930664,0.011867761611938477,0.001097376924008131,0.13865194515306123,0.00031887755102040814,0.7193619608879089
internal,mango sooty mould,multiple leaf dataset/mango leaf/mango sooty mould/mango sooty mould (194).jpg,480,360,1.3333333333333333,0.6868718266487122,0.6888402700424194,0.6486433148384094,0.6836692690849304,0.26656508445739746,0.16165807843208313,0.021082699298858643,0.0007326958002522588,0.0977359693877551,0.0,0.7778152227401733
internal,mango sooty mould,multiple leaf dataset/mango leaf/mango sooty mould/mango sooty mould (148).jpg,480,360,1.3333333333333333,0.7070058584213257,0.7077382802963257,0.6769098043441772,0.7040048837661743,0.28809359669685364,0.11596152186393738,0.01578044891357422,0.0009592933929525316,0.11894132653061225,9.964923469387755e-05,0.9350414276123047
internal,mango sooty mould,multiple leaf dataset/mango leaf/mango sooty mould/mango sooty mould (160).jpg,480,360,1.3333333333333333,0.6935916543006897,0.6896932125091553,0.6589231491088867,0.6873509883880615,0.2652422785758972,0.12241517007350922,0.013435840606689453,0.000974522263277322,0.09410873724489796,1.992984693877551e-05,0.9005104899406433
internal,mango sooty mould,multiple leaf dataset/mango leaf/mango sooty mould/mango sooty mould (158).jpg,480,360,1.3333333333333333,0.6715288758277893,0.6684540510177612,0.6377890110015869,0.6658776998519897,0.27121081948280334,0.1360110342502594,0.013795137405395508,0.0008639158331789076,0.11517458545918367,0.002272002551020408,0.8995425701141357
internal,mango sooty mould,multiple leaf dataset/mango leaf/mango sooty mould/mango sooty mould (183).jpg,480,360,1.3333333333333333,0.6699547171592712,0.6661186814308167,0.6350980401039124,0.6637293100357056,0.27663925290107727,0.13373316824436188,0.013592302799224854,0.0010112507734447718,0.08197146045918367,0.0,0.7737457752227783
internal,mango sooty mould,multiple leaf dataset/mango leaf/mango sooty mould/mango sooty mould (53).jpg,480,360,1.3333333333333333,0.6552910208702087,0.65284264087677,0.6024574637413025,0.6478307843208313,0.2841845154762268,0.22664669156074524,0.023968398571014404,0.0011671202955767512,0.17621970663265307,0.00013950892857142856,0.8399934768676758
internal,mango sooty mould,multiple leaf dataset/mango leaf/mango sooty mould/mango sooty mould (6).jpg,480,360,1.3333333333333333,0.756018340587616,0.7536608576774597,0.7227051258087158,0.7508367300033569,0.25792574882507324,0.13459664583206177,0.014299094676971436,0.0010275543900206685,0.09080038265306123,0.0006776147959183673,0.9518244862556458
internal,mango sooty mould,multiple leaf dataset/mango leaf/mango sooty mould/mango sooty mould (164).jpg,480,360,1.3333333333333333,0.663726270198822,0.6679071187973022,0.6163023114204407,0.6607740521430969,0.270140141248703,0.19100145995616913,0.0278928279876709,0.0007321200682781637,0.0525749362244898,0.0,0.9244032502174377
internal,mango sooty mould,multiple leaf dataset/mango leaf/mango sooty mould/mango sooty mould (8).jpg,480,360,1.3333333333333333,0.6458755731582642,0.6395540237426758,0.6025592088699341,0.6372267603874207,0.2920491695404053,0.20089110732078552,0.01533663272857666,0.0012008503545075655,0.23579001913265307,0.006955516581632653,0.8031527996063232
internal,mango sooty mould,multiple leaf dataset/mango leaf/mango sooty mould/mango sooty mould (198).jpg,480,360,1.3333333333333333,0.6882662177085876,0.6886096596717834,0.6429957747459412,0.6833070516586304,0.2667773365974426,0.17162270843982697,0.022978663444519043,0.0008619872387498617,0.04428411989795918,0.00013950892857142856,0.8029807806015015
internal,mango sooty mould,multiple leaf dataset/mango leaf/mango sooty mould/mango sooty mould (134).jpg,480,360,1.3333333333333333,0.6722432971000671,0.6690154671669006,0.6251710653305054,0.6649823188781738,0.26553040742874146,0.17106613516807556,0.020308315753936768,0.0009283869876526296,0.08890704719387756,0.0009566326530612245,0.8707314133644104
internal,mango sooty mould,multiple leaf dataset/mango leaf/mango sooty mould/mango sooty mould (29).jpg,480,360,1.3333333333333333,0.6832709908485413,0.6707687377929688,0.6532332897186279,0.6725079417228699,0.22295768558979034,0.11126946657896042,0.002516627311706543,0.0010360885644331574,0.09251434948979592,0.021942761479591837,0.8927807211875916
internal,mango sooty mould,multiple leaf dataset/mango leaf/mango sooty mould/mango sooty mould (37).jpg,480,360,1.3333333333333333,0.620392382144928,0.6149675250053406,0.5687794089317322,0.6113240718841553,0.2887752652168274,0.23581434786319733,0.020381629467010498,0.0014077875530347228,0.22279575892857142,0.0010562818877551021,0.79903644323349
internal,mango sooty mould,multiple leaf dataset/mango leaf/mango sooty mould/mango sooty mould (22).jpg,480,360,1.3333333333333333,0.7634814381599426,0.7527011036872864,0.7145187854766846,0.7515716552734375,0.2371721714735031,0.12802882492542267,0.013701021671295166,0.0007493082666769624,0.00408561862244898,0.0,0.9392518997192383
internal,mango sooty mould,multiple leaf dataset/mango leaf/mango sooty mould/mango sooty mould (34).jpg,480,360,1.3333333333333333,0.6934780478477478,0.6881961226463318,0.655745267868042,0.6860760450363159,0.2641820013523102,0.1644536554813385,0.013584434986114502,0.0011081640841439366,0.1599170918367347,0.02897799744897959,0.8694471716880798
internal,mango sooty mould,multiple leaf dataset/mango leaf/mango sooty mould/mango sooty mould (206).jpg,480,360,1.3333333333333333,0.7254743576049805,0.71450275182724,0.6904826760292053,0.7150449752807617,0.27849557995796204,0.14417508244514465,0.006524264812469482,0.0008730283589102328,0.13366948341836735,0.0005381058673469387,0.9251589775085449
internal,mango sooty mould,multiple leaf dataset/mango leaf/mango sooty mould/mango sooty mould (45).jpg,480,360,1.3333333333333333,0.6600209474563599,0.6535534262657166,0.6174623966217041,0.6513728499412537,0.27586665749549866,0.19182726740837097,0.01481175422668457,0.0013111905427649617,0.1962292729591837,0.02018893494897959,0.9292047023773193
internal,mango sooty mould,multiple leaf dataset/mango leaf/mango sooty mould/mango sooty mould (182).jpg,480,360,1.3333333333333333,0.6716294288635254,0.6679812073707581,0.6357572078704834,0.6653985977172852,0.2681819796562195,0.1381026804447174,0.014287889003753662,0.0009860494174063206,0.06331712372448979,0.0,0.7644893527030945
internal,mango sooty mould,multiple leaf dataset/mango leaf/mango sooty mould/mango sooty mould (103).jpg,480,360,1.3333333333333333,0.6122713088989258,0.605927586555481,0.5617985129356384,0.6027936935424805,0.30119696259498596,0.24688683450222015,0.018892645835876465,0.0012390930205583572,0.29099569515306123,0.0031887755102040817,0.6611636281013489
internal,mango sooty mould,multiple leaf dataset/mango leaf/mango sooty mould/mango sooty mould (55).jpg,480,360,1.3333333333333333,0.7621616721153259,0.7516851425170898,0.7246872186660767,0.7517397999763489,0.25525835156440735,0.13854120671749115,0.008260726928710938,0.0014556159731000662,0.12398357780612244,0.005859375,0.858749508857727
internal,mango sooty mould,multiple leaf dataset/mango leaf/mango sooty mould/mango sooty mould (175).jpg,480,360,1.3333333333333333,0.6765899658203125,0.6758201718330383,0.6395339369773865,0.671913743019104,0.267240971326828,0.1450418382883072,0.017758190631866455,0.0009349979227408767,0.0696548150510204,0.0,0.9340773820877075
internal,mango sooty mould,multiple leaf dataset/mango leaf/mango sooty mould/mango sooty mould (72).jpg,480,360,1.3333333333333333,0.6396310925483704,0.6260543465614319,0.5899946093559265,0.6260029673576355,0.29577359557151794,0.2178782969713211,0.011241495609283447,0.001221766578964889,0.2584901147959184,0.0001793686224489796,0.722084641456604
internal,mango sooty mould,multiple leaf dataset/mango leaf/mango sooty mould/mango sooty mould (78).jpg,480,360,1.3333333333333333,0.5666007399559021,0.5711612105369568,0.48009735345840454,0.5594164133071899,0.26123735308647156,0.31252461671829224,0.04781216382980347,0.0011798326158896089,0.10790019132653061,0.007075095663265306,0.74986332654953
internal,mango sooty mould,multiple leaf dataset/mango leaf/mango sooty mould/mango sooty mould (39).jpg,480,360,1.3333333333333333,0.742925226688385,0.7382521629333496,0.7040903568267822,0.7357549071311951,0.26840946078300476,0.14227867126464844,0.014744400978088379,0.001421598019078374,0.11834343112244898,0.0020129145408163264,0.9055504202842712
internal,mango sooty mould,multiple leaf dataset/mango leaf/mango sooty mould/mango sooty mould (195).jpg,480,360,1.3333333333333333,0.6653923392295837,0.6704186201095581,0.6147441267967224,0.6625689268112183,0.2629413306713104,0.1896877884864807,0.03035038709640503,0.0007782050524838269,0.009885204081632654,0.0,0.7775559425354004
internal,mango sooty mould,multiple leaf dataset/mango leaf/mango sooty mould/mango sooty mould (167).jpg,480,360,1.3333333333333333,0.6577721238136292,0.661934494972229,0.6030390858650208,0.6539759635925293,0.2610084116458893,0.19582684338092804,0.03152889013290405,0.0007908816915005445,0.002730389030612245,0.0,0.9028651118278503
internal,mango sooty mould,multiple leaf dataset/mango leaf/mango sooty mould/mango sooty mould (108).jpg,480,360,1.3333333333333333,0.6553189754486084,0.6379454135894775,0.6092682480812073,0.6398708820343018,0.24026735126972198,0.1509704440832138,0.00565183162689209,0.0010003986535593867,0.05540497448979592,0.009347098214285714,0.7120442390441895
internal,mango sooty mould,multiple leaf dataset/mango leaf/mango sooty mould/mango sooty mould (64).jpg,480,360,1.3333333333333333,0.7485982179641724,0.7339484691619873,0.7142494916915894,0.7360830307006836,0.22705966234207153,0.09679031372070312,0.0025246143341064453,0.0008815393666736782,0.09301259566326531,0.025051817602040817,0.9351001977920532
internal,mango sooty mould,multiple leaf dataset/mango leaf/mango sooty mould/mango sooty mould (178).jpg,480,360,1.3333333333333333,0.7758212685585022,0.7698431015014648,0.7475314140319824,0.769087016582489,0.253877192735672,0.0836821123957634,0.008166790008544922,0.0007613296620547771,0.06544961734693877,0.00510204081632653,0.8099375367164612
internal,mango sooty mould,multiple leaf dataset/mango leaf/mango sooty mould/mango sooty mould (110).jpg,480,360,1.3333333333333333,0.6816856265068054,0.6678531169891357,0.6302110552787781,0.6676979064941406,0.26590731739997864,0.1813802719116211,0.011904776096343994,0.0013351773377507925,0.12549824617346939,0.00528140943877551,0.9162161946296692
internal,mango sooty mould,multiple leaf dataset/mango leaf/mango sooty mould/mango sooty mould (205).jpg,480,360,1.3333333333333333,0.7243369221687317,0.7173142433166504,0.6871599555015564,0.7159764766693115,0.2772577702999115,0.15845434367656708,0.011565804481506348,0.0009265808621421456,0.12242904974489796,0.0,0.9487904906272888
internal,mango sooty mould,multiple leaf dataset/mango leaf/mango sooty mould/mango sooty mould (130).jpg,480,360,1.3333333333333333,0.7299566268920898,0.7247985601425171,0.6938027143478394,0.7228072881698608,0.24092034995555878,0.12129185348749161,0.01291888952255249,0.0005349501152522862,7.971938775510203e-05,0.0,0.9386488199234009
internal,mango sooty mould,multiple leaf dataset/mango leaf/mango sooty mould/mango sooty mould (52).jpg,480,360,1.3333333333333333,0.6518215537071228,0.6467111706733704,0.6056525707244873,0.6435585618019104,0.27636703848838806,0.21512074768543243,0.01797407865524292,0.0012413064250722528,0.21115672831632654,0.00350765306122449,0.785948634147644
internal,mango sooty mould,multiple leaf dataset/mango leaf/mango sooty mould/mango sooty mould (27).jpg,480,360,1.3333333333333333,0.7325448989868164,0.7227845191955566,0.6899248361587524,0.7219568490982056,0.24863271415233612,0.11895979940891266,0.011549651622772217,0.0009410749771632254,0.030791613520408163,0.0,0.9407176375389099
internal,mango sooty mould,multiple leaf dataset/mango leaf/mango sooty mould/mango sooty mould (50).jpg,480,360,1.3333333333333333,0.6598009467124939,0.6535544395446777,0.6089987754821777,0.6503427624702454,0.280167818069458,0.22364039719104767,0.01915454864501953,0.001213199459016323,0.20533721301020408,0.01789700255102041,0.8044934868812561
internal,mango sooty mould,multiple leaf dataset/mango leaf/mango sooty mould/mango sooty mould (79).jpg,480,360,1.3333333333333333,0.5955764055252075,0.5937543511390686,0.5255420207977295,0.5865229368209839,0.2573927342891693,0.2582133114337921,0.0331951379776001,0.0011645260965451598,0.13472576530612246,0.008649553571428572,0.8254274725914001
internal,mango sooty mould,multiple leaf dataset/mango leaf/mango sooty mould/mango sooty mould (131).jpg,480,360,1.3333333333333333,0.7598192095756531,0.7617360949516296,0.7277882695198059,0.7572929263114929,0.23918119072914124,0.10632310807704926,0.017932355403900146,0.0007079622591845691,0.0,0.0,0.9382088780403137
internal,mango sooty mould,multiple leaf dataset/mango leaf/mango sooty mould/mango sooty mould (162).jpg,480,360,1.3333333333333333,0.6333398222923279,0.6339373588562012,0.5831279158592224,0.6279664039611816,0.2529788613319397,0.20465253293514252,0.025703489780426025,0.0006981818587519228,0.044244260204081634,0.0,0.9388099908828735
internal,mango sooty mould,multiple leaf dataset/mango leaf/mango sooty mould/mango sooty mould (204).jpg,480,360,1.3333333333333333,0.6033682823181152,0.5906933546066284,0.5548322796821594,0.5903950333595276,0.2507270872592926,0.19430892169475555,0.011593103408813477,0.0010011403355747461,0.14042570153061223,0.00430484693877551,0.8173453211784363
internal,mango sooty mould,multiple leaf dataset/mango leaf/mango sooty mould/mango sooty mould (43).jpg,480,360,1.3333333333333333,0.7059400677680969,0.6972841620445251,0.6706686019897461,0.6968380808830261,0.29784682393074036,0.15015539526939392,0.008979856967926025,0.0019178029615432024,0.18604512117346939,0.06865832270408163,0.7638433575630188
internal,mango sooty mould,multiple leaf dataset/mango leaf/mango sooty mould/mango sooty mould (166).jpg,480,360,1.3333333333333333,0.6557675004005432,0.6578125953674316,0.6114192605018616,0.651912271976471,0.26801085472106934,0.18337371945381165,0.024219214916229248,0.0007536240154877305,0.08482142857142858,0.0001793686224489796,0.9042049050331116
internal,mango sooty mould,multiple leaf dataset/mango leaf/mango sooty mould/mango sooty mould (28).jpg,480,360,1.3333333333333333,0.7577019333839417,0.73979651927948,0.7194452881813049,0.742830216884613,0.20451395213603973,0.09420203417539597,0.0012229084968566895,0.0004431480192579329,0.0007174744897959184,0.0,0.9184613823890686
internal,mango sooty mould,multiple leaf dataset/mango leaf/mango sooty mould/mango sooty mould (18).jpg,480,360,1.3333333333333333,0.735359787940979,0.7209141850471497,0.7199856638908386,0.7251275777816772,0.20565997064113617,0.10142536461353302,-0.006758511066436768,0.0009992261184379458,0.015545280612244899,0.0,0.9608259201049805
internal,mango sooty mould,multiple leaf dataset/mango leaf/mango sooty mould/mango sooty mould (137).jpg,480,360,1.3333333333333333,0.630378246307373,0.6271163821220398,0.5864352583885193,0.6234540939331055,0.2654079496860504,0.1918526291847229,0.01870959997177124,0.0008699125028215349,0.12794961734693877,0.0,0.7829847931861877
internal,mango sooty mould,multiple leaf dataset/mango leaf/mango sooty mould/mango sooty mould (74).jpg,480,360,1.3333333333333333,0.6212399005889893,0.6072000861167908,0.5590243339538574,0.6059059500694275,0.2309778779745102,0.19748763740062714,0.01706796884536743,0.001604422926902771,0.044025031887755105,0.009646045918367346,0.7523488998413086
internal,mango sooty mould,multiple leaf dataset/mango leaf/mango sooty mould/mango sooty mould (33).jpg,480,360,1.3333333333333333,0.7456517219543457,0.7416082620620728,0.675055980682373,0.7352302670478821,0.22593845427036285,0.18261858820915222,0.03125441074371338,0.0005252830451354384,1.992984693877551e-05,0.0,0.802945613861084
internal,mango sooty mould,multiple leaf dataset/mango leaf/mango sooty mould/mango sooty mould (90).jpg,480,360,1.3333333333333333,0.6839956045150757,0.6828988790512085,0.6395153403282166,0.6782809495925903,0.25869402289390564,0.16636793315410614,0.021143436431884766,0.0006810523336753249,0.002272002551020408,0.0,0.7682018876075745
internal,mango sooty mould,multiple leaf dataset/mango leaf/mango sooty mould/mango sooty mould (147).jpg,480,360,1.3333333333333333,0.7039622664451599,0.7036746144294739,0.6750075817108154,0.7004926204681396,0.2851877212524414,0.11389630287885666,0.014189660549163818,0.0009197062463499606,0.1233657525510204,0.0003985969387755102,0.9322711825370789
internal,mango sooty mould,multiple leaf dataset/mango leaf/mango sooty mould/mango sooty mould (46).jpg,480,360,1.3333333333333333,0.641568660736084,0.6372049450874329,0.5917404890060425,0.6333267688751221,0.296529620885849,0.21217837929725647,0.02055037021636963,0.001321942312642932,0.22921316964285715,0.0333625637755102,0.7440260648727417
internal,mango sooty mould,multiple leaf dataset/mango leaf/mango sooty mould/mango sooty mould (21).jpg,480,360,1.3333333333333333,0.599994421005249,0.589411199092865,0.5584462881088257,0.5890456438064575,0.2642175853252411,0.18092554807662964,0.010190844535827637,0.0009701544186100364,0.21111686862244897,0.06427375637755102,0.924332320690155
internal,mango sooty mould,multiple leaf dataset/mango leaf/mango sooty mould/mango sooty mould (191).jpg,480,360,1.3333333333333333,0.6108392477035522,0.6013725996017456,0.56670743227005,0.600251317024231,0.2712785005569458,0.17403219640254974,0.01259922981262207,0.0010557947680354118,0.08569834183673469,0.0,0.7646058797836304
internal,mango sooty mould,multiple leaf dataset/mango leaf/mango sooty mould/mango sooty mould (70).jpg,480,360,1.3333333333333333,0.6745834350585938,0.6617289781570435,0.6280962228775024,0.6617383360862732,0.27305757999420166,0.19509796798229218,0.010389149188995361,0.0010956720216199756,0.1633250956632653,0.003926179846938775,0.7940346002578735
internal,mango sooty mould,multiple leaf dataset/mango leaf/mango sooty mould/mango sooty mould (89).jpg,480,360,1.3333333333333333,0.6849671006202698,0.6777091026306152,0.6428574323654175,0.6759061217308044,0.2901763319969177,0.1896643340587616,0.013796806335449219,0.0012067321222275496,0.1992785395408163,0.03322305484693878,0.7416602373123169
internal,mango sooty mould,multiple leaf dataset/mango leaf/mango sooty mould/mango sooty mould (124).jpg,480,360,1.3333333333333333,0.6163650155067444,0.608588695526123,0.5886470079421997,0.6086404919624329,0.3065524995326996,0.1276979297399521,0.006082653999328613,0.0007404213538393378,0.25589923469387754,0.10732222576530612,0.8811675906181335
internal,mango sooty mould,multiple leaf dataset/mango leaf/mango sooty mould/mango sooty mould (187).jpg,480,360,1.3333333333333333,0.6088616251945496,0.601835310459137,0.5719780921936035,0.6005324721336365,0.3040030002593994,0.1567157655954361,0.011415421962738037,0.0008390420698560774,0.24689094387755103,0.0045041454081632655,0.889576256275177
internal,mango sooty mould,multiple leaf dataset/mango leaf/mango sooty mould/mango sooty mould (115).jpg,480,360,1.3333333333333333,0.7006748914718628,0.6952211856842041,0.6709810495376587,0.6940884590148926,0.2616289556026459,0.1103619784116745,0.00939321517944336,0.0009703038958832622,0.13462611607142858,0.0107421875,0.9095602035522461
internal,mango sooty mould,multiple leaf dataset/mango leaf/mango sooty mould/mango sooty mould (2).jpg,480,360,1.3333333333333333,0.6593859791755676,0.6466093063354492,0.620013952255249,0.6473976969718933,0.26853761076927185,0.19429093599319458,0.006909370422363281,0.0009313360787928104,0.15700733418367346,0.0004384566326530612,0.6986433863639832
internal,mango sooty mould,multiple leaf dataset/mango leaf/mango sooty mould/mango sooty mould (32).jpg,480,360,1.3333333333333333,0.6375996470451355,0.6364334225654602,0.5714564323425293,0.6293747425079346,0.2570076286792755,0.23853269219398499,0.03190535306930542,0.0009441926958970726,0.09355070153061225,0.00027901785714285713,0.7311756014823914
internal,mango sooty mould,multiple leaf dataset/mango leaf/mango sooty mould/mango sooty mould (41).jpg,480,360,1.3333333333333333,0.672008752822876,0.660273015499115,0.6382442712783813,0.6612707376480103,0.2711179554462433,0.1576482355594635,0.005146503448486328,0.0013730155769735575,0.17677774234693877,0.07342155612244898,0.8433922529220581
internal,mango sooty mould,multiple leaf dataset/mango leaf/mango sooty mould/mango sooty mould (189).jpg,480,360,1.3333333333333333,0.6481491923332214,0.6379521489143372,0.613765299320221,0.6382437348365784,0.27837714552879333,0.13095740973949432,0.006994903087615967,0.0008628519717603922,0.08434311224489796,0.0,0.809223473072052
internal,mango sooty mould,multiple leaf dataset/mango leaf/mango sooty mould/mango sooty mould (113).jpg,480,360,1.3333333333333333,0.6260632276535034,0.6097275614738464,0.5559756755828857,0.6084842085838318,0.23987451195716858,0.2306620180606842,0.018708109855651855,0.00111472571734339,0.05113998724489796,0.016721141581632654,0.8826790452003479
internal,mango sooty mould,multiple leaf dataset/mango leaf/mango sooty mould/mango sooty mould (141).jpg,480,360,1.3333333333333333,0.6353455185890198,0.6323149800300598,0.6046889424324036,0.630071759223938,0.265853613615036,0.1267903745174408,0.012297749519348145,0.0011208762880414724,0.14817841198979592,0.047751913265306124,0.8411741852760315
internal,mango sooty mould,multiple leaf dataset/mango leaf/mango sooty mould/mango sooty mould (138).jpg,480,360,1.3333333333333333,0.7008539438247681,0.6968693137168884,0.6745386123657227,0.6955150961875916,0.26100489497184753,0.1087241843342781,0.009173035621643066,0.0010515998583287,0.11487563775510204,0.00430484693877551,0.891260027885437
internal,mango sooty mould,multiple leaf dataset/mango leaf/mango sooty mould/mango sooty mould (209).jpg,480,360,1.3333333333333333,0.6395341753959656,0.6312974691390991,0.5896939039230347,0.6290174126625061,0.2822778522968292,0.22343102097511292,0.016683459281921387,0.001023052609525621,0.16725127551020408,9.964923469387755e-05,0.6698750257492065
internal,mango sooty mould,multiple leaf dataset/mango leaf/mango sooty mould/mango sooty mould (106).jpg,480,360,1.3333333333333333,0.6633321046829224,0.6528729200363159,0.60262531042099,0.6502719521522522,0.2599309980869293,0.20647835731506348,0.01989424228668213,0.001301504671573639,0.0447624362244898,0.008769132653061224,0.8944780230522156
internal,mango sooty mould,multiple leaf dataset/mango leaf/mango sooty mould/mango sooty mould (40).jpg,480,360,1.3333333333333333,0.7402377128601074,0.7366073131561279,0.7006479501724243,0.7335934042930603,0.27578726410865784,0.1472139209508896,0.01616448163986206,0.0014089050237089396,0.13000239158163265,0.003826530612244898,0.9797058701515198
internal,mango sooty mould,multiple leaf dataset/mango leaf/mango sooty mould/mango sooty mould (157).jpg,480,360,1.3333333333333333,0.6802843809127808,0.6753323674201965,0.6468865871429443,0.6735701560974121,0.27102378010749817,0.12241386622190475,0.011746883392333984,0.0010341217275708914,0.10000797193877552,0.0003587372448979592,0.8141082525253296
internal,mango sooty mould,multiple leaf dataset/mango leaf/mango sooty mould/mango sooty mould (82).jpg,480,360,1.3333333333333333,0.6482904553413391,0.6561561226844788,0.5653124451637268,0.6434480547904968,0.2695358395576477,0.28018179535865784,0.0493546724319458,0.0010124108521267772,0.09458705357142858,0.003786670918367347,0.9522690176963806
internal,mango sooty mould,multiple leaf dataset/mango leaf/mango sooty mould/mango sooty mould (173).jpg,480,360,1.3333333333333333,0.7581662535667419,0.7568955421447754,0.7391349673271179,0.7552508115768433,0.2581356465816498,0.08977264910936356,0.008244931697845459,0.0012979337479919195,0.023596938775510203,0.0,0.7558926343917847
internal,mango sooty mould,multiple leaf dataset/mango leaf/mango sooty mould/mango sooty mould (126).jpg,480,360,1.3333333333333333,0.6697051525115967,0.6635369062423706,0.6229990124702454,0.6607599258422852,0.256570428609848,0.17035262286663055,0.017184853553771973,0.0006971730035729706,0.04956552933673469,0.0,0.8344862461090088
internal,mango sooty mould,multiple leaf dataset/mango leaf/mango sooty mould/mango sooty mould (188).jpg,480,360,1.3333333333333333,0.6100687384605408,0.6002037525177002,0.5734967589378357,0.600108802318573,0.2855381369590759,0.1508682668209076,0.008421003818511963,0.0007706996402703226,0.2261639030612245,5.978954081632653e-05,0.7951115369796753
internal,mango sooty mould,multiple leaf dataset/mango leaf/mango sooty mould/mango sooty mould (36).jpg,480,360,1.3333333333333333,0.6212707161903381,0.618074893951416,0.56216961145401,0.6126572489738464,0.2962215840816498,0.24766291677951813,0.026354730129241943,0.001471472205594182,0.19300063775510204,0.0003587372448979592,0.7487936615943909
internal,mango sooty mould,multiple leaf dataset/mango leaf/mango sooty mould/mango sooty mould (66).jpg,480,360,1.3333333333333333,0.7460426092147827,0.7366030216217041,0.7039311528205872,0.735700786113739,0.24532662332057953,0.11716696619987488,0.011616110801696777,0.0010252876672893763,0.045579559948979595,0.0,0.9352757334709167
internal,mango sooty mould,multiple leaf dataset/mango leaf/mango sooty mould/mango sooty mould (94).jpg,480,360,1.3333333333333333,0.6738967299461365,0.6704689860343933,0.6330273747444153,0.6672255992889404,0.24888262152671814,0.14650091528892517,0.01700693368911743,0.001042375573888421,0.09482621173469388,0.005739795918367347,0.835436999797821
internal,mango sooty mould,multiple leaf dataset/mango leaf/mango sooty mould/mango sooty mould (139).jpg,480,360,1.3333333333333333,0.6890228986740112,0.6828151345252991,0.6546729207038879,0.6814631223678589,0.2636633813381195,0.12140624225139618,0.0109671950340271,0.0009715743944980204,0.12278778698979592,0.007294323979591837,0.9263737797737122
internal,mango sooty mould,multiple leaf dataset/mango leaf/mango sooty mould/mango sooty mould (10).jpg,480,360,1.3333333333333333,0.5067461729049683,0.5061535835266113,0.46988070011138916,0.5021956562995911,0.3220362365245819,0.2808612287044525,0.017840147018432617,0.0009704778785817325,0.363460618622449,0.2809510522959184,0.7342294454574585
internal,mango sooty mould,multiple leaf dataset/mango leaf/mango sooty mould/mango sooty mould (5).jpg,480,360,1.3333333333333333,0.6991845965385437,0.6868821978569031,0.6611857414245605,0.6876311898231506,0.2609814703464508,0.1489667296409607,0.0066969990730285645,0.0014647241914644837,0.15310108418367346,0.03736846301020408,0.8080036044120789
internal,mango sooty mould,multiple leaf dataset/mango leaf/mango sooty mould/mango sooty mould (100).jpg,480,360,1.3333333333333333,0.659745991230011,0.6423202753067017,0.6134520769119263,0.644239604473114,0.2926936149597168,0.20317864418029785,0.0057212114334106445,0.0010493648005649447,0.23427535076530612,0.039361447704081634,0.7358430624008179
internal,mango sooty mould,multiple leaf dataset/mango leaf/mango sooty mould/mango sooty mould (68).jpg,480,360,1.3333333333333333,0.7397554516792297,0.7318507432937622,0.6908928751945496,0.7295450568199158,0.2539123594760895,0.1356552690267563,0.01652657985687256,0.0009061636519618332,0.008649553571428572,0.0,0.9420216679573059
internal,mango sooty mould,multiple leaf dataset/mango leaf/mango sooty mould/mango sooty mould (81).jpg,480,360,1.3333333333333333,0.5726343393325806,0.5824411511421204,0.46947556734085083,0.5666308403015137,0.2306906133890152,0.31946998834609985,0.061386168003082275,0.001036880654282868,0.022839604591836735,0.00045838647959183676,0.8739595413208008
internal,mango sooty mould,multiple leaf dataset/mango leaf/mango sooty mould/mango sooty mould (65).jpg,480,360,1.3333333333333333,0.7386589646339417,0.7384061217308044,0.7136542797088623,0.7356600165367126,0.2537870407104492,0.11231736093759537,0.012249529361724854,0.0008853254839777946,0.03677056760204082,0.0,0.9324177503585815
internal,mango sooty mould,multiple leaf dataset/mango leaf/mango sooty mould/mango sooty mould (109).jpg,480,360,1.3333333333333333,0.6497158408164978,0.6322286128997803,0.6061408519744873,0.634483277797699,0.23845821619033813,0.1412009745836258,0.004300236701965332,0.0008813494350761175,0.04924665178571429,0.006018813775510204,0.7205489873886108
internal,mango sooty mould,multiple leaf dataset/mango leaf/mango sooty mould/mango sooty mould (88).jpg,480,360,1.3333333333333333,0.7153798341751099,0.7050323486328125,0.670924186706543,0.7042379379272461,0.24321433901786804,0.16371411085128784,0.011880338191986084,0.0011868877336382866,0.13787468112244897,0.009745695153061224,0.8070504069328308
internal,mango sooty mould,multiple leaf dataset/mango leaf/mango sooty mould/mango sooty mould (192).jpg,480,360,1.3333333333333333,0.6428792476654053,0.6397985816001892,0.5976051092147827,0.6359096169471741,0.277870237827301,0.17260625958442688,0.019556403160095215,0.00081634457455948,0.010243941326530613,0.0,0.6938691735267639
internal,mango sooty mould,multiple leaf dataset/mango leaf/mango sooty mould/mango sooty mould (142).jpg,480,360,1.3333333333333333,0.6389225721359253,0.6349363327026367,0.6101676821708679,0.6333045959472656,0.27134376764297485,0.1286582052707672,0.0103912353515625,0.0010416400618851185,0.17087850765306123,0.05542490433673469,0.8456937670707703
internal,mango sooty mould,multiple leaf dataset/mango leaf/mango sooty mould/mango sooty mould (132).jpg,480,360,1.3333333333333333,0.6869009137153625,0.6820468306541443,0.6549327373504639,0.6804072260856628,0.24728858470916748,0.14608658850193024,0.011130034923553467,0.0007704631425440311,0.04057716836734694,0.0,0.8035323619842529
internal,mango sooty mould,multiple leaf dataset/mango leaf/mango sooty mould/mango sooty mould (146).jpg,480,360,1.3333333333333333,0.7116289734840393,0.7068234086036682,0.6840384602546692,0.7056627869606018,0.2645007371902466,0.105433888733387,0.008989691734313965,0.0009332753252238035,0.12244897959183673,0.0013153698979591836,0.9004977345466614
internal,mango sooty mould,multiple leaf dataset/mango leaf/mango sooty mould/mango sooty mould (61).jpg,480,360,1.3333333333333333,0.694978654384613,0.6854892373085022,0.6539987921714783,0.6847366690635681,0.2647935450077057,0.15865275263786316,0.011000514030456543,0.0009275218471884727,0.18751992984693877,0.01128029336734694,0.9260363578796387
internal,mango sooty mould,multiple leaf dataset/mango leaf/mango sooty mould/mango sooty mould (112).jpg,480,360,1.3333333333333333,0.7112153768539429,0.698957085609436,0.6565645933151245,0.6977895498275757,0.2738027274608612,0.17457133531570435,0.015067100524902344,0.001030817162245512,0.04585857780612245,0.008510044642857142,0.9274969696998596
internal,mango sooty mould,multiple leaf dataset/mango leaf/mango sooty mould/mango sooty mould (179).jpg,480,360,1.3333333333333333,0.6784031391143799,0.6710538864135742,0.6472084522247314,0.6705329418182373,0.26190125942230225,0.12090644985437393,0.008248090744018555,0.0009034028626047075,0.11567283163265306,0.0019331951530612245,0.7743431329727173
internal,mango sooty mould,multiple leaf dataset/mango leaf/mango sooty mould/mango sooty mould (96).jpg,480,360,1.3333333333333333,0.6383046507835388,0.6351957321166992,0.6016331315040588,0.6322991251945496,0.25950613617897034,0.1784474104642868,0.01522684097290039,0.0009354320354759693,0.10192123724489796,0.0,0.807295024394989
internal,mango sooty mould,multiple leaf dataset/mango leaf/mango sooty mould/mango sooty mould (12).jpg,480,360,1.3333333333333333,0.6878145337104797,0.6791109442710876,0.6364254951477051,0.6768471598625183,0.26020896434783936,0.1950269639492035,0.016990959644317627,0.00110152130946517,0.11088966836734694,0.0016940369897959183,0.7133153080940247
internal,mango sooty mould,multiple leaf dataset/mango leaf/mango sooty mould/mango sooty mould (30).jpg,480,360,1.3333333333333333,0.7581349611282349,0.7401853203773499,0.7119326591491699,0.7423315048217773,0.21178364753723145,0.10764094442129135,0.005151510238647461,0.0006156085291877389,0.035255899234693876,0.0,0.9167747497558594
internal,mango sooty mould,multiple leaf dataset/mango leaf/mango sooty mould/mango sooty mould (3).jpg,480,360,1.3333333333333333,0.7262020707130432,0.7165926098823547,0.6915711164474487,0.7166133522987366,0.24974943697452545,0.14037418365478516,0.007705986499786377,0.001608622376807034,0.12609614158163265,0.03075175382653061,0.8335760235786438
internal,mango sooty mould,multiple leaf dataset/mango leaf/mango sooty mould/mango sooty mould (24).jpg,480,360,1.3333333333333333,0.7376253008842468,0.7282570004463196,0.6991793513298035,0.7277432680130005,0.24233807623386383,0.1311102658510208,0.009854674339294434,0.0007538050995208323,0.01692044005102041,0.0,0.9414789080619812
internal,mango sooty mould,multiple leaf dataset/mango leaf/mango sooty mould/mango sooty mould (133).jpg,480,360,1.3333333333333333,0.6863238215446472,0.6802119016647339,0.6385905146598816,0.6772944927215576,0.253756582736969,0.16469626128673553,0.017754733562469482,0.000786871649324894,0.056560905612244895,0.0,0.7920103073120117
internal,mango sooty mould,multiple leaf dataset/mango leaf/mango sooty mould/mango sooty mould (19).jpg,480,360,1.3333333333333333,0.7355659604072571,0.7258359789848328,0.709435760974884,0.7268756031990051,0.21680569648742676,0.10512879490852356,0.003335118293762207,0.0009598517790436745,0.05600286989795918,5.978954081632653e-05,0.9534162282943726
internal,mango sooty mould,multiple leaf dataset/mango leaf/mango sooty mould/mango sooty mould (144).jpg,480,360,1.3333333333333333,0.6045084595680237,0.6055877208709717,0.5657898783683777,0.6007280349731445,0.29651227593421936,0.17830544710159302,0.020438551902770996,0.0010697183897718787,0.18305564413265307,0.01323341836734694,0.7638674974441528
internal,mango sooty mould,multiple leaf dataset/mango leaf/mango sooty mould/mango sooty mould (199).jpg,480,360,1.3333333333333333,0.726222574710846,0.72823566198349,0.693609356880188,0.7236863970756531,0.27615541219711304,0.12609165906906128,0.018319666385650635,0.0009631289867684245,0.08862802933673469,0.0015146683673469387,0.8869484066963196
internal,mango sooty mould,multiple leaf dataset/mango leaf/mango sooty mould/mango sooty mould (149).jpg,480,360,1.3333333333333333,0.6456272602081299,0.6440572738647461,0.6119495034217834,0.6408664584159851,0.2774201035499573,0.14728780090808868,0.015268921852111816,0.0008976096287369728,0.13347018494897958,0.004105548469387755,0.8884741067886353
internal,mango sooty mould,multiple leaf dataset/mango leaf/mango sooty mould/mango sooty mould (117).jpg,480,360,1.3333333333333333,0.6000316143035889,0.6012387275695801,0.5582447648048401,0.5959764719009399,0.28397613763809204,0.1869017481803894,0.02210056781768799,0.00048105180030688643,0.18359375,0.019730548469387755,0.664149284362793
internal,mango sooty mould,multiple leaf dataset/mango leaf/mango sooty mould/mango sooty mould (107).jpg,480,360,1.3333333333333333,0.6931767463684082,0.6781390309333801,0.6516484022140503,0.6796154379844666,0.24873124063014984,0.1423116773366928,0.005726456642150879,0.0013238496612757444,0.10638552295918367,0.010084502551020409,0.8115328550338745
internal,mango sooty mould,multiple leaf dataset/mango leaf/mango sooty mould/mango sooty mould (13).jpg,480,360,1.3333333333333333,0.6917380690574646,0.6831668019294739,0.6438003182411194,0.6812418699264526,0.2682882249355316,0.17834962904453278,0.015397608280181885,0.0009194824378937483,0.062420280612244895,0.0,0.7027235627174377
internal,mango sooty mould,multiple leaf dataset/mango leaf/mango sooty mould/mango sooty mould (123).jpg,480,360,1.3333333333333333,0.6237180233001709,0.6187006235122681,0.5924087166786194,0.6172035336494446,0.30131492018699646,0.13511677086353302,0.010637283325195312,0.0009022451122291386,0.2027861926020408,0.03551498724489796,0.6971189975738525
internal,mango sooty mould,multiple leaf dataset/mango leaf/mango sooty mould/mango sooty mould (201).jpg,480,360,1.3333333333333333,0.6164366006851196,0.6138060688972473,0.5710148215293884,0.6097144484519958,0.25988298654556274,0.18940767645835876,0.020080387592315674,0.0008292229031212628,0.1172672193877551,0.00027901785714285713,0.738212525844574
internal,mango sooty mould,multiple leaf dataset/mango leaf/mango sooty mould/mango sooty mould (150).jpg,480,360,1.3333333333333333,0.5782544016838074,0.5859400629997253,0.5262000560760498,0.5768317580223083,0.27788805961608887,0.21684415638446808,0.033712804317474365,0.0009376175585202873,0.11611128826530612,0.008629623724489796,0.6806886792182922
internal,mango sooty mould,multiple leaf dataset/mango leaf/mango sooty mould/mango sooty mould (135).jpg,480,360,1.3333333333333333,0.64792400598526,0.6433326005935669,0.6023605465888977,0.640034556388855,0.2552843987941742,0.17090098559856415,0.018190324306488037,0.0009237202466465533,0.11379942602040816,0.00665656887755102,0.9030559062957764
internal,mango sooty mould,multiple leaf dataset/mango leaf/mango sooty mould/mango sooty mould (35).jpg,480,360,1.3333333333333333,0.6874793767929077,0.6805199384689331,0.6436945199966431,0.6784027218818665,0.2659236192703247,0.17908205091953278,0.014932990074157715,0.0013457797467708588,0.1545360331632653,0.013372927295918368,0.8284621238708496
internal,mango sooty mould,multiple leaf dataset/mango leaf/mango sooty mould/mango sooty mould (93).jpg,480,360,1.3333333333333333,0.7357459664344788,0.7330601811408997,0.6899784803390503,0.7289519309997559,0.2676435112953186,0.14269155263900757,0.020197927951812744,0.0008131196955218911,0.017299107142857144,0.0,0.8127649426460266
internal,mango sooty mould,multiple leaf dataset/mango leaf/mango sooty mould/mango sooty mould (119).jpg,480,360,1.3333333333333333,0.609755277633667,0.5931848883628845,0.5664058327674866,0.5950866341590881,0.27858439087867737,0.16545046865940094,0.005104362964630127,0.0004575535131152719,0.10279815051020408,0.004364636479591837,0.6715355515480042
internal,mango sooty mould,multiple leaf dataset/mango leaf/mango sooty mould/mango sooty mould (116).jpg,480,360,1.3333333333333333,0.6434678435325623,0.6448467969894409,0.6082702875137329,0.6402648091316223,0.28923869132995605,0.15681129693984985,0.018977761268615723,0.0007901731878519058,0.13382892219387754,0.02556999362244898,0.773899495601654
internal,mango sooty mould,multiple leaf dataset/mango leaf/mango sooty mould/mango sooty mould (49).jpg,480,360,1.3333333333333333,0.6655651926994324,0.6588895916938782,0.6152326464653015,0.6559087038040161,0.27566125988960266,0.21541042625904083,0.01849067211151123,0.0009753351332619786,0.19646843112244897,0.007752710459183673,0.891774594783783
internal,mango sooty mould,multiple leaf dataset/mango leaf/mango sooty mould/mango sooty mould (197).jpg,480,360,1.3333333333333333,0.6238643527030945,0.632885754108429,0.5540245175361633,0.6211981773376465,0.2768595218658447,0.24988389015197754,0.04394131898880005,0.0007052043220028281,0.02285953443877551,0.0,0.7240160703659058
internal,mango sooty mould,multiple leaf dataset/mango leaf/mango sooty mould/mango sooty mould (44).jpg,480,360,1.3333333333333333,0.6351575255393982,0.6261324286460876,0.591964602470398,0.6249357461929321,0.28827226161956787,0.20719115436077118,0.012571394443511963,0.0016692252829670906,0.22670200892857142,0.06501116071428571,0.9366594552993774
internal,mango sooty mould,multiple leaf dataset/mango leaf/mango sooty mould/mango sooty mould (102).jpg,480,360,1.3333333333333333,0.6190928816795349,0.6130618453025818,0.5580732226371765,0.6085964441299438,0.30671775341033936,0.27023014426231384,0.024478793144226074,0.001614677021279931,0.1809032206632653,5.978954081632653e-05,0.69101482629776
internal,mango sooty mould,multiple leaf dataset/mango leaf/mango sooty mould/mango sooty mould (67).jpg,480,360,1.3333333333333333,0.7218915820121765,0.7124059200286865,0.6774622797966003,0.7112585306167603,0.25226202607154846,0.13232173025608063,0.012728989124298096,0.0010847137309610844,0.032545440051020405,0.0,0.9409281611442566
internal,mango sooty mould,multiple leaf dataset/mango leaf/mango sooty mould/mango sooty mould (172).jpg,480,360,1.3333333333333333,0.5930423140525818,0.6014536023139954,0.553867757320404,0.5935139060020447,0.2841329872608185,0.21652373671531677,0.02799856662750244,0.0011707608355209231,0.12553810586734693,0.0,0.7195648550987244
internal,mango sooty mould,multiple leaf dataset/mango leaf/mango sooty mould/mango sooty mould (170).jpg,480,360,1.3333333333333333,0.6027875542640686,0.6166290640830994,0.5493436455726624,0.6048198342323303,0.2820706367492676,0.21839620172977448,0.04056346416473389,0.0010135530028492212,0.03571428571428571,0.0,0.8255719542503357
internal,mango sooty mould,multiple leaf dataset/mango leaf/mango sooty mould/mango sooty mould (176).jpg,480,360,1.3333333333333333,0.6846436262130737,0.6859579086303711,0.650293231010437,0.681499183177948,0.2721402943134308,0.14105543494224548,0.018489480018615723,0.0009553732234053314,0.07674984056122448,0.0,0.9228243231773376
internal,mango sooty mould,multiple leaf dataset/mango leaf/mango sooty mould/mango sooty mould (101).jpg,480,360,1.3333333333333333,0.6186139583587646,0.6068137288093567,0.574866771697998,0.60670006275177,0.2906317114830017,0.2118762880563736,0.010073363780975342,0.0017061422113329172,0.28023357780612246,0.031907684948979595,0.8862234354019165
internal,mango sooty mould,multiple leaf dataset/mango leaf/mango sooty mould/mango sooty mould (76).jpg,480,360,1.3333333333333333,0.6378947496414185,0.6272285580635071,0.6053899526596069,0.6279281973838806,0.266887903213501,0.17068105936050415,0.005586206912994385,0.0011855164775624871,0.20344387755102042,0.036810427295918366,0.9348874688148499
internal,mango sooty mould,multiple leaf dataset/mango leaf/mango sooty mould/mango sooty mould (4).jpg,480,360,1.3333333333333333,0.6868507266044617,0.6778961420059204,0.648436963558197,0.6772150993347168,0.2658499479293823,0.17142097651958466,0.010252296924591064,0.001500705606304109,0.1634247448979592,0.040716677295918366,0.789030134677887
internal,mango sooty mould,multiple leaf dataset/mango leaf/mango sooty mould/mango sooty mould (159).jpg,480,360,1.3333333333333333,0.6712051033973694,0.6688260436058044,0.6362649202346802,0.665825366973877,0.2729834020137787,0.13954982161521912,0.015091001987457275,0.0008682335610501468,0.11513472576530612,0.00013950892857142856,0.9205647110939026
internal,mango sooty mould,multiple leaf dataset/mango leaf/mango sooty mould/mango sooty mould (47).jpg,480,360,1.3333333333333333,0.795153021812439,0.7895009517669678,0.7664085030555725,0.7885583639144897,0.24198025465011597,0.09884258359670639,0.008720159530639648,0.0012828055769205093,0.09249441964285714,0.016163105867346938,0.9296359419822693
external,mango anthracnose,external dataset/MLD24/Anthracnose/Image00001(783).jpg,240,240,1.0,0.6727848649024963,0.6709021925926208,0.5711112022399902,0.6600888967514038,0.18341593444347382,0.23530419170856476,0.04895418882369995,0.002438182942569256,0.023317920918367346,0.012715242346938776,0.8468508124351501
external,mango anthracnose,external dataset/MLD24/Anthracnose/Image00001(727).jpg,240,240,1.0,0.6812507510185242,0.6772270798683167,0.5885511636734009,0.6683211326599121,0.1741054505109787,0.20249421894550323,0.042326152324676514,0.0034371677320450544,0.021763392857142856,0.012316645408163265,0.9014643430709839
external,mango anthracnose,external dataset/MLD24/Anthracnose/Image00001(100).jpg,240,240,1.0,0.6757848262786865,0.6755632758140564,0.5869166254997253,0.6655238270759583,0.18267810344696045,0.20820456743240356,0.044212520122528076,0.0030347721185535192,0.0314094387755102,0.01424984056122449,0.9257948994636536
external,mango anthracnose,external dataset/MLD24/Anthracnose/Image00001(194).jpg,240,240,1.0,0.6792848706245422,0.6739755868911743,0.5943424701690674,0.6664848923683167,0.1621738225221634,0.18943075835704803,0.037161946296691895,0.0038586428854614496,0.0224609375,0.012216996173469387,0.9272081851959229
external,mango anthracnose,external dataset/MLD24/Anthracnose/Image00001(704).jpg,240,240,1.0,0.6727111339569092,0.6711151003837585,0.5949794054031372,0.6629127860069275,0.16602085530757904,0.18217548727989197,0.03726983070373535,0.004364585969597101,0.03752790178571429,0.01092155612244898,0.8062344789505005
external,mango anthracnose,external dataset/MLD24/Anthracnose/Image00001(658).jpg,240,240,1.0,0.6519302129745483,0.6533843278884888,0.5385567545890808,0.6398591995239258,0.2080758959054947,0.27476027607917786,0.05814087390899658,0.003055670065805316,0.0400390625,0.020567602040816327,0.9798336625099182
external,mango anthracnose,external dataset/MLD24/Anthracnose/Image00001(280).jpg,240,240,1.0,0.6631494760513306,0.6645983457565308,0.5825337171554565,0.6548097729682922,0.18266622722148895,0.2094787359237671,0.04175674915313721,0.002755459863692522,0.02086654974489796,0.006058673469387755,0.7690312266349792
external,mango anthracnose,external dataset/MLD24/Anthracnose/Image00001(74).jpg,240,240,1.0,0.6440189480781555,0.6577166318893433,0.545336902141571,0.6408097147941589,0.21095968782901764,0.286033034324646,0.06303870677947998,0.0033773938193917274,0.06387515943877552,0.0027503188775510204,0.9541831612586975
external,mango anthracnose,external dataset/MLD24/Anthracnose/Image00001(726).jpg,240,240,1.0,0.6835412979125977,0.6793359518051147,0.5917946696281433,0.6706136465072632,0.17538273334503174,0.20056533813476562,0.041667938232421875,0.0035174100194126368,0.021245216836734693,0.012316645408163265,0.8694762587547302
external,mango anthracnose,external dataset/MLD24/Anthracnose/Image00001(503).jpg,240,240,1.0,0.6827782392501831,0.6751438975334167,0.6204609870910645,0.6711927056312561,0.15098465979099274,0.1373211294412613,0.02352428436279297,0.0027695014141499996,0.02853954081632653,0.010243941326530613,0.9781724214553833
external,mango anthracnose,external dataset/MLD24/Anthracnose/Image00001(212).jpg,240,240,1.0,0.6803238391876221,0.6786743402481079,0.5756821036338806,0.6674264669418335,0.16870638728141785,0.22666911780834198,0.05067133903503418,0.0036223065108060837,0.016940369897959183,0.009307238520408163,0.966032087802887
external,mango anthracnose,external dataset/MLD24/Anthracnose/Image00001(465).jpg,240,240,1.0,0.6796028017997742,0.681427538394928,0.5903656482696533,0.6705009341239929,0.1721729040145874,0.21014969050884247,0.046443283557891846,0.002842124318704009,0.017139668367346938,0.008729272959183673,0.9018444418907166
external,mango anthracnose,external dataset/MLD24/Anthracnose/Image00001(711).jpg,240,240,1.0,0.6930999755859375,0.6858128309249878,0.6247543692588806,0.6810310482978821,0.1588907688856125,0.1457691192626953,0.026885628700256348,0.0035862866789102554,0.03126992984693878,0.01508689413265306,0.7619353532791138
external,mango anthracnose,external dataset/MLD24/Anthracnose/Image00001(278).jpg,240,240,1.0,0.6573291420936584,0.6677703857421875,0.5621307492256165,0.6526055932044983,0.19840344786643982,0.2597307562828064,0.05804044008255005,0.004173438996076584,0.021942761479591837,0.005141900510204082,0.7769737243652344
external,mango anthracnose,external dataset/MLD24/Anthracnose/Image00001(623).jpg,240,240,1.0,0.6439505815505981,0.6571396589279175,0.5472564101219177,0.6406694650650024,0.21715980768203735,0.2837325930595398,0.061536192893981934,0.004009033087641001,0.061822385204081634,0.006576849489795918,0.9571310877799988
external,mango anthracnose,external dataset/MLD24/Anthracnose/Image00001(451).jpg,240,240,1.0,0.6774464845657349,0.6730039119720459,0.5890398621559143,0.6647603511810303,0.18273036181926727,0.20185865461826324,0.039760708808898926,0.005215525161474943,0.029894770408163265,0.01056281887755102,0.7249097228050232
external,mango anthracnose,external dataset/MLD24/Anthracnose/Image00001(596).jpg,240,240,1.0,0.6564570665359497,0.663280189037323,0.5287148356437683,0.6458996534347534,0.2201877385377884,0.3046511709690094,0.07069426774978638,0.004040344152599573,0.03559470663265306,0.0204280931122449,0.797663688659668
external,mango anthracnose,external dataset/MLD24/Anthracnose/Image00001(533).jpg,240,240,1.0,0.6780980825424194,0.6731423139572144,0.5868880748748779,0.6647911667823792,0.1983824074268341,0.20568683743476868,0.040649235248565674,0.0035109242890030146,0.033522002551020405,0.016262755102040817,0.9759239554405212
external,mango anthracnose,external dataset/MLD24/Anthracnose/Image00001(766).jpg,240,240,1.0,0.6852335929870605,0.6816319227218628,0.6036531925201416,0.6738193035125732,0.15050362050533295,0.1738431453704834,0.03718852996826172,0.003438014769926667,0.01424984056122449,0.008549904336734694,0.9193292260169983
external,mango anthracnose,external dataset/MLD24/Anthracnose/Image00001(560).jpg,240,240,1.0,0.6906461715698242,0.6872885823249817,0.6269772052764893,0.6814170479774475,0.15062810480594635,0.14896748960018158,0.02847689390182495,0.004241897724568844,0.02897799744897959,0.003268494897959184,0.9359590411186218
external,mango anthracnose,external dataset/MLD24/Anthracnose/Image00001(110).jpg,240,240,1.0,0.665852427482605,0.6624128222465515,0.5707197785377502,0.6529883742332458,0.1941019743680954,0.22529734671115875,0.044126689434051514,0.0031464030034840107,0.03842474489795918,0.02206234056122449,0.8899381756782532
external,mango anthracnose,external dataset/MLD24/Anthracnose/Image00001(327).jpg,240,240,1.0,0.6654686331748962,0.668357253074646,0.563322126865387,0.6555196046829224,0.17626962065696716,0.24144744873046875,0.053961873054504395,0.0024021402932703495,0.02849968112244898,0.006995376275510204,0.9472689032554626
external,mango anthracnose,external dataset/MLD24/Anthracnose/Image00001(634).jpg,240,240,1.0,0.6691784262657166,0.6679946184158325,0.5797682404518127,0.6582908034324646,0.17888547480106354,0.21466200053691864,0.04352128505706787,0.0029673369135707617,0.03300382653061224,0.01428970025510204,0.9745672345161438
external,mango anthracnose,external dataset/MLD24/Anthracnose/Image00001(697).jpg,240,240,1.0,0.6879113912582397,0.6784752011299133,0.6176546216011047,0.6743630170822144,0.16817985475063324,0.1552824229001999,0.0256921648979187,0.0042629363015294075,0.04294882015306122,0.02311862244897959,0.7569916248321533
external,mango anthracnose,external dataset/MLD24/Anthracnose/Image00001(226).jpg,240,240,1.0,0.6766128540039062,0.6720114946365356,0.5865447521209717,0.6636441349983215,0.16308079659938812,0.19724023342132568,0.04043269157409668,0.0019998648203909397,0.016840720663265307,0.01092155612244898,0.9140087962150574
external,mango anthracnose,external dataset/MLD24/Anthracnose/Image00001(508).jpg,240,240,1.0,0.6857913136482239,0.6776110529899597,0.620097279548645,0.6735003590583801,0.1504705846309662,0.14446084201335907,0.02466672658920288,0.0023518081288784742,0.02560985331632653,0.010642538265306123,0.9402742981910706
external,mango anthracnose,external dataset/MLD24/Anthracnose/Image00001(529).jpg,240,240,1.0,0.648545503616333,0.6475542187690735,0.5282799601554871,0.6342533826828003,0.2177668660879135,0.28296753764152527,0.059141457080841064,0.0046541327610611916,0.049884406887755105,0.02841996173469388,0.9651228189468384
external,mango anthracnose,external dataset/MLD24/Anthracnose/Image00001(678).jpg,240,240,1.0,0.6649167537689209,0.6734665632247925,0.5538668036460876,0.6572758555412292,0.20405009388923645,0.2797718942165375,0.06407475471496582,0.0037044149357825518,0.025111607142857144,0.0176578443877551,0.9329046010971069
external,mango anthracnose,external dataset/MLD24/Anthracnose/Image00001(30).jpg,240,240,1.0,0.6750954389572144,0.6727291941642761,0.5746132135391235,0.6622514724731445,0.17198756337165833,0.22148537635803223,0.04787486791610718,0.004394697956740856,0.02170360331632653,0.013073979591836735,0.9576109647750854
external,mango anthracnose,external dataset/MLD24/Anthracnose/Image00001(279).jpg,240,240,1.0,0.664869487285614,0.6663235425949097,0.5843490958213806,0.6565436720848083,0.1824018806219101,0.20769500732421875,0.041714251041412354,0.004967754241079092,0.02032844387755102,0.006277901785714286,0.7646457552909851
external,mango anthracnose,external dataset/MLD24/Anthracnose/Image00001(645).jpg,240,240,1.0,0.6704850196838379,0.6634997725486755,0.5914183855056763,0.6573711037635803,0.20057831704616547,0.1872873157262802,0.03254806995391846,0.0036319883074611425,0.0538703762755102,0.04055723852040816,0.7934530973434448
external,mango anthracnose,external dataset/MLD24/Anthracnose/Image00001(175).jpg,240,240,1.0,0.6827249526977539,0.6811637878417969,0.5858820080757141,0.6707684397697449,0.18210938572883606,0.2121460735797882,0.046860337257385254,0.0061297230422496796,0.01881377551020408,0.008569834183673469,0.731198787689209
external,mango anthracnose,external dataset/MLD24/Anthracnose/Image00001(486).jpg,240,240,1.0,0.6472968459129333,0.6587611436843872,0.5337153077125549,0.6410781145095825,0.19755762815475464,0.28439435362815857,0.06825506687164307,0.0037037497386336327,0.0272640306122449,0.015465561224489796,0.9678122997283936
external,mango anthracnose,external dataset/MLD24/Anthracnose/Image00001(50).jpg,240,240,1.0,0.677544891834259,0.6776250600814819,0.5776522755622864,0.6662041544914246,0.1775120049715042,0.23022837936878204,0.05002647638320923,0.003524361178278923,0.024135044642857144,0.00799186862244898,0.9162741303443909
external,mango anthracnose,external dataset/MLD24/Anthracnose/Image00001(64).jpg,240,240,1.0,0.6623072028160095,0.6645209789276123,0.5680198073387146,0.6528579592704773,0.18885284662246704,0.23032818734645844,0.049357473850250244,0.005314120557159185,0.0303531568877551,0.012974330357142858,0.9563630819320679
external,mango anthracnose,external dataset/MLD24/Anthracnose/Image00001(172).jpg,240,240,1.0,0.6828336715698242,0.675475001335144,0.6098909974098206,0.6701987385749817,0.16150884330272675,0.1563238799571991,0.029112696647644043,0.005023149773478508,0.02919722576530612,0.018534757653061226,0.861582338809967
external,mango anthracnose,external dataset/MLD24/Anthracnose/Image00001(116).jpg,240,240,1.0,0.6587658524513245,0.6600955128669739,0.5576686263084412,0.6480212211608887,0.2062206268310547,0.25583139061927795,0.051878273487091064,0.0033078251872211695,0.05217633928571429,0.015644929846938774,0.9646149277687073
external,mango anthracnose,external dataset/MLD24/Anthracnose/Image00001(721).jpg,240,240,1.0,0.6739439964294434,0.6728003621101379,0.578831672668457,0.6624298095703125,0.1779567003250122,0.21774323284626007,0.046412527561187744,0.0033519789576530457,0.013432716836734694,0.006796077806122449,0.7804031372070312
external,mango anthracnose,external dataset/MLD24/Anthracnose/Image00001(147).jpg,240,240,1.0,0.6711466312408447,0.671266496181488,0.5852759480476379,0.6614277362823486,0.16625571250915527,0.2048582285642624,0.04305523633956909,0.0026223722379654646,0.021524234693877552,0.011220503826530613,0.9524555802345276
external,mango anthracnose,external dataset/MLD24/Anthracnose/Image00001(188).jpg,240,240,1.0,0.678046703338623,0.6726661324501038,0.5866003036499023,0.664463460445404,0.1682014763355255,0.19470252096652985,0.040342628955841064,0.0037460739258676767,0.02560985331632653,0.014907525510204082,0.9750152230262756
external,mango anthracnose,external dataset/MLD24/Anthracnose/Image00001(43).jpg,240,240,1.0,0.6730293035507202,0.6708101630210876,0.5694892406463623,0.6599230766296387,0.18573355674743652,0.23801325261592865,0.04955089092254639,0.0034510651603341103,0.028958067602040817,0.013970822704081632,0.8316923379898071
external,mango anthracnose,external dataset/MLD24/Anthracnose/Image00001(601).jpg,240,240,1.0,0.6467331647872925,0.6559960246086121,0.5121144652366638,0.6368240118026733,0.20192822813987732,0.3271182179450989,0.0765722393989563,0.003284319769591093,0.027104591836734693,0.01363201530612245,0.9372789263725281
external,mango anthracnose,external dataset/MLD24/Anthracnose/Image00001(12).jpg,240,240,1.0,0.6696938276290894,0.6718262434005737,0.5929614305496216,0.6621981263160706,0.17712058126926422,0.1998719573020935,0.04049861431121826,0.004003964364528656,0.054189253826530615,0.004065688775510204,0.9646424651145935
external,mango anthracnose,external dataset/MLD24/Anthracnose/Image00001(166).jpg,240,240,1.0,0.6950764656066895,0.6858698129653931,0.6266423463821411,0.6818705797195435,0.1488136500120163,0.14031268656253815,0.025010406970977783,0.004027508199214935,0.02281967474489796,0.010662468112244899,0.7747983336448669
external,mango anthracnose,external dataset/MLD24/Anthracnose/Image00001(106).jpg,240,240,1.0,0.6553364992141724,0.6495069265365601,0.551206648349762,0.6400437355041504,0.20668341219425201,0.24317601323127747,0.04623532295227051,0.0038048564456403255,0.054587850765306124,0.03204719387755102,0.7793886065483093
external,mango anthracnose,external dataset/MLD24/Anthracnose/Image00001(409).jpg,240,240,1.0,0.6738876104354858,0.6689351201057434,0.5941048264503479,0.6618852615356445,0.17672152817249298,0.18259313702583313,0.03493887186050415,0.003774667624384165,0.03178810586734694,0.01610331632653061,0.8506281971931458
external,mango anthracnose,external dataset/MLD24/Anthracnose/Image00001(143).jpg,240,240,1.0,0.6743639707565308,0.67851722240448,0.5775477290153503,0.6657649278640747,0.18994399905204773,0.23968206346035004,0.052561402320861816,0.003295294474810362,0.024214764030612245,0.013911033163265306,0.9702544212341309
external,mango anthracnose,external dataset/MLD24/Anthracnose/Image00001(373).jpg,240,240,1.0,0.6464267373085022,0.6603298783302307,0.5498923063278198,0.6435829997062683,0.19813163578510284,0.25855565071105957,0.062170326709747314,0.002823580987751484,0.021922831632653062,0.009088010204081632,0.7550833225250244
external,mango anthracnose,external dataset/MLD24/Anthracnose/Image00001(131).jpg,240,240,1.0,0.6688649654388428,0.6745554208755493,0.5544873476028442,0.659166157245636,0.2032783031463623,0.27719298005104065,0.06287926435470581,0.0031466574873775244,0.02596859056122449,0.01953125,0.9102031588554382
external,mango anthracnose,external dataset/MLD24/Anthracnose/Image00001(32).jpg,240,240,1.0,0.6834266781806946,0.6795680522918701,0.5898844003677368,0.6704978346824646,0.16532190144062042,0.20271100103855133,0.04291248321533203,0.004472250118851662,0.018753985969387755,0.01225685586734694,0.9291375875473022
external,mango anthracnose,external dataset/MLD24/Anthracnose/Image00001(19).jpg,240,240,1.0,0.6870538592338562,0.6855441331863403,0.6214662790298462,0.6786906719207764,0.15447916090488434,0.15521907806396484,0.03128409385681152,0.0045171743258833885,0.03396045918367347,0.002650669642857143,0.9127830862998962
external,mango anthracnose,external dataset/MLD24/Anthracnose/Image00001(341).jpg,240,240,1.0,0.6567938923835754,0.6599594354629517,0.5289241075515747,0.6440749168395996,0.20302264392375946,0.30124157667160034,0.0671004056930542,0.0027885569725185633,0.03463807397959184,0.021185427295918366,0.9590280652046204
external,mango anthracnose,external dataset/MLD24/Anthracnose/Image00001(793).jpg,240,240,1.0,0.6619364023208618,0.6648755073547363,0.5263133645057678,0.6482005715370178,0.2007787823677063,0.31051167845726013,0.07075059413909912,0.0021955096162855625,0.023198341836734693,0.016721141581632654,0.820370614528656
external,mango anthracnose,external dataset/MLD24/Anthracnose/Image00001(663).jpg,240,240,1.0,0.6803980469703674,0.6758674383163452,0.6029958724975586,0.668914794921875,0.1675630658864975,0.17211322486400604,0.03417050838470459,0.0026699472218751907,0.03216677295918367,0.01460857780612245,0.9226957559585571
external,mango anthracnose,external dataset/MLD24/Anthracnose/Image00001(454).jpg,240,240,1.0,0.6686113476753235,0.6704896688461304,0.583851158618927,0.6600512862205505,0.1747177094221115,0.20378684997558594,0.04425841569900513,0.004905369132757187,0.03766741071428571,0.011160714285714286,0.8103287220001221
external,mango anthracnose,external dataset/MLD24/Anthracnose/Image00001(367).jpg,240,240,1.0,0.6145206689834595,0.649850070476532,0.5194451212882996,0.6244204640388489,0.2195388376712799,0.3066161572933197,0.08286720514297485,0.003126308089122176,0.020547672193877552,0.00047831632653061223,0.8296594023704529
external,mango anthracnose,external dataset/MLD24/Anthracnose/Image00001(122).jpg,240,240,1.0,0.6747386455535889,0.6707013845443726,0.5982296466827393,0.6636467576026917,0.16831578314304352,0.1699265092611313,0.034217238426208496,0.0033569051884114742,0.031907684948979595,0.01642219387755102,0.9086146950721741
external,mango anthracnose,external dataset/MLD24/Anthracnose/Image00001(507).jpg,240,240,1.0,0.6830769777297974,0.6759673357009888,0.6159002184867859,0.6712455153465271,0.1551966518163681,0.15009906888008118,0.02647876739501953,0.0022879212629050016,0.023875956632653062,0.011957908163265306,0.9258491396903992
external,mango anthracnose,external dataset/MLD24/Anthracnose/Image00001(773).jpg,240,240,1.0,0.6746269464492798,0.6732466816902161,0.5637207627296448,0.6611734628677368,0.18201054632663727,0.24347583949565887,0.054072797298431396,0.0029002176597714424,0.019252232142857144,0.01171875,0.930374264717102
external,mango anthracnose,external dataset/MLD24/Anthracnose/Image00001(761).jpg,240,240,1.0,0.6852455735206604,0.6802133321762085,0.6053467392921448,0.6731832027435303,0.14636950194835663,0.16843168437480927,0.03491717576980591,0.004401754587888718,0.015625,0.00932716836734694,0.9393495917320251
external,mango anthracnose,external dataset/MLD24/Anthracnose/Image00001(337).jpg,240,240,1.0,0.6635544300079346,0.6628122329711914,0.5491798520088196,0.6500800848007202,0.19541460275650024,0.2673281729221344,0.05644512176513672,0.0022262821439653635,0.026088169642857144,0.014668367346938776,0.7754904627799988
external,mango anthracnose,external dataset/MLD24/Anthracnose/Image00001(140).jpg,240,240,1.0,0.6563944816589355,0.666761577129364,0.542693018913269,0.6495180130004883,0.19209417700767517,0.2768259644508362,0.06721782684326172,0.0031766858883202076,0.020966198979591837,0.01251594387755102,0.8826852440834045
external,mango anthracnose,external dataset/MLD24/Anthracnose/Image00001(448).jpg,240,240,1.0,0.6777779459953308,0.6718260049819946,0.5896215438842773,0.6642343997955322,0.18386335670948029,0.19627049565315247,0.038126230239868164,0.00530244829133153,0.03469786352040816,0.01789700255102041,0.7198521494865417
external,mango anthracnose,external dataset/MLD24/Anthracnose/Image00001(683).jpg,240,240,1.0,0.656380295753479,0.6667153239250183,0.5426895618438721,0.649486243724823,0.19189287722110748,0.27672386169433594,0.06718039512634277,0.003272718982771039,0.020806760204081634,0.012635522959183673,0.8820273876190186
external,mango anthracnose,external dataset/MLD24/Anthracnose/Image00001(192).jpg,240,240,1.0,0.6783393621444702,0.6752884387969971,0.5966924428939819,0.6672407388687134,0.14898478984832764,0.1728748381137848,0.037772536277770996,0.003016737988218665,0.018215880102040817,0.009905133928571428,0.9138131141662598
external,mango anthracnose,external dataset/MLD24/Anthracnose/Image00001(614).jpg,240,240,1.0,0.6761080622673035,0.6732353568077087,0.5956922173500061,0.6652544140815735,0.18434593081474304,0.19714541733264923,0.037335216999053955,0.003766193287447095,0.052814094387755105,0.007075095663265306,0.958170473575592
external,mango anthracnose,external dataset/MLD24/Anthracnose/Image00001(733).jpg,240,240,1.0,0.6835976243019104,0.6793078780174255,0.5991108417510986,0.6714480519294739,0.1557718962430954,0.1814533919095993,0.03795367479324341,0.003476327285170555,0.021623883928571428,0.01167889030612245,0.9668685793876648
external,mango anthracnose,external dataset/MLD24/Anthracnose/Image00001(86).jpg,240,240,1.0,0.6634551286697388,0.6628814339637756,0.5596977472305298,0.6512900590896606,0.19165465235710144,0.24855639040470123,0.05130499601364136,0.003178512444719672,0.02684550382653061,0.017518335459183673,0.9322655200958252
external,mango anthracnose,external dataset/MLD24/Anthracnose/Image00001(789).jpg,240,240,1.0,0.6421157717704773,0.6462996602058411,0.49789977073669434,0.628131091594696,0.21517954766750336,0.3447951376438141,0.07629185914993286,0.002430965891107917,0.03784677933673469,0.022979113520408163,0.8932643532752991
external,mango anthracnose,external dataset/MLD24/Anthracnose/Image00001(620).jpg,240,240,1.0,0.6419435739517212,0.6555129289627075,0.5411099195480347,0.6384137272834778,0.21485093235969543,0.2955954074859619,0.06398618221282959,0.0032371492125093937,0.06622688137755102,0.0027901785714285715,0.9714942574501038
external,mango anthracnose,external dataset/MLD24/Anthracnose/Image00001(417).jpg,240,240,1.0,0.6494132876396179,0.6515949368476868,0.5307512879371643,0.6371665000915527,0.20412126183509827,0.29205605387687683,0.061512649059295654,0.0036061618011444807,0.030233577806122448,0.015864158163265307,0.7863457798957825
external,mango anthracnose,external dataset/MLD24/Anthracnose/Image00001(299).jpg,240,240,1.0,0.6635727882385254,0.6723155379295349,0.5701443552970886,0.6580539345741272,0.19856567680835724,0.25275588035583496,0.05545693635940552,0.0038066189736127853,0.03360172193877551,0.00510204081632653,0.7846075296401978
external,mango anthracnose,external dataset/MLD24/Anthracnose/Image00001(35).jpg,240,240,1.0,0.6571411490440369,0.6621609330177307,0.535994291305542,0.6462769508361816,0.19675298035144806,0.29250675439834595,0.0655931830406189,0.0038597926031798124,0.028021364795918366,0.012236926020408163,0.9746018648147583
external,mango anthracnose,external dataset/MLD24/Anthracnose/Image00001(458).jpg,240,240,1.0,0.6771817803382874,0.6821311116218567,0.5813456177711487,0.6691617369651794,0.17641933262348175,0.22427502274513245,0.05286741256713867,0.0032918115612119436,0.016183035714285716,0.009626116071428572,0.8998071551322937
external,mango anthracnose,external dataset/MLD24/Anthracnose/Image00001(750).jpg,240,240,1.0,0.6826637983322144,0.6759867668151855,0.5966446399688721,0.6689382791519165,0.16267576813697815,0.1906658262014389,0.036332547664642334,0.002607514848932624,0.01963089923469388,0.010981345663265306,0.9094452261924744
external,mango anthracnose,external dataset/MLD24/Anthracnose/Image00001(670).jpg,240,240,1.0,0.6808362007141113,0.6719157099723816,0.5977997779846191,0.6661338210105896,0.17946147918701172,0.18007290363311768,0.03259772062301636,0.0027368718292564154,0.03985969387755102,0.025729432397959183,0.9444783926010132
external,mango anthracnose,external dataset/MLD24/Anthracnose/Image00001(504).jpg,240,240,1.0,0.6827885508537292,0.6756091713905334,0.6185214519500732,0.6712478399276733,0.15407195687294006,0.14168716967105865,0.024954140186309814,0.0033004973083734512,0.029934630102040817,0.01016422193877551,0.9685802459716797
external,mango anthracnose,external dataset/MLD24/Anthracnose/Image00001(18).jpg,240,240,1.0,0.674714207649231,0.6758177876472473,0.5936180949211121,0.6661170721054077,0.17384743690490723,0.19821657240390778,0.04165166616439819,0.0032258706633001566,0.014987244897959183,0.005660076530612245,0.9404842853546143
external,mango anthracnose,external dataset/MLD24/Anthracnose/Image00001(184).jpg,240,240,1.0,0.6802676320075989,0.6761881113052368,0.5874435901641846,0.667290985584259,0.17387382686138153,0.20289082825183868,0.04233253002166748,0.00334156583994627,0.021683673469387755,0.01233657525510204,0.9054800271987915
external,mango anthracnose,external dataset/MLD24/Anthracnose/Image00001(14).jpg,240,240,1.0,0.66672283411026,0.6695449352264404,0.5877093076705933,0.6593718528747559,0.1851019263267517,0.2119741588830948,0.042328834533691406,0.004070910159498453,0.06818000637755102,0.005321269132653061,0.9734540581703186
external,mango anthracnose,external dataset/MLD24/Anthracnose/Image00001(92).jpg,240,240,1.0,0.6671984791755676,0.6667857766151428,0.5762236714363098,0.656585156917572,0.18522103130817413,0.22222910821437836,0.0450747013092041,0.002872767625376582,0.03615274234693878,0.014847735969387755,0.9654563665390015
external,mango anthracnose,external dataset/MLD24/Anthracnose/Image00001(345).jpg,240,240,1.0,0.6401515007019043,0.6499375104904175,0.5123267769813538,0.6313239336013794,0.23268938064575195,0.3285439610481262,0.07369840145111084,0.003380765439942479,0.05819515306122449,0.025510204081632654,0.9768273234367371
external,mango anthracnose,external dataset/MLD24/Anthracnose/Image00001(248).jpg,240,240,1.0,0.6709094643592834,0.6713675856590271,0.5927830934524536,0.6622719168663025,0.17185421288013458,0.18925076723098755,0.03952127695083618,0.005138709209859371,0.029974489795918366,0.01078204719387755,0.9509629607200623
external,mango anthracnose,external dataset/MLD24/Anthracnose/Image00001(569).jpg,240,240,1.0,0.6762491464614868,0.6753289103507996,0.6030094623565674,0.6673596501350403,0.17201031744480133,0.18602760136127472,0.03569960594177246,0.003831081558018923,0.04976482780612245,0.0037268813775510204,0.9634072184562683
external,mango anthracnose,external dataset/MLD24/Anthracnose/Image00001(90).jpg,240,240,1.0,0.6658704876899719,0.6658535599708557,0.574036180973053,0.6553914546966553,0.17764407396316528,0.21869978308677673,0.04590022563934326,0.00343073601834476,0.029257015306122448,0.014409279336734694,0.9765737056732178
external,mango anthracnose,external dataset/MLD24/Anthracnose/Image00001(466).jpg,240,240,1.0,0.6808395385742188,0.6820496320724487,0.5901634693145752,0.6712127923965454,0.17418532073497772,0.21356046199798584,0.04654812812805176,0.0027434704825282097,0.017239317602040817,0.009048150510204082,0.9032158255577087
external,mango anthracnose,external dataset/MLD24/Anthracnose/Image00001(121).jpg,240,240,1.0,0.6792857050895691,0.6761817932128906,0.6020042896270752,0.668653666973114,0.164224311709404,0.17160245776176453,0.035536766052246094,0.00339174410328269,0.030412946428571428,0.014947385204081632,0.9095481634140015
external,mango anthracnose,external dataset/MLD24/Anthracnose/Image00001(771).jpg,240,240,1.0,0.6645975112915039,0.664492130279541,0.542823314666748,0.6506533622741699,0.19370925426483154,0.27186405658721924,0.06078171730041504,0.004165812861174345,0.025330835459183673,0.017139668367346938,0.9219875931739807
external,mango anthracnose,external dataset/MLD24/Anthracnose/Image00001(161).jpg,240,240,1.0,0.6729047298431396,0.6712718605995178,0.5951049327850342,0.6630770564079285,0.16606548428535461,0.18231530487537384,0.03726702928543091,0.0043323226273059845,0.03766741071428571,0.010841836734693877,0.8016213178634644
external,mango anthracnose,external dataset/MLD24/Anthracnose/Image00001(595).jpg,240,240,1.0,0.6755204200744629,0.6728923320770264,0.5778693556785583,0.6628455519676208,0.17673146724700928,0.22145532071590424,0.04619741439819336,0.003611515276134014,0.0263671875,0.007334183673469388,0.9007450342178345
external,mango anthracnose,external dataset/MLD24/Anthracnose/Image00001(15).jpg,240,240,1.0,0.6707682609558105,0.674440324306488,0.5942553877830505,0.6642013788223267,0.17914250493049622,0.20242173969745636,0.04192847013473511,0.0036344602704048157,0.05319276147959184,0.00448421556122449,0.9690330624580383
external,mango anthracnose,external dataset/MLD24/Anthracnose/Image00001(245).jpg,240,240,1.0,0.6720442771911621,0.6712961196899414,0.5935159921646118,0.6626529097557068,0.17617885768413544,0.19216588139533997,0.03851598501205444,0.0043739997781813145,0.033083545918367346,0.010363520408163265,0.9747506976127625
external,mango anthracnose,external dataset/MLD24/Anthracnose/Image00001(227).jpg,240,240,1.0,0.6584693789482117,0.6600463390350342,0.533360481262207,0.6451326608657837,0.1972205638885498,0.2835039496421814,0.06413137912750244,0.004313496872782707,0.02694515306122449,0.018036511479591837,0.9091195464134216
external,mango anthracnose,external dataset/MLD24/Anthracnose/Image00001(394).jpg,240,240,1.0,0.6534342765808105,0.6654263138771057,0.5503544211387634,0.6487225294113159,0.2107664793729782,0.28460532426834106,0.06353193521499634,0.004384789615869522,0.03115035076530612,0.005879304846938775,0.771896481513977
external,mango anthracnose,external dataset/MLD24/Anthracnose/Image00001(303).jpg,240,240,1.0,0.6470111012458801,0.6582888960838318,0.5499559640884399,0.6425669193267822,0.19830892980098724,0.2656319737434387,0.059805333614349365,0.004300340544432402,0.022122130102040817,0.00528140943877551,0.8278788328170776
external,mango anthracnose,external dataset/MLD24/Anthracnose/Image00001(237).jpg,240,240,1.0,0.6725630760192871,0.6715234518051147,0.5545761585235596,0.6585022807121277,0.18578189611434937,0.2587946355342865,0.057953834533691406,0.0035455008037388325,0.022181919642857144,0.015146683673469387,0.8611775040626526
external,mango anthracnose,external dataset/MLD24/Anthracnose/Image00001(20).jpg,240,240,1.0,0.6944813132286072,0.6914164423942566,0.6305289268493652,0.6853916645050049,0.14845536649227142,0.14598853886127472,0.028911292552947998,0.0042066373862326145,0.03286431760204082,0.002551020408163265,0.8926688432693481
external,mango anthracnose,external dataset/MLD24/Anthracnose/Image00001(758).jpg,240,240,1.0,0.6742112040519714,0.6712720394134521,0.5775542855262756,0.6614670157432556,0.16508767008781433,0.2118844836950302,0.04538929462432861,0.0032385853119194508,0.02060746173469388,0.013034119897959183,0.9817023277282715
external,mango anthracnose,external dataset/MLD24/Anthracnose/Image00001(68).jpg,240,240,1.0,0.6675621867179871,0.6689972877502441,0.577350378036499,0.6581204533576965,0.18825653195381165,0.2235490083694458,0.04654097557067871,0.003897018963471055,0.031927614795918366,0.009068080357142858,0.977225124835968
external,mango anthracnose,external dataset/MLD24/Anthracnose/Image00001(124).jpg,240,240,1.0,0.6752356886863708,0.6681891679763794,0.5908000469207764,0.6614737510681152,0.1859179586172104,0.1880510300397873,0.0351712703704834,0.004735191818326712,0.04681521045918367,0.03059231505102041,0.9104360938072205
external,mango anthracnose,external dataset/MLD24/Anthracnose/Image00001(93).jpg,240,240,1.0,0.6597470045089722,0.6609625816345215,0.5626254081726074,0.6493886709213257,0.19403646886348724,0.24087803065776825,0.04977637529373169,0.003645590739324689,0.04274952168367347,0.01594387755102041,0.8984668850898743
external,mango anthracnose,external dataset/MLD24/Anthracnose/Image00001(262).jpg,240,240,1.0,0.6870538592338562,0.6855441331863403,0.6214662790298462,0.6786906719207764,0.15447916090488434,0.15521907806396484,0.03128409385681152,0.0045171743258833885,0.03396045918367347,0.002650669642857143,0.9127830862998962
external,mango anthracnose,external dataset/MLD24/Anthracnose/Image00001(730).jpg,240,240,1.0,0.6830500364303589,0.6770157814025879,0.5929698348045349,0.669238805770874,0.1702451854944229,0.19343458116054535,0.03900587558746338,0.0039022890850901604,0.02814094387755102,0.015684789540816327,0.9738189578056335
external,mango anthracnose,external dataset/MLD24/Anthracnose/Image00001(325).jpg,240,240,1.0,0.6609494090080261,0.6672177910804749,0.5445815324783325,0.651362955570221,0.1884106993675232,0.2771236002445221,0.06445235013961792,0.002498876303434372,0.0244937818877551,0.009267378826530613,0.893155574798584
external,mango anthracnose,external dataset/MLD24/Anthracnose/Image00001(355).jpg,240,240,1.0,0.6666406393051147,0.6663606762886047,0.5770187973976135,0.6562593579292297,0.19029854238033295,0.2161063402891159,0.04453092813491821,0.004255386069417,0.03103077168367347,0.012755102040816327,0.9643011689186096
external,mango anthracnose,external dataset/MLD24/Anthracnose/Image00001(362).jpg,240,240,1.0,0.674714207649231,0.6758177876472473,0.5936180949211121,0.6661170721054077,0.17384743690490723,0.19821657240390778,0.04165166616439819,0.0032258706633001566,0.014987244897959183,0.005660076530612245,0.9404842853546143
external,mango anthracnose,external dataset/MLD24/Anthracnose/Image00001(477).jpg,240,240,1.0,0.6771904230117798,0.67811119556427,0.5929208993911743,0.6681241393089294,0.1686284989118576,0.20029103755950928,0.04305553436279297,0.002808724995702505,0.015485491071428572,0.008689413265306123,0.9463302493095398
external,mango anthracnose,external dataset/MLD24/Anthracnose/Image00001(87).jpg,240,240,1.0,0.6660215258598328,0.6651096940040588,0.5643556714057922,0.6538963317871094,0.18576382100582123,0.24012388288974762,0.04992109537124634,0.003993448335677385,0.02614795918367347,0.0165218431122449,0.9513232111930847
external,mango anthracnose,external dataset/MLD24/Anthracnose/Image00001(784).jpg,240,240,1.0,0.6875908374786377,0.6833618879318237,0.5999203324317932,0.675114095211029,0.16629953682422638,0.19591662287712097,0.039606332778930664,0.001921160495840013,0.015923947704081634,0.010941485969387755,0.8443231582641602
external,mango anthracnose,external dataset/MLD24/Anthracnose/Image00001(464).jpg,240,240,1.0,0.6787112355232239,0.6785067319869995,0.5954182147979736,0.6690958142280579,0.16140593588352203,0.18806858360767365,0.041442036628723145,0.0030687551479786634,0.014449139030612245,0.008330676020408163,0.8936396837234497
external,mango anthracnose,external dataset/MLD24/Anthracnose/Image00001(500).jpg,240,240,1.0,0.6775771379470825,0.6705910563468933,0.6037724614143372,0.6650625467300415,0.15827901661396027,0.16388551890850067,0.029916226863861084,0.002560649299994111,0.025251116071428572,0.011021205357142858,0.9250445365905762
external,mango anthracnose,external dataset/MLD24/Anthracnose/Image00001(96).jpg,240,240,1.0,0.6696797013282776,0.6717310547828674,0.5687856674194336,0.6593819260597229,0.18216194212436676,0.23777464032173157,0.05249840021133423,0.003930306993424892,0.032704878826530615,0.01580436862244898,0.9420492053031921
external,mango anthracnose,external dataset/MLD24/Anthracnose/Image00001(11).jpg,240,240,1.0,0.6666406393051147,0.6663606762886047,0.5770187973976135,0.6562593579292297,0.19029854238033295,0.2161063402891159,0.04453092813491821,0.004255386069417,0.03103077168367347,0.012755102040816327,0.9643011689186096
external,mango anthracnose,external dataset/MLD24/Anthracnose/Image00001(290).jpg,240,240,1.0,0.6458024978637695,0.6605260372161865,0.5486201643943787,0.6433664560317993,0.200749933719635,0.27418240904808044,0.06331467628479004,0.004258462227880955,0.043646364795918366,0.0027702487244897957,0.7785822749137878
external,mango anthracnose,external dataset/MLD24/Anthracnose/Image00001(499).jpg,240,240,1.0,0.6766566038131714,0.6704137325286865,0.6011631488800049,0.6643857955932617,0.15961965918540955,0.1685865819454193,0.03150385618209839,0.003582620294764638,0.0243343431122449,0.010901626275510204,0.8899101614952087
external,mango anthracnose,external dataset/MLD24/Anthracnose/Image00001(754).jpg,240,240,1.0,0.6691516041755676,0.6660255789756775,0.5625345706939697,0.6551622748374939,0.1773030012845993,0.2378913015127182,0.0501825213432312,0.0038052359595894814,0.021763392857142856,0.013352997448979591,0.9648784399032593
external,mango anthracnose,external dataset/MLD24/Anthracnose/Image00001(294).jpg,240,240,1.0,0.6526586413383484,0.6641265153884888,0.5491653680801392,0.6475920677185059,0.21141400933265686,0.28569817543029785,0.06321454048156738,0.004433872643858194,0.03248565051020408,0.006058673469387755,0.7732070684432983
external,mango anthracnose,external dataset/MLD24/Anthracnose/Image00001(731).jpg,240,240,1.0,0.6780939698219299,0.6727877855300903,0.5868030786514282,0.6645720601081848,0.16837456822395325,0.19441530108451843,0.04033923149108887,0.0037853384856134653,0.025849011479591837,0.014967315051020409,0.9748653173446655
external,mango anthracnose,external dataset/MLD24/Anthracnose/Image00001(493).jpg,240,240,1.0,0.6850351095199585,0.6787922382354736,0.6101358532905579,0.6728320121765137,0.177419975399971,0.17146055400371552,0.031206727027893066,0.0025367808993905783,0.03268494897959184,0.011519451530612245,0.9303740859031677
external,mango anthracnose,external dataset/MLD24/Anthracnose/Image00001(275).jpg,240,240,1.0,0.6407140493392944,0.6557550430297852,0.5385949611663818,0.6379015445709229,0.21730059385299683,0.30053770542144775,0.06610053777694702,0.004393800161778927,0.04454320790816327,0.003985969387755102,0.9490612149238586
external,mango anthracnose,external dataset/MLD24/Anthracnose/Image00001(156).jpg,240,240,1.0,0.6864293217658997,0.6761899590492249,0.6149246692657471,0.6722671985626221,0.17469729483127594,0.15866799652576447,0.025512993335723877,0.005325093399733305,0.04683514030612245,0.025589923469387755,0.8292609453201294
external,mango anthracnose,external dataset/MLD24/Anthracnose/Image00001(183).jpg,240,240,1.0,0.6826335191726685,0.6781765818595886,0.5906818509101868,0.6695348024368286,0.1751689463853836,0.200710728764534,0.04151886701583862,0.003572082379832864,0.02138472576530612,0.012276785714285714,0.8748350739479065
external,mango anthracnose,external dataset/MLD24/Anthracnose/Image00001(566).jpg,240,240,1.0,0.6690691709518433,0.6713899970054626,0.5899814963340759,0.6614155769348145,0.17114093899726868,0.2012692242860794,0.04186469316482544,0.0037588023114949465,0.02752311862244898,0.006875797193877551,0.9686179161071777
external,mango anthracnose,external dataset/MLD24/Anthracnose/Image00001(287).jpg,240,240,1.0,0.6505531668663025,0.662818431854248,0.5589165687561035,0.6473062634468079,0.19799946248531342,0.25848835706710815,0.058083534240722656,0.00423800153657794,0.05707908163265306,0.003587372448979592,0.8003799915313721
external,mango anthracnose,external dataset/MLD24/Anthracnose/Image00001(8).jpg,240,240,1.0,0.6651843190193176,0.6674021482467651,0.5791609883308411,0.6566795110702515,0.18438276648521423,0.2099967896938324,0.04522949457168579,0.00468086963519454,0.030612244897959183,0.013253348214285714,0.9710851907730103
external,mango anthracnose,external dataset/MLD24/Anthracnose/Image00001(565).jpg,240,240,1.0,0.6779184341430664,0.6785863637924194,0.6036553382873535,0.6698445677757263,0.16645528376102448,0.1871844381093979,0.03779947757720947,0.0034893318079411983,0.0437858737244898,0.00466358418367347,0.9730008244514465
external,mango anthracnose,external dataset/MLD24/Anthracnose/Image00001(567).jpg,240,240,1.0,0.673459529876709,0.6761645674705505,0.5929949879646301,0.6658744812011719,0.17270037531852722,0.20292891561985016,0.04293733835220337,0.0037683870177716017,0.02626753826530612,0.00665656887755102,0.9655852913856506
external,mango anthracnose,external dataset/MLD24/Anthracnose/Image00001(780).jpg,240,240,1.0,0.6734631657600403,0.6724397540092468,0.5557996034622192,0.6594487428665161,0.18585895001888275,0.25821420550346375,0.05780833959579468,0.003424106165766716,0.021783322704081634,0.01504703443877551,0.8608742356300354
external,mango anthracnose,external dataset/MLD24/Anthracnose/Image00001(576).jpg,240,240,1.0,0.6748878359794617,0.6712715029716492,0.5783200860023499,0.6617563366889954,0.16140352189540863,0.2099258303642273,0.04466754198074341,0.003982785157859325,0.017199457908163265,0.008410395408163265,0.9647411704063416
external,mango anthracnose,external dataset/MLD24/Anthracnose/Image00001(223).jpg,240,240,1.0,0.6844354867935181,0.6809127330780029,0.6029359698295593,0.6730766892433167,0.15061627328395844,0.17395077645778656,0.03722703456878662,0.0034090711269527674,0.014568718112244899,0.008669483418367346,0.9186100959777832
external,mango anthracnose,external dataset/MLD24/Anthracnose/Image00001(66).jpg,240,240,1.0,0.6640316843986511,0.6659799814224243,0.5673177242279053,0.6541499495506287,0.19137142598628998,0.2354581356048584,0.05030524730682373,0.005319852847605944,0.03266501913265306,0.011419802295918368,0.96234530210495
external,mango anthracnose,external dataset/MLD24/Anthracnose/Image00001(229).jpg,240,240,1.0,0.6654512286186218,0.6649259328842163,0.5447225570678711,0.6513798236846924,0.1932390183210373,0.2694190740585327,0.05983901023864746,0.003677171654999256,0.025809151785714284,0.017458545918367346,0.9269939064979553
external,mango anthracnose,external dataset/MLD24/Anthracnose/Image00001(204).jpg,240,240,1.0,0.6947639584541321,0.6882991194725037,0.6174851059913635,0.6821593642234802,0.14880216121673584,0.16341723501682281,0.03217458724975586,0.002784154610708356,0.014429209183673469,0.008091517857142858,0.9512596130371094
external,mango anthracnose,external dataset/MLD24/Anthracnose/Image00001(75).jpg,240,240,1.0,0.6460868120193481,0.6590417623519897,0.5510275959968567,0.642854630947113,0.2071685940027237,0.2760664224624634,0.06048452854156494,0.00377207831479609,0.06837930484693877,0.0024513711734693877,0.9642541408538818
external,mango anthracnose,external dataset/MLD24/Anthracnose/Image00001(366).jpg,240,240,1.0,0.6772944331169128,0.6779813170433044,0.6030125617980957,0.6692294478416443,0.16675490140914917,0.1875726282596588,0.03782778978347778,0.0035947777796536684,0.044044961734693876,0.004862882653061225,0.9729834794998169
external,mango anthracnose,external dataset/MLD24/Anthracnose/Image00001(402).jpg,240,240,1.0,0.6612966060638428,0.6703933477401733,0.5681796669960022,0.6560210585594177,0.20228363573551178,0.25562575459480286,0.05565524101257324,0.004679667763411999,0.04203204719387755,0.006277901785714286,0.7899426817893982
external,mango anthracnose,external dataset/MLD24/Anthracnose/Image00001(103).jpg,240,240,1.0,0.6735388040542603,0.664995014667511,0.59494948387146,0.6595644354820251,0.1986875832080841,0.18431656062602997,0.03075087070465088,0.004012745339423418,0.053611288265306124,0.039919483418367346,0.8034173250198364
external,mango anthracnose,external dataset/MLD24/Anthracnose/Image00001(774).jpg,240,240,1.0,0.6770703196525574,0.6724188923835754,0.5946901440620422,0.664948582649231,0.1567542850971222,0.18145623803138733,0.036538660526275635,0.002823437098413706,0.01696029974489796,0.0107421875,0.7979699373245239
external,mango anthracnose,external dataset/MLD24/Anthracnose/Image00001(685).jpg,240,240,1.0,0.6817948222160339,0.6849945783615112,0.5866697430610657,0.6728289127349854,0.18768958747386932,0.2310110628604889,0.050762295722961426,0.003833025461062789,0.02256058673469388,0.013412786989795918,0.9607238173484802
external,mango anthracnose,external dataset/MLD24/Anthracnose/Image00001(334).jpg,240,240,1.0,0.6555137038230896,0.6577792167663574,0.5333470106124878,0.6429165005683899,0.20621569454669952,0.2877521514892578,0.06334888935089111,0.0026529734022915363,0.035036670918367346,0.02491230867346939,0.8514458537101746
external,mango anthracnose,external dataset/MLD24/Anthracnose/Image00001(288).jpg,240,240,1.0,0.6529958248138428,0.6656086444854736,0.561341404914856,0.6499509215354919,0.19766610860824585,0.2563563287258148,0.05844002962112427,0.0045202043838799,0.04709422831632653,0.004025829081632653,0.8142001628875732
external,mango anthracnose,external dataset/MLD24/Anthracnose/Image00001(396).jpg,240,240,1.0,0.6474014520645142,0.6592630743980408,0.545782744884491,0.6427797675132751,0.2135208696126938,0.286559134721756,0.0626710057258606,0.005434871651232243,0.04629703443877551,0.007692920918367347,0.7896974682807922
external,mango anthracnose,external dataset/MLD24/Anthracnose/Image00001(419).jpg,240,240,1.0,0.6586294174194336,0.6578302979469299,0.540492594242096,0.6446927785873413,0.20052342116832733,0.28520408272743225,0.05826932191848755,0.002728214720264077,0.027463329081632654,0.015605070153061224,0.8863171339035034
external,mango anthracnose,external dataset/MLD24/Anthracnose/Image00001(787).jpg,240,240,1.0,0.6449766755104065,0.6505181789398193,0.495496541261673,0.6311888098716736,0.2234603613615036,0.3625138998031616,0.08028155565261841,0.003109104698523879,0.029735331632653062,0.017817283163265307,0.9798941016197205
external,mango anthracnose,external dataset/MLD24/Anthracnose/Image00001(81).jpg,240,240,1.0,0.6462409496307373,0.6587895154953003,0.5492802262306213,0.6425535082817078,0.21722687780857086,0.2800973057746887,0.06102895736694336,0.003840562654659152,0.04667570153061224,0.008370535714285714,0.9476850032806396
external,mango anthracnose,external dataset/MLD24/Anthracnose/Image00001(382).jpg,240,240,1.0,0.6636413335800171,0.6647550463676453,0.5830448865890503,0.6551071405410767,0.18198421597480774,0.20827865600585938,0.04141193628311157,0.004116378258913755,0.022082270408163265,0.0061782525510204085,0.7881003022193909
external,mango anthracnose,external dataset/MLD24/Anthracnose/Image00001(255).jpg,240,240,1.0,0.6696938276290894,0.6718262434005737,0.5929614305496216,0.6621981263160706,0.17712058126926422,0.1998719573020935,0.04049861431121826,0.004003964364528656,0.054189253826530615,0.004065688775510204,0.9646424651145935
external,mango anthracnose,external dataset/MLD24/Anthracnose/Image00001(426).jpg,240,240,1.0,0.6609494090080261,0.6672177910804749,0.5445815324783325,0.651362955570221,0.1884106993675232,0.2771236002445221,0.06445235013961792,0.002498876303434372,0.0244937818877551,0.009267378826530613,0.893155574798584
external,mango anthracnose,external dataset/MLD24/Anthracnose/Image00001(495).jpg,240,240,1.0,0.6785693764686584,0.6745235919952393,0.6054059863090515,0.667853832244873,0.17814108729362488,0.17247992753982544,0.03253591060638428,0.0025480203330516815,0.033203125,0.012954400510204082,0.975648820400238
external,mango anthracnose,external dataset/MLD24/Anthracnose/Image00001(682).jpg,240,240,1.0,0.6553148627281189,0.6650815606117249,0.5438904166221619,0.6483455896377563,0.19369038939476013,0.27396926283836365,0.06547892093658447,0.002095357282087207,0.02024872448979592,0.012216996173469387,0.8911116719245911
external,mango die back,external dataset/MLD24/Die_Back/Image001(783).jpg,240,240,1.0,0.6281176209449768,0.607008159160614,0.5668434500694275,0.6087411046028137,0.24424710869789124,0.18257416784763336,0.009527623653411865,0.003828567685559392,0.16960299744897958,0.0973373724489796,0.7407974004745483
external,mango die back,external dataset/MLD24/Die_Back/Image001(727).jpg,240,240,1.0,0.6502837538719177,0.625216543674469,0.5774887800216675,0.6272707581520081,0.2619936764240265,0.2046649158000946,0.01133030652999878,0.004088634625077248,0.1639030612244898,0.06158322704081633,0.6588838696479797
external,mango die back,external dataset/MLD24/Die_Back/Image001(100).jpg,240,240,1.0,0.5821612477302551,0.532924473285675,0.4609207510948181,0.5394378900527954,0.214804545044899,0.37812167406082153,0.011383473873138428,0.0029914670158177614,0.07228555484693877,0.0022122130102040817,0.6887112259864807
external,mango die back,external dataset/MLD24/Die_Back/Image001(194).jpg,240,240,1.0,0.648479163646698,0.6235401034355164,0.5809703469276428,0.6261439323425293,0.25532305240631104,0.19645704329013824,0.008815348148345947,0.002920878119766712,0.19025031887755103,0.05640146683673469,0.8007683157920837
external,mango die back,external dataset/MLD24/Die_Back/Image001(704).jpg,240,240,1.0,0.6346563100814819,0.6002986431121826,0.5439165830612183,0.6041440367698669,0.279649555683136,0.2488551288843155,0.01101219654083252,0.005710543133318424,0.17785395408163265,0.06363600127551021,0.6846389174461365
external,mango die back,external dataset/MLD24/Die_Back/Image001(658).jpg,240,240,1.0,0.648479163646698,0.6235401034355164,0.5809703469276428,0.6261439323425293,0.25532305240631104,0.19645704329013824,0.008815348148345947,0.002920878119766712,0.19025031887755103,0.05640146683673469,0.8007683157920837
external,mango die back,external dataset/MLD24/Die_Back/Image001(280).jpg,240,240,1.0,0.6500197649002075,0.6253144145011902,0.5788108706474304,0.6273998618125916,0.2469748556613922,0.19784140586853027,0.010899126529693604,0.003268493339419365,0.14506935586734693,0.0677016900510204,0.7914465665817261
external,mango die back,external dataset/MLD24/Die_Back/Image001(74).jpg,240,240,1.0,0.6529534459114075,0.6205050349235535,0.566295325756073,0.6240271925926208,0.23445101082324982,0.210018590092659,0.010880649089813232,0.0039832438342273235,0.09851323341836735,0.021763392857142856,0.9463560581207275
external,mango die back,external dataset/MLD24/Die_Back/Image001(726).jpg,240,240,1.0,0.6505004167556763,0.6282004714012146,0.5804422497749329,0.6294237375259399,0.25320377945899963,0.1899367868900299,0.012729108333587646,0.0035885802935808897,0.14441167091836735,0.06628667091836735,0.6589273810386658
external,mango die back,external dataset/MLD24/Die_Back/Image001(503).jpg,240,240,1.0,0.6524088382720947,0.6169388890266418,0.5591227412223816,0.620953381061554,0.26810911297798157,0.2564679980278015,0.011173069477081299,0.0038395391311496496,0.19248246173469388,0.05721859056122449,0.7804907560348511
external,mango die back,external dataset/MLD24/Die_Back/Image001(212).jpg,240,240,1.0,0.6742110252380371,0.6577067971229553,0.6194936037063599,0.6582853198051453,0.21403315663337708,0.1383499652147293,0.010854482650756836,0.0037996883038431406,0.11668925382653061,0.037786989795918366,0.930998682975769
external,mango die back,external dataset/MLD24/Die_Back/Image001(465).jpg,240,240,1.0,0.6822218894958496,0.6616216897964478,0.6224632859230042,0.6633171439170837,0.20381948351860046,0.15099048614501953,0.009279131889343262,0.0036461001727730036,0.10780054209183673,0.05408960459183673,0.7777348756790161
external,mango die back,external dataset/MLD24/Die_Back/Image001(711).jpg,240,240,1.0,0.6244640350341797,0.5958763957023621,0.547272264957428,0.5988832712173462,0.27963799238204956,0.23573563992977142,0.010008275508880615,0.0037282295525074005,0.18767936862244897,0.07985889668367346,0.7503736615180969
external,mango die back,external dataset/MLD24/Die_Back/Image001(278).jpg,240,240,1.0,0.6419323086738586,0.6180034279823303,0.573277473449707,0.6200594902038574,0.27203798294067383,0.20944321155548096,0.010398566722869873,0.0045214686542749405,0.18347417091836735,0.07961973852040816,0.7158112525939941
external,mango die back,external dataset/MLD24/Die_Back/Image001(623).jpg,240,240,1.0,0.6482729911804199,0.6115502119064331,0.5606193542480469,0.6167242527008057,0.26684123277664185,0.24383991956710815,0.007104039192199707,0.005364197306334972,0.1739078443877551,0.04490194515306122,0.7217501401901245
external,mango die back,external dataset/MLD24/Die_Back/Image001(451).jpg,240,240,1.0,0.6554161906242371,0.6205021739006042,0.5636703372001648,0.6244626641273499,0.24120837450027466,0.22605815529823303,0.01095890998840332,0.005048906896263361,0.095703125,0.026506696428571428,0.791481614112854
external,mango die back,external dataset/MLD24/Die_Back/Image001(596).jpg,240,240,1.0,0.6701306700706482,0.6419155597686768,0.5979675650596619,0.6453417539596558,0.2416452318429947,0.1955333948135376,0.007866442203521729,0.0056572421453893185,0.14662388392857142,0.04420440051020408,0.7194072604179382
external,mango die back,external dataset/MLD24/Die_Back/Image001(533).jpg,240,240,1.0,0.6629478335380554,0.6288045644760132,0.5731557011604309,0.6326695084571838,0.24078035354614258,0.2199767380952835,0.01075279712677002,0.005417553707957268,0.09530452806122448,0.023477359693877552,0.9602168202400208
external,mango die back,external dataset/MLD24/Die_Back/Image001(766).jpg,240,240,1.0,0.6375300288200378,0.6134470105171204,0.570059061050415,0.6157016158103943,0.19302813708782196,0.1623954027891159,0.009652435779571533,0.0024775469209998846,0.11451690051020408,0.03950095663265306,0.9481540322303772
external,mango die back,external dataset/MLD24/Die_Back/Image001(560).jpg,240,240,1.0,0.6293372511863708,0.5638671517372131,0.48988673090934753,0.5750089883804321,0.2824828028678894,0.34349942207336426,0.004255175590515137,0.010704890824854374,0.1564094387755102,0.04974489795918367,0.6415383815765381
external,mango die back,external dataset/MLD24/Die_Back/Image001(110).jpg,240,240,1.0,0.6542372703552246,0.5963477492332458,0.5284295082092285,0.6059140563011169,0.27906322479248047,0.30332258343696594,0.005014359951019287,0.008948059752583504,0.14365433673469388,0.03541533801020408,0.66025310754776
external,mango die back,external dataset/MLD24/Die_Back/Image001(327).jpg,240,240,1.0,0.6585772037506104,0.6364206075668335,0.5933460593223572,0.6381349563598633,0.24907153844833374,0.1900728940963745,0.010458946228027344,0.0031446642242372036,0.1828563456632653,0.08525988520408163,0.651246190071106
external,mango die back,external dataset/MLD24/Die_Back/Image001(634).jpg,240,240,1.0,0.6387251019477844,0.6098763942718506,0.5606984496116638,0.6128959059715271,0.271458238363266,0.22598858177661896,0.010164618492126465,0.005739946383982897,0.19314014668367346,0.0457389987244898,0.667122483253479
external,mango die back,external dataset/MLD24/Die_Back/Image001(697).jpg,240,240,1.0,0.6606560349464417,0.6374384164810181,0.5905336141586304,0.6390333771705627,0.25225910544395447,0.18869201838970184,0.011843562126159668,0.00354010215960443,0.14034598214285715,0.0576171875,0.6584179401397705
external,mango die back,external dataset/MLD24/Die_Back/Image001(226).jpg,240,240,1.0,0.6793787479400635,0.661467432975769,0.6216006278991699,0.6622780561447144,0.20961607992649078,0.14471295475959778,0.010977745056152344,0.003666776232421398,0.11073022959183673,0.057736766581632654,0.7814474105834961
external,mango die back,external dataset/MLD24/Die_Back/Image001(508).jpg,240,240,1.0,0.677668035030365,0.6558127403259277,0.6130385398864746,0.657471239566803,0.21152764558792114,0.1574338674545288,0.010459423065185547,0.004690753761678934,0.09378985969387756,0.033203125,0.8070169687271118
external,mango die back,external dataset/MLD24/Die_Back/Image001(529).jpg,240,240,1.0,0.6554161906242371,0.6205021739006042,0.5636703372001648,0.6244626641273499,0.24120837450027466,0.22605815529823303,0.01095890998840332,0.005048906896263361,0.095703125,0.026506696428571428,0.791481614112854
external,mango die back,external dataset/MLD24/Die_Back/Image001(678).jpg,240,240,1.0,0.6788685321807861,0.6634489297866821,0.6265433430671692,0.6638521552085876,0.20553605258464813,0.12968789041042328,0.010743021965026855,0.004088960122317076,0.10981345663265306,0.03886320153061224,0.9300019145011902
external,mango die back,external dataset/MLD24/Die_Back/Image001(30).jpg,240,240,1.0,0.6452926397323608,0.614122211933136,0.5638715028762817,0.6177135705947876,0.2646271586418152,0.24140746891498566,0.009540140628814697,0.004178134258836508,0.1984813456632653,0.07101004464285714,0.877476155757904
external,mango die back,external dataset/MLD24/Die_Back/Image001(279).jpg,240,240,1.0,0.6380120515823364,0.6118758916854858,0.5683449506759644,0.6147280931472778,0.2623737156391144,0.2093896120786667,0.00869739055633545,0.0026577941607683897,0.17109773596938777,0.07296316964285714,0.8014068007469177
external,mango die back,external dataset/MLD24/Die_Back/Image001(645).jpg,240,240,1.0,0.6669840812683105,0.643108069896698,0.5993396639823914,0.6452574133872986,0.2596859633922577,0.19048652052879333,0.009946167469024658,0.0036619901657104492,0.16454081632653061,0.04237085459183673,0.6808844208717346
external,mango die back,external dataset/MLD24/Die_Back/Image001(175).jpg,240,240,1.0,0.6670728325843811,0.6465933322906494,0.6064978837966919,0.648145854473114,0.25123006105422974,0.1756231188774109,0.009807944297790527,0.004584115464240313,0.1711375956632653,0.053591358418367346,0.7001027464866638
external,mango die back,external dataset/MLD24/Die_Back/Image001(486).jpg,240,240,1.0,0.6460910439491272,0.6119904518127441,0.5589121580123901,0.6161356568336487,0.2626757025718689,0.24672634899616241,0.009488821029663086,0.005102509167045355,0.18431122448979592,0.0670639349489796,0.7975645065307617
external,mango die back,external dataset/MLD24/Die_Back/Image001(50).jpg,240,240,1.0,0.6818360090255737,0.6566464900970459,0.6103055477142334,0.6588953137397766,0.22111932933330536,0.17073626816272736,0.010575711727142334,0.0045229713432490826,0.08932557397959184,0.03138950892857143,0.7334199547767639
external,mango die back,external dataset/MLD24/Die_Back/Image001(64).jpg,240,240,1.0,0.6624100208282471,0.6272857785224915,0.5701459050178528,0.6312739849090576,0.24160104990005493,0.22390423715114594,0.011007845401763916,0.004462986718863249,0.08934550382653061,0.02578922193877551,0.7757250070571899
external,mango die back,external dataset/MLD24/Die_Back/Image001(172).jpg,240,240,1.0,0.6447094678878784,0.6175447702407837,0.5699643492698669,0.6202428340911865,0.2713363766670227,0.21745194494724274,0.010207891464233398,0.004844135604798794,0.19160554846938777,0.04846938775510204,0.6636837124824524
external,mango die back,external dataset/MLD24/Die_Back/Image001(116).jpg,240,240,1.0,0.6641668081283569,0.6192291378974915,0.5615010261535645,0.6260844469070435,0.27397996187210083,0.2604999244213104,0.006395220756530762,0.006308464799076319,0.1560905612244898,0.039560746173469385,0.6565920114517212
external,mango die back,external dataset/MLD24/Die_Back/Image001(721).jpg,240,240,1.0,0.6563801765441895,0.6357726454734802,0.5979209542274475,0.6376191973686218,0.23528699576854706,0.15519244968891144,0.00862210988998413,0.002446508966386318,0.12665417729591838,0.05807557397959184,0.9690107703208923
external,mango die back,external dataset/MLD24/Die_Back/Image001(147).jpg,240,240,1.0,0.6547406911849976,0.6155908703804016,0.5609419941902161,0.621066689491272,0.267789363861084,0.24766014516353607,0.007749497890472412,0.006295541767030954,0.14704241071428573,0.034080038265306124,0.7009167671203613
external,mango die back,external dataset/MLD24/Die_Back/Image001(188).jpg,240,240,1.0,0.6321059465408325,0.6054664254188538,0.5574477910995483,0.6079574823379517,0.26926156878471375,0.2249552458524704,0.01068955659866333,0.004830038174986839,0.21143574617346939,0.05572385204081633,0.9094712138175964
external,mango die back,external dataset/MLD24/Die_Back/Image001(43).jpg,240,240,1.0,0.6762886643409729,0.6548622250556946,0.611627459526062,0.6563399434089661,0.21129144728183746,0.15800808370113373,0.010904133319854736,0.004748459905385971,0.09398915816326531,0.03342235331632653,0.8085269927978516
external,mango die back,external dataset/MLD24/Die_Back/Image001(601).jpg,240,240,1.0,0.684298038482666,0.6569152474403381,0.6137680411338806,0.6601839661598206,0.2298019528388977,0.18007177114486694,0.007882177829742432,0.005152933299541473,0.1328922193877551,0.04125478316326531,0.733277440071106
external,mango die back,external dataset/MLD24/Die_Back/Image001(12).jpg,240,240,1.0,0.6804742813110352,0.6546903848648071,0.6100832223892212,0.6573145389556885,0.22567275166511536,0.18193218111991882,0.009411633014678955,0.003783206222578883,0.1300422512755102,0.06002869897959184,0.7553933262825012
external,mango die back,external dataset/MLD24/Die_Back/Image001(166).jpg,240,240,1.0,0.668373703956604,0.6413547992706299,0.5987739562988281,0.644579291343689,0.24009698629379272,0.18832696974277496,0.007780969142913818,0.004740668926388025,0.14869658801020408,0.03870376275510204,0.7808785438537598
external,mango die back,external dataset/MLD24/Die_Back/Image001(106).jpg,240,240,1.0,0.6480497121810913,0.5880103707313538,0.5191411972045898,0.5981110334396362,0.2799169421195984,0.31267473101615906,0.004414916038513184,0.013432214967906475,0.15076929209183673,0.0400390625,0.6543978452682495
external,mango die back,external dataset/MLD24/Die_Back/Image001(409).jpg,240,240,1.0,0.6497557163238525,0.6170694828033447,0.5644207000732422,0.6208407282829285,0.2603325843811035,0.2412092685699463,0.009981274604797363,0.004060069099068642,0.1770966198979592,0.06351642219387756,0.8692539930343628
external,mango die back,external dataset/MLD24/Die_Back/Image001(143).jpg,240,240,1.0,0.6633152961730957,0.6171755790710449,0.5565715432167053,0.6240624785423279,0.2694680988788605,0.2642500400543213,0.007232189178466797,0.006703839637339115,0.13749601403061223,0.026327327806122448,0.6568325161933899
external,mango die back,external dataset/MLD24/Die_Back/Image001(373).jpg,240,240,1.0,0.6596536636352539,0.6374872922897339,0.5969372391700745,0.6394923329353333,0.24376657605171204,0.18062907457351685,0.00919187068939209,0.003919051960110664,0.1422393176020408,0.08061623086734694,0.7580554485321045
external,mango die back,external dataset/MLD24/Die_Back/Image001(131).jpg,240,240,1.0,0.6747654676437378,0.6456382274627686,0.6009708642959595,0.6492552161216736,0.24669039249420166,0.19880419969558716,0.007770061492919922,0.006121584214270115,0.1446906887755102,0.04448341836734694,0.7104330062866211
external,mango die back,external dataset/MLD24/Die_Back/Image001(32).jpg,240,240,1.0,0.6478722095489502,0.6165959239006042,0.5664969682693481,0.6202362179756165,0.26585084199905396,0.2406359314918518,0.009411334991455078,0.004626244306564331,0.19810267857142858,0.0684390943877551,0.7962216734886169
external,mango die back,external dataset/MLD24/Die_Back/Image001(19).jpg,240,240,1.0,0.6554226279258728,0.6210736036300659,0.567566990852356,0.6252442002296448,0.2590171694755554,0.23911690711975098,0.009578824043273926,0.0052871499210596085,0.17719626913265307,0.06895727040816327,0.811506986618042
external,mango die back,external dataset/MLD24/Die_Back/Image001(341).jpg,240,240,1.0,0.6385753154754639,0.6170634627342224,0.5789495706558228,0.6191505193710327,0.2298014760017395,0.16721051931381226,0.008301019668579102,0.003011296736076474,0.14040577168367346,0.08334661989795919,0.7318986058235168
external,mango die back,external dataset/MLD24/Die_Back/Image001(793).jpg,240,240,1.0,0.6530357003211975,0.630373477935791,0.5844312310218811,0.6319120526313782,0.2560749650001526,0.20148780941963196,0.011640012264251709,0.003698835615068674,0.1939373405612245,0.09020248724489796,0.647555947303772
external,mango die back,external dataset/MLD24/Die_Back/Image001(663).jpg,240,240,1.0,0.6851544976234436,0.6685734987258911,0.6316244602203369,0.6693190932273865,0.21897335350513458,0.13787312805652618,0.010184049606323242,0.004302351735532284,0.11513472576530612,0.05486686862244898,0.7710173726081848
external,mango die back,external dataset/MLD24/Die_Back/Image001(454).jpg,240,240,1.0,0.6634182929992676,0.630124032497406,0.5745576620101929,0.633744478225708,0.24130314588546753,0.21897479891777039,0.011136054992675781,0.004675392992794514,0.09492586096938775,0.02317841198979592,0.9586865305900574
external,mango die back,external dataset/MLD24/Die_Back/Image001(367).jpg,240,240,1.0,0.5899093151092529,0.5658500790596008,0.5240323543548584,0.568276584148407,0.2427053451538086,0.20428898930549622,0.008879244327545166,0.002706285333260894,0.19567123724489796,0.10704320790816327,0.6588266491889954
external,mango die back,external dataset/MLD24/Die_Back/Image001(122).jpg,240,240,1.0,0.6718264222145081,0.632936418056488,0.5811156630516052,0.6386570334434509,0.2663252055644989,0.2351299226284027,0.0064653754234313965,0.006894591264426708,0.14997209821428573,0.04390545280612245,0.6695521473884583
external,mango die back,external dataset/MLD24/Die_Back/Image001(507).jpg,240,240,1.0,0.6762886643409729,0.6548622250556946,0.611627459526062,0.6563399434089661,0.21129144728183746,0.15800808370113373,0.010904133319854736,0.004748459905385971,0.09398915816326531,0.03342235331632653,0.8085269927978516
external,mango die back,external dataset/MLD24/Die_Back/Image001(773).jpg,240,240,1.0,0.605094313621521,0.5902312994003296,0.5506059527397156,0.5901580452919006,0.2213367223739624,0.15513920783996582,0.012381196022033691,0.003194553079083562,0.11896125637755102,0.07611208545918367,0.8330569863319397
external,mango die back,external dataset/MLD24/Die_Back/Image001(761).jpg,240,240,1.0,0.6560463309288025,0.6415266394615173,0.6049925088882446,0.6417031288146973,0.1847437471151352,0.11712253093719482,0.011007249355316162,0.0026196076069027185,0.07342155612244898,0.04856903698979592,0.9197217226028442
external,mango die back,external dataset/MLD24/Die_Back/Image001(337).jpg,240,240,1.0,0.6354018449783325,0.6145573854446411,0.5751307010650635,0.6162952780723572,0.2354898899793625,0.17252890765666962,0.009291112422943115,0.002875817008316517,0.14905532525510204,0.07395966198979592,0.7001134157180786
external,mango die back,external dataset/MLD24/Die_Back/Image001(140).jpg,240,240,1.0,0.6580862998962402,0.6062768697738647,0.5417859554290771,0.6144158840179443,0.27485623955726624,0.2872721552848816,0.006340742111206055,0.006610489916056395,0.13685825892857142,0.03421954719387755,0.6685783267021179
external,mango die back,external dataset/MLD24/Die_Back/Image001(448).jpg,240,240,1.0,0.6696038246154785,0.6345888376235962,0.5798220038414001,0.6388149857521057,0.24113979935646057,0.2170485258102417,0.009875893592834473,0.005479955114424229,0.09131855867346939,0.027782206632653062,0.6744707822799683
external,mango die back,external dataset/MLD24/Die_Back/Image001(683).jpg,240,240,1.0,0.6590031385421753,0.6376475095748901,0.5978823900222778,0.6394996047019958,0.2313624620437622,0.16302329301834106,0.009204745292663574,0.002972229616716504,0.13303172831632654,0.045818718112244895,0.8659709095954895
external,mango die back,external dataset/MLD24/Die_Back/Image001(192).jpg,240,240,1.0,0.6474706530570984,0.6238402128219604,0.5797943472862244,0.625884473323822,0.26115527749061584,0.1981145739555359,0.010207712650299072,0.005277905613183975,0.18632413903061223,0.0498046875,0.7802118062973022
external,mango die back,external dataset/MLD24/Die_Back/Image001(614).jpg,240,240,1.0,0.6429736614227295,0.5984829068183899,0.5385488867759705,0.6049531698226929,0.2725427746772766,0.274020791053772,0.007721602916717529,0.007644247263669968,0.15286192602040816,0.032545440051020405,0.7347368597984314
external,mango die back,external dataset/MLD24/Die_Back/Image001(733).jpg,240,240,1.0,0.622772753238678,0.5948241949081421,0.547551691532135,0.5977917313575745,0.27454861998558044,0.22327473759651184,0.009661972522735596,0.005190761759877205,0.18785873724489796,0.08583785076530612,0.7058071494102478
external,mango die back,external dataset/MLD24/Die_Back/Image001(86).jpg,240,240,1.0,0.6863192915916443,0.6622694134712219,0.6217719316482544,0.6648436784744263,0.2127758115530014,0.16064396500587463,0.00822383165359497,0.004620097577571869,0.12017697704081633,0.04063695790816327,0.7634492516517639
external,mango die back,external dataset/MLD24/Die_Back/Image001(789).jpg,240,240,1.0,0.6378560066223145,0.6162115335464478,0.5706532001495361,0.6174895763397217,0.25017109513282776,0.20369969308376312,0.011956930160522461,0.001216087955981493,0.19242267219387754,0.09652024872448979,0.6503646969795227
external,mango die back,external dataset/MLD24/Die_Back/Image001(620).jpg,240,240,1.0,0.6325057744979858,0.5866432785987854,0.5259369611740112,0.5934356451034546,0.2726131081581116,0.28429079055786133,0.007421910762786865,0.00805443525314331,0.16296635841836735,0.03844467474489796,0.8103553652763367
external,mango die back,external dataset/MLD24/Die_Back/Image001(417).jpg,240,240,1.0,0.6471285820007324,0.6162869334220886,0.5667027235031128,0.6198559999465942,0.26311755180358887,0.23792947828769684,0.009371280670166016,0.004171489737927914,0.19696667729591838,0.07005341198979592,0.8090013861656189
external,mango die back,external dataset/MLD24/Die_Back/Image001(299).jpg,240,240,1.0,0.6301330924034119,0.6122652888298035,0.575320303440094,0.6133961081504822,0.20539206266403198,0.1399112194776535,0.009538590908050537,0.0029413204174488783,0.09954958545918367,0.06008848852040816,0.840196430683136
external,mango die back,external dataset/MLD24/Die_Back/Image001(35).jpg,240,240,1.0,0.6530835032463074,0.6224233508110046,0.571949303150177,0.6258366703987122,0.2648785412311554,0.2375945895910263,0.009906947612762451,0.003873703768476844,0.19138632015306123,0.0660873724489796,0.7999998331069946
external,mango die back,external dataset/MLD24/Die_Back/Image001(458).jpg,240,240,1.0,0.6610773801803589,0.6273751258850098,0.5723757147789001,0.6311821937561035,0.23942774534225464,0.21424107253551483,0.010648608207702637,0.004539752844721079,0.0944076849489796,0.02272002551020408,0.9631537795066833
external,mango die back,external dataset/MLD24/Die_Back/Image001(750).jpg,240,240,1.0,0.6841455698013306,0.6710488200187683,0.6355448365211487,0.670917272567749,0.17287038266658783,0.10860992223024368,0.011203587055206299,0.002469414845108986,0.07212611607142858,0.0398796237244898,0.9073416590690613
external,mango die back,external dataset/MLD24/Die_Back/Image001(670).jpg,240,240,1.0,0.6661636829376221,0.6470019221305847,0.6083111763000488,0.6483205556869507,0.23486752808094025,0.15726302564144135,0.009764492511749268,0.005075288470834494,0.13721699617346939,0.0577766262755102,0.7689070701599121
external,mango die back,external dataset/MLD24/Die_Back/Image001(504).jpg,240,240,1.0,0.6437896490097046,0.6086257100105286,0.5506805777549744,0.6125339865684509,0.26523900032043457,0.25852686166763306,0.011390626430511475,0.004726506769657135,0.19587053571428573,0.061842315051020405,0.7795377969741821
external,mango die back,external dataset/MLD24/Die_Back/Image001(18).jpg,240,240,1.0,0.6593092083930969,0.6256597638130188,0.5726728439331055,0.6296804547309875,0.2584957480430603,0.2352752536535263,0.00966876745223999,0.004704380873590708,0.17265226403061223,0.07198660714285714,0.8041002154350281
external,mango die back,external dataset/MLD24/Die_Back/Image001(184).jpg,240,240,1.0,0.6480721831321716,0.6175204515457153,0.5666735768318176,0.620858907699585,0.27062711119651794,0.22495144605636597,0.010147571563720703,0.0032113646157085896,0.1773357780612245,0.04223134566326531,0.6827241778373718
external,mango die back,external dataset/MLD24/Die_Back/Image001(14).jpg,240,240,1.0,0.670684814453125,0.6434686779975891,0.5965244770050049,0.6462546586990356,0.23171278834342957,0.1947401612997055,0.00986403226852417,0.004131071735173464,0.14337531887755103,0.06568877551020408,0.7443175911903381
external,mango die back,external dataset/MLD24/Die_Back/Image001(92).jpg,240,240,1.0,0.6715660691261292,0.628932535648346,0.5718356370925903,0.6351709365844727,0.26967331767082214,0.25230079889297485,0.007231652736663818,0.005969822406768799,0.1427375637755102,0.04079639668367347,0.6755065321922302
external,mango die back,external dataset/MLD24/Die_Back/Image001(345).jpg,240,240,1.0,0.6378253102302551,0.6172298789024353,0.5788114070892334,0.6190081834793091,0.22709763050079346,0.16816934943199158,0.008911550045013428,0.00271829916164279,0.14359454719387754,0.08310746173469388,0.717917799949646
external,mango die back,external dataset/MLD24/Die_Back/Image001(248).jpg,240,240,1.0,0.6204394698143005,0.5922198295593262,0.5429317951202393,0.595038652420044,0.275423526763916,0.23534807562828064,0.010534167289733887,0.005022265017032623,0.18941326530612246,0.08167251275510204,0.8435622453689575
external,mango die back,external dataset/MLD24/Die_Back/Image001(569).jpg,240,240,1.0,0.6482748985290527,0.5858969688415527,0.5150637626647949,0.596472978591919,0.2826211154460907,0.32059380412101746,0.004227638244628906,0.013688665814697742,0.15049027423469388,0.03928172831632653,0.6520074009895325
external,mango die back,external dataset/MLD24/Die_Back/Image001(90).jpg,240,240,1.0,0.6717532277107239,0.6377697587013245,0.5875204801559448,0.6422023773193359,0.25194719433784485,0.21931640803813934,0.008132874965667725,0.005210955161601305,0.14861686862244897,0.04342713647959184,0.6988532543182373
external,mango die back,external dataset/MLD24/Die_Back/Image001(466).jpg,240,240,1.0,0.6868103742599487,0.6646875739097595,0.6255565285682678,0.6668413281440735,0.205751433968544,0.15292277932167053,0.008504092693328857,0.0038465778343379498,0.10853794642857142,0.05311304209183673,0.7729529142379761
external,mango die back,external dataset/MLD24/Die_Back/Image001(121).jpg,240,240,1.0,0.6713403463363647,0.6323529481887817,0.5799476504325867,0.6380359530448914,0.2670052647590637,0.23721636831760406,0.006708979606628418,0.005890516564249992,0.1507892219387755,0.04512117346938776,0.6661756038665771
external,mango die back,external dataset/MLD24/Die_Back/Image001(771).jpg,240,240,1.0,0.6260899901390076,0.6069223284721375,0.564882218837738,0.6078608632087708,0.1933225840330124,0.15059775114059448,0.011436223983764648,0.002105842577293515,0.10598692602040816,0.03756776147959184,0.8837194442749023
external,mango die back,external dataset/MLD24/Die_Back/Image001(161).jpg,240,240,1.0,0.6517714858055115,0.6156615614891052,0.5638364553451538,0.6205503940582275,0.26711729168891907,0.24295522272586823,0.00785762071609497,0.0064333840273320675,0.1728515625,0.04649633290816327,0.7247971296310425
external,mango die back,external dataset/MLD24/Die_Back/Image001(595).jpg,240,240,1.0,0.6747654676437378,0.6456382274627686,0.6009708642959595,0.6492552161216736,0.24669039249420166,0.19880419969558716,0.007770061492919922,0.006121584214270115,0.1446906887755102,0.04448341836734694,0.7104330062866211
external,mango die back,external dataset/MLD24/Die_Back/Image001(15).jpg,240,240,1.0,0.6602666974067688,0.6278381943702698,0.5762604475021362,0.6316544413566589,0.2572731673717499,0.2308834046125412,0.009574592113494873,0.0038589087780565023,0.17223373724489796,0.07738759566326531,0.7335391044616699
external,mango die back,external dataset/MLD24/Die_Back/Image001(245).jpg,240,240,1.0,0.6474332213401794,0.6232065558433533,0.5775242447853088,0.6252425909042358,0.27126890420913696,0.20778776705265045,0.01072782278060913,0.004837122745811939,0.16621492346938777,0.06973453443877552,0.7216253876686096
external,mango die back,external dataset/MLD24/Die_Back/Image001(227).jpg,240,240,1.0,0.6780778765678406,0.6587433815002441,0.6191391348838806,0.6600094437599182,0.20981977880001068,0.1494840532541275,0.010134875774383545,0.0009025000617839396,0.11511479591836735,0.05885283801020408,0.7848711609840393
external,mango die back,external dataset/MLD24/Die_Back/Image001(394).jpg,240,240,1.0,0.6826637387275696,0.660890519618988,0.6184170842170715,0.6625587344169617,0.20992906391620636,0.16152127087116241,0.01035010814666748,0.0038038860075175762,0.11435746173469388,0.05464764030612245,0.7646881937980652
external,mango die back,external dataset/MLD24/Die_Back/Image001(303).jpg,240,240,1.0,0.6206337809562683,0.5997549891471863,0.554408609867096,0.6008282899856567,0.19650709629058838,0.16720351576805115,0.01223379373550415,0.0024361663963645697,0.11999760841836735,0.04139429209183673,0.8509126901626587
external,mango die back,external dataset/MLD24/Die_Back/Image001(237).jpg,240,240,1.0,0.6426024436950684,0.6055789589881897,0.5501073598861694,0.610325276851654,0.26970791816711426,0.23714052140712738,0.0092240571975708,0.004734012298285961,0.13877152423469388,0.04705436862244898,0.6487505435943604
external,mango die back,external dataset/MLD24/Die_Back/Image001(20).jpg,240,240,1.0,0.6464738845825195,0.6097885370254517,0.5557861924171448,0.6146011352539062,0.2605736255645752,0.2512142062187195,0.008658528327941895,0.0038416178431361914,0.18443080357142858,0.07166772959183673,0.8190094232559204
external,mango die back,external dataset/MLD24/Die_Back/Image001(758).jpg,240,240,1.0,0.6567513346672058,0.6432737112045288,0.610022783279419,0.6435129046440125,0.1870531588792801,0.10924800485372543,0.009886622428894043,0.0024620506446808577,0.07340162627551021,0.04860889668367347,0.8347771763801575
external,mango die back,external dataset/MLD24/Die_Back/Image001(68).jpg,240,240,1.0,0.6634182929992676,0.630124032497406,0.5745576620101929,0.633744478225708,0.24130314588546753,0.21897479891777039,0.011136054992675781,0.004675392992794514,0.09492586096938775,0.02317841198979592,0.9586865305900574
external,mango die back,external dataset/MLD24/Die_Back/Image001(124).jpg,240,240,1.0,0.676240086555481,0.6393125653266907,0.5887944102287292,0.6445947885513306,0.26334863901138306,0.2274017184972763,0.006795346736907959,0.006432829890400171,0.14718191964285715,0.03902264030612245,0.6692465543746948
external,mango die back,external dataset/MLD24/Die_Back/Image001(93).jpg,240,240,1.0,0.6548265814781189,0.6094673871994019,0.551093339920044,0.6163751482963562,0.27597540616989136,0.27112746238708496,0.006507396697998047,0.006800742354243994,0.15343989158163265,0.04583864795918367,0.6670615077018738
external,mango die back,external dataset/MLD24/Die_Back/Image001(262).jpg,240,240,1.0,0.6505004167556763,0.6282004714012146,0.5804422497749329,0.6294237375259399,0.25320377945899963,0.1899367868900299,0.012729108333587646,0.0035885802935808897,0.14441167091836735,0.06628667091836735,0.6589273810386658
external,mango die back,external dataset/MLD24/Die_Back/Image001(730).jpg,240,240,1.0,0.6481185555458069,0.6268364191055298,0.5809300541877747,0.6279664635658264,0.2499191164970398,0.18936526775360107,0.012312114238739014,0.003741432912647724,0.15545280612244897,0.06134406887755102,0.6784861087799072
external,mango die back,external dataset/MLD24/Die_Back/Image001(325).jpg,240,240,1.0,0.6378560066223145,0.6162115335464478,0.5706532001495361,0.6174895763397217,0.25017109513282776,0.20369969308376312,0.011956930160522461,0.001216087955981493,0.19242267219387754,0.09652024872448979,0.6503646969795227
external,mango die back,external dataset/MLD24/Die_Back/Image001(355).jpg,240,240,1.0,0.6272406578063965,0.6018050312995911,0.5598365664482117,0.6046258807182312,0.252011239528656,0.20317085087299347,0.0082663893699646,0.0020616427063941956,0.1844905931122449,0.10692362882653061,0.9673169255256653
external,mango die back,external dataset/MLD24/Die_Back/Image001(362).jpg,240,240,1.0,0.5994921922683716,0.5773820877075195,0.5367504358291626,0.5793610215187073,0.23992681503295898,0.1947481632232666,0.009260773658752441,0.0029447716660797596,0.1787906568877551,0.11184630102040816,0.6942801475524902
external,mango die back,external dataset/MLD24/Die_Back/Image001(477).jpg,240,240,1.0,0.6807738542556763,0.6547854542732239,0.6082760691642761,0.6572539806365967,0.22661912441253662,0.184945210814476,0.010260522365570068,0.004451388027518988,0.13024154974489796,0.05917171556122449,0.756184995174408
external,mango die back,external dataset/MLD24/Die_Back/Image001(87).jpg,240,240,1.0,0.6864422559738159,0.6612426042556763,0.6195553541183472,0.6640249490737915,0.2175096720457077,0.1677388995885849,0.008243799209594727,0.00384185160510242,0.1250597895408163,0.04043765943877551,0.7541738748550415
external,mango die back,external dataset/MLD24/Die_Back/Image001(784).jpg,240,240,1.0,0.6431294083595276,0.6233092546463013,0.5772551894187927,0.6239852905273438,0.22287356853485107,0.17884203791618347,0.013116955757141113,0.0034469959791749716,0.1572265625,0.07027264030612244,0.9461853504180908
external,mango die back,external dataset/MLD24/Die_Back/Image001(464).jpg,240,240,1.0,0.6800786852836609,0.6532972455024719,0.6086651086807251,0.6562168598175049,0.23247386515140533,0.18566685914993286,0.008925378322601318,0.005027985665947199,0.1337292729591837,0.04161352040816327,0.7168611884117126
external,mango die back,external dataset/MLD24/Die_Back/Image001(500).jpg,240,240,1.0,0.6552950143814087,0.6232218146324158,0.5729307532310486,0.6270785331726074,0.2647381126880646,0.2369968295097351,0.009108960628509521,0.0041814884170889854,0.18893494897959184,0.06427375637755102,0.7837926745414734
external,mango die back,external dataset/MLD24/Die_Back/Image001(96).jpg,240,240,1.0,0.6293372511863708,0.5638671517372131,0.48988673090934753,0.5750089883804321,0.2824828028678894,0.34349942207336426,0.004255175590515137,0.010704890824854374,0.1564094387755102,0.04974489795918367,0.6415383815765381
external,mango die back,external dataset/MLD24/Die_Back/Image001(11).jpg,240,240,1.0,0.6794863939285278,0.6542394161224365,0.608752429485321,0.6566027402877808,0.222158282995224,0.1811414510011673,0.010120034217834473,0.004099579993635416,0.1280094068877551,0.059869260204081634,0.7521296739578247
external,mango die back,external dataset/MLD24/Die_Back/Image001(290).jpg,240,240,1.0,0.6591950058937073,0.6434939503669739,0.6075800061225891,0.6440944075584412,0.2271670252084732,0.1501595377922058,0.010106444358825684,0.001142139546573162,0.13366948341836735,0.08553890306122448,0.8769654631614685
external,mango die back,external dataset/MLD24/Die_Back/Image001(499).jpg,240,240,1.0,0.6530835032463074,0.6224233508110046,0.571949303150177,0.6258366703987122,0.2648785412311554,0.2375945895910263,0.009906947612762451,0.003873703768476844,0.19138632015306123,0.0660873724489796,0.7999998331069946
external,mango die back,external dataset/MLD24/Die_Back/Image001(754).jpg,240,240,1.0,0.6591950058937073,0.6434939503669739,0.6075800061225891,0.6440944075584412,0.2271670252084732,0.1501595377922058,0.010106444358825684,0.001142139546573162,0.13366948341836735,0.08553890306122448,0.8769654631614685
external,mango die back,external dataset/MLD24/Die_Back/Image001(294).jpg,240,240,1.0,0.6567513346672058,0.6432737112045288,0.610022783279419,0.6435129046440125,0.1870531588792801,0.10924800485372543,0.009886622428894043,0.0024620506446808577,0.07340162627551021,0.04860889668367347,0.8347771763801575
external,mango die back,external dataset/MLD24/Die_Back/Image001(731).jpg,240,240,1.0,0.6431712508201599,0.6181288361549377,0.5707805752754211,0.620218813419342,0.2545539140701294,0.20039799809455872,0.011152923107147217,0.0039917598478496075,0.16045519770408162,0.05905213647959184,0.699070930480957
external,mango die back,external dataset/MLD24/Die_Back/Image001(493).jpg,240,240,1.0,0.6574971675872803,0.6278573870658875,0.5795743465423584,0.6312153935432434,0.25798943638801575,0.22537468373775482,0.009321630001068115,0.004231131635606289,0.17867107780612246,0.06678491709183673,0.9577414989471436
external,mango die back,external dataset/MLD24/Die_Back/Image001(275).jpg,240,240,1.0,0.6539503335952759,0.6290115714073181,0.5843265056610107,0.631374180316925,0.27530577778816223,0.2066173553466797,0.009873151779174805,0.0037590970750898123,0.17546237244897958,0.07312260841836735,0.6953961849212646
external,mango die back,external dataset/MLD24/Die_Back/Image001(156).jpg,240,240,1.0,0.6325057744979858,0.5866432785987854,0.5259369611740112,0.5934356451034546,0.2726131081581116,0.28429079055786133,0.007421910762786865,0.00805443525314331,0.16296635841836735,0.03844467474489796,0.8103553652763367
external,mango die back,external dataset/MLD24/Die_Back/Image001(183).jpg,240,240,1.0,0.6676603555679321,0.6387664675712585,0.592119038105011,0.6420878767967224,0.26575446128845215,0.20533451437950134,0.0088767409324646,0.0032855351455509663,0.16294642857142858,0.04223134566326531,0.6722624897956848
external,mango die back,external dataset/MLD24/Die_Back/Image001(566).jpg,240,240,1.0,0.6438562870025635,0.5740766525268555,0.4966982305049896,0.5861195921897888,0.27884048223495483,0.3411349058151245,0.0037993788719177246,0.014138400554656982,0.14546795280612246,0.03415975765306122,0.6527891755104065
external,mango die back,external dataset/MLD24/Die_Back/Image001(287).jpg,240,240,1.0,0.6879361867904663,0.6763669848442078,0.6433852910995483,0.6760661602020264,0.16779014468193054,0.10058409720659256,0.01070624589920044,0.0017028548754751682,0.06716358418367346,0.03708944515306122,0.9153689742088318
external,mango die back,external dataset/MLD24/Die_Back/Image001(8).jpg,240,240,1.0,0.6826637387275696,0.660890519618988,0.6184170842170715,0.6625587344169617,0.20992906391620636,0.16152127087116241,0.01035010814666748,0.0038038860075175762,0.11435746173469388,0.05464764030612245,0.7646881937980652
external,mango die back,external dataset/MLD24/Die_Back/Image001(565).jpg,240,240,1.0,0.6431769728660583,0.5746033787727356,0.49532550573349,0.5860692262649536,0.27761024236679077,0.3418302834033966,0.005352139472961426,0.014528293162584305,0.140625,0.03258529974489796,0.6531730890274048
external,mango die back,external dataset/MLD24/Die_Back/Image001(567).jpg,240,240,1.0,0.6437981128692627,0.5737508535385132,0.4966389834880829,0.5859042406082153,0.27894994616508484,0.3417930603027344,0.0035322904586791992,0.012110600247979164,0.14435188137755103,0.036033163265306124,0.6520259976387024
external,mango die back,external dataset/MLD24/Die_Back/Image001(780).jpg,240,240,1.0,0.661918044090271,0.6441636085510254,0.6049805283546448,0.6450053453445435,0.22333939373493195,0.1509675234556198,0.010714292526245117,0.003319176845252514,0.1312579719387755,0.07561383928571429,0.7483164072036743
external,mango die back,external dataset/MLD24/Die_Back/Image001(576).jpg,240,240,1.0,0.6527714133262634,0.5956383347511292,0.5283136963844299,0.6050460934638977,0.2756054401397705,0.30075451731681824,0.005095779895782471,0.010581065900623798,0.1474609375,0.030572385204081634,0.6548705101013184
external,mango die back,external dataset/MLD24/Die_Back/Image001(223).jpg,240,240,1.0,0.6790165901184082,0.6611642837524414,0.6213047504425049,0.6619580984115601,0.21110056340694427,0.14616131782531738,0.011003613471984863,0.003341244999319315,0.11346061862244898,0.05933115433673469,0.7792129516601562
external,mango die back,external dataset/MLD24/Die_Back/Image001(66).jpg,240,240,1.0,0.6572084426879883,0.6224361062049866,0.5658226013183594,0.6263790726661682,0.2440476417541504,0.22602486610412598,0.010920584201812744,0.005389920435845852,0.0965999681122449,0.028121014030612245,0.8239792585372925
external,mango die back,external dataset/MLD24/Die_Back/Image001(229).jpg,240,240,1.0,0.6730151176452637,0.6567292213439941,0.6212458610534668,0.6575536131858826,0.2296057492494583,0.14694784581661224,0.009598731994628906,0.0035247551277279854,0.12519929846938777,0.06216119260204082,0.753572940826416
external,mango die back,external dataset/MLD24/Die_Back/Image001(204).jpg,240,240,1.0,0.6724749803543091,0.6546287536621094,0.6167290210723877,0.6556442379951477,0.22766542434692383,0.14974722266197205,0.010026752948760986,0.004392866976559162,0.12946428571428573,0.05715880102040816,0.7759602665901184
external,mango die back,external dataset/MLD24/Die_Back/Image001(75).jpg,240,240,1.0,0.6512184739112854,0.6186144948005676,0.5643380284309387,0.6221755743026733,0.2340618222951889,0.21040667593479156,0.010836243629455566,0.003966222982853651,0.09743702168367346,0.02184311224489796,0.9435765743255615
external,mango die back,external dataset/MLD24/Die_Back/Image001(366).jpg,240,240,1.0,0.5910815596580505,0.5682467818260193,0.524627149105072,0.5701017379760742,0.24347223341464996,0.20559971034526825,0.010392427444458008,0.002793857827782631,0.19256218112244897,0.11023198341836735,0.6603161692619324
external,mango die back,external dataset/MLD24/Die_Back/Image001(402).jpg,240,240,1.0,0.6598936319351196,0.6259006857872009,0.5739193558692932,0.6301387548446655,0.2562776505947113,0.23316054046154022,0.00899416208267212,0.004724848084151745,0.1708984375,0.07491629464285714,0.7659011483192444
external,mango die back,external dataset/MLD24/Die_Back/Image001(103).jpg,240,240,1.0,0.6437981128692627,0.5737508535385132,0.4966389834880829,0.5859042406082153,0.27894994616508484,0.3417930603027344,0.0035322904586791992,0.012110600247979164,0.14435188137755103,0.036033163265306124,0.6520259976387024
external,mango die back,external dataset/MLD24/Die_Back/Image001(774).jpg,240,240,1.0,0.615267276763916,0.5991354584693909,0.5611050128936768,0.5996233820915222,0.21278811991214752,0.14662563800811768,0.010949313640594482,0.002943027066066861,0.11557318239795919,0.06897720025510204,0.9125264883041382
external,mango die back,external dataset/MLD24/Die_Back/Image001(685).jpg,240,240,1.0,0.6762057542800903,0.6577298045158386,0.617321252822876,0.6586476564407349,0.21617604792118073,0.1518847644329071,0.010966300964355469,0.0036671115085482597,0.11941964285714286,0.06265943877551021,0.7596210837364197
external,mango die back,external dataset/MLD24/Die_Back/Image001(334).jpg,240,240,1.0,0.6244960427284241,0.5984799861907959,0.5519039630889893,0.6009491086006165,0.24768908321857452,0.21712832152843475,0.010280013084411621,0.0031688935123384,0.2029655612244898,0.10299744897959184,0.724254846572876
external,mango die back,external dataset/MLD24/Die_Back/Image001(288).jpg,240,240,1.0,0.6921599507331848,0.6850477457046509,0.656688928604126,0.6839413642883301,0.09653104096651077,0.05787775292992592,0.010623335838317871,0.0011633973335847259,0.01034359056122449,0.0020527742346938774,0.8133664727210999
external,mango die back,external dataset/MLD24/Die_Back/Image001(396).jpg,240,240,1.0,0.6797826290130615,0.655681312084198,0.6113945841789246,0.6578389406204224,0.21737951040267944,0.17477962374687195,0.010092675685882568,0.0034623846877366304,0.12470105229591837,0.05877311862244898,0.7468302249908447
external,mango die back,external dataset/MLD24/Die_Back/Image001(419).jpg,240,240,1.0,0.6501758694648743,0.6189096570014954,0.569445788860321,0.6226193904876709,0.26383745670318604,0.2367338389158249,0.009098827838897705,0.004813168663531542,0.19485411352040816,0.06788105867346939,0.7973930239677429
external,mango die back,external dataset/MLD24/Die_Back/Image001(787).jpg,240,240,1.0,0.6022196412086487,0.5825645923614502,0.5372629165649414,0.5832770466804504,0.23989573121070862,0.20939579606056213,0.012823343276977539,0.001960987923666835,0.1949139030612245,0.11760602678571429,0.8377862572669983
external,mango die back,external dataset/MLD24/Die_Back/Image001(81).jpg,240,240,1.0,0.6779161691665649,0.6497948169708252,0.6039509773254395,0.652976930141449,0.2355600893497467,0.19228409230709076,0.008861243724822998,0.004334612749516964,0.13707748724489796,0.040935905612244895,0.7073779106140137
external,mango die back,external dataset/MLD24/Die_Back/Image001(382).jpg,240,240,1.0,0.6651473045349121,0.6443122625350952,0.6049348711967468,0.646052896976471,0.22839957475662231,0.15277476608753204,0.00927114486694336,0.0033889974001795053,0.1061264349489796,0.052076690051020405,0.7402357459068298
external,mango die back,external dataset/MLD24/Die_Back/Image001(255).jpg,240,240,1.0,0.663895845413208,0.6457927823066711,0.6067187190055847,0.6467511653900146,0.23317976295948029,0.15009622275829315,0.010485470294952393,0.002508180681616068,0.12021683673469388,0.055165816326530615,0.970752477645874
external,mango die back,external dataset/MLD24/Die_Back/Image001(426).jpg,240,240,1.0,0.6437896490097046,0.6086257100105286,0.5506805777549744,0.6125339865684509,0.26523900032043457,0.25852686166763306,0.011390626430511475,0.004726506769657135,0.19587053571428573,0.061842315051020405,0.7795377969741821
external,mango die back,external dataset/MLD24/Die_Back/Image001(495).jpg,240,240,1.0,0.6471285820007324,0.6162869334220886,0.5667027235031128,0.6198559999465942,0.26311755180358887,0.23792947828769684,0.009371280670166016,0.004171489737927914,0.19696667729591838,0.07005341198979592,0.8090013861656189
external,mango die back,external dataset/MLD24/Die_Back/Image001(682).jpg,240,240,1.0,0.6601716876029968,0.6393477916717529,0.5975557565689087,0.6408098340034485,0.23237325251102448,0.16580542922019958,0.010484099388122559,0.0037111483979970217,0.13520408163265307,0.043845663265306124,0.9393423199653625
external,mango gall midge,external dataset/MLD24/Gall_Midge/Image00686.jpg,240,240,1.0,0.6052384376525879,0.6127285361289978,0.552832305431366,0.6036608219146729,0.22952868044376373,0.2085992693901062,0.033693134784698486,0.004459131509065628,0.1350047831632653,0.02409518494897959,0.7805063724517822
external,mango gall midge,external dataset/MLD24/Gall_Midge/Image00624.jpg,240,240,1.0,0.5946668386459351,0.6045227646827698,0.537558913230896,0.5939419865608215,0.247624933719635,0.2437511682510376,0.03840988874435425,0.006698268931359053,0.18461017219387754,0.027323820153061226,0.9116196036338806
external,mango gall midge,external dataset/MLD24/Gall_Midge/Image00003.jpg,240,240,1.0,0.6375657916069031,0.6531772017478943,0.5671834945678711,0.6387060880661011,0.257502943277359,0.2606555223464966,0.050802528858184814,0.0022633166518062353,0.13737643494897958,0.016143176020408163,0.7162293791770935
external,mango gall midge,external dataset/MLD24/Gall_Midge/Image00035(74).jpg,240,240,1.0,0.6083491444587708,0.6288653612136841,0.5351335406303406,0.6120455861091614,0.26479536294937134,0.2793468236923218,0.05712401866912842,0.0021345464047044516,0.1387515943877551,0.010861766581632654,0.7037400603294373
external,mango gall midge,external dataset/MLD24/Gall_Midge/Image00599.jpg,240,240,1.0,0.41853150725364685,0.4754425287246704,0.2811340391635895,0.4362749755382538,0.21071529388427734,0.5050274133682251,0.12560975551605225,0.009644919075071812,0.13195551658163265,0.005660076530612245,0.8758408427238464
external,mango gall midge,external dataset/MLD24/Gall_Midge/Image00547.jpg,240,240,1.0,0.5511141419410706,0.5684821605682373,0.506022036075592,0.5561686754226685,0.28989177942276,0.25159814953804016,0.039914071559906006,0.005968110635876656,0.2905173788265306,0.09542410714285714,0.7997280359268188
external,mango gall midge,external dataset/MLD24/Gall_Midge/Image00128.jpg,240,240,1.0,0.6476548314094543,0.6535405516624451,0.563130259513855,0.6414739489555359,0.2065495103597641,0.23997712135314941,0.04814797639846802,0.003124489914625883,0.07200653698979592,0.0015545280612244898,0.7670701146125793
external,mango gall midge,external dataset/MLD24/Gall_Midge/Image00638.jpg,240,240,1.0,0.6042885780334473,0.6145215034484863,0.5462812185287476,0.6036824584007263,0.2524881660938263,0.2436748445034027,0.039236605167388916,0.007014070171862841,0.1883968431122449,0.020527742346938774,0.9583163857460022
external,mango gall midge,external dataset/MLD24/Gall_Midge/Image00623.jpg,240,240,1.0,0.5935187935829163,0.6039533019065857,0.5325012803077698,0.5926879048347473,0.2548629641532898,0.2574937343597412,0.040943264961242676,0.007063781376928091,0.19379783163265307,0.02712452168367347,0.8131440877914429
external,mango gall midge,external dataset/MLD24/Gall_Midge/Image00376.jpg,240,240,1.0,0.6184149980545044,0.6379351019859314,0.5183557271957397,0.6184665560722351,0.24714289605617523,0.3215963542461395,0.06954973936080933,0.003437840612605214,0.10241948341836735,0.003547512755102041,0.8061357140541077
external,mango gall midge,external dataset/MLD24/Gall_Midge/Image00053.jpg,240,240,1.0,0.6063629388809204,0.6290781497955322,0.5320134162902832,0.6112208962440491,0.28289294242858887,0.3063265085220337,0.05988997220993042,0.0008504209108650684,0.17717633928571427,0.01829559948979592,0.6647549271583557
external,mango gall midge,external dataset/MLD24/Gall_Midge/Image00333.jpg,240,240,1.0,0.6551221609115601,0.6641905903816223,0.5460698008537292,0.6480133533477783,0.23028850555419922,0.27721479535102844,0.06359463930130005,0.002629365073516965,0.029157366071428572,0.007095025510204082,0.6891338229179382
external,mango gall midge,external dataset/MLD24/Gall_Midge/Image00607.jpg,240,240,1.0,0.6280952095985413,0.6379952430725098,0.5802243947982788,0.6284492611885071,0.23858852684497833,0.20345865190029144,0.033835411071777344,0.005538831930607557,0.15064971301020408,0.016561702806122448,0.7099135518074036
external,mango gall midge,external dataset/MLD24/Gall_Midge/Image00125.jpg,240,240,1.0,0.6523281931877136,0.6590484380722046,0.5588908195495605,0.6456210613250732,0.21978141367435455,0.26325228810310364,0.05343890190124512,0.0029666577465832233,0.05687978316326531,0.0016541772959183674,0.7800664305686951
external,mango gall midge,external dataset/MLD24/Gall_Midge/Image00509.jpg,240,240,1.0,0.6310804486274719,0.6499890089035034,0.555822491645813,0.6336002945899963,0.22783441841602325,0.23349805176258087,0.056537508964538574,0.0024275865871459246,0.031010841836734693,0.006198182397959184,0.7048013210296631
external,mango gall midge,external dataset/MLD24/Gall_Midge/Image00318.jpg,240,240,1.0,0.6149325966835022,0.6359463930130005,0.5184521079063416,0.6162689328193665,0.24722930788993835,0.3040711283683777,0.06925404071807861,0.003761064261198044,0.049485809948979595,0.006377551020408163,0.7627373337745667
external,mango gall midge,external dataset/MLD24/Gall_Midge/Image00478.jpg,240,240,1.0,0.6625761985778809,0.6680725812911987,0.5922596454620361,0.65778648853302,0.2227155566215515,0.21582716703414917,0.040654659271240234,0.0013864944921806455,0.12527901785714285,0.010961415816326531,0.7457497119903564
external,mango gall midge,external dataset/MLD24/Gall_Midge/Image00409.jpg,240,240,1.0,0.6473849415779114,0.6562591791152954,0.5769986510276794,0.6445700526237488,0.2392187863588333,0.2331329584121704,0.0440673828125,0.0019258161773905158,0.1514469068877551,0.01446906887755102,0.7285860180854797
external,mango gall midge,external dataset/MLD24/Gall_Midge/Image00667.jpg,240,240,1.0,0.6137526631355286,0.6232811808586121,0.5512332320213318,0.6122186779975891,0.25601842999458313,0.2447797954082489,0.040788233280181885,0.006917480379343033,0.17006138392857142,0.015166613520408163,0.7047683000564575
external,mango gall midge,external dataset/MLD24/Gall_Midge/Image00439.jpg,240,240,1.0,0.5762373208999634,0.6099154949188232,0.4568310081958771,0.5823940634727478,0.25273093581199646,0.38465288281440735,0.09338134527206421,0.0037806271575391293,0.06246014030612245,0.0026705994897959183,0.7565790414810181
external,mango gall midge,external dataset/MLD24/Gall_Midge/Image00014.jpg,240,240,1.0,0.6434646248817444,0.6528014540672302,0.574537992477417,0.6410877108573914,0.24256867170333862,0.2321268618106842,0.043800175189971924,0.0013408863451331854,0.1434749681122449,0.015425701530612245,0.7094764113426208
external,mango gall midge,external dataset/MLD24/Gall_Midge/Image00180.jpg,240,240,1.0,0.6863453984260559,0.688508927822113,0.6230993270874023,0.6804053783416748,0.18914435803890228,0.1728893369436264,0.0337865948677063,0.0017521411646157503,0.08717315051020408,0.0034677933673469387,0.8086385726928711
external,mango gall midge,external dataset/MLD24/Gall_Midge/Image00521.jpg,240,240,1.0,0.5571123957633972,0.598915696144104,0.440875381231308,0.5683999061584473,0.2736351788043976,0.4137738347053528,0.0999218225479126,0.003947092220187187,0.07455755739795919,0.007314253826530612,0.6565398573875427
external,mango gall midge,external dataset/MLD24/Gall_Midge/Image00590.jpg,240,240,1.0,0.4730086028575897,0.5252977609634399,0.3614581227302551,0.49098557233810425,0.25838249921798706,0.44810521602630615,0.10806441307067871,0.011391117237508297,0.13129783163265307,0.005141900510204082,0.6584250330924988
external,mango gall midge,external dataset/MLD24/Gall_Midge/Image00068.jpg,240,240,1.0,0.6121612191200256,0.6309583783149719,0.5369114279747009,0.6146166920661926,0.26114383339881897,0.2884637117385864,0.05642205476760864,0.00468879658728838,0.1796077806122449,0.009845344387755101,0.7522538304328918
external,mango gall midge,external dataset/MLD24/Gall_Midge/Image00381.jpg,240,240,1.0,0.6195445656776428,0.6379523873329163,0.5319157242774963,0.6203603148460388,0.2621645927429199,0.30660319328308105,0.06222224235534668,0.004305963404476643,0.15587133290816327,0.015206473214285714,0.7327386736869812
external,mango gall midge,external dataset/MLD24/Gall_Midge/Image00404.jpg,240,240,1.0,0.6373772025108337,0.6572765707969666,0.5184026956558228,0.6354950070381165,0.22723709046840668,0.3247471749782562,0.0793866515159607,0.0017942128470167518,0.0007772640306122449,3.985969387755102e-05,0.7336776852607727
external,mango gall midge,external dataset/MLD24/Gall_Midge/Image00569.jpg,240,240,1.0,0.5726706981658936,0.6035231947898865,0.5179572105407715,0.584543764591217,0.2709469497203827,0.27693378925323486,0.058209240436553955,0.005492637865245342,0.1874402104591837,0.00607860331632653,0.7041640281677246
external,mango gall midge,external dataset/MLD24/Gall_Midge/Image00150.jpg,240,240,1.0,0.6195010542869568,0.6440663933753967,0.540736734867096,0.6249417662620544,0.2626160681247711,0.3068545162677765,0.06394749879837036,0.003171193413436413,0.16852678571428573,0.00817123724489796,0.7414413690567017
external,mango gall midge,external dataset/MLD24/Gall_Midge/Image00126.jpg,240,240,1.0,0.6401928663253784,0.6498983502388,0.5379483699798584,0.6342340707778931,0.2227223664522171,0.2888648808002472,0.06082773208618164,0.0028962953947484493,0.050681600765306124,0.0007772640306122449,0.7609500288963318
external,mango gall midge,external dataset/MLD24/Gall_Midge/Image00533.jpg,240,240,1.0,0.5184923410415649,0.5411791801452637,0.39913761615753174,0.5182031393051147,0.2235264629125595,0.35893362760543823,0.08236420154571533,0.007941718213260174,0.03579400510204082,0.0014150191326530613,0.7548193335533142
external,mango gall midge,external dataset/MLD24/Gall_Midge/Image00035(55).jpg,240,240,1.0,0.606788158416748,0.6335980296134949,0.5213753581047058,0.6127885580062866,0.26411083340644836,0.29770931601524353,0.06951624155044556,0.003658081404864788,0.07093032525510204,0.012715242346938776,0.6706229448318481
external,mango gall midge,external dataset/MLD24/Gall_Midge/Image00356.jpg,240,240,1.0,0.6474904417991638,0.6513175964355469,0.5483003854751587,0.6384293437004089,0.2259262204170227,0.2741178870201111,0.05342221260070801,0.0046063982881605625,0.06435347576530612,0.013392857142857142,0.703144371509552
external,mango gall midge,external dataset/MLD24/Gall_Midge/Image00372.jpg,240,240,1.0,0.6481054425239563,0.6586266160011292,0.5703371167182922,0.6454157829284668,0.221723273396492,0.24228066205978394,0.04940533638000488,0.0029818182811141014,0.09376992984693877,0.009028220663265306,0.7475345730781555
external,mango gall midge,external dataset/MLD24/Gall_Midge/Image00527.jpg,240,240,1.0,0.5966266393661499,0.6281377673149109,0.4963003695011139,0.6036864519119263,0.2679993212223053,0.34241756796836853,0.08167427778244019,0.003880562726408243,0.057916135204081634,0.00972576530612245,0.6655910015106201
external,mango gall midge,external dataset/MLD24/Gall_Midge/Image00035(52).jpg,240,240,1.0,0.6323269605636597,0.6465544700622559,0.5683231949806213,0.6333820819854736,0.2507503032684326,0.24216139316558838,0.04622936248779297,0.002909650094807148,0.17265226403061223,0.013671875,0.7517688870429993
external,mango gall midge,external dataset/MLD24/Gall_Midge/Image00020.jpg,240,240,1.0,0.662992537021637,0.671162486076355,0.5978190898895264,0.6603584885597229,0.2302749752998352,0.21074245870113373,0.0407567024230957,0.0014043041737750173,0.13097895408163265,0.0146484375,0.7496635913848877
external,mango gall midge,external dataset/MLD24/Gall_Midge/Image00618.jpg,240,240,1.0,0.5916225910186768,0.6026021838188171,0.527496337890625,0.5907571911811829,0.25743740797042847,0.26928970217704773,0.04304271936416626,0.005229684058576822,0.19917889030612246,0.018415178571428572,0.6969230771064758
external,mango gall midge,external dataset/MLD24/Gall_Midge/Image00035(27).jpg,240,240,1.0,0.5947697162628174,0.6216433644294739,0.5033496022224426,0.6001226305961609,0.274147093296051,0.3415907323360443,0.07258373498916626,0.005677403882145882,0.1493542729591837,0.006158322704081632,0.6786676049232483
external,mango gall midge,external dataset/MLD24/Gall_Midge/Image00035(68).jpg,240,240,1.0,0.6268918514251709,0.6437239646911621,0.5558879375457764,0.6286779046058655,0.25683656334877014,0.25435054302215576,0.05233407020568848,0.002752193482592702,0.11073022959183673,0.012834821428571428,0.6962940096855164
external,mango gall midge,external dataset/MLD24/Gall_Midge/Image00294.jpg,240,240,1.0,0.649478554725647,0.6599337458610535,0.5741289854049683,0.6470258831977844,0.22139900922775269,0.2367294728755951,0.04812997579574585,0.0028923917561769485,0.1083984375,0.007912149234693877,0.7600017786026001
external,mango gall midge,external dataset/MLD24/Gall_Midge/Image00485.jpg,240,240,1.0,0.6473237872123718,0.6541637778282166,0.5716946125030518,0.6427170634269714,0.2481999397277832,0.24010977149009705,0.04465454816818237,0.0026224988978356123,0.16101323341836735,0.014867665816326531,0.7877132892608643
external,mango gall midge,external dataset/MLD24/Gall_Midge/Image00024.jpg,240,240,1.0,0.674286425113678,0.6766724586486816,0.5992825627326965,0.6671366095542908,0.19510489702224731,0.19696307182312012,0.039887964725494385,0.0010568288853392005,0.006536989795918368,0.00023915816326530612,0.7846930027008057
external,mango gall midge,external dataset/MLD24/Gall_Midge/Image00035(46).jpg,240,240,1.0,0.6268931031227112,0.6446685791015625,0.5479702353477478,0.6283301115036011,0.25011110305786133,0.2727145850658417,0.05723690986633301,0.003047764068469405,0.11104910714285714,0.008051658163265306,0.7163756489753723
external,mango gall midge,external dataset/MLD24/Gall_Midge/Image00009.jpg,240,240,1.0,0.6259130239486694,0.6432144641876221,0.5533814430236816,0.6278004050254822,0.26534366607666016,0.279074490070343,0.05356723070144653,0.0019672417547553778,0.16856664540816327,0.015345982142857142,0.6953186392784119
external,mango gall midge,external dataset/MLD24/Gall_Midge/Image00271.jpg,240,240,1.0,0.6880425214767456,0.6919994950294495,0.5971677899360657,0.6800055503845215,0.2180061787366867,0.2375108003616333,0.049394309520721436,0.0007246300810948014,0.04065688775510204,0.004723373724489796,0.8221604228019714
external,mango gall midge,external dataset/MLD24/Gall_Midge/Image00035(23).jpg,240,240,1.0,0.5981189012527466,0.6191878914833069,0.5181210041046143,0.6013666391372681,0.26478180289268494,0.3083050847053528,0.061067938804626465,0.004266997799277306,0.18110251913265307,0.009247448979591837,0.7215681672096252
external,mango gall midge,external dataset/MLD24/Gall_Midge/Image00231.jpg,240,240,1.0,0.604992151260376,0.6215396523475647,0.5334269404411316,0.6065471172332764,0.27043265104293823,0.24761632084846497,0.052330076694488525,0.006665742956101894,0.1295440051020408,0.0008370535714285714,0.6696707606315613
external,mango gall midge,external dataset/MLD24/Gall_Midge/Image00035(11).jpg,240,240,1.0,0.6431523561477661,0.6512032151222229,0.5773732662200928,0.6403793692588806,0.24123230576515198,0.22993531823158264,0.04094040393829346,0.0019301733700558543,0.16912468112244897,0.015365911989795918,0.7780309319496155
external,mango gall midge,external dataset/MLD24/Gall_Midge/Image00172.jpg,240,240,1.0,0.6198135018348694,0.6475214958190918,0.5344632863998413,0.6263481974601746,0.2702906131744385,0.31954193115234375,0.07038307189941406,0.002439540345221758,0.12079480229591837,0.011639030612244899,0.7023556232452393
external,mango gall midge,external dataset/MLD24/Gall_Midge/Image00035(7).jpg,240,240,1.0,0.6490688920021057,0.6533223390579224,0.5789247155189514,0.6435692310333252,0.23419630527496338,0.22400933504104614,0.0393255352973938,0.001305981888435781,0.15262276785714285,0.020647321428571428,0.7635753154754639
external,mango gall midge,external dataset/MLD24/Gall_Midge/Image00196.jpg,240,240,1.0,0.563233494758606,0.5953713655471802,0.4699709415435791,0.5714665055274963,0.2300187200307846,0.2779887914657593,0.07876914739608765,0.014994827099144459,0.04823022959183673,0.0029296875,0.668584942817688
external,mango gall midge,external dataset/MLD24/Gall_Midge/Image00697.jpg,240,240,1.0,0.6243597269058228,0.6345917582511902,0.5769446492195129,0.6249605417251587,0.25411832332611084,0.21681754291057587,0.03393954038619995,0.006953415460884571,0.19413663903061223,0.047373246173469385,0.739711582660675
external,mango gall midge,external dataset/MLD24/Gall_Midge/Image00553.jpg,240,240,1.0,0.49816301465034485,0.5226952433586121,0.4384452700614929,0.5057556629180908,0.2830711007118225,0.3008951246738434,0.05439108610153198,0.005409728270024061,0.2824856505102041,0.04179288903061224,0.8255370259284973
external,mango gall midge,external dataset/MLD24/Gall_Midge/Image00321.jpg,240,240,1.0,0.6747081279754639,0.6769967079162598,0.594245970249176,0.6668788194656372,0.1965114027261734,0.20115230977535248,0.04251968860626221,0.002119082026183605,0.02311862244897959,0.005042251275510204,0.7820874452590942
external,mango gall midge,external dataset/MLD24/Gall_Midge/Image00224.jpg,240,240,1.0,0.5135018229484558,0.5605335831642151,0.4051259756088257,0.5287546515464783,0.23706969618797302,0.3756641745567322,0.10121968388557434,0.008821518160402775,0.0421516262755102,0.0011160714285714285,0.8467692732810974
external,mango gall midge,external dataset/MLD24/Gall_Midge/Image00027.jpg,240,240,1.0,0.6823276877403259,0.6866563558578491,0.6133907437324524,0.6770097613334656,0.19274918735027313,0.1855902373790741,0.03879714012145996,0.0016805239720270038,0.015345982142857142,0.00011957908163265306,0.7962996363639832
external,mango gall midge,external dataset/MLD24/Gall_Midge/Image00380.jpg,240,240,1.0,0.6184451580047607,0.6388369798660278,0.5298113226890564,0.62031090259552,0.26323026418685913,0.3103889226913452,0.06470870971679688,0.0038537823129445314,0.15017139668367346,0.012954400510204082,0.6991471648216248
external,mango gall midge,external dataset/MLD24/Gall_Midge/Image00675.jpg,240,240,1.0,0.6169604659080505,0.6234877705574036,0.5661036968231201,0.6149943470954895,0.24764418601989746,0.21201881766319275,0.03195565938949585,0.004565121605992317,0.15638950892857142,0.03599330357142857,0.7717588543891907
external,mango gall midge,external dataset/MLD24/Gall_Midge/Image00662.jpg,240,240,1.0,0.6191192269325256,0.6284626722335815,0.5516694784164429,0.6169145703315735,0.25087568163871765,0.24958668649196625,0.0430682897567749,0.006979775615036488,0.1590999681122449,0.010263871173469387,0.6843640208244324
external,mango gall midge,external dataset/MLD24/Gall_Midge/Image00191.jpg,240,240,1.0,0.5064568519592285,0.5567006468772888,0.3895684778690338,0.5226247310638428,0.23746907711029053,0.39869776368141174,0.10868799686431885,0.01041560247540474,0.057118941326530615,9.964923469387755e-05,0.6783494353294373
external,mango gall midge,external dataset/MLD24/Gall_Midge/Image00035(20).jpg,240,240,1.0,0.6286684274673462,0.6470153331756592,0.561316967010498,0.6317600607872009,0.2717655897140503,0.2684999108314514,0.05202263593673706,0.001315253204666078,0.15182557397959184,0.016741071428571428,0.6749703884124756
external,mango gall midge,external dataset/MLD24/Gall_Midge/Image00314.jpg,240,240,1.0,0.6352037191390991,0.6526362895965576,0.5530716180801392,0.6360735893249512,0.2314416468143463,0.2534339725971222,0.05849862098693848,0.0025430661626160145,0.02907764668367347,0.005739795918367347,0.7456892132759094
external,mango gall midge,external dataset/MLD24/Gall_Midge/Image00575.jpg,240,240,1.0,0.5226649641990662,0.5615490674972534,0.43866586685180664,0.5359140038490295,0.26117560267448425,0.3462859094142914,0.08088365197181702,0.009248359128832817,0.16906489158163265,0.0026307397959183672,0.6851140856742859
external,mango gall midge,external dataset/MLD24/Gall_Midge/Image00035(72).jpg,240,240,1.0,0.6146032810211182,0.6351696848869324,0.5409331321716309,0.6182773113250732,0.26729917526245117,0.27661213278770447,0.05740147829055786,0.0029181905556470156,0.12456154336734694,0.013771524234693877,0.7178694009780884
external,mango gall midge,external dataset/MLD24/Gall_Midge/Image00499.jpg,240,240,1.0,0.6338061094284058,0.6439493298530579,0.5198816061019897,0.6267727613449097,0.24372175335884094,0.316617876291275,0.06710547208786011,0.0038446891121566296,0.050302933673469385,0.007393973214285714,0.6868466138839722
external,mango gall midge,external dataset/MLD24/Gall_Midge/Image00631.jpg,240,240,1.0,0.6045364737510681,0.6134710907936096,0.5531355738639832,0.6039214134216309,0.23429954051971436,0.21843451261520386,0.034635066986083984,0.0055221193470060825,0.1748844068877551,0.02393574617346939,0.967636227607727
external,mango gall midge,external dataset/MLD24/Gall_Midge/Image00712.jpg,240,240,1.0,0.5909581780433655,0.6021969318389893,0.5416145920753479,0.5919301509857178,0.2529579699039459,0.23579846322536469,0.03591054677963257,0.005560921039432287,0.21751434948979592,0.05743781887755102,0.9572040438652039
external,mango gall midge,external dataset/MLD24/Gall_Midge/Image00692.jpg,240,240,1.0,0.6127443313598633,0.6234850287437439,0.5619301199913025,0.6132562756538391,0.2570578455924988,0.23165906965732574,0.03614777326583862,0.0067411684431135654,0.201171875,0.04960538903061224,0.6911085844039917
external,mango gall midge,external dataset/MLD24/Gall_Midge/Image00506.jpg,240,240,1.0,0.5871043801307678,0.6187828779220581,0.477085143327713,0.5931574702262878,0.23377768695354462,0.3331250846385956,0.0866881012916565,0.003909281920641661,0.028479751275510203,0.00821109693877551,0.6958966255187988
external,mango gall midge,external dataset/MLD24/Gall_Midge/Image00280.jpg,240,240,1.0,0.6659971475601196,0.668952465057373,0.6090491414070129,0.6612399220466614,0.2124798446893692,0.1700550764799118,0.031429290771484375,0.0022386577911674976,0.10660475127551021,0.05209661989795918,0.7835912108421326
external,mango gall midge,external dataset/MLD24/Gall_Midge/Image00148.jpg,240,240,1.0,0.594628632068634,0.6284177899360657,0.5051330327987671,0.6042603254318237,0.2772076427936554,0.35729318857192993,0.07853692770004272,0.0034676282666623592,0.16456074617346939,0.009546396683673469,0.6886537671089172
external,mango gall midge,external dataset/MLD24/Gall_Midge/Image00205.jpg,240,240,1.0,0.5908342003822327,0.6125146746635437,0.5218705534934998,0.5956988334655762,0.26118794083595276,0.24541491270065308,0.05616229772567749,0.008882052265107632,0.0926937181122449,0.0014150191326530613,0.6740148067474365
external,mango gall midge,external dataset/MLD24/Gall_Midge/Image00325.jpg,240,240,1.0,0.6654846668243408,0.6670483946800232,0.5673403143882751,0.6552141308784485,0.21296192705631256,0.2502419352531433,0.05063587427139282,0.003643351374194026,0.04049744897959184,0.007952008928571428,0.8280735015869141
external,mango gall midge,external dataset/MLD24/Gall_Midge/Image00650.jpg,240,240,1.0,0.6210780143737793,0.6302741169929504,0.564480721950531,0.6200240254402161,0.2523697018623352,0.2318698763847351,0.0374947190284729,0.006859502289444208,0.17045998086734693,0.023955676020408163,0.7016899585723877
external,mango gall midge,external dataset/MLD24/Gall_Midge/Image00561.jpg,240,240,1.0,0.5286923050880432,0.5443975329399109,0.4870104193687439,0.5331595540046692,0.26224130392074585,0.22030332684516907,0.036546170711517334,0.005078371148556471,0.2135283801020408,0.053232621173469385,0.903282642364502
external,mango gall midge,external dataset/MLD24/Gall_Midge/Image00377.jpg,240,240,1.0,0.6307879686355591,0.6471470594406128,0.535093367099762,0.6294816136360168,0.24579806625843048,0.302535742521286,0.06420636177062988,0.0029093115590512753,0.10020727040816327,0.00448421556122449,0.791106104850769
external,mango gall midge,external dataset/MLD24/Gall_Midge/Image00035(6).jpg,240,240,1.0,0.6408587098121643,0.6461883187294006,0.5705329179763794,0.6359700560569763,0.2364487200975418,0.23004165291786194,0.040492475032806396,0.0013917991891503334,0.15304129464285715,0.02138472576530612,0.7464438676834106
external,mango gall midge,external dataset/MLD24/Gall_Midge/Image00035(64).jpg,240,240,1.0,0.6150126457214355,0.6372023820877075,0.5463839173316956,0.6202143430709839,0.27287834882736206,0.2787405252456665,0.056504130363464355,0.004081888124346733,0.15525350765306123,0.013113839285714286,0.7003811597824097
external,mango gall midge,external dataset/MLD24/Gall_Midge/Image00035(2).jpg,240,240,1.0,0.6445217728614807,0.6537154912948608,0.5719190835952759,0.6416417360305786,0.24536924064159393,0.24445444345474243,0.045495033264160156,0.002103842329233885,0.15848214285714285,0.017139668367346938,0.8722648024559021
external,mango gall midge,external dataset/MLD24/Gall_Midge/Image00719.jpg,240,240,1.0,0.5962188243865967,0.6079928874969482,0.5404664874076843,0.5967744588851929,0.2643929123878479,0.24854443967342377,0.03965020179748535,0.0064625865779817104,0.21103714923469388,0.03948102678571429,0.7777739763259888
external,mango gall midge,external dataset/MLD24/Gall_Midge/Image00200.jpg,240,240,1.0,0.49568596482276917,0.5621729493141174,0.33560362458229065,0.5164644122123718,0.20560896396636963,0.48117831349372864,0.14652815461158752,0.019053861498832703,0.015246332908163265,0.0001992984693877551,0.6858081817626953
external,mango gall midge,external dataset/MLD24/Gall_Midge/Image00092.jpg,240,240,1.0,0.6003410816192627,0.6284147500991821,0.5135419368743896,0.6069251894950867,0.26841819286346436,0.30882591009140015,0.07147324085235596,0.0036320092622190714,0.06931600765306123,0.012775031887755101,0.6627187728881836
external,mango gall midge,external dataset/MLD24/Gall_Midge/Image00448.jpg,240,240,1.0,0.5627578496932983,0.603043258190155,0.4391029179096222,0.5723087787628174,0.24719195067882538,0.3982616364955902,0.10211288928985596,0.005612787790596485,0.033701371173469385,0.006477200255102041,0.7180858850479126
external,mango gall midge,external dataset/MLD24/Gall_Midge/Image00717.jpg,240,240,1.0,0.5942357182502747,0.6055968999862671,0.5361469984054565,0.5942826271057129,0.2680152952671051,0.2565666139125824,0.0404055118560791,0.0050984774716198444,0.21878985969387754,0.03300382653061224,0.7756601572036743
external,mango gall midge,external dataset/MLD24/Gall_Midge/Image00334.jpg,240,240,1.0,0.6611826419830322,0.6696378588676453,0.5577880144119263,0.6543588638305664,0.2276201695203781,0.2638590931892395,0.060152530670166016,0.0017670358065515757,0.0282405931122449,0.007254464285714286,0.699518620967865
external,mango gall midge,external dataset/MLD24/Gall_Midge/Image00026.jpg,240,240,1.0,0.6743805408477783,0.6798345446586609,0.6051798462867737,0.6696932315826416,0.19416585564613342,0.18818886578083038,0.040054380893707275,0.0015753154875710607,0.010483099489795918,3.985969387755102e-05,0.7851751446723938
external,mango gall midge,external dataset/MLD24/Gall_Midge/Image00673.jpg,240,240,1.0,0.6305688619613647,0.6371898055076599,0.5793362259864807,0.6286148428916931,0.24600620567798615,0.20520231127738953,0.032237231731414795,0.005633239168673754,0.14766023596938777,0.028459821428571428,0.7679523825645447
external,mango gall midge,external dataset/MLD24/Gall_Midge/Image00035(41).jpg,240,240,1.0,0.6378397345542908,0.6519109606742859,0.5689709186553955,0.6382484436035156,0.24203000962734222,0.23852698504924774,0.04850560426712036,0.0030073411762714386,0.11254384566326531,0.010503029336734694,0.7235339283943176
external,mango gall midge,external dataset/MLD24/Gall_Midge/Image00477.jpg,240,240,1.0,0.668506383895874,0.6732320785522461,0.6006918549537659,0.663549542427063,0.21423830091953278,0.20144125819206238,0.038632988929748535,0.0019545555114746094,0.10869738520408163,0.010004783163265306,0.775740385055542
external,mango gall midge,external dataset/MLD24/Gall_Midge/Image00035(3).jpg,240,240,1.0,0.6565561294555664,0.6631538271903992,0.5902324914932251,0.6528680920600891,0.23469281196594238,0.21991106867790222,0.03975951671600342,0.0015945493942126632,0.15391820790816327,0.016800860969387755,0.9308702349662781
external,mango gall midge,external dataset/MLD24/Gall_Midge/Image00089.jpg,240,240,1.0,0.6269314885139465,0.6419398188591003,0.5596909523010254,0.6280760169029236,0.25093868374824524,0.25197750329971313,0.04862862825393677,0.0029185661114752293,0.17621970663265307,0.013592155612244899,0.7636566162109375
external,mango gall midge,external dataset/MLD24/Gall_Midge/Image00069.jpg,240,240,1.0,0.6192218065261841,0.6373226642608643,0.5435270667076111,0.6212177872657776,0.2644028067588806,0.28758692741394043,0.05594825744628906,0.004005006048828363,0.18038504464285715,0.0107421875,0.7508407235145569
external,mango gall midge,external dataset/MLD24/Gall_Midge/Image00254.jpg,240,240,1.0,0.6244575381278992,0.6349503397941589,0.5416295528411865,0.6211744546890259,0.265571653842926,0.2735891342163086,0.0519067645072937,0.003956122323870659,0.11730707908163265,0.021823182397959183,0.6909564137458801
external,mango gall midge,external dataset/MLD24/Gall_Midge/Image00154.jpg,240,240,1.0,0.6082022190093994,0.6281118392944336,0.523515522480011,0.6102349162101746,0.2657356560230255,0.32684779167175293,0.06225299835205078,0.0019643502309918404,0.19252232142857142,0.010224011479591837,0.7454496026039124
external,mango gall midge,external dataset/MLD24/Gall_Midge/Image00080.jpg,240,240,1.0,0.6248785853385925,0.6414836049079895,0.5521231293678284,0.626331627368927,0.247959166765213,0.2624242305755615,0.05298274755477905,0.0029968786984682083,0.13133769132653061,0.009964923469387755,0.7161503434181213
external,mango gall midge,external dataset/MLD24/Gall_Midge/Image00039.jpg,240,240,1.0,0.6606204509735107,0.6643829941749573,0.5973685383796692,0.6556183695793152,0.22066298127174377,0.19197514653205872,0.0353885293006897,0.0016148536233231425,0.11194595025510204,0.01975047831632653,0.7805407643318176
external,mango gall midge,external dataset/MLD24/Gall_Midge/Image00658.jpg,240,240,1.0,0.616539478302002,0.6233429312705994,0.5599168539047241,0.614078164100647,0.24072334170341492,0.22183290123939514,0.03511476516723633,0.005113557446748018,0.15409757653061223,0.025908801020408163,0.6932582259178162
external,mango gall midge,external dataset/MLD24/Gall_Midge/Image00571.jpg,240,240,1.0,0.5233457684516907,0.5663318037986755,0.4406960904598236,0.5391564965248108,0.25946322083473206,0.34580114483833313,0.08431088924407959,0.007201215717941523,0.13743622448979592,0.0006576849489795918,0.6701505184173584
external,mango gall midge,external dataset/MLD24/Gall_Midge/Image00029.jpg,240,240,1.0,0.663184642791748,0.6678856015205383,0.5784790515899658,0.656287670135498,0.20619624853134155,0.22987054288387299,0.047053754329681396,0.0018183848587796092,0.05747767857142857,0.0008769132653061224,0.7699792385101318
external,mango gall midge,external dataset/MLD24/Gall_Midge/Image00720.jpg,240,240,1.0,0.5998750925064087,0.6100455522537231,0.5462076663970947,0.5997270345687866,0.2637113630771637,0.24247193336486816,0.037004172801971436,0.005297651514410973,0.21161511479591838,0.04095583545918367,0.7715064883232117
external,mango gall midge,external dataset/MLD24/Gall_Midge/Image00108.jpg,240,240,1.0,0.6022034287452698,0.6258761286735535,0.5244666337966919,0.6072372794151306,0.26859453320503235,0.2943746745586395,0.06254106760025024,0.0031870498787611723,0.12824856505102042,0.013731664540816327,0.6902577877044678
external,mango gall midge,external dataset/MLD24/Gall_Midge/Image00628.jpg,240,240,1.0,0.6025879979133606,0.6116043925285339,0.5487667918205261,0.6017450094223022,0.2394917756319046,0.22794443368911743,0.035926997661590576,0.005490440875291824,0.17693718112244897,0.029237085459183673,0.9687727689743042
external,mango gall midge,external dataset/MLD24/Gall_Midge/Image00178.jpg,240,240,1.0,0.6669823527336121,0.6739913821220398,0.5969559550285339,0.6631136536598206,0.22056493163108826,0.21188302338123322,0.0420222282409668,0.0009301335667259991,0.0956234056122449,0.009088010204081632,0.7272002696990967
external,mango gall midge,external dataset/MLD24/Gall_Midge/Image00211.jpg,240,240,1.0,0.5643320083618164,0.5946820974349976,0.47742459177970886,0.5722400546073914,0.2688330113887787,0.3279453217983246,0.07380378246307373,0.005341228097677231,0.14789939413265307,0.0008569834183673469,0.7928467392921448
external,mango gall midge,external dataset/MLD24/Gall_Midge/Image00219.jpg,240,240,1.0,0.5857626795768738,0.6098712086677551,0.5191041231155396,0.5923153758049011,0.2517387270927429,0.2276664823293686,0.05743783712387085,0.009038906544446945,0.06383529974489796,0.0013751594387755102,0.6741824150085449
external,mango gall midge,external dataset/MLD24/Gall_Midge/Image00346.jpg,240,240,1.0,0.670499861240387,0.6749155521392822,0.5761094093322754,0.6623313426971436,0.21193045377731323,0.24140483140945435,0.05161094665527344,0.003058307571336627,0.021464445153061226,0.006796077806122449,0.7501730918884277
external,mango gall midge,external dataset/MLD24/Gall_Midge/Image00713.jpg,240,240,1.0,0.5947903990745544,0.6051552295684814,0.5447742938995361,0.5951728224754333,0.25084009766578674,0.2311425507068634,0.03537285327911377,0.005207154434174299,0.21063855229591838,0.05155851403061224,0.965095579624176
external,mango gall midge,external dataset/MLD24/Gall_Midge/Image00687.jpg,240,240,1.0,0.6336511969566345,0.6408159136772156,0.5838208198547363,0.6321762204170227,0.22716905176639557,0.18982768058776855,0.032079875469207764,0.003213075688108802,0.11537388392857142,0.0186344068877551,0.7822031378746033
external,mango gall midge,external dataset/MLD24/Gall_Midge/Image00332.jpg,240,240,1.0,0.6515001654624939,0.661314070224762,0.5399413108825684,0.6445432305335999,0.23074397444725037,0.2838594615459442,0.06559330224990845,0.0034324207808822393,0.030074139030612245,0.005241549744897959,0.6893368363380432
external,mango gall midge,external dataset/MLD24/Gall_Midge/Image00373.jpg,240,240,1.0,0.6448608636856079,0.6561488509178162,0.5653708577156067,0.6424250602722168,0.22288700938224792,0.2488471120595932,0.051032960414886475,0.002936359029263258,0.09363042091836735,0.008330676020408163,0.7493710517883301
external,mango gall midge,external dataset/MLD24/Gall_Midge/Image00723.jpg,240,240,1.0,0.6042314767837524,0.6137731671333313,0.5524362325668335,0.6039277911186218,0.25533413887023926,0.230315700173378,0.03543931245803833,0.0060998015105724335,0.19792330994897958,0.03748804209183673,0.6781507134437561
external,mango gall midge,external dataset/MLD24/Gall_Midge/Image00013.jpg,240,240,1.0,0.6454344987869263,0.6553903818130493,0.5775038003921509,0.6435345411300659,0.24264590442180634,0.22937189042568207,0.04392123222351074,0.0016877907328307629,0.14116310586734693,0.01544563137755102,0.7092602252960205
external,mango gall midge,external dataset/MLD24/Gall_Midge/Image00139.jpg,240,240,1.0,0.520316481590271,0.5932661294937134,0.3670627772808075,0.5456669926643372,0.2356693297624588,0.48637786507606506,0.14957648515701294,0.012590763159096241,0.02841996173469388,0.002072704081632653,0.6854346394538879
external,mango gall midge,external dataset/MLD24/Gall_Midge/Image00370.jpg,240,240,1.0,0.6492933034896851,0.6560981869697571,0.5430842041969299,0.6411799192428589,0.22659367322921753,0.27686065435409546,0.0599094033241272,0.0035903137177228928,0.02702487244897959,0.006297831632653061,0.7053068280220032
external,mango gall midge,external dataset/MLD24/Gall_Midge/Image00654.jpg,240,240,1.0,0.6220417618751526,0.630330502986908,0.5641533136367798,0.620307981967926,0.2443021833896637,0.22647309303283691,0.037232935428619385,0.0072085801512002945,0.1546356823979592,0.024115114795918366,0.6952340006828308
external,mango gall midge,external dataset/MLD24/Gall_Midge/Image00143.jpg,240,240,1.0,0.5868970155715942,0.62948077917099,0.4819169044494629,0.5999259948730469,0.2718345522880554,0.3828108012676239,0.09507381916046143,0.004540567751973867,0.11625079719387756,0.010024713010204082,0.681209921836853
external,mango gall midge,external dataset/MLD24/Gall_Midge/Image00629.jpg,240,240,1.0,0.603913426399231,0.6124030351638794,0.5516141653060913,0.602934718132019,0.23686347901821136,0.22158105671405792,0.03463923931121826,0.0054007722064852715,0.17689732142857142,0.029177295918367346,0.9662554860115051
external,mango gall midge,external dataset/MLD24/Gall_Midge/Image00364.jpg,240,240,1.0,0.6494153141975403,0.654045581817627,0.5488156676292419,0.6406649351119995,0.2315567433834076,0.27630743384361267,0.05493009090423584,0.003099455963820219,0.06090561224489796,0.006477200255102041,0.7033783197402954
external,mango gall midge,external dataset/MLD24/Gall_Midge/Image00122.jpg,240,240,1.0,0.6475042104721069,0.6575518846511841,0.5481206774711609,0.6420724987983704,0.22663742303848267,0.2788908779621124,0.05973947048187256,0.0026972328778356314,0.03045280612244898,0.0017737563775510204,0.7236559987068176
external,mango gall midge,external dataset/MLD24/Gall_Midge/Image00035(36).jpg,240,240,1.0,0.6117652654647827,0.6318385004997253,0.5336109399795532,0.6146386861801147,0.26538795232772827,0.29794442653656006,0.05915039777755737,0.004460412543267012,0.17002152423469388,0.009127869897959183,0.7043936252593994
external,mango gall midge,external dataset/MLD24/Gall_Midge/Image00035(63).jpg,240,240,1.0,0.6156931519508362,0.63937908411026,0.5437827110290527,0.6213989853858948,0.27228862047195435,0.2828601598739624,0.05964118242263794,0.003917237278074026,0.13277264030612246,0.011220503826530613,0.7032859921455383
external,mango gall midge,external dataset/MLD24/Gall_Midge/Image00445.jpg,240,240,1.0,0.6107569932937622,0.6370978951454163,0.5211758613586426,0.6160067915916443,0.2436334490776062,0.2934088706970215,0.07113146781921387,0.002855053637176752,0.04241071428571429,0.0068359375,0.6799172163009644
external,mango gall midge,external dataset/MLD24/Gall_Midge/Image00135.jpg,240,240,1.0,0.6102641224861145,0.6301268339157104,0.5381035208702087,0.6136972308158875,0.2703211009502411,0.2873709797859192,0.05594301223754883,0.004423240665346384,0.17578125,0.013333067602040817,0.6934221982955933
external,mango gall midge,external dataset/MLD24/Gall_Midge/Image00704.jpg,240,240,1.0,0.6162586808204651,0.6273449659347534,0.5682812929153442,0.6172968745231628,0.2512187957763672,0.2199150025844574,0.03507494926452637,0.006626381538808346,0.19070870535714285,0.03977997448979592,0.7772793769836426
external,mango gall midge,external dataset/MLD24/Gall_Midge/Image00444.jpg,240,240,1.0,0.6227993369102478,0.6466821432113647,0.539085865020752,0.6272751688957214,0.2422487437725067,0.2741973400115967,0.06573951244354248,0.002619202481582761,0.040896045918367346,0.00643734056122449,0.6964123845100403
external,mango gall midge,external dataset/MLD24/Gall_Midge/Image00446.jpg,240,240,1.0,0.5908344984054565,0.6225019097328186,0.48897263407707214,0.5978110432624817,0.24510061740875244,0.33194562792778015,0.08259832859039307,0.002634428208693862,0.04027822066326531,0.007832429846938776,0.6731418371200562
external,mango gall midge,external dataset/MLD24/Gall_Midge/Image00683.jpg,240,240,1.0,0.5944943428039551,0.6025763750076294,0.5381925106048584,0.5928200483322144,0.23846593499183655,0.22647513449192047,0.036232948303222656,0.005244954023510218,0.15208466198979592,0.03463807397959184,0.9650384187698364
external,mango gall midge,external dataset/MLD24/Gall_Midge/Image00456.jpg,240,240,1.0,0.5768845081329346,0.6021149158477783,0.49595510959625244,0.5824688673019409,0.2697802484035492,0.29829224944114685,0.06569510698318481,0.00480387220159173,0.10957429846938775,0.0005978954081632653,0.7316937446594238
external,mango gall midge,external dataset/MLD24/Gall_Midge/Image00065.jpg,240,240,1.0,0.5884503126144409,0.6198389530181885,0.4917551577091217,0.5958521962165833,0.26681432127952576,0.35215580463409424,0.07973623275756836,0.005498225335031748,0.11356026785714286,0.004384566326530612,0.6834385395050049
external,mango gall midge,external dataset/MLD24/Gall_Midge/Image00549.jpg,240,240,1.0,0.5152775645256042,0.5368281006813049,0.46390625834465027,0.5220714211463928,0.2885943353176117,0.277710497379303,0.04723620414733887,0.004822001326829195,0.3073182397959184,0.062201052295918366,0.7863758206367493
external,mango gall midge,external dataset/MLD24/Gall_Midge/Image00071.jpg,240,240,1.0,0.6117652654647827,0.6318385004997253,0.5336109399795532,0.6146386861801147,0.26538795232772827,0.29794442653656006,0.05915039777755737,0.004460412543267012,0.17002152423469388,0.009127869897959183,0.7043936252593994
external,mango gall midge,external dataset/MLD24/Gall_Midge/Image00044.jpg,240,240,1.0,0.6531772017478943,0.6584715843200684,0.5809836387634277,0.6480548977851868,0.23908308148384094,0.2310800701379776,0.04139113426208496,0.001590481959283352,0.1542171556122449,0.018514827806122448,0.7594200968742371
external,mango gall midge,external dataset/MLD24/Gall_Midge/Image00649.jpg,240,240,1.0,0.6201611161231995,0.6288992166519165,0.5626600384712219,0.6187352538108826,0.25290974974632263,0.23392537236213684,0.03748863935470581,0.005521558225154877,0.1670519770408163,0.02126514668367347,0.7036665081977844
external,mango gall midge,external dataset/MLD24/Gall_Midge/Image00223.jpg,240,240,1.0,0.5178060531616211,0.5683501958847046,0.3710445761680603,0.5307446718215942,0.17617112398147583,0.40057459473609924,0.12392488121986389,0.012288485653698444,0.006118463010204082,0.000817123724489796,0.7056401968002319
external,mango gall midge,external dataset/MLD24/Gall_Midge/Image00264.jpg,240,240,1.0,0.6781213879585266,0.679618239402771,0.6019811630249023,0.6703200340270996,0.18694627285003662,0.19270451366901398,0.039566993713378906,0.001536154537461698,0.012954400510204082,0.001096141581632653,0.7786941528320312
external,mango gall midge,external dataset/MLD24/Gall_Midge/Image00006.jpg,240,240,1.0,0.6350170969963074,0.6511847972869873,0.5613985061645508,0.6361149549484253,0.2625075578689575,0.2736102044582367,0.05297696590423584,0.0024032797664403915,0.1623485331632653,0.015326052295918368,0.6936360597610474
external,mango gall midge,external dataset/MLD24/Gall_Midge/Image00676.jpg,240,240,1.0,0.6044621467590332,0.6119139790534973,0.5483412742614746,0.6024386286735535,0.24930790066719055,0.228423610329628,0.03551226854324341,0.005074166692793369,0.1579639668367347,0.03188775510204082,0.7914214730262756
external,mango gall midge,external dataset/MLD24/Gall_Midge/Image00577.jpg,240,240,1.0,0.5276771187782288,0.5633807182312012,0.44906696677207947,0.5396735668182373,0.26658347249031067,0.33821383118629456,0.07500869035720825,0.007890086621046066,0.19545200892857142,0.005699936224489796,0.6966678500175476
external,mango gall midge,external dataset/MLD24/Gall_Midge/Image00188.jpg,240,240,1.0,0.6397140026092529,0.6545050740242004,0.5641066431999207,0.6397771835327148,0.24163906276226044,0.26095646619796753,0.05259472131729126,0.003193698823451996,0.14323580994897958,0.012755102040816327,0.8648142218589783
external,mango gall midge,external dataset/MLD24/Gall_Midge/Image00136.jpg,240,240,1.0,0.6059445142745972,0.6264349222183228,0.5341712832450867,0.6097903251647949,0.26955416798591614,0.2906428277492523,0.05637705326080322,0.0038528572767972946,0.18096301020408162,0.012914540816326531,0.6965064406394958
external,mango gall midge,external dataset/MLD24/Gall_Midge/Image00256.jpg,240,240,1.0,0.6216986775398254,0.6356671452522278,0.5376300811767578,0.620314359664917,0.2629595100879669,0.2792986333370209,0.056002795696258545,0.003433540929108858,0.11086973852040816,0.02024872448979592,0.6991209387779236
external,mango gall midge,external dataset/MLD24/Gall_Midge/Image00282.jpg,240,240,1.0,0.6341490745544434,0.6417267322540283,0.568559467792511,0.6311199069023132,0.2542583644390106,0.22994409501552582,0.040372490882873535,0.0014600020367652178,0.17881058673469388,0.06690449617346939,0.7380217909812927
external,mango gall midge,external dataset/MLD24/Gall_Midge/Image00690.jpg,240,240,1.0,0.6444085836410522,0.6533704400062561,0.5875307321548462,0.6431851387023926,0.22766360640525818,0.19663125276565552,0.037400782108306885,0.004536681808531284,0.09143813775510204,0.004185267857142857,0.7715670466423035
external,mango gall midge,external dataset/MLD24/Gall_Midge/Image00707.jpg,240,240,1.0,0.6024981737136841,0.6134771108627319,0.5532305836677551,0.6033263206481934,0.2597223222255707,0.234890878200531,0.03561270236968994,0.00683114118874073,0.21372767857142858,0.050482302295918366,0.8605270385742188
external,mango gall midge,external dataset/MLD24/Gall_Midge/Image00241.jpg,240,240,1.0,0.6274473071098328,0.6373851299285889,0.5181918144226074,0.6208257079124451,0.24683599174022675,0.3161756992340088,0.06456553936004639,0.0022615580819547176,0.05689971301020408,0.00027901785714285713,0.6921758055686951
external,mango gall midge,external dataset/MLD24/Gall_Midge/Image00100.jpg,240,240,1.0,0.6205127239227295,0.6397446990013123,0.5506558418273926,0.6238381862640381,0.26818856596946716,0.2739887237548828,0.05416041612625122,0.003695833031088114,0.1641422193877551,0.010821906887755101,0.713937520980835
external,mango gall midge,external dataset/MLD24/Gall_Midge/Image00290.jpg,240,240,1.0,0.6182224750518799,0.6387567520141602,0.5114922523498535,0.618108868598938,0.25084760785102844,0.3309974670410156,0.07389938831329346,0.004077667836099863,0.06768176020408163,0.0047831632653061226,0.7920353412628174
external,mango gall midge,external dataset/MLD24/Gall_Midge/Image00366.jpg,240,240,1.0,0.64571613073349,0.651652991771698,0.540113091468811,0.6371623277664185,0.23036468029022217,0.2834298014640808,0.05873841047286987,0.0037012749817222357,0.047552614795918366,0.005719866071428571,0.7027937173843384
external,mango gall midge,external dataset/MLD24/Gall_Midge/Image00574.jpg,240,240,1.0,0.5306154489517212,0.5696909427642822,0.44534286856651306,0.5438316464424133,0.25855472683906555,0.335738867521286,0.0817117691040039,0.00746850436553359,0.14215959821428573,0.0008569834183673469,0.6768590807914734
external,mango healthy,external dataset/MLD24/Healthy/Image00599.jpg,240,240,1.0,0.4173896908760071,0.47734886407852173,0.2845137417316437,0.43743786215782166,0.252725213766098,0.6020370721817017,0.12639713287353516,0.0010330404620617628,0.3505261479591837,0.005859375,0.7627462148666382
external,mango healthy,external dataset/MLD24/Healthy/Image00537.jpg,240,240,1.0,0.6407004594802856,0.6478646397590637,0.5637561082839966,0.6361342072486877,0.21864284574985504,0.24417585134506226,0.04563635587692261,0.0027666776441037655,0.13994738520408162,0.002610809948979592,0.8044599294662476
external,mango healthy,external dataset/MLD24/Healthy/Image00001(100).jpg,240,240,1.0,0.6812619566917419,0.686736524105072,0.6192894577980042,0.6774106621742249,0.22178614139556885,0.20370806753635406,0.036460816860198975,0.0009889594512060285,0.15098852040816327,0.010024713010204082,0.7621114253997803
external,mango healthy,external dataset/MLD24/Healthy/Image00001(49).jpg,240,240,1.0,0.548626720905304,0.5853700637817383,0.46047189831733704,0.560145378112793,0.2950878441333771,0.4146991968154907,0.08082073926925659,0.0036408405285328627,0.34793526785714285,0.003208705357142857,0.6604294180870056
external,mango healthy,external dataset/MLD24/Healthy/Image00512.jpg,240,240,1.0,0.599276065826416,0.61934494972229,0.532120943069458,0.6034007668495178,0.2647209167480469,0.29445603489875793,0.05364644527435303,0.0035916506312787533,0.2619778380102041,0.031369579081632654,0.93790602684021
external,mango healthy,external dataset/MLD24/Healthy/Image00460.jpg,240,240,1.0,0.4785216450691223,0.565072238445282,0.2938396632671356,0.5082730650901794,0.1893153190612793,0.5663079619407654,0.1788915991783142,0.006438244134187698,0.007653061224489796,0.0,0.7047296166419983
external,mango healthy,external dataset/MLD24/Healthy/Image00041.jpg,240,240,1.0,0.4124206304550171,0.4876635670661926,0.2913424074649811,0.4427853524684906,0.2673960030078888,0.6150267720222473,0.13578206300735474,0.002519212430343032,0.4145408163265306,0.0015146683673469387,0.9713488817214966
external,mango healthy,external dataset/MLD24/Healthy/Image00551.jpg,240,240,1.0,0.6287341117858887,0.6349645256996155,0.5589775443077087,0.6244391798973083,0.20618608593940735,0.22666926681995392,0.041108667850494385,0.0017199243884533644,0.15094866071428573,0.010443239795918368,0.7960573434829712
external,mango healthy,external dataset/MLD24/Healthy/Image00536.jpg,240,240,1.0,0.5677967667579651,0.5919013023376465,0.5042988657951355,0.5747073292732239,0.2401566207408905,0.28317540884017944,0.05585348606109619,0.0026546965818852186,0.23377710459183673,0.01819595025510204,0.9412885308265686
external,mango healthy,external dataset/MLD24/Healthy/Image00289.jpg,240,240,1.0,0.6380535364151001,0.6430302262306213,0.5756747722625732,0.633863627910614,0.2260446846485138,0.22311504185199738,0.03616607189178467,0.0023365167435258627,0.17873086734693877,0.04239078443877551,0.7758165597915649
external,mango healthy,external dataset/MLD24/Healthy/Image00001(68).jpg,240,240,1.0,0.605707585811615,0.6234694719314575,0.5341461896896362,0.6079758405685425,0.24799206852912903,0.2879026234149933,0.0535426139831543,0.00168523914180696,0.22945232780612246,0.008091517857142858,0.9702945947647095
external,mango healthy,external dataset/MLD24/Healthy/Image00246.jpg,240,240,1.0,0.5006484985351562,0.5438399910926819,0.3544232249259949,0.5093322396278381,0.25461870431900024,0.5304819345474243,0.11630412936210632,0.0007195955258794129,0.16346460459183673,7.971938775510203e-05,0.6727485060691833
external,mango healthy,external dataset/MLD24/Healthy/Image00520.jpg,240,240,1.0,0.6337513327598572,0.6430864930152893,0.5741528272628784,0.6324368715286255,0.23789536952972412,0.233714297413826,0.039134442806243896,0.001938836881890893,0.2015704719387755,0.03551498724489796,0.9755077958106995
external,mango healthy,external dataset/MLD24/Healthy/Image00038.jpg,240,240,1.0,0.6091440916061401,0.6418240070343018,0.5225029587745667,0.6184501051902771,0.27135640382766724,0.3468783497810364,0.07600045204162598,0.0021315838675945997,0.18144132653061223,0.0,0.6547836661338806
external,mango healthy,external dataset/MLD24/Healthy/Image00422.jpg,240,240,1.0,0.5762194991111755,0.6207562685012817,0.4847016930580139,0.59192955493927,0.27030420303344727,0.3683718740940094,0.09029567241668701,0.005438803695142269,0.13145727040816327,0.00013950892857142856,0.6570777297019958
external,mango healthy,external dataset/MLD24/Healthy/Image00231.jpg,240,240,1.0,0.652915358543396,0.6563591361045837,0.5590752959251404,0.644239068031311,0.21698909997940063,0.27037686109542847,0.05036383867263794,0.001892224419862032,0.09422831632653061,0.0022520727040816328,0.7493150234222412
external,mango healthy,external dataset/MLD24/Healthy/Image00391.jpg,240,240,1.0,0.6336519122123718,0.646323561668396,0.5564947128295898,0.632294237613678,0.21190059185028076,0.25091272592544556,0.05125021934509277,0.00241295644082129,0.10499043367346939,0.000817123724489796,0.942120373249054
external,mango healthy,external dataset/MLD24/Healthy/Image00322.jpg,240,240,1.0,0.6118555665016174,0.6244423389434814,0.5381946563720703,0.6108466386795044,0.24577607214450836,0.28293338418006897,0.04941725730895996,0.002493038075044751,0.22887436224489796,0.012894610969387755,0.683273196220398
external,mango healthy,external dataset/MLD24/Healthy/Image00580.jpg,240,240,1.0,0.5084599852561951,0.5692151188850403,0.3488171696662903,0.5259239673614502,0.241493821144104,0.5346656441688538,0.1405765414237976,0.0008537830435670912,0.015923947704081634,0.0,0.7283101081848145
external,mango healthy,external dataset/MLD24/Healthy/Image00352.jpg,240,240,1.0,0.6692358255386353,0.6734344363212585,0.5985479354858398,0.6636419296264648,0.18731233477592468,0.1947919726371765,0.039542555809020996,0.0015840569976717234,0.05638153698979592,0.002072704081632653,0.8287280201911926
external,mango healthy,external dataset/MLD24/Healthy/Image00001(110).jpg,240,240,1.0,0.5507106184959412,0.5816679000854492,0.4609588384628296,0.5586509108543396,0.2845408320426941,0.4056950509548187,0.07583320140838623,0.0016536485636606812,0.3493104272959184,0.011918048469387755,0.7235459685325623
external,mango healthy,external dataset/MLD24/Healthy/Image00093.jpg,240,240,1.0,0.6362923383712769,0.6438138484954834,0.5770662426948547,0.6339556574821472,0.22475215792655945,0.2219666987657547,0.037134528160095215,0.002774348948150873,0.17418686224489796,0.0359733737244898,0.8508239984512329
external,mango healthy,external dataset/MLD24/Healthy/Image00434.jpg,240,240,1.0,0.4773988425731659,0.5416247248649597,0.3588477671146393,0.5015845894813538,0.2583853304386139,0.495647132396698,0.12350142002105713,0.005196996498852968,0.1123046875,0.0005580357142857143,0.8360649943351746
external,mango healthy,external dataset/MLD24/Healthy/Image00503.jpg,240,240,1.0,0.585237443447113,0.6126474738121033,0.5158517360687256,0.5934171676635742,0.2757910192012787,0.32330235838890076,0.06210285425186157,0.004285446833819151,0.28244579081632654,0.0224609375,0.697345495223999
external,mango healthy,external dataset/MLD24/Healthy/Image00001(81).jpg,240,240,1.0,0.5328084826469421,0.5756382346153259,0.4150526821613312,0.5445254445075989,0.28946763277053833,0.4861085116863251,0.10170763731002808,0.0022594528272747993,0.30644132653061223,0.00013950892857142856,0.647862434387207
external,mango healthy,external dataset/MLD24/Healthy/Image00294.jpg,240,240,1.0,0.6214259266853333,0.6278979778289795,0.5541410446166992,0.6175545454025269,0.2355841100215912,0.24868354201316833,0.040114521980285645,0.0032327736262232065,0.20047433035714285,0.04121492346938776,0.8737644553184509
external,mango healthy,external dataset/MLD24/Healthy/Image00317.jpg,240,240,1.0,0.6159087419509888,0.6308029294013977,0.537060558795929,0.6156629323959351,0.2533300817012787,0.2989135980606079,0.054318249225616455,0.0014536414528265595,0.23393654336734693,0.005699936224489796,0.706936776638031
external,mango healthy,external dataset/MLD24/Healthy/Image00482.jpg,240,240,1.0,0.4893779456615448,0.5511441230773926,0.3636132478713989,0.5112975239753723,0.2450828105211258,0.48151183128356934,0.12464851140975952,0.0033577540889382362,0.03924186862244898,0.0,0.6681696176528931
external,mango healthy,external dataset/MLD24/Healthy/Image00063.jpg,240,240,1.0,0.6132910251617432,0.6246185898780823,0.5435411930084229,0.6119888424873352,0.24498502910137177,0.27733397483825684,0.04620248079299927,0.0012430086499080062,0.22692123724489796,0.011399872448979591,0.921800971031189
external,mango healthy,external dataset/MLD24/Healthy/Image00039.jpg,240,240,1.0,0.3539591133594513,0.45443546772003174,0.19210098683834076,0.3944868743419647,0.22557152807712555,0.7431104779243469,0.1814054250717163,0.001579372095875442,0.22971141581632654,0.0,0.945986807346344
external,mango healthy,external dataset/MLD24/Healthy/Image00446.jpg,240,240,1.0,0.4492785334587097,0.5095725059509277,0.3237915337085724,0.4703655540943146,0.23315632343292236,0.5013335347175598,0.12303745746612549,0.001978041371330619,0.07908163265306123,5.978954081632653e-05,0.9003676176071167
external,mango healthy,external dataset/MLD24/Healthy/Image00001(3).jpg,240,240,1.0,0.6698750853538513,0.6729764342308044,0.6166996359825134,0.6656335592269897,0.20493559539318085,0.17257720232009888,0.02968907356262207,0.0030882202554494143,0.12783003826530612,0.03260522959183673,0.90531325340271
external,mango healthy,external dataset/MLD24/Healthy/Image00269.jpg,240,240,1.0,0.6013578176498413,0.6168695688247681,0.5033798813819885,0.5992937088012695,0.2316669523715973,0.32451173663139343,0.06450068950653076,0.002946451073512435,0.10722257653061225,0.00350765306122449,0.7611905336380005
external,mango healthy,external dataset/MLD24/Healthy/Image00285.jpg,240,240,1.0,0.6313387155532837,0.6399005055427551,0.5739580988883972,0.6298230886459351,0.22962045669555664,0.2239239364862442,0.03725212812423706,0.0031091012060642242,0.18724091198979592,0.03455835459183673,0.7637577056884766
external,mango healthy,external dataset/MLD24/Healthy/Image00440.jpg,240,240,1.0,0.4423024356365204,0.5175608992576599,0.3065677285194397,0.471005380153656,0.2506076395511627,0.5650786757469177,0.14312583208084106,0.004217228386551142,0.1433952487244898,0.00031887755102040814,0.8703814744949341
external,mango healthy,external dataset/MLD24/Healthy/Image00001(27).jpg,240,240,1.0,0.6184229254722595,0.63653564453125,0.547642707824707,0.6209861636161804,0.2543412148952484,0.2836226522922516,0.053502798080444336,0.002929927781224251,0.22590481505102042,0.0021324936224489796,0.8681730031967163
external,mango healthy,external dataset/MLD24/Healthy/Image00001(116).jpg,240,240,1.0,0.5311324596405029,0.5642867684364319,0.44534915685653687,0.5408146977424622,0.2667902410030365,0.39858534932136536,0.07604596018791199,0.0016511025605723262,0.3285634566326531,0.004862882653061225,0.955163300037384
external,mango healthy,external dataset/MLD24/Healthy/Image00531.jpg,240,240,1.0,0.5332723259925842,0.5731493234634399,0.4618717133998871,0.548540472984314,0.26530560851097107,0.36110538244247437,0.07557731866836548,0.0031776202376931906,0.2924904336734694,0.01114078443877551,0.699887216091156
external,mango healthy,external dataset/MLD24/Healthy/Image00001(147).jpg,240,240,1.0,0.30816352367401123,0.41903865337371826,0.14755003154277802,0.35493725538253784,0.21628999710083008,0.7972424030303955,0.19118186831474304,0.005598179064691067,0.40236367984693877,0.0004982461734693878,0.6955671906471252
external,mango healthy,external dataset/MLD24/Healthy/Image00001(42).jpg,240,240,1.0,0.5853372812271118,0.6038444638252258,0.5134701132774353,0.5880081057548523,0.26244667172431946,0.3175022602081299,0.05444079637527466,0.0025875610299408436,0.26853475765306123,0.03852439413265306,0.9667412042617798
external,mango healthy,external dataset/MLD24/Healthy/Image00207.jpg,240,240,1.0,0.5999103784561157,0.6140612363815308,0.4855917990207672,0.5951846241950989,0.23960945010185242,0.3601548671722412,0.07131016254425049,0.002113650320097804,0.12436224489795919,0.0014748086734693877,0.7220701575279236
external,mango healthy,external dataset/MLD24/Healthy/Image00398.jpg,240,240,1.0,0.6212834119796753,0.6375436186790466,0.538701593875885,0.6214138865470886,0.223382830619812,0.281406044960022,0.05755108594894409,0.0007519008941017091,0.1287468112244898,0.0003786670918367347,0.947357177734375
external,mango healthy,external dataset/MLD24/Healthy/Image00001(12).jpg,240,240,1.0,0.6528170108795166,0.6616148948669434,0.5964276194572449,0.6515529751777649,0.2357175350189209,0.21509623527526855,0.036992549896240234,0.003023313358426094,0.18251753826530612,0.02256058673469388,0.7704238891601562
external,mango healthy,external dataset/MLD24/Healthy/Image00001(20).jpg,240,240,1.0,0.6062001585960388,0.6405180096626282,0.5216878056526184,0.616710364818573,0.28513747453689575,0.3557743430137634,0.07657402753829956,0.0031515355221927166,0.21815210459183673,0.00027901785714285713,0.6510342955589294
external,mango healthy,external dataset/MLD24/Healthy/Image00001(106).jpg,240,240,1.0,0.5435833930969238,0.5838276743888855,0.43773066997528076,0.5551396012306213,0.28487879037857056,0.45089370012283325,0.0931706428527832,0.0012851360952481627,0.320491868622449,0.0004384566326530612,0.7414417862892151
external,mango healthy,external dataset/MLD24/Healthy/Image00184.jpg,240,240,1.0,0.6680514812469482,0.6768034100532532,0.5964399576187134,0.6650252342224121,0.21084970235824585,0.22610345482826233,0.04455769062042236,0.0006647753762081265,0.15868144132653061,0.0,0.8668861985206604
external,mango healthy,external dataset/MLD24/Healthy/Image00001(143).jpg,240,240,1.0,0.31124818325042725,0.4220341145992279,0.15175946056842804,0.3580978214740753,0.21448512375354767,0.7867246866226196,0.19053030014038086,0.007383736781775951,0.38223453443877553,0.0003786670918367347,0.6963784098625183
external,mango healthy,external dataset/MLD24/Healthy/Image00144.jpg,240,240,1.0,0.30753418803215027,0.4176757335662842,0.14824727177619934,0.354028582572937,0.21301378309726715,0.7922587394714355,0.18978500366210938,0.00573680829256773,0.40573182397959184,0.00029894770408163266,0.6974015831947327
external,mango healthy,external dataset/MLD24/Healthy/Image00001(131).jpg,240,240,1.0,0.3227861225605011,0.40150707960128784,0.236337810754776,0.35914018750190735,0.20452049374580383,0.5989076495170593,0.12194511294364929,0.0023731819819658995,0.5397002551020408,0.04661591198979592,0.9689168930053711
external,mango healthy,external dataset/MLD24/Healthy/Image00085.jpg,240,240,1.0,0.5701828598976135,0.5986828207969666,0.49812012910842896,0.5786972045898438,0.2706562876701355,0.3433235287666321,0.06453132629394531,0.0024978641886264086,0.2932876275510204,0.00918765943877551,0.7625254988670349
external,mango healthy,external dataset/MLD24/Healthy/Image00001(44).jpg,240,240,1.0,0.4257643520832062,0.49402299523353577,0.31049734354019165,0.4526917636394501,0.2872644066810608,0.6017769575119019,0.12589213252067566,0.0022682263515889645,0.48140545280612246,0.0006377551020408163,0.9038679599761963
external,mango healthy,external dataset/MLD24/Healthy/Image00109.jpg,240,240,1.0,0.5481979250907898,0.5873834490776062,0.4447299540042877,0.5594044923782349,0.28744056820869446,0.44406041502952576,0.09091949462890625,0.0017882025567814708,0.33115433673469385,0.0010363520408163266,0.7252349257469177
external,mango healthy,external dataset/MLD24/Healthy/Image00610.jpg,240,240,1.0,0.535535454750061,0.5546238422393799,0.44688400626182556,0.536634087562561,0.24834281206130981,0.3604203164577484,0.06341409683227539,0.002402139361947775,0.25546077806122447,0.022042410714285716,0.7956430315971375
external,mango healthy,external dataset/MLD24/Healthy/Image00466.jpg,240,240,1.0,0.514434814453125,0.5942858457565308,0.36794862151145935,0.544607937335968,0.2374449521303177,0.4970465302467346,0.1530941128730774,0.003025761805474758,0.004842952806122449,0.0,0.6753663420677185
external,mango healthy,external dataset/MLD24/Healthy/Image00234.jpg,240,240,1.0,0.6530631184577942,0.6594576239585876,0.5633581280708313,0.6465903520584106,0.2115868180990219,0.2586395740509033,0.0512470006942749,0.001864272984676063,0.08639588647959184,0.0020926339285714285,0.7490999698638916
external,mango healthy,external dataset/MLD24/Healthy/Image00137.jpg,240,240,1.0,0.34165456891059875,0.4420222043991089,0.19949199259281158,0.3843638300895691,0.24473610520362854,0.7284823656082153,0.17144891619682312,0.007015875540673733,0.41872608418367346,0.0022520727040816328,0.6732550263404846
external,mango healthy,external dataset/MLD24/Healthy/Image00001(122).jpg,240,240,1.0,0.46193087100982666,0.523533046245575,0.34138649702072144,0.4843493103981018,0.2668750286102295,0.5508939623832703,0.1218743622303009,0.000538309570401907,0.33882732780612246,0.0,0.9298422336578369
external,mango healthy,external dataset/MLD24/Healthy/Image00293.jpg,240,240,1.0,0.6226550936698914,0.629421591758728,0.5553720593452454,0.6189568042755127,0.23772422969341278,0.24970437586307526,0.04040801525115967,0.00340896169655025,0.2022281568877551,0.042311065051020405,0.8604660034179688
external,mango healthy,external dataset/MLD24/Healthy/Image00588.jpg,240,240,1.0,0.466120183467865,0.5273957848548889,0.3196234107017517,0.4853883981704712,0.2318122684955597,0.545180082321167,0.13452398777008057,0.0022173074539750814,0.08571827168367346,0.0,0.7367263436317444
external,mango healthy,external dataset/MLD24/Healthy/Image00575.jpg,240,240,1.0,0.6217374801635742,0.6288565993309021,0.5457515120506287,0.6172539591789246,0.2294379472732544,0.2644941508769989,0.04511207342147827,0.0017589913913980126,0.18502869897959184,0.008589764030612245,0.9601449966430664
external,mango healthy,external dataset/MLD24/Healthy/Image00104.jpg,240,240,1.0,0.5856081247329712,0.6185279488563538,0.4876549243927002,0.5937654376029968,0.2745892107486725,0.38962894678115845,0.08189642429351807,0.0011686194920912385,0.2707669005102041,3.985969387755102e-05,0.7761915326118469
external,mango healthy,external dataset/MLD24/Healthy/Image00001(140).jpg,240,240,1.0,0.3136182427406311,0.42121171951293945,0.1618124544620514,0.3594697415828705,0.22301621735095978,0.7740991711616516,0.1834963709115982,0.006996372248977423,0.42568160076530615,0.0011957908163265306,0.6910634636878967
external,mango healthy,external dataset/MLD24/Healthy/Image00227.jpg,240,240,1.0,0.6199178695678711,0.6308687329292297,0.5112245678901672,0.6139549612998962,0.2382156401872635,0.334656298160553,0.06529754400253296,0.002257401356473565,0.11242426658163265,0.0015545280612244898,0.7373210191726685
external,mango healthy,external dataset/MLD24/Healthy/Image00488.jpg,240,240,1.0,0.4698530435562134,0.5265468955039978,0.35549014806747437,0.49009498953819275,0.25210174918174744,0.48463869094848633,0.11387529969215393,0.003951801918447018,0.17592075892857142,0.0003985969387755102,0.7885693907737732
external,mango healthy,external dataset/MLD24/Healthy/Image00001(47).jpg,240,240,1.0,0.5441873669624329,0.5752083659172058,0.4649544656276703,0.5533642172813416,0.27044156193733215,0.37779921293258667,0.07063746452331543,0.0032270774245262146,0.33719308035714285,0.004424426020408163,0.9593291282653809
external,mango healthy,external dataset/MLD24/Healthy/Image00412.jpg,240,240,1.0,0.5968474745750427,0.6281571388244629,0.48753252625465393,0.602764368057251,0.2531728744506836,0.3666243255138397,0.08596712350845337,0.004091143142431974,0.08729272959183673,0.0009167729591836735,0.6728272438049316
external,mango healthy,external dataset/MLD24/Healthy/Image00544.jpg,240,240,1.0,0.655973494052887,0.6538810729980469,0.594112753868103,0.6476931571960449,0.18259960412979126,0.17819726467132568,0.028837919235229492,0.001787516288459301,0.1143375318877551,0.016402264030612245,0.9312268495559692
external,mango healthy,external dataset/MLD24/Healthy/Image00625.jpg,240,240,1.0,0.635691225528717,0.6490365862846375,0.5600849986076355,0.6349058151245117,0.24791954457759857,0.2589779794216156,0.05114847421646118,0.0030825731810182333,0.1229671556122449,0.0011160714285714285,0.6971936821937561
external,mango healthy,external dataset/MLD24/Healthy/Image00605.jpg,240,240,1.0,0.5157012939453125,0.5377185344696045,0.4231118857860565,0.5180702209472656,0.2498725801706314,0.38656893372535706,0.06831192970275879,0.00084303057519719,0.27736367984693877,0.021145567602040817,0.7972453832626343
external,mango healthy,external dataset/MLD24/Healthy/Image00419.jpg,240,240,1.0,0.5509302616119385,0.6053949594497681,0.4176131784915924,0.5677028298377991,0.2519829273223877,0.4519307613372803,0.12112325429916382,0.005256761331111193,0.06847895408163265,0.00015943877551020407,0.6594423055648804
external,mango healthy,external dataset/MLD24/Healthy/Image00193.jpg,240,240,1.0,0.6358760595321655,0.6425064206123352,0.5475123524665833,0.6296945810317993,0.20256128907203674,0.2584003508090973,0.05081218481063843,0.0020315726287662983,0.07888233418367346,0.0027503188775510204,0.7534578442573547
external,mango healthy,external dataset/MLD24/Healthy/Image00061.jpg,240,240,1.0,0.6154000163078308,0.6280772089958191,0.5471379160881042,0.6150596737861633,0.23487628996372223,0.2607150673866272,0.04680824279785156,0.0029436261393129826,0.20505819515306123,0.009386957908163265,0.8156849145889282
external,mango healthy,external dataset/MLD24/Healthy/Image00118.jpg,240,240,1.0,0.559556245803833,0.5866644978523254,0.48301610350608826,0.5667432546615601,0.26293039321899414,0.3503604531288147,0.06537830829620361,0.001194642041809857,0.2987085459183674,0.012934470663265306,0.9522876739501953
external,mango healthy,external dataset/MLD24/Healthy/Image00238.jpg,240,240,1.0,0.6268669962882996,0.6380403637886047,0.5264906883239746,0.6219828724861145,0.222304105758667,0.3011472821235657,0.061361491680145264,0.0026803903747349977,0.09915098852040816,0.001793686224489796,0.7123759984970093
external,mango healthy,external dataset/MLD24/Healthy/Image00563.jpg,240,240,1.0,0.6050492525100708,0.6153907179832458,0.5212613940238953,0.6015678644180298,0.2328406125307083,0.2863638699054718,0.052235424518585205,0.00383739173412323,0.1376155931122449,0.016641422193877552,0.8436787724494934
external,mango healthy,external dataset/MLD24/Healthy/Image00474.jpg,240,240,1.0,0.48545733094215393,0.5447608828544617,0.37108978629112244,0.5072306394577026,0.26240500807762146,0.4879014194011688,0.11648732423782349,0.004750515799969435,0.16872608418367346,0.00011957908163265306,0.6498976349830627
external,mango healthy,external dataset/MLD24/Healthy/Image00290.jpg,240,240,1.0,0.6307545900344849,0.6368379592895508,0.5665766000747681,0.6270092129707336,0.2307455986738205,0.23356737196445465,0.038172364234924316,0.002972176531329751,0.18769929846938777,0.04428411989795918,0.7897257208824158
external,mango healthy,external dataset/MLD24/Healthy/Image00001(34).jpg,240,240,1.0,0.5423402786254883,0.5948108434677124,0.4281961917877197,0.5601280927658081,0.27535364031791687,0.4567629098892212,0.1095426082611084,0.0015568748349323869,0.09588249362244898,1.992984693877551e-05,0.6444063186645508
external,mango healthy,external dataset/MLD24/Healthy/Image00001(39).jpg,240,240,1.0,0.3539591133594513,0.45443546772003174,0.19210098683834076,0.3944868743419647,0.22557152807712555,0.7431104779243469,0.1814054250717163,0.001579372095875442,0.22971141581632654,0.0,0.945986807346344
external,mango healthy,external dataset/MLD24/Healthy/Image00001(14).jpg,240,240,1.0,0.6313972473144531,0.649955153465271,0.5562704205513,0.6337262988090515,0.2606782615184784,0.28703299164772034,0.0561213493347168,0.002769541461020708,0.21934789540816327,0.0011160714285714285,0.7171497941017151
external,mango healthy,external dataset/MLD24/Healthy/Image00632.jpg,240,240,1.0,0.6045820116996765,0.6287776827812195,0.516447901725769,0.608737587928772,0.2538524568080902,0.302031546831131,0.06826275587081909,0.006095058284699917,0.08936543367346939,0.0006377551020408163,0.6728063821792603
external,mango healthy,external dataset/MLD24/Healthy/Image00113.jpg,240,240,1.0,0.5155560374259949,0.5586010217666626,0.428038626909256,0.5308464765548706,0.2681111991405487,0.41728803515434265,0.08680367469787598,0.0018589297542348504,0.30080117984693877,0.0020926339285714285,0.9439085721969604
external,mango healthy,external dataset/MLD24/Healthy/Image00005.jpg,240,240,1.0,0.6471359729766846,0.6570566892623901,0.585734486579895,0.6459596753120422,0.22722288966178894,0.22180595993995667,0.04062145948410034,0.0026368892285972834,0.16858657525510204,0.01092155612244898,0.9140200018882751
external,mango healthy,external dataset/MLD24/Healthy/Image00361.jpg,240,240,1.0,0.6729931235313416,0.6764315366744995,0.6071823239326477,0.6675090193748474,0.17738595604896545,0.17641250789165497,0.03634381294250488,0.0025470824912190437,0.05219626913265306,0.0025111607142857145,0.8418713212013245
external,mango healthy,external dataset/MLD24/Healthy/Image00630.jpg,240,240,1.0,0.6090525984764099,0.6324073672294617,0.5224086046218872,0.6128844618797302,0.251960813999176,0.2937672436237335,0.0666767954826355,0.007166343275457621,0.08326690051020408,0.0005381058673469387,0.6746982336044312
external,mango healthy,external dataset/MLD24/Healthy/Image00247.jpg,240,240,1.0,0.4987669885158539,0.5439198017120361,0.34553784132003784,0.5078035593032837,0.25939005613327026,0.5486882925033569,0.12176740169525146,0.0009407735196873546,0.1688655931122449,9.964923469387755e-05,0.6611443758010864
external,mango healthy,external dataset/MLD24/Healthy/Image00001(121).jpg,240,240,1.0,0.45395219326019287,0.5181956887245178,0.33097752928733826,0.47764408588409424,0.2677409052848816,0.5676606297492981,0.12573081254959106,0.0004508668789640069,0.35983338647959184,0.0,0.9357425570487976
external,mango healthy,external dataset/MLD24/Healthy/Image00586.jpg,240,240,1.0,0.49032482504844666,0.5583688020706177,0.3435303866863251,0.5135320425033569,0.22099162638187408,0.5238159894943237,0.1414411962032318,0.000841359025798738,0.020707110969387755,0.0,0.7684757709503174
external,mango healthy,external dataset/MLD24/Healthy/Image00001(161).jpg,240,240,1.0,0.44294416904449463,0.4924662709236145,0.3514814078807831,0.4615868926048279,0.27675366401672363,0.5156363844871521,0.09525346755981445,0.0013391542015597224,0.48098692602040816,0.03431919642857143,0.7806136608123779
external,mango healthy,external dataset/MLD24/Healthy/Image00390.jpg,240,240,1.0,0.6387736797332764,0.6512911915779114,0.5607999563217163,0.6372324824333191,0.214018315076828,0.25106728076934814,0.05150437355041504,0.0021441744174808264,0.10291772959183673,0.0006377551020408163,0.9405068159103394
external,mango healthy,external dataset/MLD24/Healthy/Image00001(15).jpg,240,240,1.0,0.6600652933120728,0.6688642501831055,0.6045721173286438,0.6589040756225586,0.22494105994701385,0.20436306297779083,0.036545515060424805,0.002917670411989093,0.16541772959183673,0.02126514668367347,0.7878500819206238
external,mango healthy,external dataset/MLD24/Healthy/Image00002.jpg,240,240,1.0,0.6496332287788391,0.6626680493354797,0.5904346108436584,0.650536060333252,0.24898113310337067,0.23495978116989136,0.04263412952423096,0.0024520508013665676,0.20252710459183673,0.004823022959183673,0.7585923075675964
external,mango healthy,external dataset/MLD24/Healthy/Image00001(82).jpg,240,240,1.0,0.5551307797431946,0.5939331650733948,0.46383097767829895,0.567499577999115,0.28868961334228516,0.40991273522377014,0.08445227146148682,0.0042472220957279205,0.30038265306122447,0.0012755102040816326,0.7106884717941284
external,mango healthy,external dataset/MLD24/Healthy/Image00167.jpg,240,240,1.0,0.5164649486541748,0.5421762466430664,0.4478209316730499,0.52373206615448,0.25425395369529724,0.3548446297645569,0.060033321380615234,0.0017405633116140962,0.31702407525510207,0.06389508928571429,0.9044152498245239
external,mango healthy,external dataset/MLD24/Healthy/Image00067.jpg,240,240,1.0,0.5894160270690918,0.6121140122413635,0.5120790004730225,0.5939232707023621,0.2583073079586029,0.3196087181568146,0.061366498470306396,0.002854938618838787,0.24378188775510204,0.004842952806122449,0.9743777513504028
external,mango healthy,external dataset/MLD24/Healthy/Image00001(92).jpg,240,240,1.0,0.6291446089744568,0.6374450922012329,0.5688288807868958,0.627140998840332,0.2294454723596573,0.23343156278133392,0.03845834732055664,0.0022583825048059225,0.18564652423469388,0.03188775510204082,0.8709193468093872
external,mango healthy,external dataset/MLD24/Healthy/Image00001(55).jpg,240,240,1.0,0.69509357213974,0.6994184255599976,0.6293308734893799,0.6901353597640991,0.2123977094888687,0.19696496427059174,0.037206172943115234,0.0017006437992677093,0.13139748086734693,0.0018534757653061226,0.7716495394706726
external,mango healthy,external dataset/MLD24/Healthy/Image00571.jpg,240,240,1.0,0.6225404739379883,0.6267426609992981,0.550670325756073,0.6168139576911926,0.2183029055595398,0.242704376578331,0.04013723134994507,0.0026007904671132565,0.16908482142857142,0.01985012755102041,0.9283779859542847
external,mango healthy,external dataset/MLD24/Healthy/Image00484.jpg,240,240,1.0,0.4693860411643982,0.5349855422973633,0.3402070105075836,0.49316656589508057,0.23553702235221863,0.4977342188358307,0.13018900156021118,0.0031157436314970255,0.031568877551020405,0.0,0.6705123782157898
external,mango healthy,external dataset/MLD24/Healthy/Image00001(124).jpg,240,240,1.0,0.447559654712677,0.5084465742111206,0.3678966760635376,0.4742187559604645,0.2835395932197571,0.4965764284133911,0.1007184088230133,0.0027110876981168985,0.4462890625,0.0314094387755102,0.9545416831970215
external,mango healthy,external dataset/MLD24/Healthy/Image00633.jpg,240,240,1.0,0.600800096988678,0.6249552369117737,0.5114216804504395,0.6047900319099426,0.2552151083946228,0.308257132768631,0.06884437799453735,0.005877942778170109,0.09759646045918367,0.0007772640306122449,0.6724481582641602
external,mango healthy,external dataset/MLD24/Healthy/Image00021.jpg,240,240,1.0,0.6104815602302551,0.64211106300354,0.5294376015663147,0.6198091506958008,0.28025904297828674,0.34025105834007263,0.07215148210525513,0.003603218588978052,0.205078125,0.0007573341836734694,0.6535182595252991
external,mango healthy,external dataset/MLD24/Healthy/Image00541.jpg,240,240,1.0,0.6362747550010681,0.6407056450843811,0.5579333305358887,0.6299448013305664,0.21637892723083496,0.24534042179584503,0.04360157251358032,0.002246146323159337,0.13552295918367346,0.0015545280612244898,0.7971380352973938
external,mango healthy,external dataset/MLD24/Healthy/Image00091.jpg,240,240,1.0,0.6277495622634888,0.6381470561027527,0.5664497017860413,0.6268647313117981,0.2344057261943817,0.24050237238407135,0.04104739427566528,0.002868075855076313,0.19353874362244897,0.030412946428571428,0.8502649664878845
external,mango healthy,external dataset/MLD24/Healthy/Image00124.jpg,240,240,1.0,0.447559654712677,0.5084465742111206,0.3678966760635376,0.4742187559604645,0.2835395932197571,0.4965764284133911,0.1007184088230133,0.0027110876981168985,0.4462890625,0.0314094387755102,0.9545416831970215
external,mango healthy,external dataset/MLD24/Healthy/Image00132.jpg,240,240,1.0,0.35806071758270264,0.4240483343601227,0.2282176911830902,0.3819933533668518,0.20860835909843445,0.647891640663147,0.13090911507606506,0.0016944223316386342,0.4729153380102041,0.0009566326530612245,0.9515993595123291
external,mango healthy,external dataset/MLD24/Healthy/Image00259.jpg,240,240,1.0,0.543103814125061,0.5749853849411011,0.4198877513408661,0.547771692276001,0.2562622129917145,0.4478951394557953,0.09348958730697632,0.000448827602667734,0.15852200255102042,0.0065170599489795915,0.6645441651344299
external,mango healthy,external dataset/MLD24/Healthy/Image00626.jpg,240,240,1.0,0.6266962289810181,0.6406445503234863,0.5487040877342224,0.6259928345680237,0.2516443431377411,0.2701576352119446,0.05294442176818848,0.003079476533457637,0.12904575892857142,0.000896843112244898,0.6898036599159241
external,mango healthy,external dataset/MLD24/Healthy/Image00600.jpg,240,240,1.0,0.4317479133605957,0.49297699332237244,0.29722273349761963,0.45235350728034973,0.2484215497970581,0.5790027976036072,0.12849166989326477,0.0016727566253393888,0.26389110331632654,0.002032844387755102,0.7892110347747803
external,mango healthy,external dataset/MLD24/Healthy/Image00245.jpg,240,240,1.0,0.5010275840759277,0.5437394380569458,0.35489949584007263,0.5094408392906189,0.25454390048980713,0.5289759039878845,0.11577588319778442,0.0008184644975699484,0.16087372448979592,1.992984693877551e-05,0.6744486093521118
external,mango healthy,external dataset/MLD24/Healthy/Image00286.jpg,240,240,1.0,0.6311361193656921,0.6385388374328613,0.566825807094574,0.6281501650810242,0.23139311373233795,0.23606210947036743,0.03955787420272827,0.0028811811935156584,0.1906688456632653,0.031090561224489797,0.7647833228111267
external,mango healthy,external dataset/MLD24/Healthy/Image00636.jpg,240,240,1.0,0.590586245059967,0.6173551678657532,0.49853309988975525,0.5958055257797241,0.2529587745666504,0.3182457387447357,0.07279551029205322,0.005906336475163698,0.09327168367346939,0.0012555803571428572,0.670994222164154
external,mango healthy,external dataset/MLD24/Healthy/Image00001(11).jpg,240,240,1.0,0.5915942192077637,0.6293874979019165,0.5016183853149414,0.6035216450691223,0.28090861439704895,0.37428808212280273,0.08278119564056396,0.0034107326064258814,0.20232780612244897,1.992984693877551e-05,0.687064528465271
external,mango healthy,external dataset/MLD24/Healthy/Image00052.jpg,240,240,1.0,0.6414535641670227,0.6458740830421448,0.5841531753540039,0.6375161409378052,0.1977933794260025,0.19154389202594757,0.03307074308395386,0.00241276272572577,0.13819355867346939,0.0353156887755102,0.8502786159515381
external,mango healthy,external dataset/MLD24/Healthy/Image00283.jpg,240,240,1.0,0.628955066204071,0.636534571647644,0.5719187259674072,0.6269020438194275,0.224188894033432,0.21995994448661804,0.03609764575958252,0.0027918326668441296,0.18209901147959184,0.0322265625,0.7587410807609558
external,mango healthy,external dataset/MLD24/Healthy/Image00567.jpg,240,240,1.0,0.6279566884040833,0.6321151256561279,0.5573921203613281,0.6223533153533936,0.21239952743053436,0.23102517426013947,0.03944075107574463,0.003456798382103443,0.1510283801020408,0.0215640943877551,0.9339624643325806
external,mango healthy,external dataset/MLD24/Healthy/Image00056.jpg,240,240,1.0,0.604139506816864,0.6168424487113953,0.5361672043800354,0.6038472652435303,0.236113503575325,0.2709626257419586,0.04668909311294556,0.0015256222104653716,0.2147640306122449,0.005978954081632653,0.7254462838172913
external,mango healthy,external dataset/MLD24/Healthy/Image00542.jpg,240,240,1.0,0.6406881809234619,0.6447873711585999,0.5624883770942688,0.6341796517372131,0.21736767888069153,0.2443874329328537,0.043199121952056885,0.0023408730048686266,0.13783482142857142,0.0019730548469387753,0.7994916439056396
external,mango healthy,external dataset/MLD24/Healthy/Image00277.jpg,240,240,1.0,0.622524082660675,0.6294837594032288,0.5644101500511169,0.6199844479560852,0.22065311670303345,0.22298306226730347,0.036016643047332764,0.0023720404133200645,0.18251753826530612,0.024254623724489797,0.7423808574676514
external,mango healthy,external dataset/MLD24/Healthy/Image00035.jpg,240,240,1.0,0.5779294967651367,0.6209091544151306,0.4687052369117737,0.590707004070282,0.2781638205051422,0.41872918605804443,0.0975918173789978,0.0021548806689679623,0.12462133290816327,0.0,0.6432170867919922
external,mango healthy,external dataset/MLD24/Healthy/Image00001(156).jpg,240,240,1.0,0.4362844228744507,0.48656511306762695,0.34381937980651855,0.45525819063186646,0.2724132835865021,0.5139021873474121,0.09651321172714233,0.0011870068265125155,0.47205835459183676,0.01331313775510204,0.7779760360717773
external,mango healthy,external dataset/MLD24/Healthy/Image00001(38).jpg,240,240,1.0,0.6091440916061401,0.6418240070343018,0.5225029587745667,0.6184501051902771,0.27135640382766724,0.3468783497810364,0.07600045204162598,0.0021315838675945997,0.18144132653061223,0.0,0.6547836661338806
external,mango healthy,external dataset/MLD24/Healthy/Image00358.jpg,240,240,1.0,0.6709299683570862,0.6754116415977478,0.6020849347114563,0.665712296962738,0.1843881607055664,0.18881364166736603,0.03890419006347656,0.0022055371664464474,0.05723852040816327,0.0023716517857142855,0.8401017785072327
external,mango healthy,external dataset/MLD24/Healthy/Image00048.jpg,240,240,1.0,0.5678635239601135,0.5921447277069092,0.48821499943733215,0.5730366706848145,0.2755754292011261,0.35790178179740906,0.06410545110702515,0.0031654711347073317,0.3123405612244898,0.010602678571428572,0.7980337142944336
external,mango healthy,external dataset/MLD24/Healthy/Image00617.jpg,240,240,1.0,0.6428313255310059,0.6511690020561218,0.5765425562858582,0.6401686668395996,0.2375604808330536,0.23080964386463165,0.04148203134536743,0.004175736103206873,0.14453125,0.0087890625,0.7312308549880981
external,mango healthy,external dataset/MLD24/Healthy/Image00357.jpg,240,240,1.0,0.6736048460006714,0.6785117983818054,0.6053204536437988,0.6687008738517761,0.1849725842475891,0.1877795308828354,0.03904914855957031,0.002244647592306137,0.05510602678571429,0.001953125,0.838063657283783
external,mango healthy,external dataset/MLD24/Healthy/Image00359.jpg,240,240,1.0,0.6726704835891724,0.6770593523979187,0.6046854853630066,0.6674965023994446,0.18324004113674164,0.18465419113636017,0.03838139772415161,0.0024401459377259016,0.0548469387755102,0.002331792091836735,0.8368934392929077
external,mango healthy,external dataset/MLD24/Healthy/Image00596.jpg,240,240,1.0,0.42519253492355347,0.4824279844760895,0.28980138897895813,0.44335517287254333,0.2550072968006134,0.6009469032287598,0.12493100762367249,0.001071519567631185,0.3268295599489796,0.0004185267857142857,0.7820605039596558
external,mango healthy,external dataset/MLD24/Healthy/Image00369.jpg,240,240,1.0,0.6732327938079834,0.6759470105171204,0.6063933968544006,0.667206346988678,0.17985382676124573,0.17968088388442993,0.03613394498825073,0.002404535887762904,0.056321747448979595,0.0021125637755102043,0.842701256275177
external,mango healthy,external dataset/MLD24/Healthy/Image00001(79).jpg,240,240,1.0,0.5655708909034729,0.593254804611206,0.4713825285434723,0.5710839033126831,0.28292155265808105,0.40110069513320923,0.07477807998657227,0.0022428324446082115,0.3353993941326531,0.0012157206632653062,0.6539660692214966
external,mango healthy,external dataset/MLD24/Healthy/Image00462.jpg,240,240,1.0,0.5439165830612183,0.603969156742096,0.4234422445297241,0.5654333829879761,0.2555888891220093,0.43613582849502563,0.12028974294662476,0.004766691010445356,0.02379623724489796,0.0,0.663512647151947
external,mango healthy,external dataset/MLD24/Healthy/Image00001(84).jpg,240,240,1.0,0.5587940812110901,0.5899990797042847,0.48177385330200195,0.5683311223983765,0.27747631072998047,0.37073105573654175,0.06971514225006104,0.0014212875394150615,0.317562181122449,0.005301339285714286,0.7651650905609131
external,mango healthy,external dataset/MLD24/Healthy/Image00001(6).jpg,240,240,1.0,0.5370486378669739,0.5820026993751526,0.4304683208465576,0.551286518573761,0.280924916267395,0.44612690806388855,0.09824422001838684,0.002419819589704275,0.21723533163265307,0.0002192283163265306,0.925005316734314
external,mango healthy,external dataset/MLD24/Healthy/Image00562.jpg,240,240,1.0,0.6057958602905273,0.6185976266860962,0.5236660242080688,0.6039476990699768,0.2381657063961029,0.2888730466365814,0.053866684436798096,0.0030682191718369722,0.1426578443877551,0.020547672193877552,0.8197954893112183
external,mango healthy,external dataset/MLD24/Healthy/Image00136.jpg,240,240,1.0,0.3361055850982666,0.4345082640647888,0.19805140793323517,0.3781297504901886,0.24614274501800537,0.7302355170249939,0.16742977499961853,0.006058427970856428,0.46855070153061223,0.0032286352040816328,0.6720908284187317
external,mango healthy,external dataset/MLD24/Healthy/Image00177.jpg,240,240,1.0,0.44268667697906494,0.4864312708377838,0.3413121700286865,0.45680809020996094,0.2640675902366638,0.5076100826263428,0.09443184733390808,0.0019308645278215408,0.4411471619897959,0.005699936224489796,0.6884797215461731
external,mango healthy,external dataset/MLD24/Healthy/Image00001(103).jpg,240,240,1.0,0.6161173582077026,0.6406547427177429,0.5284056663513184,0.6205217242240906,0.2670607566833496,0.33711329102516174,0.06839323043823242,0.0014050457393750548,0.25209263392857145,9.964923469387755e-05,0.7715137600898743
external,mango healthy,external dataset/MLD24/Healthy/Image00589.jpg,240,240,1.0,0.5356796383857727,0.5815529823303223,0.4184848964214325,0.549247145652771,0.24296896159648895,0.4341764748096466,0.10447072982788086,0.001534240785986185,0.09014269770408163,0.0,0.8089492321014404
external,mango healthy,external dataset/MLD24/Healthy/Image00490.jpg,240,240,1.0,0.5913376212120056,0.619493842124939,0.5325271487236023,0.6011609435081482,0.268339067697525,0.2939731180667877,0.05756145715713501,0.0031801862642169,0.2712252869897959,0.016980229591836735,0.7140376567840576
external,mango healthy,external dataset/MLD24/Healthy/Image00101.jpg,240,240,1.0,0.6770471930503845,0.6827908158302307,0.6139503121376038,0.6732257008552551,0.22642213106155396,0.21043060719966888,0.03729206323623657,0.0007954281754791737,0.1631457270408163,0.009446747448979591,0.7618890404701233
external,mango healthy,external dataset/MLD24/Healthy/Image00049.jpg,240,240,1.0,0.548626720905304,0.5853700637817383,0.46047189831733704,0.560145378112793,0.2950878441333771,0.4146991968154907,0.08082073926925659,0.0036408405285328627,0.34793526785714285,0.003208705357142857,0.6604294180870056
external,mango healthy,external dataset/MLD24/Healthy/Image00169.jpg,240,240,1.0,0.5315954685211182,0.5504798293113708,0.45736438035964966,0.5342182517051697,0.24739032983779907,0.3405982553958893,0.05599990487098694,0.001600536867044866,0.2895009566326531,0.0643734056122449,0.9154385328292847
external,mango healthy,external dataset/MLD24/Healthy/Image00195.jpg,240,240,1.0,0.6288432478904724,0.6377625465393066,0.5393199324607849,0.623873233795166,0.2026030570268631,0.26573437452316284,0.05368095636367798,0.002281280467286706,0.08043686224489796,0.0015943877551020409,0.7523992657661438
external,mango healthy,external dataset/MLD24/Healthy/Image00603.jpg,240,240,1.0,0.4407750070095062,0.505841076374054,0.3066816031932831,0.4636821448802948,0.235224649310112,0.5452644228935242,0.1321127712726593,0.002268042881041765,0.14397321428571427,9.964923469387755e-05,0.6714646220207214
external,mango healthy,external dataset/MLD24/Healthy/Image00620.jpg,240,240,1.0,0.6437374949455261,0.6519680619239807,0.5775125026702881,0.6410192251205444,0.2387467920780182,0.2311149537563324,0.04134303331375122,0.004124465864151716,0.14287707270408162,0.007932079081632654,0.7290137410163879
external,mango healthy,external dataset/MLD24/Healthy/Image00154.jpg,240,240,1.0,0.5014920830726624,0.5413165092468262,0.4233567714691162,0.5159615278244019,0.2778554856777191,0.41772356629371643,0.07889208197593689,0.001391817000694573,0.37753109056122447,0.01070232780612245,0.7724716663360596
external,mango healthy,external dataset/MLD24/Healthy/Image00013.jpg,240,240,1.0,0.6371362805366516,0.6512302756309509,0.5740693211555481,0.6382198333740234,0.2421908974647522,0.24728170037269592,0.045627474784851074,0.0023530982434749603,0.19567123724489796,0.0023716517857142855,0.9262707233428955
external,mango healthy,external dataset/MLD24/Healthy/Image00203.jpg,240,240,1.0,0.6297734379768372,0.6431240439414978,0.5126530528068542,0.6242585182189941,0.23660407960414886,0.3445669412612915,0.0719107985496521,0.002809380181133747,0.08294802295918367,0.00025908801020408165,0.6837042570114136
external,mango healthy,external dataset/MLD24/Healthy/Image00279.jpg,240,240,1.0,0.6231118440628052,0.6322216391563416,0.5647733807563782,0.6218087077140808,0.22778360545635223,0.22981639206409454,0.03827899694442749,0.0027780572418123484,0.19160554846938777,0.029755261479591837,0.7304313778877258
external,mango healthy,external dataset/MLD24/Healthy/Image00487.jpg,240,240,1.0,0.47616007924079895,0.5310717821121216,0.3629894256591797,0.4954918324947357,0.2547091245651245,0.47890713810920715,0.11149704456329346,0.004504001699388027,0.17803332270408162,0.0003985969387755102,0.7952063083648682
external,mango powdery mildew,external dataset/MLD24/Powdery_Mildew/Image00748.jpg,240,240,1.0,0.6312823295593262,0.6307421922683716,0.5622683763504028,0.6230977773666382,0.22872169315814972,0.193220853805542,0.03396683931350708,0.01984454318881035,0.06806042729591837,0.011878188775510204,0.9612711071968079
external,mango powdery mildew,external dataset/MLD24/Powdery_Mildew/Image00686.jpg,240,240,1.0,0.6287981867790222,0.6267540454864502,0.5528706312179565,0.6189425587654114,0.23031139373779297,0.19743166863918304,0.0359196662902832,0.023833874613046646,0.05990911989795918,0.006975446428571429,0.7082493901252747
external,mango powdery mildew,external dataset/MLD24/Powdery_Mildew/Image00001(11).jpg,240,240,1.0,0.6540092825889587,0.6510859727859497,0.5790961980819702,0.6437532305717468,0.23894287645816803,0.19855810701847076,0.03453326225280762,0.006640272215008736,0.09241470025510204,0.0021723533163265306,0.6984308362007141
external,mango powdery mildew,external dataset/MLD24/Powdery_Mildew/Image00094.jpg,240,240,1.0,0.6576412916183472,0.6518569588661194,0.591485321521759,0.6467041373252869,0.2352505326271057,0.16613411903381348,0.027293622493743896,0.00729813426733017,0.08244977678571429,0.015326052295918368,0.9624318480491638
external,mango powdery mildew,external dataset/MLD24/Powdery_Mildew/Image00661.jpg,240,240,1.0,0.6328017711639404,0.634913980960846,0.5684443712234497,0.6267049312591553,0.24288135766983032,0.21748387813568115,0.03429090976715088,0.01485220342874527,0.13978794642857142,0.024453922193877552,0.9047325849533081
external,mango powdery mildew,external dataset/MLD24/Powdery_Mildew/Image00609.jpg,240,240,1.0,0.6551612019538879,0.6562449932098389,0.5565766096115112,0.6445587873458862,0.24946801364421844,0.2533970773220062,0.050376057624816895,0.025808945298194885,0.09376992984693877,0.011220503826530613,0.6723890900611877
external,mango powdery mildew,external dataset/MLD24/Powdery_Mildew/Image00190.jpg,240,240,1.0,0.6099345684051514,0.6112465858459473,0.5291478037834167,0.601495087146759,0.22888970375061035,0.2175976037979126,0.04170536994934082,0.008569983765482903,0.07057158801020408,0.007553411989795918,0.7232500314712524
external,mango powdery mildew,external dataset/MLD24/Powdery_Mildew/Image00700.jpg,240,240,1.0,0.6075029969215393,0.6060669422149658,0.5294264554977417,0.5977593064308167,0.23165148496627808,0.20688796043395996,0.03760218620300293,0.02276821807026863,0.0641342474489796,0.008649553571428572,0.9229817986488342
external,mango powdery mildew,external dataset/MLD24/Powdery_Mildew/Image00685.jpg,240,240,1.0,0.6315820217132568,0.6301795244216919,0.5596520304679871,0.6225587129592896,0.2338615357875824,0.1916724592447281,0.03456246852874756,0.024903802201151848,0.061443718112244895,0.009207589285714286,0.6676328778266907
external,mango powdery mildew,external dataset/MLD24/Powdery_Mildew/Image00438.jpg,240,240,1.0,0.6206153035163879,0.6346428394317627,0.5367401838302612,0.6192877292633057,0.25583386421203613,0.262071430683136,0.05596506595611572,0.010113445110619068,0.07475685586734694,0.004205197704081632,0.6777098774909973
external,mango powdery mildew,external dataset/MLD24/Powdery_Mildew/Image00115.jpg,240,240,1.0,0.6487022042274475,0.6437656879425049,0.5772417783737183,0.6376579999923706,0.24711236357688904,0.18991287052631378,0.03079366683959961,0.009125585667788982,0.09384964923469388,0.01628268494897959,0.9709785580635071
external,mango powdery mildew,external dataset/MLD24/Powdery_Mildew/Image00395.jpg,240,240,1.0,0.6029666066169739,0.6329754590988159,0.5069841742515564,0.6096397638320923,0.24931979179382324,0.30939093232154846,0.07800006866455078,0.00966886430978775,0.028619260204081634,0.0009167729591836735,0.6728897094726562
external,mango powdery mildew,external dataset/MLD24/Powdery_Mildew/Image00669.jpg,240,240,1.0,0.6300061941146851,0.6354070901870728,0.5532566905021667,0.624427080154419,0.24471896886825562,0.23972706496715546,0.04377567768096924,0.019264567643404007,0.12007732780612244,0.01717952806122449,0.6948028206825256
external,mango powdery mildew,external dataset/MLD24/Powdery_Mildew/Image00187.jpg,240,240,1.0,0.5998217463493347,0.6047385931015015,0.5282657146453857,0.5945505499839783,0.22849524021148682,0.20952309668064117,0.04069483280181885,0.006579861976206303,0.08410395408163265,0.007095025510204082,0.8796124458312988
external,mango powdery mildew,external dataset/MLD24/Powdery_Mildew/Image00571.jpg,240,240,1.0,0.6191209554672241,0.6294220089912415,0.5703351497650146,0.619606077671051,0.2767331302165985,0.2077789306640625,0.03469395637512207,0.006020391825586557,0.17982700892857142,0.00994499362244898,0.6775830984115601
external,mango powdery mildew,external dataset/MLD24/Powdery_Mildew/Image00380.jpg,240,240,1.0,0.6015818119049072,0.6154114007949829,0.5329421162605286,0.6018748879432678,0.27014073729515076,0.2708387076854706,0.0481494665145874,0.002789118094369769,0.20137117346938777,0.0034279336734693877,0.9588569402694702
external,mango powdery mildew,external dataset/MLD24/Powdery_Mildew/Image00540.jpg,240,240,1.0,0.6195344924926758,0.6181328296661377,0.5608866810798645,0.6120258569717407,0.2650417983531952,0.19872525334358215,0.02792227268218994,0.0031152095180004835,0.17500398596938777,0.01739875637755102,0.7008656859397888
external,mango powdery mildew,external dataset/MLD24/Powdery_Mildew/Image00471.jpg,240,240,1.0,0.6233285069465637,0.6363725662231445,0.5499917268753052,0.622624933719635,0.2389385998249054,0.22289490699768066,0.049712419509887695,0.0073615615256130695,0.05121970663265306,0.0015345982142857143,0.6915724873542786
external,mango powdery mildew,external dataset/MLD24/Powdery_Mildew/Image00729.jpg,240,240,1.0,0.6297339797019958,0.6247492432594299,0.5417160987854004,0.6167739033699036,0.21508772671222687,0.19450001418590546,0.039024174213409424,0.024743730202317238,0.014010682397959183,0.00015943877551020407,0.6864315271377563
external,mango powdery mildew,external dataset/MLD24/Powdery_Mildew/Image00501.jpg,240,240,1.0,0.5858270525932312,0.6015633344650269,0.5048923492431641,0.585837721824646,0.2559394836425781,0.28931206464767456,0.056203603744506836,0.007156247738748789,0.1486766581632653,0.00390625,0.6683399081230164
external,mango powdery mildew,external dataset/MLD24/Powdery_Mildew/Image00002.jpg,240,240,1.0,0.6500160694122314,0.6453306078910828,0.5718669295310974,0.6383566856384277,0.23913806676864624,0.20075371861457825,0.03438907861709595,0.00689573772251606,0.07880261479591837,0.001175860969387755,0.9663713574409485
external,mango powdery mildew,external dataset/MLD24/Powdery_Mildew/Image00242.jpg,240,240,1.0,0.6185811161994934,0.6268227696418762,0.5363632440567017,0.6140461564064026,0.255412220954895,0.26172149181365967,0.0493505597114563,0.00690061878412962,0.10919563137755102,0.004205197704081632,0.6876177787780762
external,mango powdery mildew,external dataset/MLD24/Powdery_Mildew/Image00583.jpg,240,240,1.0,0.6254749894142151,0.6338089108467102,0.5810799598693848,0.6253060102462769,0.27528414130210876,0.19756877422332764,0.030531466007232666,0.005766449961811304,0.2074298469387755,0.024174904336734693,0.6826308965682983
external,mango powdery mildew,external dataset/MLD24/Powdery_Mildew/Image00652.jpg,240,240,1.0,0.6321268081665039,0.6391397714614868,0.5694671273231506,0.6291002035140991,0.24778656661510468,0.22376663982868195,0.038342833518981934,0.01476664375513792,0.12970344387755103,0.01979033801020408,0.9670157432556152
external,mango powdery mildew,external dataset/MLD24/Powdery_Mildew/Image00130.jpg,240,240,1.0,0.6388431191444397,0.6329728960990906,0.5619224905967712,0.6266283392906189,0.25049465894699097,0.20624950528144836,0.03259009122848511,0.009571421891450882,0.1077407525510204,0.015326052295918368,0.9351418614387512
external,mango powdery mildew,external dataset/MLD24/Powdery_Mildew/Image00443.jpg,240,240,1.0,0.5999496579170227,0.6171042919158936,0.5154650807380676,0.6003881692886353,0.2573550343513489,0.2778610289096832,0.05939692258834839,0.010310743935406208,0.09353077168367346,0.003786670918367347,0.7924053072929382
external,mango powdery mildew,external dataset/MLD24/Powdery_Mildew/Image00466.jpg,240,240,1.0,0.6290407180786133,0.6426212191581726,0.5540578961372375,0.62846440076828,0.24687999486923218,0.23324795067310333,0.05107194185256958,0.010026762261986732,0.06515066964285714,0.0024314413265306123,0.684013307094574
external,mango powdery mildew,external dataset/MLD24/Powdery_Mildew/Image00631.jpg,240,240,1.0,0.5958494544029236,0.5958102345466614,0.5064638257026672,0.5856364369392395,0.23896434903144836,0.2585265636444092,0.04465359449386597,0.022037718445062637,0.13919005102040816,0.027543048469387755,0.7538148164749146
external,mango powdery mildew,external dataset/MLD24/Powdery_Mildew/Image00212.jpg,240,240,1.0,0.6485641598701477,0.6554067730903625,0.6101797819137573,0.6482049822807312,0.24426357448101044,0.17371977865695953,0.026034772396087646,0.0058922660537064075,0.1572863520408163,0.048130580357142856,0.7825199961662292
external,mango powdery mildew,external dataset/MLD24/Powdery_Mildew/Image00188.jpg,240,240,1.0,0.6150872111320496,0.6177693605422974,0.5416101813316345,0.6082852482795715,0.21571765840053558,0.19198530912399292,0.03942066431045532,0.007141178473830223,0.049924266581632654,0.003866390306122449,0.7284478545188904
external,mango powdery mildew,external dataset/MLD24/Powdery_Mildew/Image00595.jpg,240,240,1.0,0.5751086473464966,0.6067650318145752,0.48078614473342896,0.5829381942749023,0.2576124966144562,0.3289623558521271,0.07881760597229004,0.006652328185737133,0.08053651147959184,9.964923469387755e-05,0.6713752746582031
external,mango powdery mildew,external dataset/MLD24/Powdery_Mildew/Image00073.jpg,240,240,1.0,0.6402472853660583,0.6353551745414734,0.5714380145072937,0.6295313239097595,0.23645725846290588,0.1881546825170517,0.029512524604797363,0.007935999892652035,0.13508450255102042,0.00759327168367347,0.8003129363059998
external,mango powdery mildew,external dataset/MLD24/Powdery_Mildew/Image00418.jpg,240,240,1.0,0.5939157605171204,0.6133923530578613,0.5112938284873962,0.5959296226501465,0.2502516210079193,0.2842414975166321,0.06078755855560303,0.008066446520388126,0.07192681760204081,0.0034677933673469387,0.7766090035438538
external,mango powdery mildew,external dataset/MLD24/Powdery_Mildew/Image00434.jpg,240,240,1.0,0.6359487771987915,0.6494066715240479,0.5562878251075745,0.6347672343254089,0.2514084279537201,0.2426883578300476,0.05328834056854248,0.009056413546204567,0.06329719387755102,0.002810108418367347,0.6740337014198303
external,mango powdery mildew,external dataset/MLD24/Powdery_Mildew/Image00589.jpg,240,240,1.0,0.6296668648719788,0.6504658460617065,0.5620008111000061,0.6341619491577148,0.2534481883049011,0.24948783218860626,0.05463200807571411,0.005529448390007019,0.07888233418367346,0.001136001275510204,0.6935001611709595
external,mango powdery mildew,external dataset/MLD24/Powdery_Mildew/Image00070.jpg,240,240,1.0,0.6325258612632751,0.6257451772689819,0.5532029271125793,0.6195027828216553,0.2534851133823395,0.2137860655784607,0.03288078308105469,0.011409128084778786,0.1087173150510204,0.007613201530612245,0.9363539814949036
external,mango powdery mildew,external dataset/MLD24/Powdery_Mildew/Image00008.jpg,240,240,1.0,0.6548005938529968,0.6489211320877075,0.578844428062439,0.6426903605461121,0.23854899406433105,0.19901281595230103,0.03209865093231201,0.006230423226952553,0.10082509566326531,0.00235172193877551,0.713663637638092
external,mango powdery mildew,external dataset/MLD24/Powdery_Mildew/Image00680.jpg,240,240,1.0,0.6547192335128784,0.6541928648948669,0.5944416522979736,0.6475386619567871,0.22367867827415466,0.1615360677242279,0.029612421989440918,0.019705500453710556,0.05610251913265306,0.011379942602040817,0.6779858469963074
external,mango powdery mildew,external dataset/MLD24/Powdery_Mildew/Image00042.jpg,240,240,1.0,0.6534389853477478,0.647752583026886,0.5809730291366577,0.6418399214744568,0.22749286890029907,0.1832648068666458,0.030546605587005615,0.005027888808399439,0.07665019132653061,0.002610809948979592,0.7863010764122009
external,mango powdery mildew,external dataset/MLD24/Powdery_Mildew/Image00087.jpg,240,240,1.0,0.6227626204490662,0.6165076494216919,0.5416109561920166,0.609839677810669,0.24181276559829712,0.21249635517597198,0.034320831298828125,0.008641769178211689,0.10369499362244898,0.004922672193877551,0.8709486126899719
external,mango powdery mildew,external dataset/MLD24/Powdery_Mildew/Image00356.jpg,240,240,1.0,0.6172266602516174,0.6342746019363403,0.5441474318504333,0.6189027428627014,0.26000308990478516,0.264044851064682,0.05358755588531494,0.00593967828899622,0.08986367984693877,0.00015943877551020407,0.7495510578155518
external,mango powdery mildew,external dataset/MLD24/Powdery_Mildew/Image00547.jpg,240,240,1.0,0.5846869945526123,0.5883662700653076,0.49750038981437683,0.5769075155258179,0.273948073387146,0.27078256011009216,0.047272562980651855,0.009118246845901012,0.15758529974489796,0.0017338966836734694,0.6604569554328918
external,mango powdery mildew,external dataset/MLD24/Powdery_Mildew/Image00012.jpg,240,240,1.0,0.6513131260871887,0.648567795753479,0.5753610730171204,0.6410430669784546,0.23981623351573944,0.20207354426383972,0.03523069620132446,0.007112650200724602,0.09273357780612244,0.002311862244897959,0.6958997249603271
external,mango powdery mildew,external dataset/MLD24/Powdery_Mildew/Image00063.jpg,240,240,1.0,0.6462013721466064,0.6448692679405212,0.574188768863678,0.6372100114822388,0.25918978452682495,0.20231331884860992,0.034674227237701416,0.00782644934952259,0.12268813775510204,0.00607860331632653,0.9693766236305237
external,mango powdery mildew,external dataset/MLD24/Powdery_Mildew/Image00001(6).jpg,240,240,1.0,0.6539871692657471,0.6506828665733337,0.579442024230957,0.643549382686615,0.23938904702663422,0.19785301387310028,0.03396826982498169,0.005730100907385349,0.09869260204081633,0.0020129145408163264,0.7100164294242859
external,mango powdery mildew,external dataset/MLD24/Powdery_Mildew/Image00333.jpg,240,240,1.0,0.5534396171569824,0.5875068306922913,0.35554924607276917,0.550877571105957,0.23481503129005432,0.5162401795387268,0.13301241397857666,0.013683191500604153,0.015326052295918368,0.0006975446428571429,0.6940777897834778
external,mango powdery mildew,external dataset/MLD24/Powdery_Mildew/Image00038.jpg,240,240,1.0,0.6377705335617065,0.633635401725769,0.5634246468544006,0.6268677711486816,0.2434544563293457,0.20568664371967316,0.033037781715393066,0.0069417161867022514,0.11619100765306123,0.009167729591836735,0.7256572246551514
external,mango powdery mildew,external dataset/MLD24/Powdery_Mildew/Image00293.jpg,240,240,1.0,0.6213071942329407,0.6414347290992737,0.5411815047264099,0.6239876747131348,0.2550129294395447,0.2760522961616516,0.06019037961959839,0.007870348170399666,0.06505102040816327,0.0005580357142857143,0.7207223773002625
external,mango powdery mildew,external dataset/MLD24/Powdery_Mildew/Image00025.jpg,240,240,1.0,0.6305838823318481,0.6262097954750061,0.5570981502532959,0.6196389198303223,0.23960267007350922,0.2011077105998993,0.03236877918243408,0.007829326204955578,0.09819435586734694,0.003985969387755102,0.7933735251426697
external,mango powdery mildew,external dataset/MLD24/Powdery_Mildew/Image00234.jpg,240,240,1.0,0.6072784662246704,0.6201167106628418,0.5111627578735352,0.6038572788238525,0.25413644313812256,0.28116196393966675,0.060896098613739014,0.005342095158994198,0.06668526785714286,0.003288424744897959,0.7267524003982544
external,mango powdery mildew,external dataset/MLD24/Powdery_Mildew/Image00089.jpg,240,240,1.0,0.6319602131843567,0.6277164816856384,0.5561651587486267,0.6208285093307495,0.24915750324726105,0.20630641281604767,0.03365379571914673,0.008471091277897358,0.10624601403061225,0.022500797193877552,0.9595934748649597
external,mango powdery mildew,external dataset/MLD24/Powdery_Mildew/Image00258.jpg,240,240,1.0,0.5875027775764465,0.596225917339325,0.49770939350128174,0.5823867321014404,0.2534666061401367,0.2923165559768677,0.05361980199813843,0.007433048915117979,0.11977838010204081,0.010662468112244899,0.9555600881576538
external,mango powdery mildew,external dataset/MLD24/Powdery_Mildew/Image00759.jpg,240,240,1.0,0.6539605855941772,0.6562967300415039,0.5881456136703491,0.6478289365768433,0.24429422616958618,0.21017329394817352,0.03524363040924072,0.01736282743513584,0.08735251913265306,0.006855867346938775,0.6926572918891907
external,mango powdery mildew,external dataset/MLD24/Powdery_Mildew/Image00615.jpg,240,240,1.0,0.6187450885772705,0.6181901693344116,0.513867974281311,0.6064633727073669,0.25310495495796204,0.2858724594116211,0.05188363790512085,0.022961508482694626,0.1280891262755102,0.012974330357142858,0.6848094463348389
external,mango powdery mildew,external dataset/MLD24/Powdery_Mildew/Image00383.jpg,240,240,1.0,0.5794275403022766,0.5978436470031738,0.5056384205818176,0.581825852394104,0.27519628405570984,0.3004906177520752,0.05531066656112671,0.0047555966302752495,0.19993622448979592,0.004185267857142857,0.9613681435585022
external,mango powdery mildew,external dataset/MLD24/Powdery_Mildew/Image00286.jpg,240,240,1.0,0.6021988987922668,0.6164547204971313,0.480225533246994,0.5966621041297913,0.23576901853084564,0.3299093544483185,0.07524251937866211,0.011038522236049175,0.07686941964285714,0.001753826530612245,0.6986474394798279
external,mango powdery mildew,external dataset/MLD24/Powdery_Mildew/Image00015.jpg,240,240,1.0,0.6536908745765686,0.650952935218811,0.5816394686698914,0.6438698768615723,0.23692966997623444,0.191244438290596,0.033287763595581055,0.006680270656943321,0.08964445153061225,0.0019331951530612245,0.6997926235198975
external,mango powdery mildew,external dataset/MLD24/Powdery_Mildew/Image00442.jpg,240,240,1.0,0.6047909259796143,0.6197009682655334,0.5132550001144409,0.6031079888343811,0.25381359457969666,0.280577689409256,0.06067800521850586,0.010913820005953312,0.08071588010204081,0.003308354591836735,0.7991625666618347
external,mango powdery mildew,external dataset/MLD24/Powdery_Mildew/Image00737.jpg,240,240,1.0,0.6467845439910889,0.6426441669464111,0.5639848709106445,0.6349149346351624,0.21929635107517242,0.19809551537036896,0.037259459495544434,0.026054292917251587,0.0330436862244898,0.0012356505102040817,0.6763531565666199
external,mango powdery mildew,external dataset/MLD24/Powdery_Mildew/Image00724.jpg,240,240,1.0,0.5884883403778076,0.5859254598617554,0.5130427479743958,0.5783831477165222,0.22527319192886353,0.1875351369380951,0.035159945487976074,0.019180024042725563,0.039341517857142856,0.0014548788265306123,0.7789280414581299
external,mango powdery mildew,external dataset/MLD24/Powdery_Mildew/Image00253.jpg,240,240,1.0,0.5941217541694641,0.6022257804870605,0.5040118098258972,0.5886062979698181,0.2538292407989502,0.2878686487674713,0.05315899848937988,0.008241401053965092,0.11722735969387756,0.006497130102040816,0.7619389295578003
external,mango powdery mildew,external dataset/MLD24/Powdery_Mildew/Image00035.jpg,240,240,1.0,0.645479679107666,0.6412098407745361,0.5683013200759888,0.6341749429702759,0.24494831264019012,0.20595495402812958,0.03431934118270874,0.007410891819745302,0.09528459821428571,0.0059590242346938774,0.6919761896133423
external,mango powdery mildew,external dataset/MLD24/Powdery_Mildew/Image00376.jpg,240,240,1.0,0.5982197523117065,0.6139293313026428,0.5304170846939087,0.5997117757797241,0.2711411416530609,0.27635836601257324,0.049610912799835205,0.005448042880743742,0.2157405931122449,0.0025111607142857145,0.961510419845581
external,mango powdery mildew,external dataset/MLD24/Powdery_Mildew/Image00637.jpg,240,240,1.0,0.6406807899475098,0.6418826580047607,0.5564427375793457,0.6317832469940186,0.25815096497535706,0.24645182490348816,0.04332089424133301,0.02155284583568573,0.12862723214285715,0.021105707908163265,0.6799099445343018
external,mango powdery mildew,external dataset/MLD24/Powdery_Mildew/Image00092.jpg,240,240,1.0,0.6574950218200684,0.6527045965194702,0.5909751653671265,0.6470997929573059,0.23236039280891418,0.16853785514831543,0.028469502925872803,0.0073065063916146755,0.0839046556122449,0.014847735969387755,0.964223325252533
external,mango powdery mildew,external dataset/MLD24/Powdery_Mildew/Image00561.jpg,240,240,1.0,0.5679545998573303,0.5839742422103882,0.49009859561920166,0.5684825778007507,0.27450624108314514,0.2749582827091217,0.054947614669799805,0.01022469624876976,0.11178651147959184,0.0008569834183673469,0.7808809876441956
external,mango powdery mildew,external dataset/MLD24/Powdery_Mildew/Image00693.jpg,240,240,1.0,0.6147459149360657,0.6137996315956116,0.5396921634674072,0.605634331703186,0.22770655155181885,0.19584132730960846,0.03658062219619751,0.02072298899292946,0.0525749362244898,0.004623724489795918,0.931928277015686
external,mango powdery mildew,external dataset/MLD24/Powdery_Mildew/Image00774.jpg,240,240,1.0,0.6575692892074585,0.6586155891418457,0.5922879576683044,0.6507413983345032,0.22964218258857727,0.18803374469280243,0.03368699550628662,0.014377635903656483,0.062001753826530615,0.004444355867346939,0.7019282579421997
external,mango powdery mildew,external dataset/MLD24/Powdery_Mildew/Image00754.jpg,240,240,1.0,0.6168822646141052,0.6161217093467712,0.5451646447181702,0.6082600355148315,0.23738649487495422,0.19955526292324066,0.035098254680633545,0.022542495280504227,0.07834422831632654,0.01833545918367347,0.8110250234603882
external,mango powdery mildew,external dataset/MLD24/Powdery_Mildew/Image00568.jpg,240,240,1.0,0.6122972965240479,0.6219349503517151,0.5594062805175781,0.6119250059127808,0.27658316493034363,0.21628329157829285,0.0360831618309021,0.007697036024183035,0.1778140943877551,0.009885204081632654,0.6811933517456055
external,mango powdery mildew,external dataset/MLD24/Powdery_Mildew/Image00342.jpg,240,240,1.0,0.5933967232704163,0.6207484602928162,0.4507400095462799,0.5931892991065979,0.24955524504184723,0.3981753885746002,0.09868007898330688,0.009489409625530243,0.025151466836734693,0.0006377551020408163,0.667487382888794
external,mango powdery mildew,external dataset/MLD24/Powdery_Mildew/Image00210.jpg,240,240,1.0,0.6396889686584473,0.6468859910964966,0.5989189743995667,0.6392658948898315,0.2453056126832962,0.18338388204574585,0.02758204936981201,0.00461636483669281,0.16541772959183673,0.050661670918367346,0.7253198623657227
external,mango powdery mildew,external dataset/MLD24/Powdery_Mildew/Image00267.jpg,240,240,1.0,0.5999269485473633,0.6093493700027466,0.4994450807571411,0.5940029621124268,0.25355401635169983,0.2989400625228882,0.059663355350494385,0.008067240007221699,0.1044124681122449,0.0027104591836734694,0.6838863492012024
external,mango powdery mildew,external dataset/MLD24/Powdery_Mildew/Image00387.jpg,240,240,1.0,0.5846591591835022,0.6163718700408936,0.47619181871414185,0.5909093022346497,0.2508634924888611,0.34252265095710754,0.08594638109207153,0.009545755572617054,0.0293765943877551,0.0006178252551020409,0.6712849140167236
external,mango powdery mildew,external dataset/MLD24/Powdery_Mildew/Image00712.jpg,240,240,1.0,0.6244255304336548,0.6222767233848572,0.5449283123016357,0.6141014695167542,0.21185719966888428,0.18665426969528198,0.037599802017211914,0.026517685502767563,0.04454320790816327,0.0030293367346938774,0.6935411095619202
external,mango powdery mildew,external dataset/MLD24/Powdery_Mildew/Image00623.jpg,240,240,1.0,0.6214050650596619,0.6175428628921509,0.5142683982849121,0.6069244146347046,0.2341255396604538,0.2577684223651886,0.049706101417541504,0.021058667451143265,0.07029257015306123,0.0010762117346938774,0.7829830050468445
external,mango powdery mildew,external dataset/MLD24/Powdery_Mildew/Image00439.jpg,240,240,1.0,0.6158612966537476,0.6301683187484741,0.5305147171020508,0.6145299673080444,0.2535388469696045,0.26419857144355774,0.05698031187057495,0.010241969488561153,0.07467713647959184,0.003966039540816327,0.6802015900611877
external,mango powdery mildew,external dataset/MLD24/Powdery_Mildew/Image00078.jpg,240,240,1.0,0.6503303050994873,0.6440522074699402,0.5772496461868286,0.638313889503479,0.2548455595970154,0.1957457810640335,0.030262231826782227,0.008442061953246593,0.10048628826530612,0.0034080038265306123,0.9658052921295166
external,mango powdery mildew,external dataset/MLD24/Powdery_Mildew/Image00083.jpg,240,240,1.0,0.6356028914451599,0.6301215291023254,0.5609337687492371,0.6238730549812317,0.2390890121459961,0.1979340761899948,0.03185319900512695,0.008788607083261013,0.09315210459183673,0.006158322704081632,0.9486706852912903
external,mango powdery mildew,external dataset/MLD24/Powdery_Mildew/Image00034.jpg,240,240,1.0,0.6485593914985657,0.6443836688995361,0.5724948048591614,0.6374368667602539,0.24416162073612213,0.20288518071174622,0.03385657072067261,0.007502012420445681,0.09522480867346939,0.006357621173469388,0.6929212212562561
external,mango powdery mildew,external dataset/MLD24/Powdery_Mildew/Image00781.jpg,240,240,1.0,0.6166274547576904,0.6206194162368774,0.5378144979476929,0.6099860668182373,0.2510726749897003,0.25339072942733765,0.04339843988418579,0.018298864364624023,0.10712292729591837,0.00607860331632653,0.9639157652854919
external,mango powdery mildew,external dataset/MLD24/Powdery_Mildew/Image00262.jpg,240,240,1.0,0.5776610970497131,0.5887417197227478,0.47500836849212646,0.5724629759788513,0.24891012907028198,0.31012022495269775,0.062406957149505615,0.007581130135804415,0.10532924107142858,0.0026307397959183672,0.88924640417099
external,mango powdery mildew,external dataset/MLD24/Powdery_Mildew/Image00154.jpg,240,240,1.0,0.6619798541069031,0.6584900617599487,0.5962582230567932,0.6524391174316406,0.2169603407382965,0.16581624746322632,0.029371023178100586,0.004420808516442776,0.09486607142857142,0.0023915816326530613,0.7667197585105896
external,mango powdery mildew,external dataset/MLD24/Powdery_Mildew/Image00510.jpg,240,240,1.0,0.6026310324668884,0.6134946346282959,0.5324586629867554,0.6010082960128784,0.27311575412750244,0.24080206453800201,0.04594981670379639,0.009657475166022778,0.10674426020408163,0.0008769132653061224,0.649699866771698
external,mango powdery mildew,external dataset/MLD24/Powdery_Mildew/Image00779.jpg,240,240,1.0,0.6168263554573059,0.6217456459999084,0.5376406908035278,0.6106867790222168,0.24833841621875763,0.2509433925151825,0.04451209306716919,0.020474828779697418,0.1015625,0.007334183673469388,0.9620904326438904
external,mango powdery mildew,external dataset/MLD24/Powdery_Mildew/Image00396.jpg,240,240,1.0,0.6057911515235901,0.6347594857215881,0.5097856521606445,0.6118509769439697,0.24712061882019043,0.3058188855648041,0.07697111368179321,0.009479650296270847,0.028180803571428572,0.0009367028061224489,0.6753586530685425
external,mango powdery mildew,external dataset/MLD24/Powdery_Mildew/Image00014.jpg,240,240,1.0,0.6516294479370117,0.6494057774543762,0.5770519971847534,0.6418223977088928,0.23971609771251678,0.19920885562896729,0.03506505489349365,0.006889397278428078,0.09101961096938775,0.0022122130102040817,0.6941913962364197
external,mango powdery mildew,external dataset/MLD24/Powdery_Mildew/Image00735.jpg,240,240,1.0,0.655174732208252,0.649291455745697,0.5699689984321594,0.6420077681541443,0.21652209758758545,0.19382049143314362,0.03671962022781372,0.02396588772535324,0.027004942602040817,0.0014947385204081632,0.6831958889961243
external,mango powdery mildew,external dataset/MLD24/Powdery_Mildew/Image00058.jpg,240,240,1.0,0.6454207897186279,0.6448597311973572,0.5839145183563232,0.6380797624588013,0.23614756762981415,0.17241159081459045,0.030192077159881592,0.0066511849872767925,0.11716757015306123,0.01385124362244898,0.9495256543159485
external,mango powdery mildew,external dataset/MLD24/Powdery_Mildew/Image00539.jpg,240,240,1.0,0.6232300996780396,0.6213060617446899,0.5659672617912292,0.6155726909637451,0.26149290800094604,0.19140779972076416,0.02670741081237793,0.0029601696878671646,0.16599569515306123,0.01251594387755102,0.7022592425346375
external,mango powdery mildew,external dataset/MLD24/Powdery_Mildew/Image00045.jpg,240,240,1.0,0.6256012320518494,0.6266238689422607,0.5431628823280334,0.6168035268783569,0.25492796301841736,0.22719229757785797,0.042241811752319336,0.010031115263700485,0.0830078125,0.0059590242346938774,0.9386898279190063
external,mango powdery mildew,external dataset/MLD24/Powdery_Mildew/Image00151.jpg,240,240,1.0,0.6550190448760986,0.650819718837738,0.58782559633255,0.6448939442634583,0.22562962770462036,0.1811750829219818,0.029397428035736084,0.006367172114551067,0.12113360969387756,0.01411033163265306,0.8736542463302612
external,mango powdery mildew,external dataset/MLD24/Powdery_Mildew/Image00131.jpg,240,240,1.0,0.6307961344718933,0.6253746747970581,0.5527970194816589,0.6187218427658081,0.2563249170780182,0.21514441072940826,0.03357809782028198,0.008844399824738503,0.11935985331632654,0.017857142857142856,0.8916584849357605
external,mango powdery mildew,external dataset/MLD24/Powdery_Mildew/Image00316.jpg,240,240,1.0,0.6237250566482544,0.6327710151672363,0.5527947545051575,0.6209490299224854,0.2496594488620758,0.2540993094444275,0.04451107978820801,0.00521414028480649,0.1682079081632653,0.00412547831632653,0.7942146062850952
external,mango powdery mildew,external dataset/MLD24/Powdery_Mildew/Image00216.jpg,240,240,1.0,0.6476352214813232,0.6543158888816833,0.6087492108345032,0.6471237540245056,0.2450171709060669,0.17216989398002625,0.02612370252609253,0.0060668527148664,0.1576251594387755,0.05287388392857143,0.8608123064041138
external,mango powdery mildew,external dataset/MLD24/Powdery_Mildew/Image00142.jpg,240,240,1.0,0.6461436152458191,0.6417837142944336,0.5814929604530334,0.6362142562866211,0.23741596937179565,0.17587225139141083,0.027965426445007324,0.007035203278064728,0.10688376913265306,0.0048828125,0.753850519657135
external,mango powdery mildew,external dataset/MLD24/Powdery_Mildew/Image00101.jpg,240,240,1.0,0.6268649101257324,0.6229774951934814,0.5459093451499939,0.615354061126709,0.2541244924068451,0.2193688303232193,0.0365903377532959,0.010372856631875038,0.10576769770408163,0.0030891262755102043,0.8928020000457764
external,mango powdery mildew,external dataset/MLD24/Powdery_Mildew/Image00720.jpg,240,240,1.0,0.5852429866790771,0.5814692378044128,0.5162504315376282,0.5751626491546631,0.21198271214962006,0.16863617300987244,0.03072255849838257,0.015371100045740604,0.039919483418367346,0.002590880102040816,0.7636480927467346
external,mango powdery mildew,external dataset/MLD24/Powdery_Mildew/Image00633.jpg,240,240,1.0,0.6125715374946594,0.6129062175750732,0.5266340970993042,0.6029711365699768,0.2502785623073578,0.2528420388698578,0.04330337047576904,0.021272365003824234,0.13548309948979592,0.017956792091836735,0.7298483848571777
external,mango powdery mildew,external dataset/MLD24/Powdery_Mildew/Image00017.jpg,240,240,1.0,0.6558298468589783,0.6513079404830933,0.5825384855270386,0.6448203325271606,0.2379869669675827,0.19670115411281586,0.03212380409240723,0.005809697322547436,0.1044124681122449,0.005440848214285714,0.7015145421028137
external,mango powdery mildew,external dataset/MLD24/Powdery_Mildew/Image00782.jpg,240,240,1.0,0.6190917491912842,0.622050404548645,0.5431911945343018,0.6121758222579956,0.2502930462360382,0.24732165038585663,0.04090893268585205,0.01849832385778427,0.11266342474489796,0.007932079081632654,0.9701619148254395
external,mango powdery mildew,external dataset/MLD24/Powdery_Mildew/Image00170.jpg,240,240,1.0,0.6726332902908325,0.6681192517280579,0.6063693165779114,0.6624295115470886,0.22886855900287628,0.17037415504455566,0.028617918491363525,0.006236500106751919,0.09857302295918367,0.0026705994897959183,0.7194341421127319
external,mango powdery mildew,external dataset/MLD24/Powdery_Mildew/Image00690.jpg,240,240,1.0,0.6130553483963013,0.6101388335227966,0.5296596884727478,0.6018362045288086,0.2325056791305542,0.21333546936511993,0.03878134489059448,0.02383834309875965,0.060467155612244895,0.007194674744897959,0.8133662343025208
external,mango powdery mildew,external dataset/MLD24/Powdery_Mildew/Image00240.jpg,240,240,1.0,0.6193974614143372,0.6270003318786621,0.5422403216362,0.6150644421577454,0.2549889385700226,0.25286006927490234,0.046181440353393555,0.006554228253662586,0.11513472576530612,0.005241549744897959,0.6867327690124512
external,mango powdery mildew,external dataset/MLD24/Powdery_Mildew/Image00273.jpg,240,240,1.0,0.5875003337860107,0.600726842880249,0.47079214453697205,0.5819595456123352,0.24870501458644867,0.32657039165496826,0.07158058881759644,0.009108221158385277,0.07095025510204081,0.0014748086734693877,0.6772610545158386
external,mango powdery mildew,external dataset/MLD24/Powdery_Mildew/Image00281.jpg,240,240,1.0,0.5975894927978516,0.6078689098358154,0.505506157875061,0.5931259989738464,0.2570112645626068,0.2926391363143921,0.05632108449935913,0.007002794183790684,0.10853794642857142,0.00448421556122449,0.7910647988319397
external,mango powdery mildew,external dataset/MLD24/Powdery_Mildew/Image00408.jpg,240,240,1.0,0.6383291482925415,0.6566060185432434,0.5631595253944397,0.6404883861541748,0.23456457257270813,0.23774559795856476,0.05586165189743042,0.007176636718213558,0.037806919642857144,0.003786670918367347,0.7798120379447937
external,mango powdery mildew,external dataset/MLD24/Powdery_Mildew/Image00775.jpg,240,240,1.0,0.6558012962341309,0.6574404239654541,0.5916343331336975,0.6494484543800354,0.23667238652706146,0.19313259422779083,0.033722639083862305,0.016928069293498993,0.08057637117346939,0.00994499362244898,0.6970076560974121
external,mango powdery mildew,external dataset/MLD24/Powdery_Mildew/Image00749.jpg,240,240,1.0,0.6259871125221252,0.6253907680511475,0.5550833940505981,0.6175540089607239,0.22601209580898285,0.19588306546211243,0.03485548496246338,0.023145070299506187,0.06931600765306123,0.012575733418367346,0.9563829302787781
external,mango powdery mildew,external dataset/MLD24/Powdery_Mildew/Image00394.jpg,240,240,1.0,0.5974342823028564,0.6275598406791687,0.4997284412384033,0.6039795279502869,0.24910278618335724,0.3149528503417969,0.07897847890853882,0.010674419812858105,0.029595822704081634,0.0008769132653061224,0.6727591156959534
external,mango powdery mildew,external dataset/MLD24/Powdery_Mildew/Image00435.jpg,240,240,1.0,0.633122980594635,0.6469377875328064,0.5523313283920288,0.6320220232009888,0.2526690363883972,0.247073695063591,0.0542106032371521,0.00949340034276247,0.06463249362244898,0.0025111607142857145,0.6708695888519287
external,mango powdery mildew,external dataset/MLD24/Powdery_Mildew/Image00785.jpg,240,240,1.0,0.605238139629364,0.6071774959564209,0.5151844620704651,0.5961104035377502,0.25222960114479065,0.27756038308143616,0.04696619510650635,0.016239136457443237,0.10134327168367346,0.004683514030612245,0.7465118765830994
external,mango powdery mildew,external dataset/MLD24/Powdery_Mildew/Image00001.jpg,240,240,1.0,0.6599655151367188,0.655597448348999,0.584977388381958,0.6488527655601501,0.23046964406967163,0.18800868093967438,0.033125996589660645,0.005944780074059963,0.06821986607142858,0.0016940369897959183,0.9524175524711609
external,mango powdery mildew,external dataset/MLD24/Powdery_Mildew/Image00201.jpg,240,240,1.0,0.6184808611869812,0.6251609921455383,0.5581711530685425,0.6155267953872681,0.24951735138893127,0.20613296329975128,0.03683501482009888,0.00736280158162117,0.11441725127551021,0.018255739795918366,0.805680513381958
external,mango powdery mildew,external dataset/MLD24/Powdery_Mildew/Image00432.jpg,240,240,1.0,0.6336877942085266,0.6476005911827087,0.5552456378936768,0.6329122185707092,0.2562750279903412,0.24583184719085693,0.05313390493392944,0.008912757970392704,0.07212611607142858,0.003288424744897959,0.6594169735908508
external,mango powdery mildew,external dataset/MLD24/Powdery_Mildew/Image00716.jpg,240,240,1.0,0.6049594283103943,0.602623462677002,0.5377068519592285,0.5959214568138123,0.21067093312740326,0.1562919318675995,0.031290292739868164,0.016166940331459045,0.02180325255102041,0.0004982461734693878,0.7761131525039673
external,mango powdery mildew,external dataset/MLD24/Powdery_Mildew/Image00205.jpg,240,240,1.0,0.6365902423858643,0.6448150277137756,0.5782989859580994,0.6347730159759521,0.23973533511161804,0.18806877732276917,0.037370383739471436,0.007642105221748352,0.0829280931122449,0.01526626275510204,0.697685956954956
external,mango powdery mildew,external dataset/MLD24/Powdery_Mildew/Image00691.jpg,240,240,1.0,0.6114565134048462,0.609311580657959,0.5285613536834717,0.6007474660873413,0.23323479294776917,0.2154284566640854,0.03930264711380005,0.027295632287859917,0.06849888392857142,0.010662468112244899,0.8395547866821289
external,mango powdery mildew,external dataset/MLD24/Powdery_Mildew/Image00426.jpg,240,240,1.0,0.6292635202407837,0.6518846154212952,0.5547392964363098,0.6340463161468506,0.24849532544612885,0.24911895394325256,0.059883177280426025,0.009069790132343769,0.06048708545918367,0.004823022959183673,0.6775120496749878
external,mango powdery mildew,external dataset/MLD24/Powdery_Mildew/Image00184.jpg,240,240,1.0,0.6421231627464294,0.649446427822113,0.5885010361671448,0.6403089761734009,0.23736163973808289,0.1808265894651413,0.03413432836532593,0.007107236888259649,0.09107940051020408,0.01837531887755102,0.6991130113601685
external,mango powdery mildew,external dataset/MLD24/Powdery_Mildew/Image00052.jpg,240,240,1.0,0.6435602307319641,0.641102135181427,0.5772226452827454,0.6345548629760742,0.24970868229866028,0.18697984516620636,0.030710697174072266,0.007526782341301441,0.10903619260204081,0.019252232142857144,0.9570609927177429
external,mango powdery mildew,external dataset/MLD24/Powdery_Mildew/Image00082.jpg,240,240,1.0,0.6391540169715881,0.6340440511703491,0.5643786787986755,0.6276300549507141,0.24150477349758148,0.19793164730072021,0.032277703285217285,0.009485537186264992,0.09339126275510204,0.005121970663265306,0.946217954158783
external,mango powdery mildew,external dataset/MLD24/Powdery_Mildew/Image00507.jpg,240,240,1.0,0.6042647361755371,0.6131329536437988,0.5347152948379517,0.6015416979789734,0.2758540213108063,0.23679524660110474,0.04364293813705444,0.00621678726747632,0.09658003826530612,3.985969387755102e-05,0.651718020439148
external,mango powdery mildew,external dataset/MLD24/Powdery_Mildew/Image00197.jpg,240,240,1.0,0.6164708733558655,0.6245324015617371,0.559773862361908,0.6147395372390747,0.2481987178325653,0.20707212388515472,0.03641003370285034,0.005888245068490505,0.11716757015306123,0.025191326530612245,0.8719933032989502
external,mango powdery mildew,external dataset/MLD24/Powdery_Mildew/Image00766.jpg,240,240,1.0,0.6123826503753662,0.6134806871414185,0.5332026481628418,0.6040006875991821,0.24087658524513245,0.24134233593940735,0.04068803787231445,0.017214002087712288,0.09817442602040816,0.01225685586734694,0.7308700084686279
external,mango powdery mildew,external dataset/MLD24/Powdery_Mildew/Image00506.jpg,240,240,1.0,0.5897111296653748,0.6045097708702087,0.5057307481765747,0.5888241529464722,0.25471189618110657,0.28614044189453125,0.056788861751556396,0.006248712074011564,0.12962372448979592,0.0036870216836734694,0.7193949222564697
external,mango powdery mildew,external dataset/MLD24/Powdery_Mildew/Image00508.jpg,240,240,1.0,0.6056751608848572,0.613501250743866,0.5281957387924194,0.6014364361763,0.2665359079837799,0.24411939084529877,0.04656583070755005,0.007498076651245356,0.07581313775510204,0.00031887755102040814,0.6624029874801636
external,mango powdery mildew,external dataset/MLD24/Powdery_Mildew/Image00745.jpg,240,240,1.0,0.6235816478729248,0.6224262118339539,0.5477786064147949,0.6142619252204895,0.2296893298625946,0.20560364425182343,0.036746084690093994,0.025873610749840736,0.068359375,0.00896843112244898,0.7953850030899048
external,mango powdery mildew,external dataset/MLD24/Powdery_Mildew/Image00518.jpg,240,240,1.0,0.6003798842430115,0.6096658110618591,0.5317392945289612,0.5980057120323181,0.2794652283191681,0.24546551704406738,0.0436062216758728,0.008027400821447372,0.13456632653061223,0.0018734056122448979,0.6566683053970337
external,mango powdery mildew,external dataset/MLD24/Powdery_Mildew/Image00127.jpg,240,240,1.0,0.651847243309021,0.6468651294708252,0.5844364762306213,0.6412378549575806,0.23487821221351624,0.17838190495967865,0.02872323989868164,0.008729968219995499,0.10726243622448979,0.01327327806122449,0.9617534875869751
external,mango powdery mildew,external dataset/MLD24/Powdery_Mildew/Image00611.jpg,240,240,1.0,0.6395339965820312,0.6382383108139038,0.5360110402107239,0.6269717812538147,0.25054267048835754,0.26833072304725647,0.05046582221984863,0.019352052360773087,0.11029177295918367,0.012775031887755101,0.6776963472366333
external,mango powdery mildew,external dataset/MLD24/Powdery_Mildew/Image00133.jpg,240,240,1.0,0.6540522575378418,0.6501988172531128,0.5802533626556396,0.6433771848678589,0.2394394427537918,0.18470294773578644,0.03304600715637207,0.008818790316581726,0.06861846301020408,0.0034877232142857145,0.7566899061203003
external,mango powdery mildew,external dataset/MLD24/Powdery_Mildew/Image00106.jpg,240,240,1.0,0.6138043403625488,0.6130020618438721,0.5205581188201904,0.6027032732963562,0.2568524181842804,0.2524622678756714,0.04582083225250244,0.009195982478559017,0.1048110650510204,0.006796077806122449,0.6674337983131409
external,mango powdery mildew,external dataset/MLD24/Powdery_Mildew/Image00711.jpg,240,240,1.0,0.6235564351081848,0.6210372447967529,0.5435183644294739,0.6129533648490906,0.2112857550382614,0.1879563182592392,0.037499845027923584,0.02679167501628399,0.042889030612244895,0.002272002551020408,0.6945118308067322
external,mango powdery mildew,external dataset/MLD24/Powdery_Mildew/Image00285.jpg,240,240,1.0,0.5852476954460144,0.6024876236915588,0.4440952241420746,0.5792760848999023,0.23139630258083344,0.36520206928253174,0.08781617879867554,0.01271751243621111,0.0498046875,0.0013352997448979591,0.6884602308273315
external,mango powdery mildew,external dataset/MLD24/Powdery_Mildew/Image00326.jpg,240,240,1.0,0.629213273525238,0.6398494243621826,0.5586393475532532,0.6274113059043884,0.25113311409950256,0.24921143054962158,0.04592311382293701,0.006230511236935854,0.14698262117346939,0.0045041454081632655,0.7201173305511475
external,mango powdery mildew,external dataset/MLD24/Powdery_Mildew/Image00001(3).jpg,240,240,1.0,0.6500746011734009,0.64461749792099,0.5700305104255676,0.637746274471283,0.2397892028093338,0.20325824618339539,0.03456491231918335,0.007163119502365589,0.07443797831632654,0.0012157206632653062,0.9683893918991089
external,mango powdery mildew,external dataset/MLD24/Powdery_Mildew/Image00738.jpg,240,240,1.0,0.6453090310096741,0.6407234072685242,0.5554904937744141,0.6323779821395874,0.21719501912593842,0.21006277203559875,0.04032367467880249,0.03055037185549736,0.03551498724489796,0.0015545280612244898,0.6810833811759949
external,mango powdery mildew,external dataset/MLD24/Powdery_Mildew/Image00639.jpg,240,240,1.0,0.6491039991378784,0.6494184732437134,0.5633994340896606,0.6395182609558105,0.25665178894996643,0.2428189069032669,0.04316675662994385,0.018771516159176826,0.12071508290816327,0.01518654336734694,0.6766203045845032
external,mango powdery mildew,external dataset/MLD24/Powdery_Mildew/Image00250.jpg,240,240,1.0,0.5944468379020691,0.6038637161254883,0.4998982548713684,0.5891960263252258,0.25482991337776184,0.29650959372520447,0.05669116973876953,0.00849254708737135,0.11654974489795919,0.005879304846938775,0.7607699632644653
external,mango powdery mildew,external dataset/MLD24/Powdery_Mildew/Image00198.jpg,240,240,1.0,0.6111077070236206,0.6195594668388367,0.551268994808197,0.6092473268508911,0.2480701208114624,0.21361927688121796,0.038371145725250244,0.006360623985528946,0.11228475765306123,0.0205875318877551,0.9089311957359314
external,mango powdery mildew,external dataset/MLD24/Powdery_Mildew/Image00318.jpg,240,240,1.0,0.6279386281967163,0.6362497210502625,0.5592882633209229,0.6249911189079285,0.2503950297832489,0.24854832887649536,0.04263627529144287,0.0028930637054145336,0.16842713647959184,0.0024912308673469387,0.9634863138198853
external,mango powdery mildew,external dataset/MLD24/Powdery_Mildew/Image00344.jpg,240,240,1.0,0.5852760076522827,0.6039719581604004,0.4808668792247772,0.5843479037284851,0.2609884738922119,0.347408264875412,0.07090049982070923,0.010149475187063217,0.09386957908163265,0.0020527742346938774,0.8557734489440918
external,mango powdery mildew,external dataset/MLD24/Powdery_Mildew/Image00752.jpg,240,240,1.0,0.6242348551750183,0.622414231300354,0.5515802502632141,0.6148836016654968,0.23515930771827698,0.19731652736663818,0.03450667858123779,0.022388363257050514,0.0694156568877551,0.009925063775510204,0.8300628066062927
external,mango powdery mildew,external dataset/MLD24/Powdery_Mildew/Image00769.jpg,240,240,1.0,0.6269196271896362,0.6298956871032715,0.5581250786781311,0.6208239793777466,0.2338181734085083,0.21059024333953857,0.03737330436706543,0.015634257346391678,0.09751674107142858,0.01136001275510204,0.7364867925643921
external,mango powdery mildew,external dataset/MLD24/Powdery_Mildew/Image00303.jpg,240,240,1.0,0.6141877770423889,0.6257608532905579,0.5301398634910583,0.61139976978302,0.26016220450401306,0.28449302911758423,0.05359703302383423,0.006146086845546961,0.14714205994897958,0.0024513711734693877,0.6834464073181152
external,mango powdery mildew,external dataset/MLD24/Powdery_Mildew/Image00162.jpg,240,240,1.0,0.6505889892578125,0.6456667184829712,0.5808441638946533,0.6397486925125122,0.23377782106399536,0.1898094117641449,0.02995014190673828,0.00493903923779726,0.11206552933673469,0.012575733418367346,0.7076669335365295
external,mango powdery mildew,external dataset/MLD24/Powdery_Mildew/Image00352.jpg,240,240,1.0,0.5752524733543396,0.5901288986206055,0.4741346538066864,0.5724575519561768,0.2718842625617981,0.3336924612522125,0.06543534994125366,0.004614594858139753,0.0733219068877551,0.0006975446428571429,0.6658646464347839
external,mango powdery mildew,external dataset/MLD24/Powdery_Mildew/Image00428.jpg,240,240,1.0,0.6215559244155884,0.646518886089325,0.5406873822212219,0.6269901990890503,0.24989500641822815,0.2679307758808136,0.06539720296859741,0.010221011005342007,0.06134406887755102,0.0037468112244897957,0.6689388155937195
external,mango powdery mildew,external dataset/MLD24/Powdery_Mildew/Image00636.jpg,240,240,1.0,0.6363518238067627,0.6375317573547363,0.5477203726768494,0.6269404888153076,0.25735563039779663,0.25333279371261597,0.04549562931060791,0.025234125554561615,0.12571747448979592,0.017817283163265307,0.6820386052131653
external,mango sooty mould,external dataset/MLD24/Sooty_Mould/Image01214.jpg,240,240,1.0,0.5954673886299133,0.6044301390647888,0.5335405468940735,0.5936688780784607,0.21891210973262787,0.1892838031053543,0.03992617130279541,0.00645048450678587,0.0907405931122449,0.03657126913265306,0.7495115399360657
external,mango sooty mould,external dataset/MLD24/Sooty_Mould/Image01152.jpg,240,240,1.0,0.5994853973388672,0.6188715100288391,0.5503612160682678,0.6052649617195129,0.2557080388069153,0.22878094017505646,0.043948233127593994,0.004990702029317617,0.15485491071428573,0.009546396683673469,0.9663211703300476
external,mango sooty mould,external dataset/MLD24/Sooty_Mould/Image00003.jpg,240,240,1.0,0.6537044048309326,0.6438302993774414,0.5857909917831421,0.640166163444519,0.2335151582956314,0.18610070645809174,0.024082601070404053,0.005327214486896992,0.16814811862244897,0.018415178571428572,0.91550213098526
external,mango sooty mould,external dataset/MLD24/Sooty_Mould/Image00106.jpg,240,240,1.0,0.6180173754692078,0.626194953918457,0.5448405146598816,0.6144754886627197,0.2665175497531891,0.24693818390369415,0.044766008853912354,0.006894013378769159,0.1612922512755102,0.019670758928571428,0.6760331392288208
external,mango sooty mould,external dataset/MLD24/Sooty_Mould/Image01127.jpg,240,240,1.0,0.5913088917732239,0.6023780703544617,0.5259628295898438,0.5903570055961609,0.22336938977241516,0.21654242277145386,0.043742239475250244,0.006361591629683971,0.1026187818877551,0.005699936224489796,0.7581474184989929
external,mango sooty mould,external dataset/MLD24/Sooty_Mould/Image01075.jpg,240,240,1.0,0.6003357768058777,0.6154427528381348,0.553684413433075,0.6038853526115417,0.27457770705223083,0.2041860669851303,0.03843265771865845,0.00895050261169672,0.14638472576530612,0.004544005102040816,0.6780940294265747
external,mango sooty mould,external dataset/MLD24/Sooty_Mould/Image00306.jpg,240,240,1.0,0.6933415532112122,0.6923376321792603,0.6565279364585876,0.6885554790496826,0.21346257627010345,0.13499850034713745,0.01740288734436035,0.003175332909449935,0.13201530612244897,0.030731823979591837,0.7791666388511658
external,mango sooty mould,external dataset/MLD24/Sooty_Mould/Image01166.jpg,240,240,1.0,0.6216211915016174,0.6392235159873962,0.5718590617179871,0.6262809038162231,0.2542154788970947,0.2154698520898819,0.042483389377593994,0.005575872957706451,0.13592155612244897,0.008709343112244899,0.7148089408874512
external,mango sooty mould,external dataset/MLD24/Sooty_Mould/Image01151.jpg,240,240,1.0,0.6080902814865112,0.6276114583015442,0.5600594282150269,0.6140736937522888,0.2569200396537781,0.22497153282165527,0.043536603450775146,0.0061822994612157345,0.15377869897959184,0.01118064413265306,0.9597197771072388
external,mango sooty mould,external dataset/MLD24/Sooty_Mould/Image00827.jpg,240,240,1.0,0.6358336806297302,0.6521615982055664,0.6084179282188416,0.6422927379608154,0.2600685954093933,0.16840100288391113,0.030035793781280518,0.006641330197453499,0.17219387755102042,0.08803013392857142,0.8027113080024719
external,mango sooty mould,external dataset/MLD24/Sooty_Mould/Image00127.jpg,240,240,1.0,0.6129134297370911,0.6223129630088806,0.5391368269920349,0.6100203990936279,0.2715176045894623,0.2574760913848877,0.04628783464431763,0.007631778717041016,0.1805843431122449,0.010881696428571428,0.692182183265686
external,mango sooty mould,external dataset/MLD24/Sooty_Mould/Image00784.jpg,240,240,1.0,0.6341016888618469,0.649013102054596,0.5943973064422607,0.6383283734321594,0.23813101649284363,0.18364329636096954,0.0347636342048645,0.004655626602470875,0.13307158801020408,0.014329559948979591,0.960615873336792
external,mango sooty mould,external dataset/MLD24/Sooty_Mould/Image01135.jpg,240,240,1.0,0.6131722331047058,0.6250177621841431,0.5550007820129395,0.6134940385818481,0.22954526543617249,0.19732829928398132,0.04093122482299805,0.005046916659921408,0.08665497448979592,0.0038863201530612247,0.7392141222953796
external,mango sooty mould,external dataset/MLD24/Sooty_Mould/Image00303.jpg,240,240,1.0,0.5759184956550598,0.5778932571411133,0.4854198694229126,0.5667608380317688,0.28687742352485657,0.34916460514068604,0.04722404479980469,0.006027997005730867,0.2682955994897959,0.03609295280612245,0.7876703143119812
external,mango sooty mould,external dataset/MLD24/Sooty_Mould/Image01037.jpg,240,240,1.0,0.6138234734535217,0.6239588856697083,0.5623224377632141,0.6139018535614014,0.2632824778556824,0.19332586228847504,0.03588593006134033,0.006670689210295677,0.16499920280612246,0.02014907525510204,0.7073972821235657
external,mango sooty mould,external dataset/MLD24/Sooty_Mould/Image00769.jpg,240,240,1.0,0.594358503818512,0.6159359216690063,0.5371136665344238,0.600498616695404,0.24899226427078247,0.21358469128608704,0.05019986629486084,0.009626973420381546,0.0930923150510204,0.0028698979591836736,0.8264884948730469
external,mango sooty mould,external dataset/MLD24/Sooty_Mould/Image01006.jpg,240,240,1.0,0.609247624874115,0.6220456957817078,0.5686840415000916,0.6121358275413513,0.2743419110774994,0.19713005423545837,0.03307986259460449,0.007746228016912937,0.18927375637755103,0.013911033163265306,0.6717225909233093
external,mango sooty mould,external dataset/MLD24/Sooty_Mould/Image00937.jpg,240,240,1.0,0.6104987263679504,0.6229971647262573,0.5757992267608643,0.6138795614242554,0.27417024970054626,0.18912696838378906,0.029848217964172363,0.008441385813057423,0.20073341836734693,0.01783721301020408,0.6907922029495239
external,mango sooty mould,external dataset/MLD24/Sooty_Mould/Image01195.jpg,240,240,1.0,0.5936947464942932,0.6061784029006958,0.5200591087341309,0.5926282405853271,0.2444470077753067,0.23475393652915955,0.04930150508880615,0.009176736697554588,0.08950494260204081,0.007573341836734694,0.9584894776344299
external,mango sooty mould,external dataset/MLD24/Sooty_Mould/Image00967.jpg,240,240,1.0,0.6009998917579651,0.6135472655296326,0.5559797286987305,0.6032329201698303,0.2693514823913574,0.20338527858257294,0.03505748510360718,0.009010403417050838,0.18861607142857142,0.018594547193877552,0.7906456589698792
external,mango sooty mould,external dataset/MLD24/Sooty_Mould/Image00014.jpg,240,240,1.0,0.6226662397384644,0.6167014837265015,0.5490625500679016,0.610774040222168,0.258024662733078,0.2188907116651535,0.030837059020996094,0.0067169079557061195,0.16549744897959184,0.025689572704081634,0.7882682681083679
external,mango sooty mould,external dataset/MLD24/Sooty_Mould/Image00365.jpg,240,240,1.0,0.6170357465744019,0.6228146553039551,0.5763965249061584,0.6157951354980469,0.23861686885356903,0.14283859729766846,0.02609848976135254,0.005916099064052105,0.0852798150510204,0.015246332908163265,0.6805309057235718
external,mango sooty mould,external dataset/MLD24/Sooty_Mould/Image01049.jpg,240,240,1.0,0.6247919797897339,0.6330085396766663,0.5771778225898743,0.6241870522499084,0.26844221353530884,0.1854967325925827,0.032023608684539795,0.005929610691964626,0.15886080994897958,0.01971061862244898,0.6888859272003174
external,mango sooty mould,external dataset/MLD24/Sooty_Mould/Image01118.jpg,240,240,1.0,0.6059965491294861,0.6199139356613159,0.5520466566085815,0.6080157160758972,0.2803725600242615,0.21580329537391663,0.04089236259460449,0.010553489439189434,0.1497528698979592,0.004723373724489796,0.6590914726257324
external,mango sooty mould,external dataset/MLD24/Sooty_Mould/Image00142.jpg,240,240,1.0,0.6319088339805603,0.6294352412223816,0.559963047504425,0.6222550272941589,0.25823572278022766,0.20626509189605713,0.033499300479888916,0.006704906467348337,0.12053571428571429,0.009526466836734694,0.9725508689880371
external,mango sooty mould,external dataset/MLD24/Sooty_Mould/Image00832.jpg,240,240,1.0,0.6333606243133545,0.6498187184333801,0.607124924659729,0.6400306224822998,0.256710022687912,0.16822463274002075,0.02957594394683838,0.005554679781198502,0.17121731505102042,0.09143813775510204,0.7352071404457092
external,mango sooty mould,external dataset/MLD24/Sooty_Mould/Image00932.jpg,240,240,1.0,0.6158341765403748,0.6284578442573547,0.5840300917625427,0.6196186542510986,0.26998910307884216,0.18317759037017822,0.028525710105895996,0.007367115933448076,0.20147082270408162,0.022660235969387755,0.6915197968482971
external,mango sooty mould,external dataset/MLD24/Sooty_Mould/Image01097.jpg,240,240,1.0,0.600233256816864,0.6111555099487305,0.5437664985656738,0.6002073884010315,0.2613428235054016,0.2027200162410736,0.03915560245513916,0.006193466018885374,0.18552694515306123,0.0234375,0.7548511028289795
external,mango sooty mould,external dataset/MLD24/Sooty_Mould/Image00328.jpg,240,240,1.0,0.5828437209129333,0.5864527821540833,0.5053191184997559,0.5761244893074036,0.2737496495246887,0.29907912015914917,0.04237133264541626,0.00593779981136322,0.23395647321428573,0.04173309948979592,0.6982259154319763
external,mango sooty mould,external dataset/MLD24/Sooty_Mould/Image00304.jpg,240,240,1.0,0.6213337779045105,0.6219836473464966,0.5461212396621704,0.6131410598754883,0.2711811363697052,0.277992844581604,0.038256168365478516,0.006223698612302542,0.2067920918367347,0.036989795918367346,0.803633451461792
external,mango sooty mould,external dataset/MLD24/Sooty_Mould/Image01061.jpg,240,240,1.0,0.5946832895278931,0.6079574823379517,0.5541518330574036,0.5978546738624573,0.2727726995944977,0.19976121187210083,0.03353989124298096,0.00797013845294714,0.22359295280612246,0.02897799744897959,0.7756897807121277
external,mango sooty mould,external dataset/MLD24/Sooty_Mould/Image00085.jpg,240,240,1.0,0.6352735757827759,0.6358627676963806,0.5693415999412537,0.6281031966209412,0.23862683773040771,0.19583989679813385,0.03355520963668823,0.004365834407508373,0.14044563137755103,0.008769132653061224,0.9654415845870972
external,mango sooty mould,external dataset/MLD24/Sooty_Mould/Image00807.jpg,240,240,1.0,0.5674852132797241,0.6006245613098145,0.5223381519317627,0.5817912220954895,0.29054728150367737,0.26648467779159546,0.055712878704071045,0.009205106645822525,0.2481066645408163,0.057118941326530615,0.9401791095733643
external,mango sooty mould,external dataset/MLD24/Sooty_Mould/Image00823.jpg,240,240,1.0,0.6368988752365112,0.649940550327301,0.607099175453186,0.6411572098731995,0.25632140040397644,0.1671774536371231,0.027941524982452393,0.0060648988001048565,0.1715361926020408,0.08306760204081633,0.9674899578094482
external,mango sooty mould,external dataset/MLD24/Sooty_Mould/Image01055.jpg,240,240,1.0,0.6159156560897827,0.6252612471580505,0.5674995183944702,0.6158820986747742,0.2668631076812744,0.19291134178638458,0.03355365991592407,0.006234347354620695,0.16880580357142858,0.010423309948979591,0.716819167137146
external,mango sooty mould,external dataset/MLD24/Sooty_Mould/Image00082.jpg,240,240,1.0,0.6359788179397583,0.6349521279335022,0.5674839615821838,0.627567708492279,0.24294769763946533,0.20325450599193573,0.03322070837020874,0.004836300853639841,0.1447704081632653,0.006975446428571429,0.9718272686004639
external,mango sooty mould,external dataset/MLD24/Sooty_Mould/Image00020.jpg,240,240,1.0,0.6495078802108765,0.644116222858429,0.5834373831748962,0.6388109922409058,0.23618349432945251,0.1820775866508484,0.02764362096786499,0.004047658294439316,0.15029097576530612,0.030412946428571428,0.969795286655426
external,mango sooty mould,external dataset/MLD24/Sooty_Mould/Image01146.jpg,240,240,1.0,0.6038210988044739,0.623630702495575,0.544813871383667,0.6087225079536438,0.2616375982761383,0.2458869069814682,0.049313247203826904,0.006260700523853302,0.14415258290816327,0.0033482142857142855,0.926432192325592
external,mango sooty mould,external dataset/MLD24/Sooty_Mould/Image00054.jpg,240,240,1.0,0.655383288860321,0.6505638360977173,0.5842165946960449,0.6444412469863892,0.25245848298072815,0.19521145522594452,0.030763864517211914,0.006332194432616234,0.12258848852040816,0.0087890625,0.7237595915794373
external,mango sooty mould,external dataset/MLD24/Sooty_Mould/Image00099.jpg,240,240,1.0,0.6270104050636292,0.6348298788070679,0.5636134147644043,0.624373197555542,0.26746273040771484,0.22340576350688934,0.039517998695373535,0.005901573691517115,0.1982421875,0.01468829719387755,0.9735215306282043
external,mango sooty mould,external dataset/MLD24/Sooty_Mould/Image00745.jpg,240,240,1.0,0.608006477355957,0.6201493144035339,0.5742710828781128,0.6112884879112244,0.23885801434516907,0.13634926080703735,0.029010534286499023,0.006424368359148502,0.10817920918367346,0.005580357142857143,0.7749152779579163
external,mango sooty mould,external dataset/MLD24/Sooty_Mould/Image01013.jpg,240,240,1.0,0.5918079018592834,0.605819046497345,0.5459395051002502,0.5948034524917603,0.2772972583770752,0.21478208899497986,0.036945343017578125,0.008967665955424309,0.1846500318877551,0.009446747448979591,0.6692819595336914
external,mango sooty mould,external dataset/MLD24/Sooty_Mould/Image00024.jpg,240,240,1.0,0.6590858697891235,0.6532615423202515,0.600114643573761,0.6489443182945251,0.2316095530986786,0.1644454449415207,0.023661255836486816,0.0053555662743747234,0.14650430484693877,0.029436383928571428,0.9512022733688354
external,mango sooty mould,external dataset/MLD24/Sooty_Mould/Image00075.jpg,240,240,1.0,0.6288216710090637,0.6332157850265503,0.5580007433891296,0.6233274340629578,0.2492665797472,0.22203399240970612,0.03980457782745361,0.004667364992201328,0.1327527104591837,0.010144292091836735,0.7571098208427429
external,mango sooty mould,external dataset/MLD24/Sooty_Mould/Image00009.jpg,240,240,1.0,0.6305439472198486,0.6252154111862183,0.5575628876686096,0.6190962791442871,0.25774458050727844,0.2121182084083557,0.031162023544311523,0.006090212147682905,0.1301219706632653,0.024653220663265307,0.8070567846298218
external,mango sooty mould,external dataset/MLD24/Sooty_Mould/Image00722.jpg,240,240,1.0,0.6224654316902161,0.6340914964675903,0.5893044471740723,0.6255096197128296,0.2422299087047577,0.14064545929431915,0.028206586837768555,0.0065300543792545795,0.10756138392857142,0.008868781887755101,0.7718168497085571
external,mango sooty mould,external dataset/MLD24/Sooty_Mould/Image00050.jpg,240,240,1.0,0.6367477178573608,0.6337428689002991,0.5593171119689941,0.6261568069458008,0.25920429825782776,0.21453872323036194,0.03571045398712158,0.006050716619938612,0.10947464923469388,0.008669483418367346,0.6985515356063843
external,mango sooty mould,external dataset/MLD24/Sooty_Mould/Image00436.jpg,240,240,1.0,0.5730296969413757,0.6003606915473938,0.5293947458267212,0.5840986371040344,0.2756967544555664,0.23659881949424744,0.049148499965667725,0.0064696865156292915,0.20820711096938777,0.04819036989795918,0.657417356967926
external,mango sooty mould,external dataset/MLD24/Sooty_Mould/Image00037.jpg,240,240,1.0,0.6458552479743958,0.6383034586906433,0.5770783424377441,0.633581817150116,0.2348862588405609,0.18970631062984467,0.026836693286895752,0.0059636179357767105,0.15678810586734693,0.01229671556122449,0.788676381111145
external,mango sooty mould,external dataset/MLD24/Sooty_Mould/Image00357.jpg,240,240,1.0,0.5996305346488953,0.6131390929222107,0.5409643054008484,0.6008720993995667,0.28539544343948364,0.23885026574134827,0.04284167289733887,0.011089873500168324,0.19991629464285715,0.03744818239795918,0.7043799161911011
external,mango sooty mould,external dataset/MLD24/Sooty_Mould/Image00101.jpg,240,240,1.0,0.6012235879898071,0.6105812788009644,0.5314724445343018,0.598764955997467,0.27158522605895996,0.2458946704864502,0.04423326253890991,0.006655113305896521,0.18000637755102042,0.007274394132653061,0.82679682970047
external,mango sooty mould,external dataset/MLD24/Sooty_Mould/Image00401.jpg,240,240,1.0,0.6442071795463562,0.662407398223877,0.6084360480308533,0.6508128643035889,0.263151615858078,0.1769329160451889,0.03608578443527222,0.0065231057815253735,0.15674824617346939,0.03706951530612245,0.9676750898361206
external,mango sooty mould,external dataset/MLD24/Sooty_Mould/Image01225.jpg,240,240,1.0,0.613358736038208,0.6275940537452698,0.5435056686401367,0.6137516498565674,0.24806445837020874,0.22484822571277618,0.04916185140609741,0.0071447319351136684,0.07967952806122448,0.0006975446428571429,0.693302571773529
external,mango sooty mould,external dataset/MLD24/Sooty_Mould/Image01081.jpg,240,240,1.0,0.583472728729248,0.6010260581970215,0.5252860188484192,0.5871432423591614,0.2708166241645813,0.2263406217098236,0.046646714210510254,0.013040360063314438,0.11411830357142858,0.0013153698979591836,0.6603779196739197
external,mango sooty mould,external dataset/MLD24/Sooty_Mould/Image00772.jpg,240,240,1.0,0.6132357716560364,0.6347347497940063,0.5581955313682556,0.6195811033248901,0.25953209400177,0.2325303852558136,0.04901909828186035,0.0058642481453716755,0.14620535714285715,0.007971938775510204,0.6970561146736145
external,mango sooty mould,external dataset/MLD24/Sooty_Mould/Image00429.jpg,240,240,1.0,0.604053258895874,0.6216369867324829,0.5667546987533569,0.6101229190826416,0.27217698097229004,0.19660085439682007,0.03623300790786743,0.004409556742757559,0.21805245535714285,0.04673549107142857,0.6932330131530762
external,mango sooty mould,external dataset/MLD24/Sooty_Mould/Image00027.jpg,240,240,1.0,0.6580824851989746,0.6512572169303894,0.5990109443664551,0.6473419070243835,0.22697876393795013,0.16222965717315674,0.02271050214767456,0.00453032786026597,0.1425183354591837,0.02871890943877551,0.969755232334137
external,mango sooty mould,external dataset/MLD24/Sooty_Mould/Image00831.jpg,240,240,1.0,0.6357132196426392,0.6522474884986877,0.610224723815918,0.6425131559371948,0.25504007935523987,0.16530197858810425,0.02927851676940918,0.006613845005631447,0.1677295918367347,0.09135841836734694,0.743131160736084
external,mango sooty mould,external dataset/MLD24/Sooty_Mould/Image01203.jpg,240,240,1.0,0.6314477920532227,0.6403990983963013,0.5827925205230713,0.6311554908752441,0.22905424237251282,0.16212280094623566,0.0332789421081543,0.006342246662825346,0.08468191964285714,0.03200733418367347,0.7469707131385803
external,mango sooty mould,external dataset/MLD24/Sooty_Mould/Image01190.jpg,240,240,1.0,0.5955989360809326,0.6137814521789551,0.5377658009529114,0.5996791124343872,0.25188469886779785,0.218318372964859,0.04709911346435547,0.009895334020256996,0.09582270408163265,0.010901626275510204,0.9667774438858032
external,mango sooty mould,external dataset/MLD24/Sooty_Mould/Image00376.jpg,240,240,1.0,0.5010607242584229,0.5162715315818787,0.41319096088409424,0.4999723732471466,0.2262239307165146,0.2965072691440582,0.05914568901062012,0.006402226630598307,0.14299665178571427,0.008928571428571428,0.7877904176712036
external,mango sooty mould,external dataset/MLD24/Sooty_Mould/Image00047.jpg,240,240,1.0,0.6506227254867554,0.6436835527420044,0.5853666067123413,0.6391102075576782,0.22525863349437714,0.17693845927715302,0.025688886642456055,0.005363824777305126,0.14405293367346939,0.0184749681122449,0.7843809127807617
external,mango sooty mould,external dataset/MLD24/Sooty_Mould/Image00765.jpg,240,240,1.0,0.6226053237915039,0.6410226225852966,0.5727438926696777,0.6277320384979248,0.250026673078537,0.18880341947078705,0.04334801435470581,0.009062652476131916,0.11314174107142858,0.0072146045918367345,0.8089011907577515
external,mango sooty mould,external dataset/MLD24/Sooty_Mould/Image01103.jpg,240,240,1.0,0.600294291973114,0.610353946685791,0.5445338487625122,0.5998426079750061,0.2630925476551056,0.2037276178598404,0.03793990612030029,0.006843556184321642,0.1786511479591837,0.02122528698979592,0.6941933631896973
external,mango sooty mould,external dataset/MLD24/Sooty_Mould/Image00104.jpg,240,240,1.0,0.5898921489715576,0.603215754032135,0.5203238725662231,0.5897822976112366,0.283966988325119,0.2651830315589905,0.04810774326324463,0.005287929438054562,0.2259247448979592,0.0029097576530612247,0.9366401433944702
external,mango sooty mould,external dataset/MLD24/Sooty_Mould/Image01027.jpg,240,240,1.0,0.5904514789581299,0.6038633584976196,0.5439585447311401,0.5930240154266357,0.2733273506164551,0.21577900648117065,0.03665834665298462,0.009430324658751488,0.20159040178571427,0.014927455357142858,0.9502793550491333
external,mango sooty mould,external dataset/MLD24/Sooty_Mould/Image01159.jpg,240,240,1.0,0.6026944518089294,0.6233482956886292,0.5494560599327087,0.6087490916252136,0.2623156011104584,0.23843204975128174,0.04727303981781006,0.006548121105879545,0.14586654974489796,0.00860969387755102,0.9633178114891052
external,mango sooty mould,external dataset/MLD24/Sooty_Mould/Image01240.jpg,240,240,1.0,0.6191680431365967,0.6338201761245728,0.5531595945358276,0.6202439069747925,0.25484421849250793,0.2240438610315323,0.047656357288360596,0.008791391737759113,0.11102917729591837,0.02264030612244898,0.675295889377594
external,mango sooty mould,external dataset/MLD24/Sooty_Mould/Image01220.jpg,240,240,1.0,0.6247950792312622,0.6425848603248596,0.5677859783172607,0.6287386417388916,0.2483716756105423,0.20232045650482178,0.046294331550598145,0.008768708445131779,0.07784598214285714,0.003587372448979592,0.6862562298774719
external,mango sooty mould,external dataset/MLD24/Sooty_Mould/Image01034.jpg,240,240,1.0,0.5997840166091919,0.6147470474243164,0.5477427840232849,0.6026346683502197,0.27085956931114197,0.2204698622226715,0.04098367691040039,0.008253826759755611,0.16828762755102042,0.0067362882653061226,0.7752125859260559
external,mango sooty mould,external dataset/MLD24/Sooty_Mould/Image00731.jpg,240,240,1.0,0.6194780468940735,0.6314074993133545,0.583183228969574,0.6223430037498474,0.24553295969963074,0.1469566822052002,0.03007686138153076,0.00741934310644865,0.12308673469387756,0.00603874362244898,0.7549319863319397
external,mango sooty mould,external dataset/MLD24/Sooty_Mould/Image00326.jpg,240,240,1.0,0.6131207942962646,0.6170721054077148,0.5460835099220276,0.6077980399131775,0.26747721433639526,0.25815877318382263,0.03746998310089111,0.0061642141081392765,0.2030652104591837,0.04105548469387755,0.7536754012107849
external,mango sooty mould,external dataset/MLD24/Sooty_Mould/Image00410.jpg,240,240,1.0,0.6181450486183167,0.6385105848312378,0.579931914806366,0.6257433295249939,0.2675120234489441,0.19874514639377594,0.039472103118896484,0.006988244131207466,0.1741669323979592,0.047552614795918366,0.9650782942771912
external,mango sooty mould,external dataset/MLD24/Sooty_Mould/Image00776.jpg,240,240,1.0,0.6278419494628906,0.6457680463790894,0.5833536982536316,0.6332929730415344,0.25208309292793274,0.20723436772823334,0.04017019271850586,0.006354529410600662,0.1487763073979592,0.01171875,0.8493475914001465
external,mango sooty mould,external dataset/MLD24/Sooty_Mould/Image01178.jpg,240,240,1.0,0.6412307024002075,0.6511904001235962,0.5912002325057983,0.6413736343383789,0.24312037229537964,0.17888706922531128,0.03497493267059326,0.007318106945604086,0.10859773596938775,0.017538265306122448,0.7315890192985535
external,mango sooty mould,external dataset/MLD24/Sooty_Mould/Image01089.jpg,240,240,1.0,0.5564948320388794,0.5737051963806152,0.48594751954078674,0.5585548877716064,0.2684490978717804,0.2592388391494751,0.05248403549194336,0.012664287351071835,0.123046875,0.001295440051020408,0.6781019568443298
external,mango sooty mould,external dataset/MLD24/Sooty_Mould/Image00828.jpg,240,240,1.0,0.6318973302841187,0.6488872170448303,0.6048168540000916,0.6387832164764404,0.25912192463874817,0.17175965011119843,0.030530154705047607,0.006743266247212887,0.17506377551020408,0.09550382653061225,0.7777334451675415
external,mango sooty mould,external dataset/MLD24/Sooty_Mould/Image00090.jpg,240,240,1.0,0.6163171529769897,0.6260769367218018,0.5447124242782593,0.6138831973075867,0.25435706973075867,0.231075718998909,0.045562148094177246,0.005538768135011196,0.11128826530612244,0.01610331632653061,0.9725013375282288
external,mango sooty mould,external dataset/MLD24/Sooty_Mould/Image00095.jpg,240,240,1.0,0.5454268455505371,0.5694437026977539,0.45214664936065674,0.5488907694816589,0.2613721191883087,0.32815098762512207,0.07065695524215698,0.004827477037906647,0.0977359693877551,0.0011160714285714285,0.8218238353729248
external,mango sooty mould,external dataset/MLD24/Sooty_Mould/Image00046.jpg,240,240,1.0,0.6478963494300842,0.6415544748306274,0.5815510749816895,0.6366103291511536,0.22956295311450958,0.1824684590101242,0.02683079242706299,0.004979044198989868,0.14764030612244897,0.017578125,0.8122104406356812
external,mango sooty mould,external dataset/MLD24/Sooty_Mould/Image01247.jpg,240,240,1.0,0.5858713388442993,0.609905481338501,0.49969127774238586,0.5901548266410828,0.26084446907043457,0.2980891168117523,0.06712418794631958,0.010672266595065594,0.11499521683673469,0.00045838647959183676,0.6689900159835815
external,mango sooty mould,external dataset/MLD24/Sooty_Mould/Image00405.jpg,240,240,1.0,0.6292000412940979,0.6483933329582214,0.5939803719520569,0.6364514827728271,0.26068365573883057,0.1829187273979187,0.03680312633514404,0.006833293940871954,0.16452088647959184,0.03848453443877551,0.962931752204895
external,mango sooty mould,external dataset/MLD24/Sooty_Mould/Image00249.jpg,240,240,1.0,0.5691424608230591,0.5783056020736694,0.5159621238708496,0.5684586763381958,0.2868185043334961,0.2572953999042511,0.03575330972671509,0.0036281899083405733,0.23064811862244897,0.1145766900510204,0.7055055499076843
external,mango sooty mould,external dataset/MLD24/Sooty_Mould/Image00976.jpg,240,240,1.0,0.6020535826683044,0.6106775403022766,0.5481599569320679,0.6009719967842102,0.24880048632621765,0.1903150975704193,0.03557080030441284,0.007203956600278616,0.15439652423469388,0.02393574617346939,0.7361995577812195
external,mango sooty mould,external dataset/MLD24/Sooty_Mould/Image01245.jpg,240,240,1.0,0.5858930349349976,0.6057392954826355,0.5116507411003113,0.5890792012214661,0.26194533705711365,0.2620914876461029,0.05696743726730347,0.008994363248348236,0.11637037627551021,0.01913265306122449,0.680085301399231
external,mango sooty mould,external dataset/MLD24/Sooty_Mould/Image00785.jpg,240,240,1.0,0.6389618515968323,0.6533103585243225,0.6006611585617065,0.6430181264877319,0.2357468456029892,0.1771932691335678,0.03349882364273071,0.005190874449908733,0.1271922831632653,0.017538265306122448,0.9564765095710754
external,mango sooty mould,external dataset/MLD24/Sooty_Mould/Image00026.jpg,240,240,1.0,0.6592215895652771,0.6524022817611694,0.6002064943313599,0.6484909057617188,0.2287639081478119,0.1623426079750061,0.02268826961517334,0.004758868366479874,0.14594626913265307,0.028180803571428572,0.9650035500526428
external,mango sooty mould,external dataset/MLD24/Sooty_Mould/Image01201.jpg,240,240,1.0,0.6013783812522888,0.6161713004112244,0.5270649790763855,0.6015900373458862,0.2411227822303772,0.22585901618003845,0.05194962024688721,0.010260791517794132,0.059072066326530615,0.0030293367346938774,0.6640273928642273
external,mango sooty mould,external dataset/MLD24/Sooty_Mould/Image00070.jpg,240,240,1.0,0.5773956179618835,0.5936158895492554,0.5000824332237244,0.578103244304657,0.2836618423461914,0.28213319182395935,0.054876863956451416,0.007427277974784374,0.17452566964285715,0.0018534757653061226,0.9779884815216064
external,mango sooty mould,external dataset/MLD24/Sooty_Mould/Image01005.jpg,240,240,1.0,0.6118701100349426,0.6231105923652649,0.5724429488182068,0.6139735579490662,0.27430376410484314,0.1904737949371338,0.030954062938690186,0.005822471342980862,0.19935825892857142,0.013153698979591837,0.6770883202552795
external,mango sooty mould,external dataset/MLD24/Sooty_Mould/Image00057.jpg,240,240,1.0,0.6694435477256775,0.6620678305625916,0.6041580438613892,0.6576714515686035,0.22643223404884338,0.1679726243019104,0.025267064571380615,0.004035793244838715,0.13404815051020408,0.009984853316326531,0.7377792000770569
external,mango sooty mould,external dataset/MLD24/Sooty_Mould/Image00246.jpg,240,240,1.0,0.563522219657898,0.5748298168182373,0.5069245100021362,0.5637076497077942,0.285754531621933,0.269584059715271,0.039606451988220215,0.004543461371213198,0.23427535076530612,0.09644052933673469,0.675657331943512
external,mango sooty mould,external dataset/MLD24/Sooty_Mould/Image00143.jpg,240,240,1.0,0.6353508830070496,0.632542610168457,0.565270185470581,0.6257132291793823,0.25489580631256104,0.19885048270225525,0.032232046127319336,0.006105361040681601,0.11453683035714286,0.009765625,0.9721065759658813
external,mango sooty mould,external dataset/MLD24/Sooty_Mould/Image00576.jpg,240,240,1.0,0.6419023275375366,0.6509485840797424,0.5981881022453308,0.6422290802001953,0.24432294070720673,0.18759191036224365,0.030903398990631104,0.0022276840172708035,0.1817004145408163,0.018415178571428572,0.7773266434669495
external,mango sooty mould,external dataset/MLD24/Sooty_Mould/Image00332.jpg,240,240,1.0,0.5894321799278259,0.5944103002548218,0.5084555745124817,0.5831230282783508,0.27010780572891235,0.3013318181037903,0.04546642303466797,0.005828085821121931,0.20832669005102042,0.029994419642857144,0.6466180682182312
external,mango sooty mould,external dataset/MLD24/Sooty_Mould/Image00237.jpg,240,240,1.0,0.5935264229774475,0.600349485874176,0.5405517816543579,0.5914924740791321,0.27499082684516907,0.24360524117946625,0.03331035375595093,0.005351691041141748,0.21659757653061223,0.09707828443877552,0.7761095762252808
external,mango sooty mould,external dataset/MLD24/Sooty_Mould/Image00113.jpg,240,240,1.0,0.6297397017478943,0.632969319820404,0.5576364398002625,0.6234157085418701,0.2499019205570221,0.22704008221626282,0.039281249046325684,0.00548275513574481,0.14676339285714285,0.0087890625,0.6954845190048218
external,mango sooty mould,external dataset/MLD24/Sooty_Mould/Image01186.jpg,240,240,1.0,0.5979765057563782,0.6158192157745361,0.5355399250984192,0.601332426071167,0.25483205914497375,0.2269643247127533,0.04906100034713745,0.01051464956253767,0.09847337372448979,0.01110092474489796,0.7251806855201721
external,mango sooty mould,external dataset/MLD24/Sooty_Mould/Image01099.jpg,240,240,1.0,0.5978002548217773,0.6075212359428406,0.542718768119812,0.597227156162262,0.26078373193740845,0.1970527470111847,0.0372617244720459,0.006034738849848509,0.18474968112244897,0.0204280931122449,0.7358375191688538
external,mango sooty mould,external dataset/MLD24/Sooty_Mould/Image00029.jpg,240,240,1.0,0.6759112477302551,0.6681594848632812,0.61795574426651,0.6647539734840393,0.1938314288854599,0.13757498562335968,0.02122598886489868,0.0040887221693992615,0.10989317602040816,0.01215720663265306,0.8574429750442505
external,mango sooty mould,external dataset/MLD24/Sooty_Mould/Image01248.jpg,240,240,1.0,0.5994104146957397,0.6207183003425598,0.5203615427017212,0.6029065847396851,0.26812365651130676,0.2785685062408447,0.060832321643829346,0.01290224026888609,0.13034119897959184,0.0029894770408163264,0.6653338074684143
external,mango sooty mould,external dataset/MLD24/Sooty_Mould/Image00265.jpg,240,240,1.0,0.5728192329406738,0.5833275318145752,0.5008301138877869,0.570780873298645,0.2853235602378845,0.29443612694740295,0.04650282859802246,0.003860452678054571,0.23142538265306123,0.0235172193877551,0.6471917033195496
external,mango sooty mould,external dataset/MLD24/Sooty_Mould/Image01156.jpg,240,240,1.0,0.5977873802185059,0.619020402431488,0.5464749932289124,0.6044015884399414,0.2582651674747467,0.23802079260349274,0.04688924551010132,0.005545420106500387,0.14997209821428573,0.010722257653061224,0.9620861411094666
external,mango sooty mould,external dataset/MLD24/Sooty_Mould/Image00363.jpg,240,240,1.0,0.616439163684845,0.6236253976821899,0.5772410035133362,0.6161888837814331,0.23967808485031128,0.14598079025745392,0.026785314083099365,0.00659039244055748,0.09335140306122448,0.017558195153061226,0.6999024748802185
external,mango sooty mould,external dataset/MLD24/Sooty_Mould/Image00416.jpg,240,240,1.0,0.6210976243019104,0.6421616077423096,0.5812002420425415,0.6289138793945312,0.26156139373779297,0.20053455233573914,0.04101264476776123,0.007197753991931677,0.15927933673469388,0.03736846301020408,0.8434291481971741
external,mango sooty mould,external dataset/MLD24/Sooty_Mould/Image00424.jpg,240,240,1.0,0.6181169152259827,0.6359778642654419,0.5807611346244812,0.6243427395820618,0.26723411679267883,0.1898392289876938,0.03653883934020996,0.005925934761762619,0.2066326530612245,0.05113998724489796,0.8459421992301941
external,mango sooty mould,external dataset/MLD24/Sooty_Mould/Image00797.jpg,240,240,1.0,0.5974050760269165,0.6258159279823303,0.5589032173156738,0.6096931099891663,0.27947723865509033,0.23203495144844055,0.047661781311035156,0.009827722795307636,0.21482382015306123,0.0537109375,0.7427065968513489
external,mango sooty mould,external dataset/MLD24/Sooty_Mould/Image01241.jpg,240,240,1.0,0.6072711944580078,0.6230049729347229,0.5389785170555115,0.6087215542793274,0.2537167966365814,0.23243848979473114,0.04988008737564087,0.0071888575330376625,0.10548867984693877,0.016761001275510203,0.6698294878005981
external,mango sooty mould,external dataset/MLD24/Sooty_Mould/Image01215.jpg,240,240,1.0,0.593224048614502,0.6021264791488647,0.5299890637397766,0.5912410020828247,0.21707415580749512,0.1920005828142166,0.04051995277404785,0.005709331948310137,0.09476642219387756,0.035833864795918366,0.7534275650978088
external,mango sooty mould,external dataset/MLD24/Sooty_Mould/Image00783.jpg,240,240,1.0,0.6340007185935974,0.6488835215568542,0.594153642654419,0.6381943821907043,0.234733447432518,0.1814279556274414,0.03480631113052368,0.004307062830775976,0.1271125637755102,0.014090401785714286,0.9584171175956726
external,mango sooty mould,external dataset/MLD24/Sooty_Mould/Image00824.jpg,240,240,1.0,0.6373112797737122,0.6529447436332703,0.6109366416931152,0.6434813737869263,0.2563571035861969,0.16373182833194733,0.028820812702178955,0.006793752778321505,0.17018096301020408,0.08510044642857142,0.96832275390625
external,mango sooty mould,external dataset/MLD24/Sooty_Mould/Image01251.jpg,240,240,1.0,0.6091392040252686,0.6275612711906433,0.5368750095367432,0.6117148399353027,0.2658733129501343,0.258348673582077,0.05455416440963745,0.011557493358850479,0.12422273596938775,0.007075095663265306,0.6705813407897949
external,mango sooty mould,external dataset/MLD24/Sooty_Mould/Image00013.jpg,240,240,1.0,0.6241939067840576,0.6175821423530579,0.5528711080551147,0.6121820211410522,0.25570064783096313,0.21157844364643097,0.02904963493347168,0.004757339134812355,0.1572265625,0.02556999362244898,0.8144582509994507
external,mango sooty mould,external dataset/MLD24/Sooty_Mould/Image00317.jpg,240,240,1.0,0.6009793281555176,0.6033806204795837,0.5431697368621826,0.5957985520362854,0.25848856568336487,0.24515610933303833,0.03130608797073364,0.0057077654637396336,0.21675701530612246,0.06784119897959184,0.8757950663566589
external,mango sooty mould,external dataset/MLD24/Sooty_Mould/Image00821.jpg,240,240,1.0,0.6380686163902283,0.6500422954559326,0.6091156005859375,0.6417965292930603,0.2547280788421631,0.16391831636428833,0.026450157165527344,0.006994818337261677,0.1699816645408163,0.08876753826530612,0.958989679813385
external,mango sooty mould,external dataset/MLD24/Sooty_Mould/Image01182.jpg,240,240,1.0,0.6253717541694641,0.6417964100837708,0.571749210357666,0.6289001107215881,0.2523113191127777,0.1997266560792923,0.043235957622528076,0.008616430684924126,0.09091996173469388,0.012595663265306123,0.6858110427856445
external,mango sooty mould,external dataset/MLD24/Sooty_Mould/Image00321.jpg,240,240,1.0,0.6091411709785461,0.6113511323928833,0.5497388243675232,0.6036664843559265,0.2652741074562073,0.25022998452186584,0.03191113471984863,0.004319098778069019,0.21560108418367346,0.07236527423469388,0.9697892069816589
external,mango sooty mould,external dataset/MLD24/Sooty_Mould/Image01157.jpg,240,240,1.0,0.604050874710083,0.624533474445343,0.5522662401199341,0.6101707220077515,0.26047271490097046,0.2364407777786255,0.04637491703033447,0.006708381697535515,0.1471221301020408,0.009207589285714286,0.9638205170631409
external,mango sooty mould,external dataset/MLD24/Sooty_Mould/Image00815.jpg,240,240,1.0,0.6364540457725525,0.6484932899475098,0.6083039045333862,0.6403119564056396,0.24912376701831818,0.16090576350688934,0.026114344596862793,0.0055983420461416245,0.1639030612244898,0.08958466198979592,0.938839852809906
external,mango sooty mould,external dataset/MLD24/Sooty_Mould/Image00279.jpg,240,240,1.0,0.5530307292938232,0.5497002601623535,0.4442758858203888,0.5386776924133301,0.2962524890899658,0.3783891499042511,0.05104696750640869,0.0039141527377069,0.2544642857142857,0.03928172831632653,0.7938076853752136
external,mango sooty mould,external dataset/MLD24/Sooty_Mould/Image00064.jpg,240,240,1.0,0.6424943804740906,0.6370224952697754,0.5733788013458252,0.6314032673835754,0.24312232434749603,0.19246773421764374,0.029085874557495117,0.005508546717464924,0.14397321428571427,0.01789700255102041,0.739447295665741
external,mango sooty mould,external dataset/MLD24/Sooty_Mould/Image00094.jpg,240,240,1.0,0.5956723093986511,0.6108142137527466,0.5196093916893005,0.5958894491195679,0.2701917886734009,0.2655582129955292,0.05317336320877075,0.007166557479649782,0.1368781887755102,0.014548788265306123,0.8916741013526917
external,mango sooty mould,external dataset/MLD24/Sooty_Mould/Image00973.jpg,240,240,1.0,0.607961118221283,0.6150069236755371,0.5520102977752686,0.6057185530662537,0.249589204788208,0.18988913297653198,0.035021185874938965,0.007070384919643402,0.15122767857142858,0.020348373724489797,0.7342650294303894
external,mango sooty mould,external dataset/MLD24/Sooty_Mould/Image00313.jpg,240,240,1.0,0.6130695939064026,0.6133511662483215,0.545405924320221,0.6055212020874023,0.26433056592941284,0.25655683875083923,0.034113407135009766,0.006474189925938845,0.20380261479591838,0.04474250637755102,0.6853398680686951
external,mango sooty mould,external dataset/MLD24/Sooty_Mould/Image01232.jpg,240,240,1.0,0.5981770157814026,0.6186051368713379,0.5247687697410583,0.6017997860908508,0.2628653049468994,0.2618754208087921,0.05713224411010742,0.010695389471948147,0.11465640943877552,0.0045041454081632655,0.676466703414917
external,mango sooty mould,external dataset/MLD24/Sooty_Mould/Image00972.jpg,240,240,1.0,0.6069127321243286,0.6148498058319092,0.5489427447319031,0.6049631834030151,0.24786804616451263,0.1942385882139206,0.03692209720611572,0.0077900211326777935,0.1475406568877551,0.0166015625,0.7329593300819397
external,mango sooty mould,external dataset/MLD24/Sooty_Mould/Image00974.jpg,240,240,1.0,0.6046608686447144,0.6125627756118774,0.5489150285720825,0.6029442548751831,0.2507319152355194,0.19255541265010834,0.035774827003479004,0.0075072431936860085,0.15587133290816327,0.023278061224489797,0.7326643466949463
external,mango sooty mould,external dataset/MLD24/Sooty_Mould/Image01211.jpg,240,240,1.0,0.6114797592163086,0.6204714775085449,0.5529863238334656,0.6100896596908569,0.2260408252477646,0.18011105060577393,0.03823840618133545,0.006213110405951738,0.08187181122448979,0.03198740433673469,0.7516723871231079
external,mango sooty mould,external dataset/MLD24/Sooty_Mould/Image00984.jpg,240,240,1.0,0.62485271692276,0.6307756304740906,0.5734100937843323,0.6224650144577026,0.25461721420288086,0.1855493038892746,0.031644225120544434,0.006312820129096508,0.16764987244897958,0.014568718112244899,0.7301087379455566
external,mango sooty mould,external dataset/MLD24/Sooty_Mould/Image00139.jpg,240,240,1.0,0.6456894278526306,0.6408145427703857,0.5764510631561279,0.6349347233772278,0.25929147005081177,0.19423753023147583,0.029744267463684082,0.006308246869593859,0.11752630739795919,0.019092793367346938,0.9656851887702942
external,mango sooty mould,external dataset/MLD24/Sooty_Mould/Image01077.jpg,240,240,1.0,0.5946645736694336,0.6093668937683105,0.5457674264907837,0.5977205634117126,0.2734675407409668,0.20484067499637604,0.039150893688201904,0.0073016309179365635,0.12892617984693877,0.0014150191326530613,0.6627869606018066
external,mango sooty mould,external dataset/MLD24/Sooty_Mould/Image00228.jpg,240,240,1.0,0.5914530158042908,0.6028101444244385,0.5384332537651062,0.5920754075050354,0.2822008430957794,0.2500101625919342,0.03786700963973999,0.005408029071986675,0.2181122448979592,0.08944515306122448,0.6613426208496094
external,mango sooty mould,external dataset/MLD24/Sooty_Mould/Image00118.jpg,240,240,1.0,0.6417728662490845,0.640811026096344,0.5703015327453613,0.6330605149269104,0.24334506690502167,0.21391569077968597,0.034773826599121094,0.004968082532286644,0.15953842474489796,0.005161830357142857,0.7386921048164368
external,mango sooty mould,external dataset/MLD24/Sooty_Mould/Image01177.jpg,240,240,1.0,0.645384669303894,0.6551635265350342,0.5967021584510803,0.6455750465393066,0.24199964106082916,0.17461279034614563,0.03412008285522461,0.006337312050163746,0.11104910714285714,0.016661352040816327,0.7648366689682007
external,mango sooty mould,external dataset/MLD24/Sooty_Mould/Image00428.jpg,240,240,1.0,0.6038709878921509,0.6223397254943848,0.5663295388221741,0.610432505607605,0.2720623314380646,0.1995667964220047,0.0372394323348999,0.0055351098999381065,0.22106186224489796,0.05317283163265306,0.7143879532814026
external,mango sooty mould,external dataset/MLD24/Sooty_Mould/Image00586.jpg,240,240,1.0,0.5667666792869568,0.5937279462814331,0.524677038192749,0.5777947306632996,0.3035012185573578,0.2598514258861542,0.04800605773925781,0.0058366721495985985,0.2963767538265306,0.08448262117346939,0.6404532790184021
external,mango sooty mould,external dataset/MLD24/Sooty_Mould/Image00006.jpg,240,240,1.0,0.655010998249054,0.6447849869728088,0.5878698229789734,0.6413542032241821,0.23026858270168304,0.1818602979183197,0.023344576358795166,0.005951574072241783,0.1609733737244898,0.02072704081632653,0.8910707831382751
external,mango sooty mould,external dataset/MLD24/Sooty_Mould/Image01204.jpg,240,240,1.0,0.6317400932312012,0.6403967142105103,0.5797882676124573,0.6308990716934204,0.2295437753200531,0.16546541452407837,0.03463256359100342,0.005775793921202421,0.08237005739795919,0.030472735969387755,0.7457340955734253
external,mango sooty mould,external dataset/MLD24/Sooty_Mould/Image01105.jpg,240,240,1.0,0.6022351980209351,0.612551212310791,0.5458200573921204,0.601859450340271,0.26614540815353394,0.20698165893554688,0.03852355480194092,0.007992967963218689,0.1683075573979592,0.016800860969387755,0.6803891658782959
external,mango sooty mould,external dataset/MLD24/Sooty_Mould/Image00373.jpg,240,240,1.0,0.5016019940376282,0.5176398754119873,0.4120063781738281,0.5008023381233215,0.24087876081466675,0.3177228569984436,0.060835689306259155,0.007814527489244938,0.1620495854591837,0.008669483418367346,0.8432539701461792
external,mango sooty mould,external dataset/MLD24/Sooty_Mould/Image00314.jpg,240,240,1.0,0.639100193977356,0.6380935907363892,0.5810869336128235,0.6318957805633545,0.25488585233688354,0.2184481918811798,0.02799999713897705,0.006327576003968716,0.18381297831632654,0.04994419642857143,0.7741197943687439
external,mango sooty mould,external dataset/MLD24/Sooty_Mould/Image00578.jpg,240,240,1.0,0.5784679055213928,0.6033427715301514,0.5490832328796387,0.5897196531295776,0.29308927059173584,0.23228974640369415,0.03956723213195801,0.008704310283064842,0.2651267538265306,0.1271125637755102,0.9692776799201965
external,mango sooty mould,external dataset/MLD24/Sooty_Mould/Image00733.jpg,240,240,1.0,0.6192492842674255,0.6305444240570068,0.5822204947471619,0.6216582655906677,0.24334175884723663,0.1459694653749466,0.029809534549713135,0.00735673401504755,0.11660953443877552,0.005520567602040816,0.7870193719863892
external,mango sooty mould,external dataset/MLD24/Sooty_Mould/Image01218.jpg,240,240,1.0,0.6334585547447205,0.6490668654441833,0.5808115601539612,0.6366188526153564,0.24913877248764038,0.18868504464626312,0.04193180799484253,0.009159714914858341,0.07802535076530612,0.003667091836734694,0.7120130062103271
external,mango sooty mould,external dataset/MLD24/Sooty_Mould/Image01235.jpg,240,240,1.0,0.574623703956604,0.5987062454223633,0.49343088269233704,0.5795041918754578,0.2627303898334503,0.29013848304748535,0.06467896699905396,0.01282771397382021,0.1281688456632653,0.004743303571428571,0.7778010368347168
external,mango sooty mould,external dataset/MLD24/Sooty_Mould/Image00446.jpg,240,240,1.0,0.5998092889785767,0.6177253723144531,0.5595373511314392,0.6057350635528564,0.2733985185623169,0.19375406205654144,0.03805208206176758,0.005301980301737785,0.17996651785714285,0.07830436862244898,0.6855871081352234
external,mango sooty mould,external dataset/MLD24/Sooty_Mould/Image00257.jpg,240,240,1.0,0.5400521159172058,0.5496795177459717,0.49058103561401367,0.5400636792182922,0.2923545241355896,0.2799464762210846,0.03436291217803955,0.0040087322704494,0.28495695153061223,0.16254783163265307,0.8706139326095581
external,mango sooty mould,external dataset/MLD24/Sooty_Mould/Image00741.jpg,240,240,1.0,0.594535768032074,0.608534038066864,0.5527483224868774,0.5979889631271362,0.2488097846508026,0.15746106207370758,0.03489202260971069,0.006997918710112572,0.10092474489795919,0.002849968112244898,0.9675253033638
external,mango sooty mould,external dataset/MLD24/Sooty_Mould/Image00817.jpg,240,240,1.0,0.6404410600662231,0.6510668396949768,0.6131991744041443,0.6435728073120117,0.24299615621566772,0.1530035138130188,0.02424675226211548,0.005654965993016958,0.1548748405612245,0.09078045280612244,0.9358569383621216
external,mango sooty mould,external dataset/MLD24/Sooty_Mould/Image01102.jpg,240,240,1.0,0.6021897196769714,0.6120836138725281,0.5470540523529053,0.6017119884490967,0.2618813216686249,0.1994849294424057,0.037461698055267334,0.0070935264229774475,0.17924904336734693,0.020746970663265307,0.7067410945892334
