path,hash,class
multiple leaf dataset/cashew leaf/cashew fungal infection/20251217_140740.jpg,11904595541164503404,cashew fungal infection
multiple leaf dataset/cashew leaf/cashew fungal infection/20251217_140756.jpg,11929365339356489069,cashew fungal infection
multiple leaf dataset/cashew leaf/cashew fungal infection/20251217_140849.jpg,13055037646296396140,cashew fungal infection
multiple leaf dataset/cashew leaf/cashew fungal infection/20251217_140956.jpg,13019013250275831916,cashew fungal infection
multiple leaf dataset/cashew leaf/cashew fungal infection/20251217_141006.jpg,11861810932112123596,cashew fungal infection
multiple leaf dataset/cashew leaf/cashew fungal infection/20251217_141010.jpg,13014501200827461681,cashew fungal infection
multiple leaf dataset/cashew leaf/cashew fungal infection/20251217_141021.jpg,16578763309765506713,cashew fungal infection
multiple leaf dataset/cashew leaf/cashew fungal infection/20251217_141026.jpg,17444932236608431832,cashew fungal infection
multiple leaf dataset/cashew leaf/cashew fungal infection/20251217_141058.jpg,16515155883292388449,cashew fungal infection
multiple leaf dataset/cashew leaf/cashew fungal infection/20251217_141104.jpg,17306431301043712870,cashew fungal infection
multiple leaf dataset/cashew leaf/cashew fungal infection/20251217_141127.jpg,11933019957428105883,cashew fungal infection
multiple leaf dataset/cashew leaf/cashew fungal infection/20251217_141132.jpg,13015067813585559950,cashew fungal infection
multiple leaf dataset/cashew leaf/cashew fungal infection/20251217_141201.jpg,12875449607263761308,cashew fungal infection
multiple leaf dataset/cashew leaf/cashew fungal infection/20251217_141206.jpg,12937937052102005644,cashew fungal infection
multiple leaf dataset/cashew leaf/cashew fungal infection/20251217_141215 - Copy.jpg,11858989804221394359,cashew fungal infection
multiple leaf dataset/cashew leaf/cashew fungal infection/20251217_141215.jpg,11858989804221394359,cashew fungal infection
multiple leaf dataset/cashew leaf/cashew fungal infection/20251217_141220.jpg,9553219363614200429,cashew fungal infection
multiple leaf dataset/cashew leaf/cashew fungal infection/20251217_141224.jpg,12721768706044162191,cashew fungal infection
multiple leaf dataset/cashew leaf/cashew fungal infection/20251217_141229.jpg,12722615554103521996,cashew fungal infection
multiple leaf dataset/cashew leaf/cashew fungal infection/20251217_141245.jpg,16246628480628321377,cashew fungal infection
multiple leaf dataset/cashew leaf/cashew fungal infection/20251217_141254.jpg,16225517929319969573,cashew fungal infection
multiple leaf dataset/cashew leaf/cashew fungal infection/20251217_141401 - Copy.jpg,16255345352975409558,cashew fungal infection
multiple leaf dataset/cashew leaf/cashew fungal infection/20251217_141401.jpg,16255345352975409558,cashew fungal infection
multiple leaf dataset/cashew leaf/cashew fungal infection/20251217_141407.jpg,16557077451676661191,cashew fungal infection
multiple leaf dataset/cashew leaf/cashew fungal infection/20251217_141417.jpg,16532044174653596005,cashew fungal infection
multiple leaf dataset/cashew leaf/cashew fungal infection/20251217_141422.jpg,12987470671084620748,cashew fungal infection
multiple leaf dataset/cashew leaf/cashew fungal infection/20251217_141449.jpg,12784821670797515417,cashew fungal infection
multiple leaf dataset/cashew leaf/cashew fungal infection/20251217_141457.jpg,13073038028980341644,cashew fungal infection
multiple leaf dataset/cashew leaf/cashew fungal infection/20251217_141507 - Copy.jpg,13000981263875165388,cashew fungal infection
multiple leaf dataset/cashew leaf/cashew fungal infection/20251217_141507.jpg,13000981263875165388,cashew fungal infection
multiple leaf dataset/cashew leaf/cashew fungal infection/20251217_141511 - Copy.jpg,12999290489903257916,cashew fungal infection
multiple leaf dataset/cashew leaf/cashew fungal infection/20251217_141511.jpg,12999290489903257916,cashew fungal infection
multiple leaf dataset/cashew leaf/cashew fungal infection/20251217_141519.jpg,12697560309952226364,cashew fungal infection
multiple leaf dataset/cashew leaf/cashew fungal infection/20251217_141524.jpg,12711352308929753444,cashew fungal infection
multiple leaf dataset/cashew leaf/cashew fungal infection/20251217_141546.jpg,13013364897762920651,cashew fungal infection
multiple leaf dataset/cashew leaf/cashew fungal infection/20251217_141552.jpg,13014491889346687561,cashew fungal infection
multiple leaf dataset/cashew leaf/cashew fungal infection/20251217_141559.jpg,12716133001059725620,cashew fungal infection
multiple leaf dataset/cashew leaf/cashew fungal infection/20251217_141604.jpg,13013366547783495771,cashew fungal infection
multiple leaf dataset/cashew leaf/cashew fungal infection/20251217_141611.jpg,16706554215994369378,cashew fungal infection
multiple leaf dataset/cashew leaf/cashew fungal infection/20251217_141615.jpg,16528666500700727141,cashew fungal infection
multiple leaf dataset/cashew leaf/cashew fungal infection/20251217_141624.jpg,16387640937299612570,cashew fungal infection
multiple leaf dataset/cashew leaf/cashew fungal infection/20251217_141633.jpg,17543998346247807859,cashew fungal infection
multiple leaf dataset/cashew leaf/cashew fungal infection/20251217_141637.jpg,16605221313453831730,cashew fungal infection
multiple leaf dataset/cashew leaf/cashew fungal infection/20251217_141657.jpg,12711070857572463414,cashew fungal infection
multiple leaf dataset/cashew leaf/cashew fungal infection/20251217_141703.jpg,12711075256155779890,cashew fungal infection
multiple leaf dataset/cashew leaf/cashew fungal infection/20251217_141720.jpg,11571602837874251318,cashew fungal infection
multiple leaf dataset/cashew leaf/cashew fungal infection/20251217_141728.jpg,16179064128930432869,cashew fungal infection
multiple leaf dataset/cashew leaf/cashew fungal infection/20251217_141739.jpg,11641416055949577366,cashew fungal infection
multiple leaf dataset/cashew leaf/cashew fungal infection/20251217_141745.jpg,11570765780961644179,cashew fungal infection
multiple leaf dataset/cashew leaf/cashew fungal infection/20251217_141833.jpg,16242687900798046777,cashew fungal infection
multiple leaf dataset/cashew leaf/cashew fungal infection/20251217_141853.jpg,17432532086853034085,cashew fungal infection
multiple leaf dataset/cashew leaf/cashew fungal infection/20251217_142137.jpg,12981556178978458575,cashew fungal infection
multiple leaf dataset/cashew leaf/cashew fungal infection/20251217_142144.jpg,11545495389525689291,cashew fungal infection
multiple leaf dataset/cashew leaf/cashew fungal infection/20251217_142152.jpg,12743442459439362873,cashew fungal infection
multiple leaf dataset/cashew leaf/cashew fungal infection/20251217_142156.jpg,12739503828467134822,cashew fungal infection
multiple leaf dataset/cashew leaf/cashew fungal infection/20251217_142215.jpg,17684741364720028812,cashew fungal infection
multiple leaf dataset/cashew leaf/cashew fungal infection/20251217_142220.jpg,13059809796000825548,cashew fungal infection
multiple leaf dataset/cashew leaf/cashew fungal infection/20251217_142320.jpg,16526410277611202404,cashew fungal infection
multiple leaf dataset/cashew leaf/cashew fungal infection/20251217_142324.jpg,17614928082237138484,cashew fungal infection
multiple leaf dataset/cashew leaf/cashew fungal infection/20251217_142334.jpg,12715574705768968564,cashew fungal infection
multiple leaf dataset/cashew leaf/cashew fungal infection/20251217_142339.jpg,12861939417867039292,cashew fungal infection
multiple leaf dataset/cashew leaf/cashew fungal infection/20251217_142345.jpg,16183287755749576293,cashew fungal infection
multiple leaf dataset/cashew leaf/cashew fungal infection/20251217_142351.jpg,13025186436842576243,cashew fungal infection
multiple leaf dataset/cashew leaf/cashew fungal infection/20251217_142409.jpg,16528666409439894585,cashew fungal infection
multiple leaf dataset/cashew leaf/cashew fungal infection/20251217_142413.jpg,11629647559996840585,cashew fungal infection
multiple leaf dataset/cashew leaf/cashew fungal infection/20251217_142433.jpg,17614945674418988593,cashew fungal infection
multiple leaf dataset/cashew leaf/cashew fungal infection/20251217_142439.jpg,17688391742246558348,cashew fungal infection
multiple leaf dataset/cashew leaf/cashew fungal infection/20251217_142453.jpg,17783757464945504972,cashew fungal infection
multiple leaf dataset/cashew leaf/cashew fungal infection/20251217_142505.jpg,15525892311554951372,cashew fungal infection
multiple leaf dataset/cashew leaf/cashew fungal infection/20251217_142511.jpg,14147242200201468371,cashew fungal infection
multiple leaf dataset/cashew leaf/cashew fungal infection/20251217_142532.jpg,17713672647741684099,cashew fungal infection
multiple leaf dataset/cashew leaf/cashew fungal infection/20251217_142538.jpg,17422050055105488334,cashew fungal infection
multiple leaf dataset/cashew leaf/cashew fungal infection/20251217_142545.jpg,16560468573417776027,cashew fungal infection
multiple leaf dataset/cashew leaf/cashew fungal infection/20251217_142549.jpg,16525570058263864474,cashew fungal infection
multiple leaf dataset/cashew leaf/cashew fungal infection/20251217_142556 - Copy.jpg,12987479535964325964,cashew fungal infection
multiple leaf dataset/cashew leaf/cashew fungal infection/20251217_142556.jpg,12987479535964325964,cashew fungal infection
multiple leaf dataset/cashew leaf/cashew fungal infection/20251217_142559.jpg,16530918208179809897,cashew fungal infection
multiple leaf dataset/cashew leaf/cashew fungal infection/20251217_142616.jpg,17688343310535042597,cashew fungal infection
multiple leaf dataset/cashew leaf/cashew fungal infection/20251217_142620.jpg,16529225020436220967,cashew fungal infection
multiple leaf dataset/cashew leaf/cashew fungal infection/20251217_142651.jpg,16601280457424332390,cashew fungal infection
multiple leaf dataset/cashew leaf/cashew fungal infection/20251217_142655 - Copy.jpg,16533728593518866470,cashew fungal infection
multiple leaf dataset/cashew leaf/cashew fungal infection/20251217_142655.jpg,16533728593518866470,cashew fungal infection
multiple leaf dataset/cashew leaf/cashew fungal infection/20251217_142708.jpg,16529225028184139302,cashew fungal infection
multiple leaf dataset/cashew leaf/cashew fungal infection/20251217_142738.jpg,17407413580996158297,cashew fungal infection
multiple leaf dataset/cashew leaf/cashew fungal infection/20251217_142745.jpg,17683822176220621608,cashew fungal infection
multiple leaf dataset/cashew leaf/cashew fungal infection/20251217_142749.jpg,16529218389006785611,cashew fungal infection
multiple leaf dataset/cashew leaf/cashew fungal infection/20251217_142755 - Copy.jpg,16560754235740856774,cashew fungal infection
multiple leaf dataset/cashew leaf/cashew fungal infection/20251217_142755.jpg,16560754235740856774,cashew fungal infection
multiple leaf dataset/cashew leaf/cashew fungal infection/20251217_142800.jpg,16257032009214559846,cashew fungal infection
multiple leaf dataset/cashew leaf/cashew fungal infection/20251217_142908.jpg,13025478009269833011,cashew fungal infection
multiple leaf dataset/cashew leaf/cashew fungal infection/20251217_142913.jpg,16541332658561911910,cashew fungal infection
multiple leaf dataset/cashew leaf/cashew fungal infection/20251217_142920.jpg,16677278906217227879,cashew fungal infection
multiple leaf dataset/cashew leaf/cashew fungal infection/20251217_142924.jpg,16601844489910825522,cashew fungal infection
multiple leaf dataset/cashew leaf/cashew fungal infection/20251217_142931.jpg,16595089055992355482,cashew fungal infection
multiple leaf dataset/cashew leaf/cashew fungal infection/20251217_142936 - Copy.jpg,16602407431156503244,cashew fungal infection
multiple leaf dataset/cashew leaf/cashew fungal infection/20251217_142936.jpg,16602407431156503244,cashew fungal infection
multiple leaf dataset/cashew leaf/cashew fungal infection/20251217_142942.jpg,17856082176119786544,cashew fungal infection
multiple leaf dataset/cashew leaf/cashew fungal infection/20251217_142946.jpg,17567570397989083441,cashew fungal infection
multiple leaf dataset/cashew leaf/cashew fungal infection/20251217_142952.jpg,15517447933404482766,cashew fungal infection
multiple leaf dataset/cashew leaf/cashew fungal infection/20251217_142955.jpg,15094109705871150278,cashew fungal infection
multiple leaf dataset/cashew leaf/cashew fungal infection/20251217_143001 - Copy.jpg,17758706583907439570,cashew fungal infection
multiple leaf dataset/cashew leaf/cashew fungal infection/20251217_143001.jpg,17758706583907439570,cashew fungal infection
multiple leaf dataset/cashew leaf/cashew fungal infection/20251217_143003.jpg,17535200771355616153,cashew fungal infection
multiple leaf dataset/cashew leaf/cashew fungal infection/20251217_143011.jpg,17859455769579722853,cashew fungal infection
multiple leaf dataset/cashew leaf/cashew fungal infection/20251217_143014.jpg,16670524151330073700,cashew fungal infection
multiple leaf dataset/cashew leaf/cashew fungal infection/20251217_143019.jpg,16630554430615032421,cashew fungal infection
multiple leaf dataset/cashew leaf/cashew fungal infection/20251217_143022.jpg,17424372189691872060,cashew fungal infection
multiple leaf dataset/cashew leaf/cashew fungal infection/20251217_143028.jpg,15086784622075561500,cashew fungal infection
multiple leaf dataset/cashew leaf/cashew fungal infection/20251217_143031.jpg,15518291830197989939,cashew fungal infection
multiple leaf dataset/cashew leaf/cashew fungal infection/20251217_143154.jpg,11848354421595006821,cashew fungal infection
multiple leaf dataset/cashew leaf/cashew fungal infection/20251217_143158.jpg,11630157439677576036,cashew fungal infection
multiple leaf dataset/cashew leaf/cashew fungal infection/20251217_143239.jpg,12751886927845404963,cashew fungal infection
multiple leaf dataset/cashew leaf/cashew fungal infection/20251217_143245.jpg,16243811582835648101,cashew fungal infection
multiple leaf dataset/cashew leaf/cashew fungal infection/20251217_143307.jpg,12483295304998963657,cashew fungal infection
multiple leaf dataset/cashew leaf/cashew fungal infection/20251217_143313.jpg,11870295517169649932,cashew fungal infection
multiple leaf dataset/cashew leaf/cashew fungal infection/20251217_143333.jpg,11873351434343902611,cashew fungal infection
multiple leaf dataset/cashew leaf/cashew fungal infection/20251217_143337.jpg,13042076801601185326,cashew fungal infection
multiple leaf dataset/cashew leaf/cashew fungal infection/20251217_143349.jpg,12717254759007742764,cashew fungal infection
multiple leaf dataset/cashew leaf/cashew fungal infection/20251217_143355.jpg,13041513657301414956,cashew fungal infection
multiple leaf dataset/cashew leaf/cashew fungal infection/20251217_143410.jpg,13029972747577489811,cashew fungal infection
multiple leaf dataset/cashew leaf/cashew fungal infection/20251217_143416.jpg,11563430506177117385,cashew fungal infection
multiple leaf dataset/cashew leaf/cashew fungal infection/20251217_143422.jpg,11592141368590546569,cashew fungal infection
multiple leaf dataset/cashew leaf/cashew fungal infection/20251217_143427.jpg,12749355817555735346,cashew fungal infection
multiple leaf dataset/cashew leaf/cashew fungal infection/20251217_143435.jpg,11873408625323118438,cashew fungal infection
multiple leaf dataset/cashew leaf/cashew fungal infection/20251217_143500.jpg,12751607028965258188,cashew fungal infection
multiple leaf dataset/cashew leaf/cashew fungal infection/20251217_143504.jpg,12744007393573286281,cashew fungal infection
multiple leaf dataset/cashew leaf/cashew fungal infection/20251217_143511.jpg,12884742699948913612,cashew fungal infection
multiple leaf dataset/cashew leaf/cashew fungal infection/20251217_143515.jpg,11735127616138733452,cashew fungal infection
multiple leaf dataset/cashew leaf/cashew fungal infection/20251217_143527.jpg,13041795334400860472,cashew fungal infection
multiple leaf dataset/cashew leaf/cashew fungal infection/20251217_143535.jpg,12712759683817609420,cashew fungal infection
multiple leaf dataset/cashew leaf/cashew fungal infection/20251217_143541.jpg,13005484858167511244,cashew fungal infection
multiple leaf dataset/cashew leaf/cashew fungal infection/20251217_143546 - Copy.jpg,12105280152054162584,cashew fungal infection
multiple leaf dataset/cashew leaf/cashew fungal infection/20251217_143546.jpg,12105280152054162584,cashew fungal infection
multiple leaf dataset/cashew leaf/cashew fungal infection/20251217_143550 - Copy.jpg,11880102643246719890,cashew fungal infection
multiple leaf dataset/cashew leaf/cashew fungal infection/20251217_143550.jpg,11880102643246719890,cashew fungal infection
multiple leaf dataset/cashew leaf/cashew fungal infection/20251217_143559.jpg,12031113276972046986,cashew fungal infection
multiple leaf dataset/cashew leaf/cashew fungal infection/20251217_143606.jpg,12888964794518747192,cashew fungal infection
multiple leaf dataset/cashew leaf/cashew fungal infection/IMG_20251217_140610.jpg,17317131730961577586,cashew fungal infection
multiple leaf dataset/cashew leaf/cashew fungal infection/IMG_20251217_140615.jpg,17896112530693829172,cashew fungal infection
multiple leaf dataset/cashew leaf/cashew fungal infection/IMG_20251217_140704.jpg,11957288017521500626,cashew fungal infection
multiple leaf dataset/cashew leaf/cashew fungal infection/IMG_20251217_140708.jpg,11885222924516291168,cashew fungal infection
multiple leaf dataset/cashew leaf/cashew fungal infection/IMG_20251217_140721.jpg,16848131585728668570,cashew fungal infection
multiple leaf dataset/cashew leaf/cashew fungal infection/IMG_20251217_140726.jpg,13678208517061768403,cashew fungal infection
multiple leaf dataset/cashew leaf/cashew fungal infection/IMG_20251217_140729.jpg,12533683141630976472,cashew fungal infection
multiple leaf dataset/cashew leaf/cashew fungal infection/IMG_20251217_140923.jpg,16246065599130248237,cashew fungal infection
multiple leaf dataset/cashew leaf/cashew fungal infection/IMG_20251217_140934.jpg,16244939699222357421,cashew fungal infection
multiple leaf dataset/cashew leaf/cashew fungal infection/IMG_20251217_140956.jpg,18328454403980446153,cashew fungal infection
multiple leaf dataset/cashew leaf/cashew fungal infection/IMG_20251217_141001.jpg,12246648596075537889,cashew fungal infection
multiple leaf dataset/cashew leaf/cashew fungal infection/IMG_20251217_141010.jpg,12524746035826094230,cashew fungal infection
multiple leaf dataset/cashew leaf/cashew fungal infection/IMG_20251217_141015.jpg,12237572574235943828,cashew fungal infection
multiple leaf dataset/cashew leaf/cashew fungal infection/IMG_20251217_141059.jpg,12317508872959320493,cashew fungal infection
multiple leaf dataset/cashew leaf/cashew fungal infection/IMG_20251217_141104.jpg,12524746113034773655,cashew fungal infection
multiple leaf dataset/cashew leaf/cashew fungal infection/IMG_20251217_141109.jpg,12236445317153513878,cashew fungal infection
multiple leaf dataset/cashew leaf/cashew fungal infection/IMG_20251217_141113.jpg,12381687551354823070,cashew fungal infection
multiple leaf dataset/cashew leaf/cashew fungal infection/IMG_20251217_141119.jpg,12237572335357880676,cashew fungal infection
multiple leaf dataset/cashew leaf/cashew fungal infection/IMG_20251217_141122.jpg,16921595219452256741,cashew fungal infection
multiple leaf dataset/cashew leaf/cashew fungal infection/IMG_20251217_141126.jpg,12246297881398833558,cashew fungal infection
multiple leaf dataset/cashew leaf/cashew fungal infection/IMG_20251217_141134.jpg,12533753621523685872,cashew fungal infection
multiple leaf dataset/cashew leaf/cashew fungal infection/IMG_20251217_141138.jpg,12245522927526568310,cashew fungal infection
multiple leaf dataset/cashew leaf/cashew fungal infection/IMG_20251217_141208.jpg,11660054933036427158,cashew fungal infection
multiple leaf dataset/cashew leaf/cashew fungal infection/IMG_20251217_141214.jpg,12309630236456477580,cashew fungal infection
multiple leaf dataset/cashew leaf/cashew fungal infection/IMG_20251217_141225.jpg,16256189821909629297,cashew fungal infection
multiple leaf dataset/cashew leaf/cashew fungal infection/IMG_20251217_141230.jpg,16769582733295782808,cashew fungal infection
multiple leaf dataset/cashew leaf/cashew fungal infection/IMG_20251217_141243 - Copy.jpg,16553436204164982137,cashew fungal infection
multiple leaf dataset/cashew leaf/cashew fungal infection/IMG_20251217_141243.jpg,16553436204164982137,cashew fungal infection
multiple leaf dataset/cashew leaf/cashew fungal infection/IMG_20251217_141249.jpg,16404815277576562537,cashew fungal infection
multiple leaf dataset/cashew leaf/cashew fungal infection/IMG_20251217_141336.jpg,12236445574813803478,cashew fungal infection
multiple leaf dataset/cashew leaf/cashew fungal infection/IMG_20251217_141342.jpg,18192998510969693276,cashew fungal infection
multiple leaf dataset/cashew leaf/cashew fungal infection/IMG_20251217_141402.jpg,16544429074167703140,cashew fungal infection
multiple leaf dataset/cashew leaf/cashew fungal infection/IMG_20251217_141408.jpg,17769176510913196489,cashew fungal infection
multiple leaf dataset/cashew leaf/cashew fungal infection/IMG_20251217_141419.jpg,18184061044797748427,cashew fungal infection
multiple leaf dataset/cashew leaf/cashew fungal infection/IMG_20251217_141424.jpg,18193067535426204750,cashew fungal infection
multiple leaf dataset/cashew leaf/cashew fungal infection/IMG_20251217_141528 - Copy.jpg,18337180567420352052,cashew fungal infection
multiple leaf dataset/cashew leaf/cashew fungal infection/IMG_20251217_141528.jpg,18337180567420352052,cashew fungal infection
multiple leaf dataset/cashew leaf/cashew fungal infection/IMG_20251217_141533.jpg,18392631335828956212,cashew fungal infection
multiple leaf dataset/cashew leaf/cashew fungal infection/IMG_20251217_141545.jpg,17826305845807101126,cashew fungal infection
multiple leaf dataset/cashew leaf/cashew fungal infection/IMG_20251217_141550.jpg,17814147496705614926,cashew fungal infection
multiple leaf dataset/cashew leaf/cashew fungal infection/IMG_20251217_141557.jpg,17328329192278467893,cashew fungal infection
multiple leaf dataset/cashew leaf/cashew fungal infection/IMG_20251217_141602.jpg,13725494747072901694,cashew fungal infection
multiple leaf dataset/cashew leaf/cashew fungal infection/IMG_20251217_141628.jpg,17535502012573300425,cashew fungal infection
multiple leaf dataset/cashew leaf/cashew fungal infection/IMG_20251217_141631.jpg,16238465740933768778,cashew fungal infection
multiple leaf dataset/cashew leaf/cashew fungal infection/IMG_20251217_141641.jpg,18392648996734223396,cashew fungal infection
multiple leaf dataset/cashew leaf/cashew fungal infection/IMG_20251217_141646.jpg,18193067776431461430,cashew fungal infection
multiple leaf dataset/cashew leaf/cashew fungal infection/IMG_20251217_141656.jpg,17904772352991637556,cashew fungal infection
multiple leaf dataset/cashew leaf/cashew fungal infection/IMG_20251217_141702.jpg,17328377554214401076,cashew fungal infection
multiple leaf dataset/cashew leaf/cashew fungal infection/IMG_20251217_141713.jpg,18409238428190876710,cashew fungal infection
multiple leaf dataset/cashew leaf/cashew fungal infection/IMG_20251217_141719.jpg,18193067569753044020,cashew fungal infection
multiple leaf dataset/cashew leaf/cashew fungal infection/IMG_20251217_141732.jpg,17326077392994182965,cashew fungal infection
multiple leaf dataset/cashew leaf/cashew fungal infection/IMG_20251217_141738.jpg,17616608136537060408,cashew fungal infection
multiple leaf dataset/cashew leaf/cashew fungal infection/IMG_20251217_141749.jpg,17702685325770304633,cashew fungal infection
multiple leaf dataset/cashew leaf/cashew fungal infection/IMG_20251217_141757.jpg,18323669334745167059,cashew fungal infection
multiple leaf dataset/cashew leaf/cashew fungal infection/IMG_20251217_141808.jpg,18328173204424768025,cashew fungal infection
multiple leaf dataset/cashew leaf/cashew fungal infection/IMG_20251217_141817.jpg,17891327321927070411,cashew fungal infection
multiple leaf dataset/cashew leaf/cashew fungal infection/IMG_20251217_141829.jpg,16261538962896231641,cashew fungal infection
multiple leaf dataset/cashew leaf/cashew fungal infection/IMG_20251217_141838.jpg,17328377760384955960,cashew fungal infection
multiple leaf dataset/cashew leaf/cashew fungal infection/IMG_20251217_142012.jpg,16252530328598989974,cashew fungal infection
multiple leaf dataset/cashew leaf/cashew fungal infection/IMG_20251217_142344.jpg,12719158676401041867,cashew fungal infection
multiple leaf dataset/cashew leaf/cashew fungal infection/IMG_20251217_142353.jpg,12736689263221027785,cashew fungal infection
multiple leaf dataset/cashew leaf/cashew fungal infection/IMG_20251217_142447.jpg,16473766568655297156,cashew fungal infection
multiple leaf dataset/cashew leaf/cashew fungal infection/IMG_20251217_142453.jpg,17637164026556485515,cashew fungal infection
multiple leaf dataset/cashew leaf/cashew fungal infection/IMG_20251217_142520.jpg,16613384789135079064,cashew fungal infection
multiple leaf dataset/cashew leaf/cashew fungal infection/IMG_20251217_142546.jpg,13817255237325436489,cashew fungal infection
multiple leaf dataset/cashew leaf/cashew fungal infection/IMG_20251217_142553.jpg,13799522303992871533,cashew fungal infection
multiple leaf dataset/cashew leaf/cashew fungal infection/IMG_20251217_142602.jpg,17476727858401522633,cashew fungal infection
multiple leaf dataset/cashew leaf/cashew fungal infection/IMG_20251217_142609.jpg,16685443480277100248,cashew fungal infection
multiple leaf dataset/cashew leaf/cashew fungal infection/IMG_20251217_142621.jpg,16251976381698026458,cashew fungal infection
multiple leaf dataset/cashew leaf/cashew fungal infection/IMG_20251217_142628.jpg,16483911762243433370,cashew fungal infection
multiple leaf dataset/cashew leaf/cashew fungal infection/IMG_20251217_142637.jpg,16542458555794859930,cashew fungal infection
multiple leaf dataset/cashew leaf/cashew fungal infection/IMG_20251217_142643.jpg,17636882534420915918,cashew fungal infection
multiple leaf dataset/cashew leaf/cashew fungal infection/IMG_20251217_142652.jpg,16540206773141120921,cashew fungal infection
multiple leaf dataset/cashew leaf/cashew fungal infection/IMG_20251217_142844.jpg,16251694960680789901,cashew fungal infection
multiple leaf dataset/cashew leaf/cashew fungal infection/IMG_20251217_142855 - Copy.jpg,13800085219590748461,cashew fungal infection
multiple leaf dataset/cashew leaf/cashew fungal infection/IMG_20251217_142855.jpg,13800085219590748461,cashew fungal infection
multiple leaf dataset/cashew leaf/cashew fungal infection/IMG_20251217_142902.jpg,13745479945573912521,cashew fungal infection
multiple leaf dataset/cashew leaf/cashew fungal infection/IMG_20251217_142911.jpg,12736407827168072652,cashew fungal infection
multiple leaf dataset/cashew leaf/cashew fungal infection/IMG_20251217_142919.jpg,12738932048200295630,cashew fungal infection
multiple leaf dataset/cashew leaf/cashew fungal infection/IMG_20251217_142927.jpg,16688818929434765017,cashew fungal infection
multiple leaf dataset/cashew leaf/cashew fungal infection/IMG_20251217_142931.jpg,16612333653527573196,cashew fungal infection
multiple leaf dataset/cashew leaf/cashew fungal infection/IMG_20251217_142941.jpg,17783247564666250444,cashew fungal infection
multiple leaf dataset/cashew leaf/cashew fungal infection/IMG_20251217_142946 - Copy.jpg,16541328294415833241,cashew fungal infection
multiple leaf dataset/cashew leaf/cashew fungal infection/IMG_20251217_142946.jpg,16541328294415833241,cashew fungal infection
multiple leaf dataset/cashew leaf/cashew fungal infection/IMG_20251217_143006.jpg,17496076844624491084,cashew fungal infection
multiple leaf dataset/cashew leaf/cashew fungal infection/IMG_20251217_143013.jpg,16688255970916607705,cashew fungal infection
multiple leaf dataset/cashew leaf/cashew fungal infection/IMG_20251217_143021.jpg,12811842025524416048,cashew fungal infection
multiple leaf dataset/cashew leaf/cashew fungal infection/IMG_20251217_143027.jpg,12955884654020014905,cashew fungal infection
multiple leaf dataset/cashew leaf/cashew fungal infection/IMG_20251217_143036.jpg,16333040060672347494,cashew fungal infection
multiple leaf dataset/cashew leaf/cashew fungal infection/IMG_20251217_143041.jpg,16477153118406679366,cashew fungal infection
multiple leaf dataset/cashew leaf/cashew fungal infection/IMG_20251217_143137.jpg,16491788696569652872,cashew fungal infection
multiple leaf dataset/cashew leaf/cashew fungal infection/IMG_20251217_143145.jpg,16616762436704674713,cashew fungal infection
multiple leaf dataset/cashew leaf/cashew fungal infection/IMG_20251217_143151.jpg,17333457146795504076,cashew fungal infection
multiple leaf dataset/cashew leaf/cashew fungal infection/IMG_20251217_143156.jpg,17493046637789132748,cashew fungal infection
multiple leaf dataset/cashew leaf/cashew fungal infection/IMG_20251217_143204.jpg,12738377912284689094,cashew fungal infection
multiple leaf dataset/cashew leaf/cashew fungal infection/IMG_20251217_143209.jpg,13742946885924500284,cashew fungal infection
multiple leaf dataset/cashew leaf/cashew fungal infection/IMG_20251217_143221.jpg,12737814969847460806,cashew fungal infection
multiple leaf dataset/cashew leaf/cashew fungal infection/IMG_20251217_143233.jpg,13322144523445604787,cashew fungal infection
multiple leaf dataset/cashew leaf/cashew fungal infection/IMG_20251217_143238.jpg,13598840907331220344,cashew fungal infection
multiple leaf dataset/cashew leaf/cashew fungal infection/IMG_20251217_143312.jpg,13165362844634395772,cashew fungal infection
multiple leaf dataset/cashew leaf/cashew fungal infection/IMG_20251217_143319.jpg,13037010465699295480,cashew fungal infection
multiple leaf dataset/cashew leaf/cashew fungal infection/IMG_20251217_143331.jpg,13760961280399350124,cashew fungal infection
multiple leaf dataset/cashew leaf/cashew fungal infection/IMG_20251217_143340.jpg,13817256129741724100,cashew fungal infection
multiple leaf dataset/cashew leaf/cashew fungal infection/IMG_20251217_143351.jpg,13177753976393708431,cashew fungal infection
multiple leaf dataset/cashew leaf/cashew fungal infection/IMG_20251217_143404.jpg,17550189581891243212,cashew fungal infection
multiple leaf dataset/cashew leaf/cashew fungal infection/IMG_20251217_143501.jpg,13601367554012033750,cashew fungal infection
multiple leaf dataset/cashew leaf/cashew fungal infection/IMG_20251217_143505.jpg,13740695499639264049,cashew fungal infection
multiple leaf dataset/cashew leaf/cashew fungal infection/IMG_20251217_143517.jpg,17621119952955323019,cashew fungal infection
multiple leaf dataset/cashew leaf/cashew fungal infection/IMG_20251217_143525.jpg,17639415826437278531,cashew fungal infection
multiple leaf dataset/cashew leaf/cashew fungal infection/IMG_20251217_143539.jpg,12529175118273733104,cashew fungal infection
multiple leaf dataset/cashew leaf/cashew fungal infection/IMG_20251217_143603.jpg,13817255231948470985,cashew fungal infection
multiple leaf dataset/cashew leaf/cashew fungal infection/IMG_20251217_143612.jpg,12737181660819436220,cashew fungal infection
multiple leaf dataset/cashew leaf/cashew fungal infection/IMG_20251217_143618.jpg,13740704294652228408,cashew fungal infection
multiple leaf dataset/cashew leaf/cashew healthy/20251217_140341.jpg,11644293124613629297,cashew healthy
multiple leaf dataset/cashew leaf/cashew healthy/20251217_140411.jpg,11631847388555604836,cashew healthy
multiple leaf dataset/cashew leaf/cashew healthy/20251217_140557.jpg,12880802068531590092,cashew healthy
multiple leaf dataset/cashew leaf/cashew healthy/20251217_140606.jpg,11572790296364403100,cashew healthy
multiple leaf dataset/cashew leaf/cashew healthy/20251217_140630.jpg,16253946963700376980,cashew healthy
multiple leaf dataset/cashew leaf/cashew healthy/20251217_140718.jpg,11906558379865027900,cashew healthy
multiple leaf dataset/cashew leaf/cashew healthy/20251217_140807.jpg,13015349258682010764,cashew healthy
multiple leaf dataset/cashew leaf/cashew healthy/20251217_140811.jpg,13084023703264768649,cashew healthy
multiple leaf dataset/cashew leaf/cashew healthy/20251217_140916.jpg,13023508330290426420,cashew healthy
multiple leaf dataset/cashew leaf/cashew healthy/20251217_141036.jpg,17379565331467033452,cashew healthy
multiple leaf dataset/cashew leaf/cashew healthy/20251217_141042.jpg,16528663109781002458,cashew healthy
multiple leaf dataset/cashew leaf/cashew healthy/20251217_141111.jpg,13082046070047063077,cashew healthy
multiple leaf dataset/cashew leaf/cashew healthy/20251217_141116.jpg,11834557962633428540,cashew healthy
multiple leaf dataset/cashew leaf/cashew healthy/20251217_141139.jpg,16544144101263546726,cashew healthy
multiple leaf dataset/cashew leaf/cashew healthy/20251217_141143.jpg,12810434406665760460,cashew healthy
multiple leaf dataset/cashew leaf/cashew healthy/20251217_141149.jpg,16255354079271150238,cashew healthy
multiple leaf dataset/cashew leaf/cashew healthy/20251217_141154.jpg,13007480101240458970,cashew healthy
multiple leaf dataset/cashew leaf/cashew healthy/20251217_141309.jpg,13027720942173960905,cashew healthy
multiple leaf dataset/cashew leaf/cashew healthy/20251217_141318.jpg,13028574189453391555,cashew healthy
multiple leaf dataset/cashew leaf/cashew healthy/20251217_141331.jpg,12984655919790764598,cashew healthy
multiple leaf dataset/cashew leaf/cashew healthy/20251217_141337.jpg,12741751161878623195,cashew healthy
multiple leaf dataset/cashew leaf/cashew healthy/20251217_141348.jpg,12987479464560374580,cashew healthy
multiple leaf dataset/cashew leaf/cashew healthy/20251217_141352.jpg,17598321074717353520,cashew healthy
multiple leaf dataset/cashew leaf/cashew healthy/20251217_141431.jpg,16255345285329680006,cashew healthy
multiple leaf dataset/cashew leaf/cashew healthy/20251217_141436.jpg,13606432401171727923,cashew healthy
multiple leaf dataset/cashew leaf/cashew healthy/20251217_141757.jpg,12987470396290706460,cashew healthy
multiple leaf dataset/cashew leaf/cashew healthy/20251217_141802.jpg,16243813800704809545,cashew healthy
multiple leaf dataset/cashew leaf/cashew healthy/20251217_141813.jpg,16686569347159975570,cashew healthy
multiple leaf dataset/cashew leaf/cashew healthy/20251217_141820.jpg,16545268598841989302,cashew healthy
multiple leaf dataset/cashew leaf/cashew healthy/20251217_141931.jpg,12750758364365336731,cashew healthy
multiple leaf dataset/cashew leaf/cashew healthy/20251217_141938.jpg,12813799964130163859,cashew healthy
multiple leaf dataset/cashew leaf/cashew healthy/20251217_141954.jpg,12739780906298062531,cashew healthy
multiple leaf dataset/cashew leaf/cashew healthy/20251217_142001.jpg,13037862724635817188,cashew healthy
multiple leaf dataset/cashew leaf/cashew healthy/20251217_142010.jpg,13025478007139215299,cashew healthy
multiple leaf dataset/cashew leaf/cashew healthy/20251217_142015.jpg,11872486135130394503,cashew healthy
multiple leaf dataset/cashew leaf/cashew healthy/20251217_142027.jpg,16572853147065001625,cashew healthy
multiple leaf dataset/cashew leaf/cashew healthy/20251217_142034.jpg,12890372216931431308,cashew healthy
multiple leaf dataset/cashew leaf/cashew healthy/20251217_142045.jpg,12748788078709256399,cashew healthy
multiple leaf dataset/cashew leaf/cashew healthy/20251217_142116.jpg,12063345246747714597,cashew healthy
multiple leaf dataset/cashew leaf/cashew healthy/20251217_142123.jpg,12715015913610179362,cashew healthy
multiple leaf dataset/cashew leaf/cashew healthy/20251217_142226.jpg,16273641222149857686,cashew healthy
multiple leaf dataset/cashew leaf/cashew healthy/20251217_142232.jpg,16250850548371514774,cashew healthy
multiple leaf dataset/cashew leaf/cashew healthy/20251217_142241.jpg,16561598648588248206,cashew healthy
multiple leaf dataset/cashew leaf/cashew healthy/20251217_142247.jpg,17637155230547209667,cashew healthy
multiple leaf dataset/cashew leaf/cashew healthy/20251217_142255.jpg,16557086249909817318,cashew healthy
multiple leaf dataset/cashew leaf/cashew healthy/20251217_142259.jpg,17713452615493519922,cashew healthy
multiple leaf dataset/cashew leaf/cashew healthy/20251217_142306.jpg,17637955655626335950,cashew healthy
multiple leaf dataset/cashew leaf/cashew healthy/20251217_142310.jpg,17710012156061557898,cashew healthy
multiple leaf dataset/cashew leaf/cashew healthy/20251217_142358.jpg,12752170799514809097,cashew healthy
multiple leaf dataset/cashew leaf/cashew healthy/20251217_142402.jpg,11562040529666008870,cashew healthy
multiple leaf dataset/cashew leaf/cashew healthy/20251217_142420.jpg,11707614992872256103,cashew healthy
multiple leaf dataset/cashew leaf/cashew healthy/20251217_142426.jpg,16668552732182210201,cashew healthy
multiple leaf dataset/cashew leaf/cashew healthy/20251217_142457.jpg,16597622188968666761,cashew healthy
multiple leaf dataset/cashew leaf/cashew healthy/20251217_142517.jpg,17425499448610523427,cashew healthy
multiple leaf dataset/cashew leaf/cashew healthy/20251217_142523.jpg,16543584457574396070,cashew healthy
multiple leaf dataset/cashew leaf/cashew healthy/20251217_142605.jpg,17607256802149820115,cashew healthy
multiple leaf dataset/cashew leaf/cashew healthy/20251217_142609.jpg,17455052494193177392,cashew healthy
multiple leaf dataset/cashew leaf/cashew healthy/20251217_142639.jpg,11628745683914816615,cashew healthy
multiple leaf dataset/cashew leaf/cashew healthy/20251217_142644.jpg,16543580058725803672,cashew healthy
multiple leaf dataset/cashew leaf/cashew healthy/20251217_142702.jpg,16528659913466537574,cashew healthy
multiple leaf dataset/cashew leaf/cashew healthy/20251217_142721.jpg,11931894040299464346,cashew healthy
multiple leaf dataset/cashew leaf/cashew healthy/20251217_142725.jpg,12739503794208060364,cashew healthy
multiple leaf dataset/cashew leaf/cashew healthy/20251217_142734.jpg,17857766671701390189,cashew healthy
multiple leaf dataset/cashew leaf/cashew healthy/20251217_142807.jpg,17860867314845954712,cashew healthy
multiple leaf dataset/cashew leaf/cashew healthy/20251217_142811.jpg,16563283280821382296,cashew healthy
multiple leaf dataset/cashew leaf/cashew healthy/20251217_142816.jpg,17842008710429488077,cashew healthy
multiple leaf dataset/cashew leaf/cashew healthy/20251217_142820.jpg,16472648364494054555,cashew healthy
multiple leaf dataset/cashew leaf/cashew healthy/20251217_142842.jpg,17783757474084842649,cashew healthy
multiple leaf dataset/cashew leaf/cashew healthy/20251217_142847.jpg,17373142876377788764,cashew healthy
multiple leaf dataset/cashew leaf/cashew healthy/20251217_142856.jpg,17542027209562229091,cashew healthy
multiple leaf dataset/cashew leaf/cashew healthy/20251217_142900.jpg,16634495355166825057,cashew healthy
multiple leaf dataset/cashew leaf/cashew healthy/20251217_143253.jpg,11630993086277663448,cashew healthy
multiple leaf dataset/cashew leaf/cashew healthy/20251217_143259.jpg,13073055345252471500,cashew healthy
multiple leaf dataset/cashew leaf/cashew healthy/20251217_143320.jpg,12747099628052756588,cashew healthy
multiple leaf dataset/cashew leaf/cashew healthy/20251217_143325.jpg,11667875103183024805,cashew healthy
multiple leaf dataset/cashew leaf/cashew healthy/20251217_143441.jpg,12743994441555284787,cashew healthy
multiple leaf dataset/cashew leaf/cashew healthy/20251217_143448.jpg,12820837271265310825,cashew healthy
multiple leaf dataset/cashew leaf/cashew healthy/20251217_143454.jpg,12717263486398178412,cashew healthy
multiple leaf dataset/cashew leaf/cashew healthy/20251217_143523.jpg,12737247630442247117,cashew healthy
multiple leaf dataset/cashew leaf/cashew healthy/20251217_143926.jpg,17389412107700968614,cashew healthy
multiple leaf dataset/cashew leaf/cashew healthy/20251217_143931.jpg,16521066253279113670,cashew healthy
multiple leaf dataset/cashew leaf/cashew healthy/20251217_143954.jpg,16416909791557682792,cashew healthy
multiple leaf dataset/cashew leaf/cashew healthy/20251217_143958.jpg,16270542812324531297,cashew healthy
multiple leaf dataset/cashew leaf/cashew healthy/20251217_144004.jpg,16485086934178434662,cashew healthy
multiple leaf dataset/cashew leaf/cashew healthy/20251217_144008.jpg,16521066254080380114,cashew healthy
multiple leaf dataset/cashew leaf/cashew healthy/20251217_144025.jpg,12710507883902376844,cashew healthy
multiple leaf dataset/cashew leaf/cashew healthy/20251217_144031.jpg,12715011688710917068,cashew healthy
multiple leaf dataset/cashew leaf/cashew healthy/20251217_144038.jpg,12879945090986265030,cashew healthy
multiple leaf dataset/cashew leaf/cashew healthy/20251217_144042.jpg,12746536955899877676,cashew healthy
multiple leaf dataset/cashew leaf/cashew healthy/20251217_144051.jpg,12699249159879641544,cashew healthy
multiple leaf dataset/cashew leaf/cashew healthy/20251217_144055.jpg,12717193189678434697,cashew healthy
multiple leaf dataset/cashew leaf/cashew healthy/20251217_144128.jpg,13089940481734708172,cashew healthy
multiple leaf dataset/cashew leaf/cashew healthy/20251217_144132.jpg,13069690839802616473,cashew healthy
multiple leaf dataset/cashew leaf/cashew healthy/20251217_144155.jpg,12738035075861564723,cashew healthy
multiple leaf dataset/cashew leaf/cashew healthy/20251217_144159.jpg,13037571073716634062,cashew healthy
multiple leaf dataset/cashew leaf/cashew healthy/20251217_144209.jpg,12784763333062137548,cashew healthy
multiple leaf dataset/cashew leaf/cashew healthy/20251217_144213.jpg,13037570798838716878,cashew healthy
multiple leaf dataset/cashew leaf/cashew healthy/20251217_144221.jpg,13022892537697552153,cashew healthy
multiple leaf dataset/cashew leaf/cashew healthy/20251217_144224.jpg,12717263282232083404,cashew healthy
multiple leaf dataset/cashew leaf/cashew healthy/20251217_144228.jpg,13071868908952931020,cashew healthy
multiple leaf dataset/cashew leaf/cashew healthy/20251217_144231.jpg,16675875690932441752,cashew healthy
multiple leaf dataset/cashew leaf/cashew healthy/20251217_144236.jpg,12820780099877560684,cashew healthy
multiple leaf dataset/cashew leaf/cashew healthy/20251217_144242.jpg,11665904762202397592,cashew healthy
multiple leaf dataset/cashew leaf/cashew healthy/20251217_144251.jpg,12717210712859592588,cashew healthy
multiple leaf dataset/cashew leaf/cashew healthy/20251217_144254.jpg,12712750886813682584,cashew healthy
multiple leaf dataset/cashew leaf/cashew healthy/20251217_144301.jpg,11671253015248518169,cashew healthy
multiple leaf dataset/cashew leaf/cashew healthy/20251217_144304.jpg,13003231131054492106,cashew healthy
multiple leaf dataset/cashew leaf/cashew healthy/20251217_144312.jpg,13041513922514617548,cashew healthy
multiple leaf dataset/cashew leaf/cashew healthy/20251217_144315.jpg,12785094349311220430,cashew healthy
multiple leaf dataset/cashew leaf/cashew healthy/20251217_144330.jpg,13041459986264998796,cashew healthy
multiple leaf dataset/cashew leaf/cashew healthy/20251217_144334.jpg,12748779679639107692,cashew healthy
multiple leaf dataset/cashew leaf/cashew healthy/20251217_144350.jpg,13055024858835175629,cashew healthy
multiple leaf dataset/cashew leaf/cashew healthy/20251217_144354.jpg,12820780103098929804,cashew healthy
multiple leaf dataset/cashew leaf/cashew healthy/20251217_144403.jpg,12717197587422876556,cashew healthy
multiple leaf dataset/cashew leaf/cashew healthy/20251217_144407.jpg,12717193186788610994,cashew healthy
multiple leaf dataset/cashew leaf/cashew healthy/20251217_144423.jpg,11667021818821532056,cashew healthy
multiple leaf dataset/cashew leaf/cashew healthy/20251217_144427.jpg,11667021956260468376,cashew healthy
multiple leaf dataset/cashew leaf/cashew healthy/20251217_144435.jpg,11630993434118899352,cashew healthy
multiple leaf dataset/cashew leaf/cashew healthy/20251217_144439.jpg,16278709065593034392,cashew healthy
multiple leaf dataset/cashew leaf/cashew healthy/20251217_144444.jpg,17206729761598302818,cashew healthy
multiple leaf dataset/cashew leaf/cashew healthy/20251217_144449.jpg,16422831817123090457,cashew healthy
multiple leaf dataset/cashew leaf/cashew healthy/20251217_144454.jpg,16242961743617365209,cashew healthy
multiple leaf dataset/cashew leaf/cashew healthy/20251217_144457.jpg,16387082296929981593,cashew healthy
multiple leaf dataset/cashew leaf/cashew healthy/20251217_144538.jpg,13072980578693517980,cashew healthy
multiple leaf dataset/cashew leaf/cashew healthy/20251217_144545.jpg,12751040280649353516,cashew healthy
multiple leaf dataset/cashew leaf/cashew healthy/20251217_144548.jpg,16422829686483784306,cashew healthy
multiple leaf dataset/cashew leaf/cashew healthy/20251217_144554.jpg,16422831885842518601,cashew healthy
multiple leaf dataset/cashew leaf/cashew healthy/20251217_144559.jpg,11668140086622065304,cashew healthy
multiple leaf dataset/cashew leaf/cashew healthy/20251217_144606.jpg,16279270778596137113,cashew healthy
multiple leaf dataset/cashew leaf/cashew healthy/20251217_144609.jpg,11667021887591584409,cashew healthy
multiple leaf dataset/cashew leaf/cashew healthy/20251217_144615.jpg,13034756195100105421,cashew healthy
multiple leaf dataset/cashew leaf/cashew healthy/20251217_144620.jpg,11668147782935091416,cashew healthy
multiple leaf dataset/cashew leaf/cashew healthy/20251217_144627.jpg,11669282411238706889,cashew healthy
multiple leaf dataset/cashew leaf/cashew healthy/20251217_144629.jpg,11668710715708486508,cashew healthy
multiple leaf dataset/cashew leaf/cashew healthy/20251217_144635.jpg,11667004360904055448,cashew healthy
multiple leaf dataset/cashew leaf/cashew healthy/20251217_144639.jpg,12710499087809485708,cashew healthy
multiple leaf dataset/cashew leaf/cashew healthy/20251217_144645.jpg,13040612004334430049,cashew healthy
multiple leaf dataset/cashew leaf/cashew healthy/20251217_144648.jpg,12753853028760470982,cashew healthy
multiple leaf dataset/cashew leaf/cashew healthy/20251217_144655.jpg,12751044884686474124,cashew healthy
multiple leaf dataset/cashew leaf/cashew healthy/20251217_144700.jpg,12823030804373096905,cashew healthy
multiple leaf dataset/cashew leaf/cashew healthy/20251217_144706.jpg,11887686363682589036,cashew healthy
multiple leaf dataset/cashew leaf/cashew healthy/20251217_144709.jpg,11666749398507572364,cashew healthy
multiple leaf dataset/cashew leaf/cashew healthy/20251217_144731.jpg,13041459990555952076,cashew healthy
multiple leaf dataset/cashew leaf/cashew healthy/20251217_144739.jpg,11659430727186080902,cashew healthy
multiple leaf dataset/cashew leaf/cashew healthy/20251217_144743.jpg,12820797696357511276,cashew healthy
multiple leaf dataset/cashew leaf/cashew healthy/20251217_144747.jpg,13108997280816117965,cashew healthy
multiple leaf dataset/cashew leaf/cashew healthy/20251217_144750.jpg,12784738386280432588,cashew healthy
multiple leaf dataset/cashew leaf/cashew healthy/20251217_144756.jpg,12822200890308740772,cashew healthy
multiple leaf dataset/cashew leaf/cashew healthy/20251217_144758.jpg,11956386953300644401,cashew healthy
multiple leaf dataset/cashew leaf/cashew healthy/20251217_144802.jpg,12987409303115252680,cashew healthy
multiple leaf dataset/cashew leaf/cashew healthy/20251217_144805.jpg,11632181662239789716,cashew healthy
multiple leaf dataset/cashew leaf/cashew healthy/20251217_144810.jpg,11635505689178721929,cashew healthy
multiple leaf dataset/cashew leaf/cashew healthy/20251217_144818.jpg,16423111155890427425,cashew healthy
multiple leaf dataset/cashew leaf/cashew healthy/20251217_144822.jpg,12749351702441586748,cashew healthy
multiple leaf dataset/cashew leaf/cashew healthy/20251217_144825.jpg,12746536955933436196,cashew healthy
multiple leaf dataset/cashew leaf/cashew healthy/20251217_144830.jpg,12749351626205508158,cashew healthy
multiple leaf dataset/cashew leaf/cashew healthy/20251217_144833.jpg,11667875086871393129,cashew healthy
multiple leaf dataset/cashew leaf/cashew healthy/20251217_144839.jpg,11630993017507862173,cashew healthy
multiple leaf dataset/cashew leaf/cashew healthy/20251217_144843.jpg,12820784497924229772,cashew healthy
multiple leaf dataset/cashew leaf/cashew healthy/20251217_144849.jpg,11667867408543685784,cashew healthy
multiple leaf dataset/cashew leaf/cashew healthy/20251217_144852.jpg,11631257111607547596,cashew healthy
multiple leaf dataset/cashew leaf/cashew healthy/20251217_144857.jpg,16386800890672681620,cashew healthy
multiple leaf dataset/cashew leaf/cashew healthy/20251217_144859.jpg,16387363839938434708,cashew healthy
multiple leaf dataset/cashew leaf/cashew healthy/20251217_144904.jpg,12712751162597415724,cashew healthy
multiple leaf dataset/cashew leaf/cashew healthy/20251217_144906.jpg,11667312135844213613,cashew healthy
multiple leaf dataset/cashew leaf/cashew healthy/20251217_144910.jpg,12784755837404697496,cashew healthy
multiple leaf dataset/cashew leaf/cashew healthy/20251217_144913.jpg,13001262733513691852,cashew healthy
multiple leaf dataset/cashew leaf/cashew healthy/IMG_20251217_140402.jpg,16819984271670404973,cashew healthy
multiple leaf dataset/cashew leaf/cashew healthy/IMG_20251217_140416.jpg,16883315162074277532,cashew healthy
multiple leaf dataset/cashew leaf/cashew healthy/IMG_20251217_140545.jpg,16266103099081044073,cashew healthy
multiple leaf dataset/cashew leaf/cashew healthy/IMG_20251217_141024.jpg,12536216390114107888,cashew healthy
multiple leaf dataset/cashew leaf/cashew healthy/IMG_20251217_141028.jpg,12318916466880373745,cashew healthy
multiple leaf dataset/cashew leaf/cashew healthy/IMG_20251217_141035.jpg,12245453701815100912,cashew healthy
multiple leaf dataset/cashew leaf/cashew healthy/IMG_20251217_141039.jpg,12246859732371726835,cashew healthy
multiple leaf dataset/cashew leaf/cashew healthy/IMG_20251217_141046.jpg,12389849062932964155,cashew healthy
multiple leaf dataset/cashew leaf/cashew healthy/IMG_20251217_141051.jpg,11671525482319996257,cashew healthy
multiple leaf dataset/cashew leaf/cashew healthy/IMG_20251217_141151.jpg,12237852949164155294,cashew healthy
multiple leaf dataset/cashew leaf/cashew healthy/IMG_20251217_141158.jpg,12173747688975524217,cashew healthy
multiple leaf dataset/cashew leaf/cashew healthy/IMG_20251217_141302.jpg,16260702297105573481,cashew healthy
multiple leaf dataset/cashew leaf/cashew healthy/IMG_20251217_141309.jpg,17412833235989771124,cashew healthy
multiple leaf dataset/cashew leaf/cashew healthy/IMG_20251217_141436.jpg,17319313274840691275,cashew healthy
multiple leaf dataset/cashew leaf/cashew healthy/IMG_20251217_141443.jpg,18184061688495944248,cashew healthy
multiple leaf dataset/cashew leaf/cashew healthy/IMG_20251217_141449.jpg,17319321473348088922,cashew healthy
multiple leaf dataset/cashew leaf/cashew healthy/IMG_20251217_141459.jpg,18183989825691268122,cashew healthy
multiple leaf dataset/cashew leaf/cashew healthy/IMG_20251217_141512.jpg,17328307232716698662,cashew healthy
multiple leaf dataset/cashew leaf/cashew healthy/IMG_20251217_141516.jpg,17326640325288887604,cashew healthy
multiple leaf dataset/cashew leaf/cashew healthy/IMG_20251217_141521.jpg,17614356164392072228,cashew healthy
multiple leaf dataset/cashew leaf/cashew healthy/IMG_20251217_141610.jpg,17616607874523279924,cashew healthy
multiple leaf dataset/cashew leaf/cashew healthy/IMG_20251217_141615.jpg,18193068914610811464,cashew healthy
multiple leaf dataset/cashew leaf/cashew healthy/IMG_20251217_141623.jpg,16670806902683477611,cashew healthy
multiple leaf dataset/cashew leaf/cashew healthy/IMG_20251217_141859.jpg,13562805513364604470,cashew healthy
multiple leaf dataset/cashew leaf/cashew healthy/IMG_20251217_141920.jpg,17892453295888281675,cashew healthy
multiple leaf dataset/cashew leaf/cashew healthy/IMG_20251217_141948.jpg,16242687900797934233,cashew healthy
multiple leaf dataset/cashew leaf/cashew healthy/IMG_20251217_141955.jpg,17378774765692066596,cashew healthy
multiple leaf dataset/cashew leaf/cashew healthy/IMG_20251217_142020.jpg,16261828197813544289,cashew healthy
multiple leaf dataset/cashew leaf/cashew healthy/IMG_20251217_142057.jpg,13817255034883945712,cashew healthy
multiple leaf dataset/cashew leaf/cashew healthy/IMG_20251217_142110.jpg,13780945250375771655,cashew healthy
multiple leaf dataset/cashew leaf/cashew healthy/IMG_20251217_142143.jpg,13028011264476078735,cashew healthy
multiple leaf dataset/cashew leaf/cashew healthy/IMG_20251217_142151.jpg,16544991796483494796,cashew healthy
multiple leaf dataset/cashew leaf/cashew healthy/IMG_20251217_142152.jpg,16544991796483494808,cashew healthy
multiple leaf dataset/cashew leaf/cashew healthy/IMG_20251217_142220.jpg,16974794013706511260,cashew healthy
multiple leaf dataset/cashew leaf/cashew healthy/IMG_20251217_142230.jpg,16751848718857443224,cashew healthy
multiple leaf dataset/cashew leaf/cashew healthy/IMG_20251217_142243.jpg,16203844137331667590,cashew healthy
multiple leaf dataset/cashew leaf/cashew healthy/IMG_20251217_142250.jpg,16539925246906869658,cashew healthy
multiple leaf dataset/cashew leaf/cashew healthy/IMG_20251217_142303.jpg,13745198707363754701,cashew healthy
multiple leaf dataset/cashew leaf/cashew healthy/IMG_20251217_142310.jpg,13610093420065600050,cashew healthy
multiple leaf dataset/cashew leaf/cashew healthy/IMG_20251217_142319.jpg,16257605881219617430,cashew healthy
multiple leaf dataset/cashew leaf/cashew healthy/IMG_20251217_142328.jpg,16255345285312918230,cashew healthy
multiple leaf dataset/cashew leaf/cashew healthy/IMG_20251217_142339.jpg,13601367013916161743,cashew healthy
multiple leaf dataset/cashew leaf/cashew healthy/IMG_20251217_142400.jpg,13583071342300115579,cashew healthy
multiple leaf dataset/cashew leaf/cashew healthy/IMG_20251217_142409.jpg,13015627032024658486,cashew healthy
multiple leaf dataset/cashew leaf/cashew healthy/IMG_20251217_142419.jpg,13745198471671068361,cashew healthy
multiple leaf dataset/cashew leaf/cashew healthy/IMG_20251217_142426.jpg,13830766425845150258,cashew healthy
multiple leaf dataset/cashew leaf/cashew healthy/IMG_20251217_142434.jpg,13817254995734115020,cashew healthy
multiple leaf dataset/cashew leaf/cashew healthy/IMG_20251217_142503.jpg,16250841685703341462,cashew healthy
multiple leaf dataset/cashew leaf/cashew healthy/IMG_20251217_142512.jpg,16485028935044769686,cashew healthy
multiple leaf dataset/cashew leaf/cashew healthy/IMG_20251217_142529.jpg,16631399186905308297,cashew healthy
multiple leaf dataset/cashew leaf/cashew healthy/IMG_20251217_142535.jpg,16544142983476713882,cashew healthy
multiple leaf dataset/cashew leaf/cashew healthy/IMG_20251217_142643.jpg,17636882534420915918,cashew healthy
multiple leaf dataset/cashew leaf/cashew healthy/IMG_20251217_142652.jpg,16540206773141120921,cashew healthy
multiple leaf dataset/cashew leaf/cashew healthy/IMG_20251217_142657.jpg,16541328223751267992,cashew healthy
multiple leaf dataset/cashew leaf/cashew healthy/IMG_20251217_142708.jpg,16249724582411789214,cashew healthy
multiple leaf dataset/cashew leaf/cashew healthy/IMG_20251217_142713.jpg,16540202428258466969,cashew healthy
multiple leaf dataset/cashew leaf/cashew healthy/IMG_20251217_142728.jpg,16398343367719019418,cashew healthy
multiple leaf dataset/cashew leaf/cashew healthy/IMG_20251217_142736.jpg,16469271829880710860,cashew healthy
multiple leaf dataset/cashew leaf/cashew healthy/IMG_20251217_142748.jpg,17360474770913177724,cashew healthy
multiple leaf dataset/cashew leaf/cashew healthy/IMG_20251217_142757.jpg,12520730962858042782,cashew healthy
multiple leaf dataset/cashew leaf/cashew healthy/IMG_20251217_142805.jpg,13746326600115892678,cashew healthy
multiple leaf dataset/cashew leaf/cashew healthy/IMG_20251217_142810.jpg,12738096402149887692,cashew healthy
multiple leaf dataset/cashew leaf/cashew healthy/IMG_20251217_142819.jpg,13312864198337966541,cashew healthy
multiple leaf dataset/cashew leaf/cashew healthy/IMG_20251217_142825.jpg,16559347088757237400,cashew healthy
multiple leaf dataset/cashew leaf/cashew healthy/IMG_20251217_142837.jpg,16405377894158984513,cashew healthy
multiple leaf dataset/cashew leaf/cashew healthy/IMG_20251217_142844.jpg,16251694960680789901,cashew healthy
multiple leaf dataset/cashew leaf/cashew healthy/IMG_20251217_142927.jpg,16688818929434765017,cashew healthy
multiple leaf dataset/cashew leaf/cashew healthy/IMG_20251217_142931.jpg,16612333653527573196,cashew healthy
multiple leaf dataset/cashew leaf/cashew healthy/IMG_20251217_142955.jpg,16541328225620866780,cashew healthy
multiple leaf dataset/cashew leaf/cashew healthy/IMG_20251217_142959.jpg,17352256322990935257,cashew healthy
multiple leaf dataset/cashew leaf/cashew healthy/IMG_20251217_143226.jpg,12731904602007286321,cashew healthy
multiple leaf dataset/cashew leaf/cashew healthy/IMG_20251217_143258.jpg,13821758827828229705,cashew healthy
multiple leaf dataset/cashew leaf/cashew healthy/IMG_20251217_143304.jpg,13817254932224095180,cashew healthy
multiple leaf dataset/cashew leaf/cashew healthy/IMG_20251217_143417.jpg,13601085547047564004,cashew healthy
multiple leaf dataset/cashew leaf/cashew healthy/IMG_20251217_143425.jpg,13745198741725524681,cashew healthy
multiple leaf dataset/cashew leaf/cashew healthy/IMG_20251217_143435.jpg,16324367174790781324,cashew healthy
multiple leaf dataset/cashew leaf/cashew healthy/IMG_20251217_143440.jpg,16688818914396117401,cashew healthy
multiple leaf dataset/cashew leaf/cashew healthy/IMG_20251217_143449.jpg,16538022107488137931,cashew healthy
multiple leaf dataset/cashew leaf/cashew healthy/IMG_20251217_143454.jpg,17636882551596552137,cashew healthy
multiple leaf dataset/cashew leaf/cashew healthy/IMG_20251217_143512.jpg,17639415826256989968,cashew healthy
multiple leaf dataset/cashew leaf/cashew healthy/IMG_20251217_143532.jpg,17619158424160843715,cashew healthy
multiple leaf dataset/cashew leaf/cashew healthy/IMG_20251217_143546.jpg,17141147434854410081,cashew healthy
multiple leaf dataset/cashew leaf/cashew healthy/IMG_20251217_143556.jpg,13800930728050372824,cashew healthy
multiple leaf dataset/jackfruit leaf/jackfruit algal/algal_(1).png,12987470669004226086,jackfruit algal
multiple leaf dataset/jackfruit leaf/jackfruit algal/algal_(10).png,16975357178949755282,jackfruit algal
multiple leaf dataset/jackfruit leaf/jackfruit algal/algal_(100).png,12740617085431856179,jackfruit algal
multiple leaf dataset/jackfruit leaf/jackfruit algal/algal_(101).png,13031662417558645810,jackfruit algal
multiple leaf dataset/jackfruit leaf/jackfruit algal/algal_(102).png,13032224822030374963,jackfruit algal
multiple leaf dataset/jackfruit leaf/jackfruit algal/algal_(103).png,13663572043585958809,jackfruit algal
multiple leaf dataset/jackfruit leaf/jackfruit algal/algal_(104).png,13805433265192319885,jackfruit algal
multiple leaf dataset/jackfruit leaf/jackfruit algal/algal_(105).png,13601385129501091429,jackfruit algal
multiple leaf dataset/jackfruit leaf/jackfruit algal/algal_(106).png,12738365148430899555,jackfruit algal
multiple leaf dataset/jackfruit leaf/jackfruit algal/algal_(107).png,12597060941630419275,jackfruit algal
multiple leaf dataset/jackfruit leaf/jackfruit algal/algal_(108).png,12664287338239321756,jackfruit algal
multiple leaf dataset/jackfruit leaf/jackfruit algal/algal_(109).png,13735345964032865177,jackfruit algal
multiple leaf dataset/jackfruit leaf/jackfruit algal/algal_(11).png,16603815880641190275,jackfruit algal
multiple leaf dataset/jackfruit leaf/jackfruit algal/algal_(110).png,12519609771030832530,jackfruit algal
multiple leaf dataset/jackfruit leaf/jackfruit algal/algal_(111).png,17060646098574665159,jackfruit algal
multiple leaf dataset/jackfruit leaf/jackfruit algal/algal_(112).png,16268838560725285223,jackfruit algal
multiple leaf dataset/jackfruit leaf/jackfruit algal/algal_(113).png,13745409647087461775,jackfruit algal
multiple leaf dataset/jackfruit leaf/jackfruit algal/algal_(114).png,12303998281583699407,jackfruit algal
multiple leaf dataset/jackfruit leaf/jackfruit algal/algal_(115).png,16270826749140482406,jackfruit algal
multiple leaf dataset/jackfruit leaf/jackfruit algal/algal_(116).png,12380606955053495514,jackfruit algal
multiple leaf dataset/jackfruit leaf/jackfruit algal/algal_(117).png,13602491821307553485,jackfruit algal
multiple leaf dataset/jackfruit leaf/jackfruit algal/algal_(118).png,12156502664050206362,jackfruit algal
multiple leaf dataset/jackfruit leaf/jackfruit algal/algal_(119).png,13817274684812125965,jackfruit algal
multiple leaf dataset/jackfruit leaf/jackfruit algal/algal_(12).png,17599653667146708336,jackfruit algal
multiple leaf dataset/jackfruit leaf/jackfruit algal/algal_(120).png,16916810384597689678,jackfruit algal
multiple leaf dataset/jackfruit leaf/jackfruit algal/algal_(121).png,17047957927336752025,jackfruit algal
multiple leaf dataset/jackfruit leaf/jackfruit algal/algal_(122).png,13777285888073411689,jackfruit algal
multiple leaf dataset/jackfruit leaf/jackfruit algal/algal_(123).png,12695871047782878413,jackfruit algal
multiple leaf dataset/jackfruit leaf/jackfruit algal/algal_(124).png,11628795197832901571,jackfruit algal
multiple leaf dataset/jackfruit leaf/jackfruit algal/algal_(125).png,12189492214524270712,jackfruit algal
multiple leaf dataset/jackfruit leaf/jackfruit algal/algal_(126).png,13564209593491862654,jackfruit algal
multiple leaf dataset/jackfruit leaf/jackfruit algal/algal_(127).png,13313702887813179213,jackfruit algal
multiple leaf dataset/jackfruit leaf/jackfruit algal/algal_(128).png,12120479363511447348,jackfruit algal
multiple leaf dataset/jackfruit leaf/jackfruit algal/algal_(129).png,12126671238346094019,jackfruit algal
multiple leaf dataset/jackfruit leaf/jackfruit algal/algal_(13).png,16617326503430232498,jackfruit algal
multiple leaf dataset/jackfruit leaf/jackfruit algal/algal_(130).png,12479405095014615902,jackfruit algal
multiple leaf dataset/jackfruit leaf/jackfruit algal/algal_(131).png,13634015446785012781,jackfruit algal
multiple leaf dataset/jackfruit leaf/jackfruit algal/algal_(132).png,12912325111579659405,jackfruit algal
multiple leaf dataset/jackfruit leaf/jackfruit algal/algal_(133).png,12689401444074507335,jackfruit algal
multiple leaf dataset/jackfruit leaf/jackfruit algal/algal_(134).png,12479705787261613178,jackfruit algal
multiple leaf dataset/jackfruit leaf/jackfruit algal/algal_(135).png,11755747460497004952,jackfruit algal
multiple leaf dataset/jackfruit leaf/jackfruit algal/algal_(136).png,13574345838810477504,jackfruit algal
multiple leaf dataset/jackfruit leaf/jackfruit algal/algal_(137).png,13634017585670385716,jackfruit algal
multiple leaf dataset/jackfruit leaf/jackfruit algal/algal_(138).png,16882472993447716241,jackfruit algal
multiple leaf dataset/jackfruit leaf/jackfruit algal/algal_(139).png,13555499817658401732,jackfruit algal
multiple leaf dataset/jackfruit leaf/jackfruit algal/algal_(14).png,12592487038758236315,jackfruit algal
multiple leaf dataset/jackfruit leaf/jackfruit algal/algal_(140).png,12627742336521847165,jackfruit algal
multiple leaf dataset/jackfruit leaf/jackfruit algal/algal_(141).png,13636830128838747452,jackfruit algal
multiple leaf dataset/jackfruit leaf/jackfruit algal/algal_(142).png,12912048021764557902,jackfruit algal
multiple leaf dataset/jackfruit leaf/jackfruit algal/algal_(143).png,13673438778662331369,jackfruit algal
multiple leaf dataset/jackfruit leaf/jackfruit algal/algal_(144).png,11623174073360813105,jackfruit algal
multiple leaf dataset/jackfruit leaf/jackfruit algal/algal_(145).png,17233253310619335821,jackfruit algal
multiple leaf dataset/jackfruit leaf/jackfruit algal/algal_(146).png,17484041983964400696,jackfruit algal
multiple leaf dataset/jackfruit leaf/jackfruit algal/algal_(147).png,16542458566123730482,jackfruit algal
multiple leaf dataset/jackfruit leaf/jackfruit algal/algal_(148).png,16772413465719483847,jackfruit algal
multiple leaf dataset/jackfruit leaf/jackfruit algal/algal_(149).png,16484753116268578353,jackfruit algal
multiple leaf dataset/jackfruit leaf/jackfruit algal/algal_(15).png,12738086559668030835,jackfruit algal
multiple leaf dataset/jackfruit leaf/jackfruit algal/algal_(150).png,16543576767481606802,jackfruit algal
multiple leaf dataset/jackfruit leaf/jackfruit algal/algal_(151).png,16255064913073234390,jackfruit algal
multiple leaf dataset/jackfruit leaf/jackfruit algal/algal_(152).png,16271112604199642147,jackfruit algal
multiple leaf dataset/jackfruit leaf/jackfruit algal/algal_(153).png,16254783443457356694,jackfruit algal
multiple leaf dataset/jackfruit leaf/jackfruit algal/algal_(154).png,16263798201673594476,jackfruit algal
multiple leaf dataset/jackfruit leaf/jackfruit algal/algal_(155).png,18260340097380333922,jackfruit algal
multiple leaf dataset/jackfruit leaf/jackfruit algal/algal_(156).png,18056554105524526246,jackfruit algal
multiple leaf dataset/jackfruit leaf/jackfruit algal/algal_(157).png,16912597434680247885,jackfruit algal
multiple leaf dataset/jackfruit leaf/jackfruit algal/algal_(158).png,16918499041949673158,jackfruit algal
multiple leaf dataset/jackfruit leaf/jackfruit algal/algal_(159).png,16912588224252962481,jackfruit algal
multiple leaf dataset/jackfruit leaf/jackfruit algal/algal_(16).png,12377796577611575766,jackfruit algal
multiple leaf dataset/jackfruit leaf/jackfruit algal/algal_(160).png,16703457640136935780,jackfruit algal
multiple leaf dataset/jackfruit leaf/jackfruit algal/algal_(161).png,16371040511320755404,jackfruit algal
multiple leaf dataset/jackfruit leaf/jackfruit algal/algal_(162).png,18071398529329293515,jackfruit algal
multiple leaf dataset/jackfruit leaf/jackfruit algal/algal_(163).png,17128481083877856073,jackfruit algal
multiple leaf dataset/jackfruit leaf/jackfruit algal/algal_(164).png,16732165417034589747,jackfruit algal
multiple leaf dataset/jackfruit leaf/jackfruit algal/algal_(165).png,16226644071790970458,jackfruit algal
multiple leaf dataset/jackfruit leaf/jackfruit algal/algal_(166).png,16262670116538117298,jackfruit algal
multiple leaf dataset/jackfruit leaf/jackfruit algal/algal_(167).png,17560606114513918244,jackfruit algal
multiple leaf dataset/jackfruit leaf/jackfruit algal/algal_(168).png,17909854072337114570,jackfruit algal
multiple leaf dataset/jackfruit leaf/jackfruit algal/algal_(169).png,16558489759252925489,jackfruit algal
multiple leaf dataset/jackfruit leaf/jackfruit algal/algal_(17).png,13673370742035079623,jackfruit algal
multiple leaf dataset/jackfruit leaf/jackfruit algal/algal_(170).png,16855445723189188273,jackfruit algal
multiple leaf dataset/jackfruit leaf/jackfruit algal/algal_(171).png,17285537395920362818,jackfruit algal
multiple leaf dataset/jackfruit leaf/jackfruit algal/algal_(172).png,16804221326713537421,jackfruit algal
multiple leaf dataset/jackfruit leaf/jackfruit algal/algal_(173).png,16544992012848896269,jackfruit algal
multiple leaf dataset/jackfruit leaf/jackfruit algal/algal_(174).png,16766502999099335001,jackfruit algal
multiple leaf dataset/jackfruit leaf/jackfruit algal/algal_(175).png,16768191426955420572,jackfruit algal
multiple leaf dataset/jackfruit leaf/jackfruit algal/algal_(176).png,18354562946718001206,jackfruit algal
multiple leaf dataset/jackfruit leaf/jackfruit algal/algal_(177).png,17489944122659687708,jackfruit algal
multiple leaf dataset/jackfruit leaf/jackfruit algal/algal_(178).png,16243233387162735769,jackfruit algal
multiple leaf dataset/jackfruit leaf/jackfruit algal/algal_(179).png,16899622886273280391,jackfruit algal
multiple leaf dataset/jackfruit leaf/jackfruit algal/algal_(18).png,13302655161746141878,jackfruit algal
multiple leaf dataset/jackfruit leaf/jackfruit algal/algal_(180).png,16768193663626680364,jackfruit algal
multiple leaf dataset/jackfruit leaf/jackfruit algal/algal_(181).png,18418263305017638274,jackfruit algal
multiple leaf dataset/jackfruit leaf/jackfruit algal/algal_(182).png,17907883846292031382,jackfruit algal
multiple leaf dataset/jackfruit leaf/jackfruit algal/algal_(183).png,16977045452736653786,jackfruit algal
multiple leaf dataset/jackfruit leaf/jackfruit algal/algal_(184).png,18319166107708716141,jackfruit algal
multiple leaf dataset/jackfruit leaf/jackfruit algal/algal_(185).png,13662453338854592653,jackfruit algal
multiple leaf dataset/jackfruit leaf/jackfruit algal/algal_(186).png,11943720196232668972,jackfruit algal
multiple leaf dataset/jackfruit leaf/jackfruit algal/algal_(187).png,12961580865977894430,jackfruit algal
multiple leaf dataset/jackfruit leaf/jackfruit algal/algal_(188).png,13803744304494073026,jackfruit algal
multiple leaf dataset/jackfruit leaf/jackfruit algal/algal_(189).png,13028002856510725593,jackfruit algal
multiple leaf dataset/jackfruit leaf/jackfruit algal/algal_(19).png,13604410884609313073,jackfruit algal
multiple leaf dataset/jackfruit leaf/jackfruit algal/algal_(190).png,13034767056121728217,jackfruit algal
multiple leaf dataset/jackfruit leaf/jackfruit algal/algal_(191).png,13026593283476638840,jackfruit algal
multiple leaf dataset/jackfruit leaf/jackfruit algal/algal_(192).png,13179442996091293388,jackfruit algal
multiple leaf dataset/jackfruit leaf/jackfruit algal/algal_(193).png,12435225725066711868,jackfruit algal
multiple leaf dataset/jackfruit leaf/jackfruit algal/algal_(194).png,13013647968530021427,jackfruit algal
multiple leaf dataset/jackfruit leaf/jackfruit algal/algal_(195).png,12986344907911694478,jackfruit algal
multiple leaf dataset/jackfruit leaf/jackfruit algal/algal_(196).png,16824188878859966598,jackfruit algal
multiple leaf dataset/jackfruit leaf/jackfruit algal/algal_(197).png,13745479363579516081,jackfruit algal
multiple leaf dataset/jackfruit leaf/jackfruit algal/algal_(198).png,13313083669526465844,jackfruit algal
multiple leaf dataset/jackfruit leaf/jackfruit algal/algal_(199).png,12664285145137139004,jackfruit algal
multiple leaf dataset/jackfruit leaf/jackfruit algal/algal_(2).png,13581945809095838855,jackfruit algal
multiple leaf dataset/jackfruit leaf/jackfruit algal/algal_(20).png,13817536509300028548,jackfruit algal
multiple leaf dataset/jackfruit leaf/jackfruit algal/algal_(200).png,12589181950256190670,jackfruit algal
multiple leaf dataset/jackfruit leaf/jackfruit algal/algal_(201).png,11639437155975863350,jackfruit algal
multiple leaf dataset/jackfruit leaf/jackfruit algal/algal_(202).png,12725654592884608562,jackfruit algal
multiple leaf dataset/jackfruit leaf/jackfruit algal/algal_(203).png,11644222603419946605,jackfruit algal
multiple leaf dataset/jackfruit leaf/jackfruit algal/algal_(204).png,12582436004216345441,jackfruit algal
multiple leaf dataset/jackfruit leaf/jackfruit algal/algal_(205).png,13610109004795530556,jackfruit algal
multiple leaf dataset/jackfruit leaf/jackfruit algal/algal_(206).png,16255345053485078885,jackfruit algal
multiple leaf dataset/jackfruit leaf/jackfruit algal/algal_(207).png,13805433267327210031,jackfruit algal
multiple leaf dataset/jackfruit leaf/jackfruit algal/algal_(208).png,13817192767705736299,jackfruit algal
multiple leaf dataset/jackfruit leaf/jackfruit algal/algal_(209).png,13028846774435470688,jackfruit algal
multiple leaf dataset/jackfruit leaf/jackfruit algal/algal_(21).png,18345555375956453590,jackfruit algal
multiple leaf dataset/jackfruit leaf/jackfruit algal/algal_(210).png,16253657406182889062,jackfruit algal
multiple leaf dataset/jackfruit leaf/jackfruit algal/algal_(211).png,12234475050529613756,jackfruit algal
multiple leaf dataset/jackfruit leaf/jackfruit algal/algal_(212).png,16925254817238671461,jackfruit algal
multiple leaf dataset/jackfruit leaf/jackfruit algal/algal_(213).png,13028565781537754785,jackfruit algal
multiple leaf dataset/jackfruit leaf/jackfruit algal/algal_(214).png,12508399388913418468,jackfruit algal
multiple leaf dataset/jackfruit leaf/jackfruit algal/algal_(215).png,13025487225245964592,jackfruit algal
multiple leaf dataset/jackfruit leaf/jackfruit algal/algal_(216).png,16915965633523393927,jackfruit algal
multiple leaf dataset/jackfruit leaf/jackfruit algal/algal_(217).png,12147830434723803867,jackfruit algal
multiple leaf dataset/jackfruit leaf/jackfruit algal/algal_(218).png,13313070667288241357,jackfruit algal
multiple leaf dataset/jackfruit leaf/jackfruit algal/algal_(219).png,16831806041911556516,jackfruit algal
multiple leaf dataset/jackfruit leaf/jackfruit algal/algal_(22).png,16616763519113074982,jackfruit algal
multiple leaf dataset/jackfruit leaf/jackfruit algal/algal_(220).png,13817255033780069837,jackfruit algal
multiple leaf dataset/jackfruit leaf/jackfruit algal/algal_(221).png,13733094202474241739,jackfruit algal
multiple leaf dataset/jackfruit leaf/jackfruit algal/algal_(222).png,13391667676895022140,jackfruit algal
multiple leaf dataset/jackfruit leaf/jackfruit algal/algal_(223).png,13032224817601891171,jackfruit algal
multiple leaf dataset/jackfruit leaf/jackfruit algal/algal_(224).png,13818662408736027722,jackfruit algal
multiple leaf dataset/jackfruit leaf/jackfruit algal/algal_(225).png,11642596028404478905,jackfruit algal
multiple leaf dataset/jackfruit leaf/jackfruit algal/algal_(226).png,16255345285312903590,jackfruit algal
multiple leaf dataset/jackfruit leaf/jackfruit algal/algal_(227).png,12147547853793736250,jackfruit algal
multiple leaf dataset/jackfruit leaf/jackfruit algal/algal_(228).png,13817257030080259377,jackfruit algal
multiple leaf dataset/jackfruit leaf/jackfruit algal/algal_(229).png,13590952118185069703,jackfruit algal
multiple leaf dataset/jackfruit leaf/jackfruit algal/algal_(23).png,16542445361925744030,jackfruit algal
multiple leaf dataset/jackfruit leaf/jackfruit algal/algal_(230).png,13673159429661313337,jackfruit algal
multiple leaf dataset/jackfruit leaf/jackfruit algal/algal_(231).png,16975685932968022729,jackfruit algal
multiple leaf dataset/jackfruit leaf/jackfruit algal/algal_(232).png,16916792470622200199,jackfruit algal
multiple leaf dataset/jackfruit leaf/jackfruit algal/algal_(233).png,13314758280731585907,jackfruit algal
multiple leaf dataset/jackfruit leaf/jackfruit algal/algal_(234).png,13817189064681465743,jackfruit algal
multiple leaf dataset/jackfruit leaf/jackfruit algal/algal_(235).png,13013366496800771470,jackfruit algal
multiple leaf dataset/jackfruit leaf/jackfruit algal/algal_(236).png,12664614961810158885,jackfruit algal
multiple leaf dataset/jackfruit leaf/jackfruit algal/algal_(237).png,13754207800105968614,jackfruit algal
multiple leaf dataset/jackfruit leaf/jackfruit algal/algal_(238).png,16767349236820108851,jackfruit algal
multiple leaf dataset/jackfruit leaf/jackfruit algal/algal_(239).png,18068887266535124121,jackfruit algal
multiple leaf dataset/jackfruit leaf/jackfruit algal/algal_(24).png,16626057042356377996,jackfruit algal
multiple leaf dataset/jackfruit leaf/jackfruit algal/algal_(240).png,16255962111805921641,jackfruit algal
multiple leaf dataset/jackfruit leaf/jackfruit algal/algal_(241).png,12521020923211336921,jackfruit algal
multiple leaf dataset/jackfruit leaf/jackfruit algal/algal_(242).png,13733657142665658442,jackfruit algal
multiple leaf dataset/jackfruit leaf/jackfruit algal/algal_(243).png,11644512909721345126,jackfruit algal
multiple leaf dataset/jackfruit leaf/jackfruit algal/algal_(244).png,12378865642336950831,jackfruit algal
multiple leaf dataset/jackfruit leaf/jackfruit algal/algal_(245).png,12793190990092880691,jackfruit algal
multiple leaf dataset/jackfruit leaf/jackfruit algal/algal_(25).png,16263218226669589100,jackfruit algal
multiple leaf dataset/jackfruit leaf/jackfruit algal/algal_(26).png,16559062046263707187,jackfruit algal
multiple leaf dataset/jackfruit leaf/jackfruit algal/algal_(27).png,17909293153663331719,jackfruit algal
multiple leaf dataset/jackfruit leaf/jackfruit algal/algal_(28).png,16846449110183741234,jackfruit algal
multiple leaf dataset/jackfruit leaf/jackfruit algal/algal_(29).png,13028003261114813670,jackfruit algal
multiple leaf dataset/jackfruit leaf/jackfruit algal/algal_(3).png,12806761975176789170,jackfruit algal
multiple leaf dataset/jackfruit leaf/jackfruit algal/algal_(30).png,13682431130148102713,jackfruit algal
multiple leaf dataset/jackfruit leaf/jackfruit algal/algal_(31).png,17049667643844159120,jackfruit algal
multiple leaf dataset/jackfruit leaf/jackfruit algal/algal_(32).png,12810144140607167591,jackfruit algal
multiple leaf dataset/jackfruit leaf/jackfruit algal/algal_(33).png,12508398773919494713,jackfruit algal
multiple leaf dataset/jackfruit leaf/jackfruit algal/algal_(34).png,13031380930733149302,jackfruit algal
multiple leaf dataset/jackfruit leaf/jackfruit algal/algal_(35).png,12744276454522784818,jackfruit algal
multiple leaf dataset/jackfruit leaf/jackfruit algal/algal_(36).png,12743717764056489571,jackfruit algal
multiple leaf dataset/jackfruit leaf/jackfruit algal/algal_(37).png,17887338685269894496,jackfruit algal
multiple leaf dataset/jackfruit leaf/jackfruit algal/algal_(38).png,16891532795671228978,jackfruit algal
multiple leaf dataset/jackfruit leaf/jackfruit algal/algal_(39).png,18409238152331587636,jackfruit algal
multiple leaf dataset/jackfruit leaf/jackfruit algal/algal_(4).png,13740130916537529418,jackfruit algal
multiple leaf dataset/jackfruit leaf/jackfruit algal/algal_(40).png,16240427304845233737,jackfruit algal
multiple leaf dataset/jackfruit leaf/jackfruit algal/algal_(41).png,16891478027796373864,jackfruit algal
multiple leaf dataset/jackfruit leaf/jackfruit algal/algal_(42).png,16241552862241245593,jackfruit algal
multiple leaf dataset/jackfruit leaf/jackfruit algal/algal_(43).png,18116527287956032096,jackfruit algal
multiple leaf dataset/jackfruit leaf/jackfruit algal/algal_(44).png,18192451858206476681,jackfruit algal
multiple leaf dataset/jackfruit leaf/jackfruit algal/algal_(45).png,16237330964146657380,jackfruit algal
multiple leaf dataset/jackfruit leaf/jackfruit algal/algal_(46).png,16890914798676140513,jackfruit algal
multiple leaf dataset/jackfruit leaf/jackfruit algal/algal_(47).png,16532044174650466657,jackfruit algal
multiple leaf dataset/jackfruit leaf/jackfruit algal/algal_(48).png,13798959165186487344,jackfruit algal
multiple leaf dataset/jackfruit leaf/jackfruit algal/algal_(49).png,17107981559879775078,jackfruit algal
multiple leaf dataset/jackfruit leaf/jackfruit algal/algal_(5).png,12307991664060195083,jackfruit algal
multiple leaf dataset/jackfruit leaf/jackfruit algal/algal_(50).png,17380450082929519772,jackfruit algal
multiple leaf dataset/jackfruit leaf/jackfruit algal/algal_(51).png,18116456919211892773,jackfruit algal
multiple leaf dataset/jackfruit leaf/jackfruit algal/algal_(52).png,17092453385677071410,jackfruit algal
multiple leaf dataset/jackfruit leaf/jackfruit algal/algal_(53).png,13661320793794491161,jackfruit algal
multiple leaf dataset/jackfruit leaf/jackfruit algal/algal_(54).png,12303981230522263501,jackfruit algal
multiple leaf dataset/jackfruit leaf/jackfruit algal/algal_(55).png,12743436426518214966,jackfruit algal
multiple leaf dataset/jackfruit leaf/jackfruit algal/algal_(56).png,13032224818825796658,jackfruit algal
multiple leaf dataset/jackfruit leaf/jackfruit algal/algal_(57).png,12304280164583384463,jackfruit algal
multiple leaf dataset/jackfruit leaf/jackfruit algal/algal_(58).png,12739772661592302707,jackfruit algal
multiple leaf dataset/jackfruit leaf/jackfruit algal/algal_(59).png,12508398187685820701,jackfruit algal
multiple leaf dataset/jackfruit leaf/jackfruit algal/algal_(6).png,12717254487384231052,jackfruit algal
multiple leaf dataset/jackfruit leaf/jackfruit algal/algal_(60).png,12664287346949318044,jackfruit algal
multiple leaf dataset/jackfruit leaf/jackfruit algal/algal_(61).png,12883888090182470705,jackfruit algal
multiple leaf dataset/jackfruit leaf/jackfruit algal/algal_(62).png,12743994446969080882,jackfruit algal
multiple leaf dataset/jackfruit leaf/jackfruit algal/algal_(63).png,11660821555498594459,jackfruit algal
multiple leaf dataset/jackfruit leaf/jackfruit algal/algal_(64).png,13023499595962354828,jackfruit algal
multiple leaf dataset/jackfruit leaf/jackfruit algal/algal_(65).png,13032224818993613874,jackfruit algal
multiple leaf dataset/jackfruit leaf/jackfruit algal/algal_(66).png,12661800877750464692,jackfruit algal
multiple leaf dataset/jackfruit leaf/jackfruit algal/algal_(67).png,12303998651220550951,jackfruit algal
multiple leaf dataset/jackfruit leaf/jackfruit algal/algal_(68).png,12160166213431539652,jackfruit algal
multiple leaf dataset/jackfruit leaf/jackfruit algal/algal_(69).png,12436342793048044441,jackfruit algal
multiple leaf dataset/jackfruit leaf/jackfruit algal/algal_(7).png,12351918661200109605,jackfruit algal
multiple leaf dataset/jackfruit leaf/jackfruit algal/algal_(70).png,11570815540091317394,jackfruit algal
multiple leaf dataset/jackfruit leaf/jackfruit algal/algal_(71).png,12746536681021717708,jackfruit algal
multiple leaf dataset/jackfruit leaf/jackfruit algal/algal_(72).png,13807687230440288664,jackfruit algal
multiple leaf dataset/jackfruit leaf/jackfruit algal/algal_(73).png,13022381256204904243,jackfruit algal
multiple leaf dataset/jackfruit leaf/jackfruit algal/algal_(74).png,13682431127808651619,jackfruit algal
multiple leaf dataset/jackfruit leaf/jackfruit algal/algal_(75).png,12887555991161747609,jackfruit algal
multiple leaf dataset/jackfruit leaf/jackfruit algal/algal_(76).png,12747099641709411481,jackfruit algal
multiple leaf dataset/jackfruit leaf/jackfruit algal/algal_(77).png,12607194664622862580,jackfruit algal
multiple leaf dataset/jackfruit leaf/jackfruit algal/algal_(78).png,16926099497176442208,jackfruit algal
multiple leaf dataset/jackfruit leaf/jackfruit algal/algal_(79).png,16926098397663831408,jackfruit algal
multiple leaf dataset/jackfruit leaf/jackfruit algal/algal_(8).png,18387283108980208805,jackfruit algal
multiple leaf dataset/jackfruit leaf/jackfruit algal/algal_(80).png,11656670100237935853,jackfruit algal
multiple leaf dataset/jackfruit leaf/jackfruit algal/algal_(81).png,13817255240813015115,jackfruit algal
multiple leaf dataset/jackfruit leaf/jackfruit algal/algal_(82).png,13588701347850908344,jackfruit algal
multiple leaf dataset/jackfruit leaf/jackfruit algal/algal_(83).png,13026595110961362019,jackfruit algal
multiple leaf dataset/jackfruit leaf/jackfruit algal/algal_(84).png,12675592906808504423,jackfruit algal
multiple leaf dataset/jackfruit leaf/jackfruit algal/algal_(85).png,13026603880195634381,jackfruit algal
multiple leaf dataset/jackfruit leaf/jackfruit algal/algal_(86).png,12448445508261983949,jackfruit algal
multiple leaf dataset/jackfruit leaf/jackfruit algal/algal_(87).png,13817254965670850767,jackfruit algal
multiple leaf dataset/jackfruit leaf/jackfruit algal/algal_(88).png,13028846910766720211,jackfruit algal
multiple leaf dataset/jackfruit leaf/jackfruit algal/algal_(89).png,16921296392306385310,jackfruit algal
multiple leaf dataset/jackfruit leaf/jackfruit algal/algal_(9).png,17493893058410352025,jackfruit algal
multiple leaf dataset/jackfruit leaf/jackfruit algal/algal_(90).png,13601367433759240934,jackfruit algal
multiple leaf dataset/jackfruit leaf/jackfruit algal/algal_(91).png,13169864098174213680,jackfruit algal
multiple leaf dataset/jackfruit leaf/jackfruit algal/algal_(92).png,16921576835404620318,jackfruit algal
multiple leaf dataset/jackfruit leaf/jackfruit algal/algal_(93).png,16563841857384552806,jackfruit algal
multiple leaf dataset/jackfruit leaf/jackfruit algal/algal_(94).png,13746604803423777867,jackfruit algal
multiple leaf dataset/jackfruit leaf/jackfruit algal/algal_(95).png,13158323372040600012,jackfruit algal
multiple leaf dataset/jackfruit leaf/jackfruit algal/algal_(96).png,13601314237166856141,jackfruit algal
multiple leaf dataset/jackfruit leaf/jackfruit algal/algal_(97).png,12740626155324847155,jackfruit algal
multiple leaf dataset/jackfruit leaf/jackfruit algal/algal_(98).png,16915684299967197128,jackfruit algal
multiple leaf dataset/jackfruit leaf/jackfruit algal/algal_(99).png,13243608984330558662,jackfruit algal
multiple leaf dataset/jackfruit leaf/jackfruit anthracnose/anthracnose_(1).png,12166341810089988275,jackfruit anthracnose
multiple leaf dataset/jackfruit leaf/jackfruit anthracnose/anthracnose_(10).png,16915684278805782939,jackfruit anthracnose
multiple leaf dataset/jackfruit leaf/jackfruit anthracnose/anthracnose_(100).png,13636548665732445236,jackfruit anthracnose
multiple leaf dataset/jackfruit leaf/jackfruit anthracnose/anthracnose_(101).png,12833512655000357964,jackfruit anthracnose
multiple leaf dataset/jackfruit leaf/jackfruit anthracnose/anthracnose_(102).png,12494043745586130981,jackfruit anthracnose
multiple leaf dataset/jackfruit leaf/jackfruit anthracnose/anthracnose_(103).png,12998733892069136794,jackfruit anthracnose
multiple leaf dataset/jackfruit leaf/jackfruit anthracnose/anthracnose_(104).png,12988042545912505114,jackfruit anthracnose
multiple leaf dataset/jackfruit leaf/jackfruit anthracnose/anthracnose_(105).png,12335294441786124751,jackfruit anthracnose
multiple leaf dataset/jackfruit leaf/jackfruit anthracnose/anthracnose_(106).png,11976161591491841416,jackfruit anthracnose
multiple leaf dataset/jackfruit leaf/jackfruit anthracnose/anthracnose_(107).png,12699521561184383028,jackfruit anthracnose
multiple leaf dataset/jackfruit leaf/jackfruit anthracnose/anthracnose_(108).png,12912891110961371534,jackfruit anthracnose
multiple leaf dataset/jackfruit leaf/jackfruit anthracnose/anthracnose_(109).png,13267260775336440612,jackfruit anthracnose
multiple leaf dataset/jackfruit leaf/jackfruit anthracnose/anthracnose_(11).png,12739772691664014492,jackfruit anthracnose
multiple leaf dataset/jackfruit leaf/jackfruit anthracnose/anthracnose_(110).png,11846097728278479672,jackfruit anthracnose
multiple leaf dataset/jackfruit leaf/jackfruit anthracnose/anthracnose_(111).png,18271813333317597394,jackfruit anthracnose
multiple leaf dataset/jackfruit leaf/jackfruit anthracnose/anthracnose_(112).png,18224320253596832400,jackfruit anthracnose
multiple leaf dataset/jackfruit leaf/jackfruit anthracnose/anthracnose_(113).png,18268517825052945554,jackfruit anthracnose
multiple leaf dataset/jackfruit leaf/jackfruit anthracnose/anthracnose_(114).png,18213562527889527091,jackfruit anthracnose
multiple leaf dataset/jackfruit leaf/jackfruit anthracnose/anthracnose_(115).png,16254773959988843110,jackfruit anthracnose
multiple leaf dataset/jackfruit leaf/jackfruit anthracnose/anthracnose_(116).png,16831241990307158686,jackfruit anthracnose
multiple leaf dataset/jackfruit leaf/jackfruit anthracnose/anthracnose_(117).png,16846723967287217257,jackfruit anthracnose
multiple leaf dataset/jackfruit leaf/jackfruit anthracnose/anthracnose_(118).png,12520436041687181260,jackfruit anthracnose
multiple leaf dataset/jackfruit leaf/jackfruit anthracnose/anthracnose_(119).png,11663346401418299798,jackfruit anthracnose
multiple leaf dataset/jackfruit leaf/jackfruit anthracnose/anthracnose_(12).png,12664353144801539776,jackfruit anthracnose
multiple leaf dataset/jackfruit leaf/jackfruit anthracnose/anthracnose_(120).png,12678970022416396291,jackfruit anthracnose
multiple leaf dataset/jackfruit leaf/jackfruit anthracnose/anthracnose_(121).png,13674285398308198704,jackfruit anthracnose
multiple leaf dataset/jackfruit leaf/jackfruit anthracnose/anthracnose_(122).png,13025205274535284080,jackfruit anthracnose
multiple leaf dataset/jackfruit leaf/jackfruit anthracnose/anthracnose_(123).png,12290820818618053850,jackfruit anthracnose
multiple leaf dataset/jackfruit leaf/jackfruit anthracnose/anthracnose_(124).png,12652248458167170102,jackfruit anthracnose
multiple leaf dataset/jackfruit leaf/jackfruit anthracnose/anthracnose_(125).png,13589826046548974662,jackfruit anthracnose
multiple leaf dataset/jackfruit leaf/jackfruit anthracnose/anthracnose_(126).png,16768176724248437912,jackfruit anthracnose
multiple leaf dataset/jackfruit leaf/jackfruit anthracnose/anthracnose_(127).png,12529527215653151589,jackfruit anthracnose
multiple leaf dataset/jackfruit leaf/jackfruit anthracnose/anthracnose_(128).png,12193661905064049048,jackfruit anthracnose
multiple leaf dataset/jackfruit leaf/jackfruit anthracnose/anthracnose_(129).png,12689401315192110140,jackfruit anthracnose
multiple leaf dataset/jackfruit leaf/jackfruit anthracnose/anthracnose_(13).png,12376103154640496075,jackfruit anthracnose
multiple leaf dataset/jackfruit leaf/jackfruit anthracnose/anthracnose_(130).png,12984110561482355836,jackfruit anthracnose
multiple leaf dataset/jackfruit leaf/jackfruit anthracnose/anthracnose_(131).png,12746527918245125321,jackfruit anthracnose
multiple leaf dataset/jackfruit leaf/jackfruit anthracnose/anthracnose_(132).png,13014210368770553887,jackfruit anthracnose
multiple leaf dataset/jackfruit leaf/jackfruit anthracnose/anthracnose_(133).png,13154944917194749617,jackfruit anthracnose
multiple leaf dataset/jackfruit leaf/jackfruit anthracnose/anthracnose_(134).png,12738373670462606449,jackfruit anthracnose
multiple leaf dataset/jackfruit leaf/jackfruit anthracnose/anthracnose_(135).png,16831524569615722386,jackfruit anthracnose
multiple leaf dataset/jackfruit leaf/jackfruit anthracnose/anthracnose_(136).png,13348324881188807574,jackfruit anthracnose
multiple leaf dataset/jackfruit leaf/jackfruit anthracnose/anthracnose_(137).png,12256763022419589219,jackfruit anthracnose
multiple leaf dataset/jackfruit leaf/jackfruit anthracnose/anthracnose_(138).png,11629646718109474203,jackfruit anthracnose
multiple leaf dataset/jackfruit leaf/jackfruit anthracnose/anthracnose_(139).png,13780382366928184620,jackfruit anthracnose
multiple leaf dataset/jackfruit leaf/jackfruit anthracnose/anthracnose_(14).png,11879532065406280118,jackfruit anthracnose
multiple leaf dataset/jackfruit leaf/jackfruit anthracnose/anthracnose_(140).png,12702344607155475257,jackfruit anthracnose
multiple leaf dataset/jackfruit leaf/jackfruit anthracnose/anthracnose_(141).png,13178871245854838413,jackfruit anthracnose
multiple leaf dataset/jackfruit leaf/jackfruit anthracnose/anthracnose_(142).png,16843909784613184335,jackfruit anthracnose
multiple leaf dataset/jackfruit leaf/jackfruit anthracnose/anthracnose_(143).png,16903565632323991451,jackfruit anthracnose
multiple leaf dataset/jackfruit leaf/jackfruit anthracnose/anthracnose_(144).png,13013647457482185906,jackfruit anthracnose
multiple leaf dataset/jackfruit leaf/jackfruit anthracnose/anthracnose_(145).png,12380888396004439233,jackfruit anthracnose
multiple leaf dataset/jackfruit leaf/jackfruit anthracnose/anthracnose_(146).png,12664280745579800527,jackfruit anthracnose
multiple leaf dataset/jackfruit leaf/jackfruit anthracnose/anthracnose_(147).png,12164652964760074342,jackfruit anthracnose
multiple leaf dataset/jackfruit leaf/jackfruit anthracnose/anthracnose_(148).png,12676155848273762358,jackfruit anthracnose
multiple leaf dataset/jackfruit leaf/jackfruit anthracnose/anthracnose_(149).png,13169864098174213680,jackfruit anthracnose
multiple leaf dataset/jackfruit leaf/jackfruit anthracnose/anthracnose_(15).png,13818662770042253479,jackfruit anthracnose
multiple leaf dataset/jackfruit leaf/jackfruit anthracnose/anthracnose_(150).png,16921576835404620318,jackfruit anthracnose
multiple leaf dataset/jackfruit leaf/jackfruit anthracnose/anthracnose_(151).png,16563841857384552806,jackfruit anthracnose
multiple leaf dataset/jackfruit leaf/jackfruit anthracnose/anthracnose_(152).png,13746604803423777867,jackfruit anthracnose
multiple leaf dataset/jackfruit leaf/jackfruit anthracnose/anthracnose_(153).png,13158323372040600012,jackfruit anthracnose
multiple leaf dataset/jackfruit leaf/jackfruit anthracnose/anthracnose_(154).png,13601314237166856141,jackfruit anthracnose
multiple leaf dataset/jackfruit leaf/jackfruit anthracnose/anthracnose_(155).png,12740626155324847155,jackfruit anthracnose
multiple leaf dataset/jackfruit leaf/jackfruit anthracnose/anthracnose_(156).png,16915684299967197128,jackfruit anthracnose
multiple leaf dataset/jackfruit leaf/jackfruit anthracnose/anthracnose_(157).png,13590108719752252814,jackfruit anthracnose
multiple leaf dataset/jackfruit leaf/jackfruit anthracnose/anthracnose_(158).png,13603619201105971249,jackfruit anthracnose
multiple leaf dataset/jackfruit leaf/jackfruit anthracnose/anthracnose_(159).png,13746623818812148784,jackfruit anthracnose
multiple leaf dataset/jackfruit leaf/jackfruit anthracnose/anthracnose_(16).png,13559427877561119852,jackfruit anthracnose
multiple leaf dataset/jackfruit leaf/jackfruit anthracnose/anthracnose_(160).png,13168757478315183160,jackfruit anthracnose
multiple leaf dataset/jackfruit leaf/jackfruit anthracnose/anthracnose_(161).png,13588135548352892529,jackfruit anthracnose
multiple leaf dataset/jackfruit leaf/jackfruit anthracnose/anthracnose_(162).png,12309627050168739117,jackfruit anthracnose
multiple leaf dataset/jackfruit leaf/jackfruit anthracnose/anthracnose_(163).png,12744566690108815411,jackfruit anthracnose
multiple leaf dataset/jackfruit leaf/jackfruit anthracnose/anthracnose_(164).png,13447116131334056761,jackfruit anthracnose
multiple leaf dataset/jackfruit leaf/jackfruit anthracnose/anthracnose_(165).png,13346066719790449356,jackfruit anthracnose
multiple leaf dataset/jackfruit leaf/jackfruit anthracnose/anthracnose_(166).png,11888522059034557889,jackfruit anthracnose
multiple leaf dataset/jackfruit leaf/jackfruit anthracnose/anthracnose_(167).png,12986344350354466446,jackfruit anthracnose
multiple leaf dataset/jackfruit leaf/jackfruit anthracnose/anthracnose_(168).png,12290835112000877714,jackfruit anthracnose
multiple leaf dataset/jackfruit leaf/jackfruit anthracnose/anthracnose_(169).png,13430512223304315085,jackfruit anthracnose
multiple leaf dataset/jackfruit leaf/jackfruit anthracnose/anthracnose_(17).png,12740625401558649958,jackfruit anthracnose
multiple leaf dataset/jackfruit leaf/jackfruit anthracnose/anthracnose_(170).png,12219046964398757990,jackfruit anthracnose
multiple leaf dataset/jackfruit leaf/jackfruit anthracnose/anthracnose_(171).png,16916247243209975091,jackfruit anthracnose
multiple leaf dataset/jackfruit leaf/jackfruit anthracnose/anthracnose_(172).png,13166503007017340195,jackfruit anthracnose
multiple leaf dataset/jackfruit leaf/jackfruit anthracnose/anthracnose_(173).png,12664351090787639881,jackfruit anthracnose
multiple leaf dataset/jackfruit leaf/jackfruit anthracnose/anthracnose_(174).png,12364563405127233822,jackfruit anthracnose
multiple leaf dataset/jackfruit leaf/jackfruit anthracnose/anthracnose_(175).png,12737256231634750904,jackfruit anthracnose
multiple leaf dataset/jackfruit leaf/jackfruit anthracnose/anthracnose_(176).png,13026595534041517104,jackfruit anthracnose
multiple leaf dataset/jackfruit leaf/jackfruit anthracnose/anthracnose_(177).png,13610388826250464537,jackfruit anthracnose
multiple leaf dataset/jackfruit leaf/jackfruit anthracnose/anthracnose_(178).png,13028582901274904945,jackfruit anthracnose
multiple leaf dataset/jackfruit leaf/jackfruit anthracnose/anthracnose_(179).png,13719319917081841432,jackfruit anthracnose
multiple leaf dataset/jackfruit leaf/jackfruit anthracnose/anthracnose_(18).png,11829764153956855920,jackfruit anthracnose
multiple leaf dataset/jackfruit leaf/jackfruit anthracnose/anthracnose_(180).png,13177770587461731384,jackfruit anthracnose
multiple leaf dataset/jackfruit leaf/jackfruit anthracnose/anthracnose_(181).png,12680681952810001792,jackfruit anthracnose
multiple leaf dataset/jackfruit leaf/jackfruit anthracnose/anthracnose_(182).png,12318141771018330506,jackfruit anthracnose
multiple leaf dataset/jackfruit leaf/jackfruit anthracnose/anthracnose_(183).png,12747381153184910393,jackfruit anthracnose
multiple leaf dataset/jackfruit leaf/jackfruit anthracnose/anthracnose_(184).png,16915662811225060781,jackfruit anthracnose
multiple leaf dataset/jackfruit leaf/jackfruit anthracnose/anthracnose_(185).png,13181122633250475721,jackfruit anthracnose
multiple leaf dataset/jackfruit leaf/jackfruit anthracnose/anthracnose_(186).png,13829640281182106677,jackfruit anthracnose
multiple leaf dataset/jackfruit leaf/jackfruit anthracnose/anthracnose_(187).png,13541972855252512817,jackfruit anthracnose
multiple leaf dataset/jackfruit leaf/jackfruit anthracnose/anthracnose_(188).png,12750187402163268812,jackfruit anthracnose
multiple leaf dataset/jackfruit leaf/jackfruit anthracnose/anthracnose_(189).png,12315257649208418529,jackfruit anthracnose
multiple leaf dataset/jackfruit leaf/jackfruit anthracnose/anthracnose_(19).png,11755765099868707225,jackfruit anthracnose
multiple leaf dataset/jackfruit leaf/jackfruit anthracnose/anthracnose_(190).png,12447829250178115123,jackfruit anthracnose
multiple leaf dataset/jackfruit leaf/jackfruit anthracnose/anthracnose_(191).png,13098097321692378054,jackfruit anthracnose
multiple leaf dataset/jackfruit leaf/jackfruit anthracnose/anthracnose_(192).png,13031380758073069004,jackfruit anthracnose
multiple leaf dataset/jackfruit leaf/jackfruit anthracnose/anthracnose_(193).png,13735844586304004664,jackfruit anthracnose
multiple leaf dataset/jackfruit leaf/jackfruit anthracnose/anthracnose_(194).png,12990566187233012785,jackfruit anthracnose
multiple leaf dataset/jackfruit leaf/jackfruit anthracnose/anthracnose_(195).png,17167881481091167629,jackfruit anthracnose
multiple leaf dataset/jackfruit leaf/jackfruit anthracnose/anthracnose_(196).png,16533161486811941993,jackfruit anthracnose
multiple leaf dataset/jackfruit leaf/jackfruit anthracnose/anthracnose_(197).png,16243788511937442201,jackfruit anthracnose
multiple leaf dataset/jackfruit leaf/jackfruit anthracnose/anthracnose_(198).png,17887338135792936497,jackfruit anthracnose
multiple leaf dataset/jackfruit leaf/jackfruit anthracnose/anthracnose_(199).png,16531762691092145097,jackfruit anthracnose
multiple leaf dataset/jackfruit leaf/jackfruit anthracnose/anthracnose_(2).png,13817835498673452336,jackfruit anthracnose
multiple leaf dataset/jackfruit leaf/jackfruit anthracnose/anthracnose_(20).png,12261829490330266684,jackfruit anthracnose
multiple leaf dataset/jackfruit leaf/jackfruit anthracnose/anthracnose_(200).png,18404734574179020837,jackfruit anthracnose
multiple leaf dataset/jackfruit leaf/jackfruit anthracnose/anthracnose_(201).png,13025750695711684811,jackfruit anthracnose
multiple leaf dataset/jackfruit leaf/jackfruit anthracnose/anthracnose_(202).png,13457465134561682831,jackfruit anthracnose
multiple leaf dataset/jackfruit leaf/jackfruit anthracnose/anthracnose_(203).png,13010567755416702095,jackfruit anthracnose
multiple leaf dataset/jackfruit leaf/jackfruit anthracnose/anthracnose_(204).png,12155378068498127046,jackfruit anthracnose
multiple leaf dataset/jackfruit leaf/jackfruit anthracnose/anthracnose_(205).png,12592575380774778277,jackfruit anthracnose
multiple leaf dataset/jackfruit leaf/jackfruit anthracnose/anthracnose_(206).png,12317210381387460705,jackfruit anthracnose
multiple leaf dataset/jackfruit leaf/jackfruit anthracnose/anthracnose_(207).png,13826262097756431341,jackfruit anthracnose
multiple leaf dataset/jackfruit leaf/jackfruit anthracnose/anthracnose_(208).png,12303154410666420019,jackfruit anthracnose
multiple leaf dataset/jackfruit leaf/jackfruit anthracnose/anthracnose_(209).png,12752372132877634700,jackfruit anthracnose
multiple leaf dataset/jackfruit leaf/jackfruit anthracnose/anthracnose_(21).png,11976085381592553932,jackfruit anthracnose
multiple leaf dataset/jackfruit leaf/jackfruit anthracnose/anthracnose_(210).png,13819526451943727973,jackfruit anthracnose
multiple leaf dataset/jackfruit leaf/jackfruit anthracnose/anthracnose_(211).png,13468789382850441313,jackfruit anthracnose
multiple leaf dataset/jackfruit leaf/jackfruit anthracnose/anthracnose_(212).png,11667021887544633740,jackfruit anthracnose
multiple leaf dataset/jackfruit leaf/jackfruit anthracnose/anthracnose_(213).png,16269709569378902377,jackfruit anthracnose
multiple leaf dataset/jackfruit leaf/jackfruit anthracnose/anthracnose_(214).png,13026313646717803571,jackfruit anthracnose
multiple leaf dataset/jackfruit leaf/jackfruit anthracnose/anthracnose_(215).png,18068588191291580831,jackfruit anthracnose
multiple leaf dataset/jackfruit leaf/jackfruit anthracnose/anthracnose_(216).png,12662873933387378804,jackfruit anthracnose
multiple leaf dataset/jackfruit leaf/jackfruit anthracnose/anthracnose_(217).png,12147548917335013272,jackfruit anthracnose
multiple leaf dataset/jackfruit leaf/jackfruit anthracnose/anthracnose_(218).png,12795803416570158194,jackfruit anthracnose
multiple leaf dataset/jackfruit leaf/jackfruit anthracnose/anthracnose_(219).png,16903631603090019208,jackfruit anthracnose
multiple leaf dataset/jackfruit leaf/jackfruit anthracnose/anthracnose_(22).png,13776722980798805046,jackfruit anthracnose
multiple leaf dataset/jackfruit leaf/jackfruit anthracnose/anthracnose_(220).png,13682149073280905957,jackfruit anthracnose
multiple leaf dataset/jackfruit leaf/jackfruit anthracnose/anthracnose_(221).png,13032788263736654898,jackfruit anthracnose
multiple leaf dataset/jackfruit leaf/jackfruit anthracnose/anthracnose_(222).png,12738936414258994931,jackfruit anthracnose
multiple leaf dataset/jackfruit leaf/jackfruit anthracnose/anthracnose_(223).png,13803744952765690059,jackfruit anthracnose
multiple leaf dataset/jackfruit leaf/jackfruit anthracnose/anthracnose_(224).png,16915684287395815837,jackfruit anthracnose
multiple leaf dataset/jackfruit leaf/jackfruit anthracnose/anthracnose_(225).png,16903590925277876889,jackfruit anthracnose
multiple leaf dataset/jackfruit leaf/jackfruit anthracnose/anthracnose_(226).png,12159885283897337805,jackfruit anthracnose
multiple leaf dataset/jackfruit leaf/jackfruit anthracnose/anthracnose_(227).png,13013656639223243932,jackfruit anthracnose
multiple leaf dataset/jackfruit leaf/jackfruit anthracnose/anthracnose_(228).png,12309891916569632835,jackfruit anthracnose
multiple leaf dataset/jackfruit leaf/jackfruit anthracnose/anthracnose_(229).png,12743440878252011571,jackfruit anthracnose
multiple leaf dataset/jackfruit leaf/jackfruit anthracnose/anthracnose_(23).png,11645127953534589284,jackfruit anthracnose
multiple leaf dataset/jackfruit leaf/jackfruit anthracnose/anthracnose_(230).png,13682149103869965286,jackfruit anthracnose
multiple leaf dataset/jackfruit leaf/jackfruit anthracnose/anthracnose_(231).png,13037010188685773966,jackfruit anthracnose
multiple leaf dataset/jackfruit leaf/jackfruit anthracnose/anthracnose_(232).png,11662518722507328818,jackfruit anthracnose
multiple leaf dataset/jackfruit leaf/jackfruit anthracnose/anthracnose_(233).png,12813800030707174514,jackfruit anthracnose
multiple leaf dataset/jackfruit leaf/jackfruit anthracnose/anthracnose_(234).png,13026595086290951217,jackfruit anthracnose
multiple leaf dataset/jackfruit leaf/jackfruit anthracnose/anthracnose_(235).png,13823166562871981541,jackfruit anthracnose
multiple leaf dataset/jackfruit leaf/jackfruit anthracnose/anthracnose_(236).png,18258088901385753488,jackfruit anthracnose
multiple leaf dataset/jackfruit leaf/jackfruit anthracnose/anthracnose_(237).png,18416556331504185918,jackfruit anthracnose
multiple leaf dataset/jackfruit leaf/jackfruit anthracnose/anthracnose_(238).png,18412070193032150480,jackfruit anthracnose
multiple leaf dataset/jackfruit leaf/jackfruit anthracnose/anthracnose_(239).png,16623800840203639052,jackfruit anthracnose
multiple leaf dataset/jackfruit leaf/jackfruit anthracnose/anthracnose_(24).png,12481658627562628208,jackfruit anthracnose
multiple leaf dataset/jackfruit leaf/jackfruit anthracnose/anthracnose_(240).png,16623800857382918500,jackfruit anthracnose
multiple leaf dataset/jackfruit leaf/jackfruit anthracnose/anthracnose_(241).png,18341614747489676483,jackfruit anthracnose
multiple leaf dataset/jackfruit leaf/jackfruit anthracnose/anthracnose_(242).png,18357377140021799975,jackfruit anthracnose
multiple leaf dataset/jackfruit leaf/jackfruit anthracnose/anthracnose_(243).png,16903862603042873758,jackfruit anthracnose
multiple leaf dataset/jackfruit leaf/jackfruit anthracnose/anthracnose_(244).png,16623798654075705676,jackfruit anthracnose
multiple leaf dataset/jackfruit leaf/jackfruit anthracnose/anthracnose_(245).png,16262672300285650611,jackfruit anthracnose
multiple leaf dataset/jackfruit leaf/jackfruit anthracnose/anthracnose_(246).png,16243316796098295430,jackfruit anthracnose
multiple leaf dataset/jackfruit leaf/jackfruit anthracnose/anthracnose_(247).png,17908446796001124822,jackfruit anthracnose
multiple leaf dataset/jackfruit leaf/jackfruit anthracnose/anthracnose_(248).png,16759475636063744632,jackfruit anthracnose
multiple leaf dataset/jackfruit leaf/jackfruit anthracnose/anthracnose_(249).png,16619578479336987801,jackfruit anthracnose
multiple leaf dataset/jackfruit leaf/jackfruit anthracnose/anthracnose_(25).png,12208062961626544229,jackfruit anthracnose
multiple leaf dataset/jackfruit leaf/jackfruit anthracnose/anthracnose_(250).png,16543019278532975468,jackfruit anthracnose
multiple leaf dataset/jackfruit leaf/jackfruit anthracnose/anthracnose_(251).png,16763127569268762891,jackfruit anthracnose
multiple leaf dataset/jackfruit leaf/jackfruit anthracnose/anthracnose_(252).png,16760011093814638644,jackfruit anthracnose
multiple leaf dataset/jackfruit leaf/jackfruit anthracnose/anthracnose_(253).png,16903580992742044004,jackfruit anthracnose
multiple leaf dataset/jackfruit leaf/jackfruit anthracnose/anthracnose_(254).png,16759168867891125292,jackfruit anthracnose
multiple leaf dataset/jackfruit leaf/jackfruit anthracnose/anthracnose_(255).png,16542731210796669260,jackfruit anthracnose
multiple leaf dataset/jackfruit leaf/jackfruit anthracnose/anthracnose_(256).png,16760576464954420102,jackfruit anthracnose
multiple leaf dataset/jackfruit leaf/jackfruit anthracnose/anthracnose_(257).png,16552580837802089325,jackfruit anthracnose
multiple leaf dataset/jackfruit leaf/jackfruit anthracnose/anthracnose_(258).png,16254219256574260092,jackfruit anthracnose
multiple leaf dataset/jackfruit leaf/jackfruit anthracnose/anthracnose_(259).png,17107715475264650944,jackfruit anthracnose
multiple leaf dataset/jackfruit leaf/jackfruit anthracnose/anthracnose_(26).png,12689119840213389006,jackfruit anthracnose
multiple leaf dataset/jackfruit leaf/jackfruit anthracnose/anthracnose_(260).png,16253714134125688424,jackfruit anthracnose
multiple leaf dataset/jackfruit leaf/jackfruit anthracnose/anthracnose_(261).png,17264145003545180310,jackfruit anthracnose
multiple leaf dataset/jackfruit leaf/jackfruit anthracnose/anthracnose_(262).png,18055095276038858135,jackfruit anthracnose
multiple leaf dataset/jackfruit leaf/jackfruit anthracnose/anthracnose_(263).png,16891477794265263458,jackfruit anthracnose
multiple leaf dataset/jackfruit leaf/jackfruit anthracnose/anthracnose_(264).png,16876559874976672113,jackfruit anthracnose
multiple leaf dataset/jackfruit leaf/jackfruit anthracnose/anthracnose_(265).png,17490225864997522630,jackfruit anthracnose
multiple leaf dataset/jackfruit leaf/jackfruit anthracnose/anthracnose_(266).png,18200949802024540521,jackfruit anthracnose
multiple leaf dataset/jackfruit leaf/jackfruit anthracnose/anthracnose_(267).png,17481216067335801987,jackfruit anthracnose
multiple leaf dataset/jackfruit leaf/jackfruit anthracnose/anthracnose_(268).png,18428893774226663322,jackfruit anthracnose
multiple leaf dataset/jackfruit leaf/jackfruit anthracnose/anthracnose_(269).png,16280405659966715524,jackfruit anthracnose
multiple leaf dataset/jackfruit leaf/jackfruit anthracnose/anthracnose_(27).png,18415447900268801170,jackfruit anthracnose
multiple leaf dataset/jackfruit leaf/jackfruit anthracnose/anthracnose_(270).png,16774663127428122447,jackfruit anthracnose
multiple leaf dataset/jackfruit leaf/jackfruit anthracnose/anthracnose_(271).png,16759238244495635516,jackfruit anthracnose
multiple leaf dataset/jackfruit leaf/jackfruit anthracnose/anthracnose_(272).png,17120600429686973334,jackfruit anthracnose
multiple leaf dataset/jackfruit leaf/jackfruit anthracnose/anthracnose_(273).png,16254210520661204070,jackfruit anthracnose
multiple leaf dataset/jackfruit leaf/jackfruit anthracnose/anthracnose_(274).png,16769883036580716953,jackfruit anthracnose
multiple leaf dataset/jackfruit leaf/jackfruit anthracnose/anthracnose_(275).png,16830680148480223646,jackfruit anthracnose
multiple leaf dataset/jackfruit leaf/jackfruit anthracnose/anthracnose_(276).png,16981549881301819851,jackfruit anthracnose
multiple leaf dataset/jackfruit leaf/jackfruit anthracnose/anthracnose_(277).png,16686571417869523308,jackfruit anthracnose
multiple leaf dataset/jackfruit leaf/jackfruit anthracnose/anthracnose_(278).png,17908431127961477534,jackfruit anthracnose
multiple leaf dataset/jackfruit leaf/jackfruit anthracnose/anthracnose_(279).png,16542454571921676652,jackfruit anthracnose
multiple leaf dataset/jackfruit leaf/jackfruit anthracnose/anthracnose_(28).png,17477216403692751923,jackfruit anthracnose
multiple leaf dataset/jackfruit leaf/jackfruit anthracnose/anthracnose_(280).png,16470678452860459372,jackfruit anthracnose
multiple leaf dataset/jackfruit leaf/jackfruit anthracnose/anthracnose_(281).png,16198206187176707637,jackfruit anthracnose
multiple leaf dataset/jackfruit leaf/jackfruit anthracnose/anthracnose_(282).png,16989989803283356726,jackfruit anthracnose
multiple leaf dataset/jackfruit leaf/jackfruit anthracnose/anthracnose_(283).png,16565866838894412691,jackfruit anthracnose
multiple leaf dataset/jackfruit leaf/jackfruit anthracnose/anthracnose_(284).png,17668059801081121932,jackfruit anthracnose
multiple leaf dataset/jackfruit leaf/jackfruit anthracnose/anthracnose_(285).png,17553289462514764800,jackfruit anthracnose
multiple leaf dataset/jackfruit leaf/jackfruit anthracnose/anthracnose_(286).png,16758623641606119838,jackfruit anthracnose
multiple leaf dataset/jackfruit leaf/jackfruit anthracnose/anthracnose_(287).png,16759468142230593942,jackfruit anthracnose
multiple leaf dataset/jackfruit leaf/jackfruit anthracnose/anthracnose_(288).png,17914342300040141014,jackfruit anthracnose
multiple leaf dataset/jackfruit leaf/jackfruit anthracnose/anthracnose_(289).png,13302722223265233094,jackfruit anthracnose
multiple leaf dataset/jackfruit leaf/jackfruit anthracnose/anthracnose_(29).png,16759747343026577822,jackfruit anthracnose
multiple leaf dataset/jackfruit leaf/jackfruit anthracnose/anthracnose_(290).png,13673375129749906636,jackfruit anthracnose
multiple leaf dataset/jackfruit leaf/jackfruit anthracnose/anthracnose_(291).png,16279552456291158425,jackfruit anthracnose
multiple leaf dataset/jackfruit leaf/jackfruit anthracnose/anthracnose_(292).png,12592504635171024195,jackfruit anthracnose
multiple leaf dataset/jackfruit leaf/jackfruit anthracnose/anthracnose_(293).png,13673098027097245500,jackfruit anthracnose
multiple leaf dataset/jackfruit leaf/jackfruit anthracnose/anthracnose_(294).png,16262672849915635250,jackfruit anthracnose
multiple leaf dataset/jackfruit leaf/jackfruit anthracnose/anthracnose_(295).png,13026620382885918408,jackfruit anthracnose
multiple leaf dataset/jackfruit leaf/jackfruit anthracnose/anthracnose_(296).png,16768193662742242874,jackfruit anthracnose
multiple leaf dataset/jackfruit leaf/jackfruit anthracnose/anthracnose_(297).png,18320244987407330085,jackfruit anthracnose
multiple leaf dataset/jackfruit leaf/jackfruit anthracnose/anthracnose_(298).png,12522751618350358064,jackfruit anthracnose
multiple leaf dataset/jackfruit leaf/jackfruit anthracnose/anthracnose_(299).png,13604461986195381297,jackfruit anthracnose
multiple leaf dataset/jackfruit leaf/jackfruit anthracnose/anthracnose_(3).png,12668854652326171522,jackfruit anthracnose
multiple leaf dataset/jackfruit leaf/jackfruit anthracnose/anthracnose_(30).png,16658136230408657306,jackfruit anthracnose
multiple leaf dataset/jackfruit leaf/jackfruit anthracnose/anthracnose_(300).png,12363670061027017374,jackfruit anthracnose
multiple leaf dataset/jackfruit leaf/jackfruit anthracnose/anthracnose_(301).png,13026621484542660296,jackfruit anthracnose
multiple leaf dataset/jackfruit leaf/jackfruit anthracnose/anthracnose_(302).png,16774665325531844296,jackfruit anthracnose
multiple leaf dataset/jackfruit leaf/jackfruit anthracnose/anthracnose_(303).png,16275594097605552487,jackfruit anthracnose
multiple leaf dataset/jackfruit leaf/jackfruit anthracnose/anthracnose_(304).png,13458305423769681614,jackfruit anthracnose
multiple leaf dataset/jackfruit leaf/jackfruit anthracnose/anthracnose_(305).png,18260337917030969569,jackfruit anthracnose
multiple leaf dataset/jackfruit leaf/jackfruit anthracnose/anthracnose_(306).png,18214124916040805682,jackfruit anthracnose
multiple leaf dataset/jackfruit leaf/jackfruit anthracnose/anthracnose_(307).png,16890897219880516499,jackfruit anthracnose
multiple leaf dataset/jackfruit leaf/jackfruit anthracnose/anthracnose_(308).png,12866433613717161613,jackfruit anthracnose
multiple leaf dataset/jackfruit leaf/jackfruit anthracnose/anthracnose_(309).png,17972673849469344913,jackfruit anthracnose
multiple leaf dataset/jackfruit leaf/jackfruit anthracnose/anthracnose_(31).png,17918298690771493271,jackfruit anthracnose
multiple leaf dataset/jackfruit leaf/jackfruit anthracnose/anthracnose_(310).png,17134952708264062153,jackfruit anthracnose
multiple leaf dataset/jackfruit leaf/jackfruit anthracnose/anthracnose_(311).png,16768457580439641164,jackfruit anthracnose
multiple leaf dataset/jackfruit leaf/jackfruit anthracnose/anthracnose_(312).png,18411982304108702896,jackfruit anthracnose
multiple leaf dataset/jackfruit leaf/jackfruit anthracnose/anthracnose_(313).png,17925335030154028651,jackfruit anthracnose
multiple leaf dataset/jackfruit leaf/jackfruit anthracnose/anthracnose_(314).png,13792503203861505656,jackfruit anthracnose
multiple leaf dataset/jackfruit leaf/jackfruit anthracnose/anthracnose_(315).png,16759164611309573230,jackfruit anthracnose
multiple leaf dataset/jackfruit leaf/jackfruit anthracnose/anthracnose_(316).png,16916229658609990373,jackfruit anthracnose
multiple leaf dataset/jackfruit leaf/jackfruit anthracnose/anthracnose_(317).png,16685438843602180385,jackfruit anthracnose
multiple leaf dataset/jackfruit leaf/jackfruit anthracnose/anthracnose_(318).png,17093578289966793604,jackfruit anthracnose
multiple leaf dataset/jackfruit leaf/jackfruit anthracnose/anthracnose_(319).png,16747362702558394712,jackfruit anthracnose
multiple leaf dataset/jackfruit leaf/jackfruit anthracnose/anthracnose_(32).png,17983882011376706006,jackfruit anthracnose
multiple leaf dataset/jackfruit leaf/jackfruit anthracnose/anthracnose_(320).png,17927569235940239691,jackfruit anthracnose
multiple leaf dataset/jackfruit leaf/jackfruit anthracnose/anthracnose_(321).png,16542450173877262701,jackfruit anthracnose
multiple leaf dataset/jackfruit leaf/jackfruit anthracnose/anthracnose_(322).png,17278785843941785962,jackfruit anthracnose
multiple leaf dataset/jackfruit leaf/jackfruit anthracnose/anthracnose_(323).png,18068606149008873778,jackfruit anthracnose
multiple leaf dataset/jackfruit leaf/jackfruit anthracnose/anthracnose_(324).png,18069150958129040242,jackfruit anthracnose
multiple leaf dataset/jackfruit leaf/jackfruit anthracnose/anthracnose_(325).png,16882470726075943283,jackfruit anthracnose
multiple leaf dataset/jackfruit leaf/jackfruit anthracnose/anthracnose_(326).png,16905815191885944933,jackfruit anthracnose
multiple leaf dataset/jackfruit leaf/jackfruit anthracnose/anthracnose_(327).png,18356905228130676528,jackfruit anthracnose
multiple leaf dataset/jackfruit leaf/jackfruit anthracnose/anthracnose_(328).png,16774666905128704306,jackfruit anthracnose
multiple leaf dataset/jackfruit leaf/jackfruit anthracnose/anthracnose_(329).png,16774666905128704306,jackfruit anthracnose
multiple leaf dataset/jackfruit leaf/jackfruit anthracnose/anthracnose_(33).png,17916048969449874799,jackfruit anthracnose
multiple leaf dataset/jackfruit leaf/jackfruit anthracnose/anthracnose_(330).png,13805433267327210031,jackfruit anthracnose
multiple leaf dataset/jackfruit leaf/jackfruit anthracnose/anthracnose_(331).png,13817192767705736299,jackfruit anthracnose
multiple leaf dataset/jackfruit leaf/jackfruit anthracnose/anthracnose_(332).png,13028846774435470688,jackfruit anthracnose
multiple leaf dataset/jackfruit leaf/jackfruit anthracnose/anthracnose_(333).png,16253657406182889062,jackfruit anthracnose
multiple leaf dataset/jackfruit leaf/jackfruit anthracnose/anthracnose_(334).png,12234475050529613756,jackfruit anthracnose
multiple leaf dataset/jackfruit leaf/jackfruit anthracnose/anthracnose_(335).png,16925254817238671461,jackfruit anthracnose
multiple leaf dataset/jackfruit leaf/jackfruit anthracnose/anthracnose_(336).png,13028565781537754785,jackfruit anthracnose
multiple leaf dataset/jackfruit leaf/jackfruit anthracnose/anthracnose_(337).png,12508399388913418468,jackfruit anthracnose
multiple leaf dataset/jackfruit leaf/jackfruit anthracnose/anthracnose_(338).png,13025487225245964592,jackfruit anthracnose
multiple leaf dataset/jackfruit leaf/jackfruit anthracnose/anthracnose_(339).png,16915965633523393927,jackfruit anthracnose
multiple leaf dataset/jackfruit leaf/jackfruit anthracnose/anthracnose_(34).png,13746905358219693080,jackfruit anthracnose
multiple leaf dataset/jackfruit leaf/jackfruit anthracnose/anthracnose_(340).png,12147830434723803867,jackfruit anthracnose
multiple leaf dataset/jackfruit leaf/jackfruit anthracnose/anthracnose_(341).png,13313070667288241357,jackfruit anthracnose
multiple leaf dataset/jackfruit leaf/jackfruit anthracnose/anthracnose_(342).png,16831806041911556516,jackfruit anthracnose
multiple leaf dataset/jackfruit leaf/jackfruit anthracnose/anthracnose_(343).png,13817255033780069837,jackfruit anthracnose
multiple leaf dataset/jackfruit leaf/jackfruit anthracnose/anthracnose_(344).png,13733094202474241739,jackfruit anthracnose
multiple leaf dataset/jackfruit leaf/jackfruit anthracnose/anthracnose_(345).png,13391667676895022140,jackfruit anthracnose
multiple leaf dataset/jackfruit leaf/jackfruit anthracnose/anthracnose_(346).png,13032224817601891171,jackfruit anthracnose
multiple leaf dataset/jackfruit leaf/jackfruit anthracnose/anthracnose_(347).png,13818662408736027722,jackfruit anthracnose
multiple leaf dataset/jackfruit leaf/jackfruit anthracnose/anthracnose_(348).png,11642596028404478905,jackfruit anthracnose
multiple leaf dataset/jackfruit leaf/jackfruit anthracnose/anthracnose_(349).png,16255345285312903590,jackfruit anthracnose
multiple leaf dataset/jackfruit leaf/jackfruit anthracnose/anthracnose_(35).png,13821758835811988682,jackfruit anthracnose
multiple leaf dataset/jackfruit leaf/jackfruit anthracnose/anthracnose_(36).png,13025469213176810867,jackfruit anthracnose
multiple leaf dataset/jackfruit leaf/jackfruit anthracnose/anthracnose_(37).png,16916810960392806808,jackfruit anthracnose
multiple leaf dataset/jackfruit leaf/jackfruit anthracnose/anthracnose_(38).png,12743432041356606691,jackfruit anthracnose
multiple leaf dataset/jackfruit leaf/jackfruit anthracnose/anthracnose_(39).png,12592275936752186827,jackfruit anthracnose
multiple leaf dataset/jackfruit leaf/jackfruit anthracnose/anthracnose_(4).png,13817255033851634883,jackfruit anthracnose
multiple leaf dataset/jackfruit leaf/jackfruit anthracnose/anthracnose_(40).png,12740616536699505971,jackfruit anthracnose
multiple leaf dataset/jackfruit leaf/jackfruit anthracnose/anthracnose_(41).png,16756653108997007841,jackfruit anthracnose
multiple leaf dataset/jackfruit leaf/jackfruit anthracnose/anthracnose_(42).png,16684873913668573801,jackfruit anthracnose
multiple leaf dataset/jackfruit leaf/jackfruit anthracnose/anthracnose_(43).png,16963815795943629646,jackfruit anthracnose
multiple leaf dataset/jackfruit leaf/jackfruit anthracnose/anthracnose_(44).png,16659271063848130968,jackfruit anthracnose
multiple leaf dataset/jackfruit leaf/jackfruit anthracnose/anthracnose_(45).png,16767347601159318321,jackfruit anthracnose
multiple leaf dataset/jackfruit leaf/jackfruit anthracnose/anthracnose_(46).png,16544710529279695206,jackfruit anthracnose
multiple leaf dataset/jackfruit leaf/jackfruit anthracnose/anthracnose_(47).png,16819139854791696747,jackfruit anthracnose
multiple leaf dataset/jackfruit leaf/jackfruit anthracnose/anthracnose_(48).png,12305388042807518607,jackfruit anthracnose
multiple leaf dataset/jackfruit leaf/jackfruit anthracnose/anthracnose_(49).png,13026595121673626675,jackfruit anthracnose
multiple leaf dataset/jackfruit leaf/jackfruit anthracnose/anthracnose_(5).png,12809309624133159363,jackfruit anthracnose
multiple leaf dataset/jackfruit leaf/jackfruit anthracnose/anthracnose_(50).png,18195551005962215879,jackfruit anthracnose
multiple leaf dataset/jackfruit leaf/jackfruit anthracnose/anthracnose_(51).png,16617032040468748580,jackfruit anthracnose
multiple leaf dataset/jackfruit leaf/jackfruit anthracnose/anthracnose_(52).png,18072528792105019399,jackfruit anthracnose
multiple leaf dataset/jackfruit leaf/jackfruit anthracnose/anthracnose_(53).png,13028003063543180343,jackfruit anthracnose
multiple leaf dataset/jackfruit leaf/jackfruit anthracnose/anthracnose_(54).png,13817254965669025994,jackfruit anthracnose
multiple leaf dataset/jackfruit leaf/jackfruit anthracnose/anthracnose_(55).png,12739490635937008500,jackfruit anthracnose
multiple leaf dataset/jackfruit leaf/jackfruit anthracnose/anthracnose_(56).png,16920188085763120888,jackfruit anthracnose
multiple leaf dataset/jackfruit leaf/jackfruit anthracnose/anthracnose_(57).png,13032229213604884691,jackfruit anthracnose
multiple leaf dataset/jackfruit leaf/jackfruit anthracnose/anthracnose_(58).png,13817185767856869330,jackfruit anthracnose
multiple leaf dataset/jackfruit leaf/jackfruit anthracnose/anthracnose_(59).png,13673159638355480280,jackfruit anthracnose
multiple leaf dataset/jackfruit leaf/jackfruit anthracnose/anthracnose_(6).png,13025469146621572051,jackfruit anthracnose
multiple leaf dataset/jackfruit leaf/jackfruit anthracnose/anthracnose_(60).png,12457382726378009191,jackfruit anthracnose
multiple leaf dataset/jackfruit leaf/jackfruit anthracnose/anthracnose_(61).png,12233063891814174064,jackfruit anthracnose
multiple leaf dataset/jackfruit leaf/jackfruit anthracnose/anthracnose_(62).png,12650822915046341834,jackfruit anthracnose
multiple leaf dataset/jackfruit leaf/jackfruit anthracnose/anthracnose_(63).png,13169584414146442376,jackfruit anthracnose
multiple leaf dataset/jackfruit leaf/jackfruit anthracnose/anthracnose_(64).png,13456972553370362925,jackfruit anthracnose
multiple leaf dataset/jackfruit leaf/jackfruit anthracnose/anthracnose_(65).png,12664285145238497227,jackfruit anthracnose
multiple leaf dataset/jackfruit leaf/jackfruit anthracnose/anthracnose_(66).png,12652793781543187098,jackfruit anthracnose
multiple leaf dataset/jackfruit leaf/jackfruit anthracnose/anthracnose_(67).png,13028002900338314352,jackfruit anthracnose
multiple leaf dataset/jackfruit leaf/jackfruit anthracnose/anthracnose_(68).png,12664351121904510347,jackfruit anthracnose
multiple leaf dataset/jackfruit leaf/jackfruit anthracnose/anthracnose_(69).png,16778322368995052661,jackfruit anthracnose
multiple leaf dataset/jackfruit leaf/jackfruit anthracnose/anthracnose_(7).png,13817272689313459506,jackfruit anthracnose
multiple leaf dataset/jackfruit leaf/jackfruit anthracnose/anthracnose_(70).png,12280970531826972826,jackfruit anthracnose
multiple leaf dataset/jackfruit leaf/jackfruit anthracnose/anthracnose_(71).png,12710793254511679128,jackfruit anthracnose
multiple leaf dataset/jackfruit leaf/jackfruit anthracnose/anthracnose_(72).png,12483580976427747780,jackfruit anthracnose
multiple leaf dataset/jackfruit leaf/jackfruit anthracnose/anthracnose_(73).png,13777285884586703917,jackfruit anthracnose
multiple leaf dataset/jackfruit leaf/jackfruit anthracnose/anthracnose_(74).png,13776441925576043535,jackfruit anthracnose
multiple leaf dataset/jackfruit leaf/jackfruit anthracnose/anthracnose_(75).png,12483363472488497615,jackfruit anthracnose
multiple leaf dataset/jackfruit leaf/jackfruit anthracnose/anthracnose_(76).png,12263237947528268190,jackfruit anthracnose
multiple leaf dataset/jackfruit leaf/jackfruit anthracnose/anthracnose_(77).png,13635158873311751565,jackfruit anthracnose
multiple leaf dataset/jackfruit leaf/jackfruit anthracnose/anthracnose_(78).png,11539589379816921241,jackfruit anthracnose
multiple leaf dataset/jackfruit leaf/jackfruit anthracnose/anthracnose_(79).png,11569412610765474865,jackfruit anthracnose
multiple leaf dataset/jackfruit leaf/jackfruit anthracnose/anthracnose_(8).png,12664351054242264514,jackfruit anthracnose
multiple leaf dataset/jackfruit leaf/jackfruit anthracnose/anthracnose_(80).png,12147553223307662438,jackfruit anthracnose
multiple leaf dataset/jackfruit leaf/jackfruit anthracnose/anthracnose_(81).png,12260704535366023391,jackfruit anthracnose
multiple leaf dataset/jackfruit leaf/jackfruit anthracnose/anthracnose_(82).png,12040547759740459367,jackfruit anthracnose
multiple leaf dataset/jackfruit leaf/jackfruit anthracnose/anthracnose_(83).png,17909554850382751939,jackfruit anthracnose
multiple leaf dataset/jackfruit leaf/jackfruit anthracnose/anthracnose_(84).png,16544705959434754404,jackfruit anthracnose
multiple leaf dataset/jackfruit leaf/jackfruit anthracnose/anthracnose_(85).png,16975920120849457606,jackfruit anthracnose
multiple leaf dataset/jackfruit leaf/jackfruit anthracnose/anthracnose_(86).png,17448857938316332232,jackfruit anthracnose
multiple leaf dataset/jackfruit leaf/jackfruit anthracnose/anthracnose_(87).png,17957425984568123728,jackfruit anthracnose
multiple leaf dataset/jackfruit leaf/jackfruit anthracnose/anthracnose_(88).png,17766294589417822499,jackfruit anthracnose
multiple leaf dataset/jackfruit leaf/jackfruit anthracnose/anthracnose_(89).png,12262903697067174174,jackfruit anthracnose
multiple leaf dataset/jackfruit leaf/jackfruit anthracnose/anthracnose_(9).png,12739490636838771955,jackfruit anthracnose
multiple leaf dataset/jackfruit leaf/jackfruit anthracnose/anthracnose_(90).png,12696438765172330182,jackfruit anthracnose
multiple leaf dataset/jackfruit leaf/jackfruit anthracnose/anthracnose_(91).png,13708606247426536506,jackfruit anthracnose
multiple leaf dataset/jackfruit leaf/jackfruit anthracnose/anthracnose_(92).png,12869541043975015539,jackfruit anthracnose
multiple leaf dataset/jackfruit leaf/jackfruit anthracnose/anthracnose_(93).png,13626978653958452475,jackfruit anthracnose
multiple leaf dataset/jackfruit leaf/jackfruit anthracnose/anthracnose_(94).png,12695871382782201039,jackfruit anthracnose
multiple leaf dataset/jackfruit leaf/jackfruit anthracnose/anthracnose_(95).png,12999019764119056743,jackfruit anthracnose
multiple leaf dataset/jackfruit leaf/jackfruit anthracnose/anthracnose_(96).png,13554360853274751878,jackfruit anthracnose
multiple leaf dataset/jackfruit leaf/jackfruit anthracnose/anthracnose_(97).png,13555768773614842654,jackfruit anthracnose
multiple leaf dataset/jackfruit leaf/jackfruit anthracnose/anthracnose_(98).png,12999023630663326104,jackfruit anthracnose
multiple leaf dataset/jackfruit leaf/jackfruit anthracnose/anthracnose_(99).png,11687364158060153996,jackfruit anthracnose
multiple leaf dataset/jackfruit leaf/jackfruit healthy/healthy_(1).png,16844191467308762353,jackfruit healthy
multiple leaf dataset/jackfruit leaf/jackfruit healthy/healthy_(10).png,13649496571034710192,jackfruit healthy
multiple leaf dataset/jackfruit leaf/jackfruit healthy/healthy_(100).png,13346583278927095345,jackfruit healthy
multiple leaf dataset/jackfruit leaf/jackfruit healthy/healthy_(101).png,13817272625966638277,jackfruit healthy
multiple leaf dataset/jackfruit leaf/jackfruit healthy/healthy_(102).png,13563377259390052152,jackfruit healthy
multiple leaf dataset/jackfruit leaf/jackfruit healthy/healthy_(103).png,13636548657650546232,jackfruit healthy
multiple leaf dataset/jackfruit leaf/jackfruit healthy/healthy_(104).png,16927506617554592301,jackfruit healthy
multiple leaf dataset/jackfruit leaf/jackfruit healthy/healthy_(105).png,13673150700721350598,jackfruit healthy
multiple leaf dataset/jackfruit leaf/jackfruit healthy/healthy_(106).png,13013938241477161625,jackfruit healthy
multiple leaf dataset/jackfruit leaf/jackfruit healthy/healthy_(107).png,13682149652563571557,jackfruit healthy
multiple leaf dataset/jackfruit leaf/jackfruit healthy/healthy_(108).png,13682361824149320421,jackfruit healthy
multiple leaf dataset/jackfruit leaf/jackfruit healthy/healthy_(109).png,18080410784550789600,jackfruit healthy
multiple leaf dataset/jackfruit leaf/jackfruit healthy/healthy_(11).png,16891477820570255585,jackfruit healthy
multiple leaf dataset/jackfruit leaf/jackfruit healthy/healthy_(110).png,13776441785510202164,jackfruit healthy
multiple leaf dataset/jackfruit leaf/jackfruit healthy/healthy_(111).png,16280959769924996557,jackfruit healthy
multiple leaf dataset/jackfruit leaf/jackfruit healthy/healthy_(112).png,13779837076900634676,jackfruit healthy
multiple leaf dataset/jackfruit leaf/jackfruit healthy/healthy_(113).png,16254500924807264742,jackfruit healthy
multiple leaf dataset/jackfruit leaf/jackfruit healthy/healthy_(114).png,16877967021753131113,jackfruit healthy
multiple leaf dataset/jackfruit leaf/jackfruit healthy/healthy_(115).png,11884039420767341722,jackfruit healthy
multiple leaf dataset/jackfruit leaf/jackfruit healthy/healthy_(116).png,16915684282025174287,jackfruit healthy
multiple leaf dataset/jackfruit leaf/jackfruit healthy/healthy_(117).png,13013928932408783156,jackfruit healthy
multiple leaf dataset/jackfruit leaf/jackfruit healthy/healthy_(118).png,12806415203753135308,jackfruit healthy
multiple leaf dataset/jackfruit leaf/jackfruit healthy/healthy_(119).png,11884105447365643419,jackfruit healthy
multiple leaf dataset/jackfruit leaf/jackfruit healthy/healthy_(12).png,13775878835573557684,jackfruit healthy
multiple leaf dataset/jackfruit leaf/jackfruit healthy/healthy_(120).png,12725417072703982706,jackfruit healthy
multiple leaf dataset/jackfruit leaf/jackfruit healthy/healthy_(121).png,16272794537047188890,jackfruit healthy
multiple leaf dataset/jackfruit leaf/jackfruit healthy/healthy_(122).png,12303998787577890205,jackfruit healthy
multiple leaf dataset/jackfruit leaf/jackfruit healthy/healthy_(123).png,16557931069980162507,jackfruit healthy
multiple leaf dataset/jackfruit leaf/jackfruit healthy/healthy_(124).png,16902173501129008399,jackfruit healthy
multiple leaf dataset/jackfruit leaf/jackfruit healthy/healthy_(125).png,13585604222538755123,jackfruit healthy
multiple leaf dataset/jackfruit leaf/jackfruit healthy/healthy_(126).png,13603618616753540145,jackfruit healthy
multiple leaf dataset/jackfruit leaf/jackfruit healthy/healthy_(127).png,16897669764332152215,jackfruit healthy
multiple leaf dataset/jackfruit leaf/jackfruit healthy/healthy_(128).png,12797697891207756979,jackfruit healthy
multiple leaf dataset/jackfruit leaf/jackfruit healthy/healthy_(129).png,13009706611532447015,jackfruit healthy
multiple leaf dataset/jackfruit leaf/jackfruit healthy/healthy_(13).png,16891460159664742881,jackfruit healthy
multiple leaf dataset/jackfruit leaf/jackfruit healthy/healthy_(130).png,11932713192342892982,jackfruit healthy
multiple leaf dataset/jackfruit leaf/jackfruit healthy/healthy_(131).png,12286265336577471902,jackfruit healthy
multiple leaf dataset/jackfruit leaf/jackfruit healthy/healthy_(132).png,12797697598311307727,jackfruit healthy
multiple leaf dataset/jackfruit leaf/jackfruit healthy/healthy_(133).png,13583913689986836184,jackfruit healthy
multiple leaf dataset/jackfruit leaf/jackfruit healthy/healthy_(134).png,12866442938048597043,jackfruit healthy
multiple leaf dataset/jackfruit leaf/jackfruit healthy/healthy_(135).png,16918195584903520271,jackfruit healthy
multiple leaf dataset/jackfruit leaf/jackfruit healthy/healthy_(136).png,13008589507982878411,jackfruit healthy
multiple leaf dataset/jackfruit leaf/jackfruit healthy/healthy_(137).png,16587771789792024972,jackfruit healthy
multiple leaf dataset/jackfruit leaf/jackfruit healthy/healthy_(138).png,16255345074329052572,jackfruit healthy
multiple leaf dataset/jackfruit leaf/jackfruit healthy/healthy_(139).png,16472084290196052324,jackfruit healthy
multiple leaf dataset/jackfruit leaf/jackfruit healthy/healthy_(14).png,13819507199275873445,jackfruit healthy
multiple leaf dataset/jackfruit leaf/jackfruit healthy/healthy_(140).png,17906173349812581586,jackfruit healthy
multiple leaf dataset/jackfruit leaf/jackfruit healthy/healthy_(141).png,16566089669630071705,jackfruit healthy
multiple leaf dataset/jackfruit leaf/jackfruit healthy/healthy_(142).png,12720359131831154395,jackfruit healthy
multiple leaf dataset/jackfruit leaf/jackfruit healthy/healthy_(143).png,16544424447950874014,jackfruit healthy
multiple leaf dataset/jackfruit leaf/jackfruit healthy/healthy_(144).png,16543584457574453902,jackfruit healthy
multiple leaf dataset/jackfruit leaf/jackfruit healthy/healthy_(145).png,17404044678972886322,jackfruit healthy
multiple leaf dataset/jackfruit leaf/jackfruit healthy/healthy_(146).png,13031675038471565650,jackfruit healthy
multiple leaf dataset/jackfruit leaf/jackfruit healthy/healthy_(147).png,13673139837690984271,jackfruit healthy
multiple leaf dataset/jackfruit leaf/jackfruit healthy/healthy_(148).png,16524153774266935667,jackfruit healthy
multiple leaf dataset/jackfruit leaf/jackfruit healthy/healthy_(149).png,12269095341783704988,jackfruit healthy
multiple leaf dataset/jackfruit leaf/jackfruit healthy/healthy_(15).png,13437199246543217057,jackfruit healthy
multiple leaf dataset/jackfruit leaf/jackfruit healthy/healthy_(150).png,12237009615219749330,jackfruit healthy
multiple leaf dataset/jackfruit leaf/jackfruit healthy/healthy_(151).png,12813734264020417747,jackfruit healthy
multiple leaf dataset/jackfruit leaf/jackfruit healthy/healthy_(152).png,13819788674514694285,jackfruit healthy
multiple leaf dataset/jackfruit leaf/jackfruit healthy/healthy_(153).png,12797197036767559026,jackfruit healthy
multiple leaf dataset/jackfruit leaf/jackfruit healthy/healthy_(154).png,13025768649768144024,jackfruit healthy
multiple leaf dataset/jackfruit leaf/jackfruit healthy/healthy_(155).png,16903563467737621150,jackfruit healthy
multiple leaf dataset/jackfruit leaf/jackfruit healthy/healthy_(156).png,11874746731813408051,jackfruit healthy
multiple leaf dataset/jackfruit leaf/jackfruit healthy/healthy_(157).png,13611500501263256585,jackfruit healthy
multiple leaf dataset/jackfruit leaf/jackfruit healthy/healthy_(158).png,16927489025402134945,jackfruit healthy
multiple leaf dataset/jackfruit leaf/jackfruit healthy/healthy_(159).png,12738927893043892147,jackfruit healthy
multiple leaf dataset/jackfruit leaf/jackfruit healthy/healthy_(16).png,16782828480632620453,jackfruit healthy
multiple leaf dataset/jackfruit leaf/jackfruit healthy/healthy_(160).png,13024624801148595251,jackfruit healthy
multiple leaf dataset/jackfruit leaf/jackfruit healthy/healthy_(161).png,13172689625026688115,jackfruit healthy
multiple leaf dataset/jackfruit leaf/jackfruit healthy/healthy_(162).png,12291895041261387034,jackfruit healthy
multiple leaf dataset/jackfruit leaf/jackfruit healthy/healthy_(163).png,13674497388232314035,jackfruit healthy
multiple leaf dataset/jackfruit leaf/jackfruit healthy/healthy_(164).png,17108478197263407250,jackfruit healthy
multiple leaf dataset/jackfruit leaf/jackfruit healthy/healthy_(165).png,12305405840092128458,jackfruit healthy
multiple leaf dataset/jackfruit leaf/jackfruit healthy/healthy_(166).png,13169584414155097136,jackfruit healthy
multiple leaf dataset/jackfruit leaf/jackfruit healthy/healthy_(167).png,12323419207873451102,jackfruit healthy
multiple leaf dataset/jackfruit leaf/jackfruit healthy/healthy_(168).png,13026594949892426865,jackfruit healthy
multiple leaf dataset/jackfruit leaf/jackfruit healthy/healthy_(169).png,12614723496689296671,jackfruit healthy
multiple leaf dataset/jackfruit leaf/jackfruit healthy/healthy_(17).png,13817255446709286019,jackfruit healthy
multiple leaf dataset/jackfruit leaf/jackfruit healthy/healthy_(170).png,18056498578572391064,jackfruit healthy
multiple leaf dataset/jackfruit leaf/jackfruit healthy/healthy_(171).png,13672016367090470027,jackfruit healthy
multiple leaf dataset/jackfruit leaf/jackfruit healthy/healthy_(172).png,17138614286219491736,jackfruit healthy
multiple leaf dataset/jackfruit leaf/jackfruit healthy/healthy_(173).png,12214490321338512715,jackfruit healthy
multiple leaf dataset/jackfruit leaf/jackfruit healthy/healthy_(174).png,12740616499198389489,jackfruit healthy
multiple leaf dataset/jackfruit leaf/jackfruit healthy/healthy_(175).png,12664333508309742795,jackfruit healthy
multiple leaf dataset/jackfruit leaf/jackfruit healthy/healthy_(176).png,11860685284850415987,jackfruit healthy
multiple leaf dataset/jackfruit leaf/jackfruit healthy/healthy_(177).png,12650822662383218507,jackfruit healthy
multiple leaf dataset/jackfruit leaf/jackfruit healthy/healthy_(178).png,16256462404156021206,jackfruit healthy
multiple leaf dataset/jackfruit leaf/jackfruit healthy/healthy_(179).png,13170435293380619441,jackfruit healthy
multiple leaf dataset/jackfruit leaf/jackfruit healthy/healthy_(18).png,12496803773431145568,jackfruit healthy
multiple leaf dataset/jackfruit leaf/jackfruit healthy/healthy_(180).png,13601366890979615804,jackfruit healthy
multiple leaf dataset/jackfruit leaf/jackfruit healthy/healthy_(181).png,17409656572717865062,jackfruit healthy
multiple leaf dataset/jackfruit leaf/jackfruit healthy/healthy_(182).png,16255345293903108453,jackfruit healthy
multiple leaf dataset/jackfruit leaf/jackfruit healthy/healthy_(183).png,13817255034307511711,jackfruit healthy
multiple leaf dataset/jackfruit leaf/jackfruit healthy/healthy_(184).png,11861218481690188135,jackfruit healthy
multiple leaf dataset/jackfruit leaf/jackfruit healthy/healthy_(185).png,12646266355722497867,jackfruit healthy
multiple leaf dataset/jackfruit leaf/jackfruit healthy/healthy_(186).png,12433544224952864051,jackfruit healthy
multiple leaf dataset/jackfruit leaf/jackfruit healthy/healthy_(187).png,13298782137100963122,jackfruit healthy
multiple leaf dataset/jackfruit leaf/jackfruit healthy/healthy_(188).png,12324329865408607629,jackfruit healthy
multiple leaf dataset/jackfruit leaf/jackfruit healthy/healthy_(189).png,17120036203314911587,jackfruit healthy
multiple leaf dataset/jackfruit leaf/jackfruit healthy/healthy_(19).png,16917074052911571358,jackfruit healthy
multiple leaf dataset/jackfruit leaf/jackfruit healthy/healthy_(190).png,12721485206238186547,jackfruit healthy
multiple leaf dataset/jackfruit leaf/jackfruit healthy/healthy_(191).png,13010217173406878889,jackfruit healthy
multiple leaf dataset/jackfruit leaf/jackfruit healthy/healthy_(192).png,12647444962457466187,jackfruit healthy
multiple leaf dataset/jackfruit leaf/jackfruit healthy/healthy_(193).png,13013577626656059708,jackfruit healthy
multiple leaf dataset/jackfruit leaf/jackfruit healthy/healthy_(194).png,13799240635847333517,jackfruit healthy
multiple leaf dataset/jackfruit leaf/jackfruit healthy/healthy_(195).png,11645057860775588307,jackfruit healthy
multiple leaf dataset/jackfruit leaf/jackfruit healthy/healthy_(196).png,12304279735086691742,jackfruit healthy
multiple leaf dataset/jackfruit leaf/jackfruit healthy/healthy_(197).png,12744284710473251955,jackfruit healthy
multiple leaf dataset/jackfruit leaf/jackfruit healthy/healthy_(198).png,12668784353687637963,jackfruit healthy
multiple leaf dataset/jackfruit leaf/jackfruit healthy/healthy_(199).png,13775315612362553406,jackfruit healthy
multiple leaf dataset/jackfruit leaf/jackfruit healthy/healthy_(2).png,12352130024859230436,jackfruit healthy
multiple leaf dataset/jackfruit leaf/jackfruit healthy/healthy_(20).png,13581944715749439696,jackfruit healthy
multiple leaf dataset/jackfruit leaf/jackfruit healthy/healthy_(200).png,18051981052082702889,jackfruit healthy
multiple leaf dataset/jackfruit leaf/jackfruit healthy/healthy_(201).png,13794456185477807661,jackfruit healthy
multiple leaf dataset/jackfruit leaf/jackfruit healthy/healthy_(202).png,13817272423277158710,jackfruit healthy
multiple leaf dataset/jackfruit leaf/jackfruit healthy/healthy_(203).png,17461809674176416067,jackfruit healthy
multiple leaf dataset/jackfruit leaf/jackfruit healthy/healthy_(204).png,12625226697671781687,jackfruit healthy
multiple leaf dataset/jackfruit leaf/jackfruit healthy/healthy_(205).png,12706001836260314823,jackfruit healthy
multiple leaf dataset/jackfruit leaf/jackfruit healthy/healthy_(206).png,13074445354221265008,jackfruit healthy
multiple leaf dataset/jackfruit leaf/jackfruit healthy/healthy_(207).png,16849820434018427286,jackfruit healthy
multiple leaf dataset/jackfruit leaf/jackfruit healthy/healthy_(208).png,16531470154426653595,jackfruit healthy
multiple leaf dataset/jackfruit leaf/jackfruit healthy/healthy_(209).png,16738357703666196779,jackfruit healthy
multiple leaf dataset/jackfruit leaf/jackfruit healthy/healthy_(21).png,12496805972690985184,jackfruit healthy
multiple leaf dataset/jackfruit leaf/jackfruit healthy/healthy_(210).png,16255917435098130804,jackfruit healthy
multiple leaf dataset/jackfruit leaf/jackfruit healthy/healthy_(211).png,16899077529449605783,jackfruit healthy
multiple leaf dataset/jackfruit leaf/jackfruit healthy/healthy_(212).png,13636832327849944380,jackfruit healthy
multiple leaf dataset/jackfruit leaf/jackfruit healthy/healthy_(213).png,12987467365688002870,jackfruit healthy
multiple leaf dataset/jackfruit leaf/jackfruit healthy/healthy_(214).png,16269137365932513731,jackfruit healthy
multiple leaf dataset/jackfruit leaf/jackfruit healthy/healthy_(215).png,12737247572988708659,jackfruit healthy
multiple leaf dataset/jackfruit leaf/jackfruit healthy/healthy_(216).png,13799240636149305487,jackfruit healthy
multiple leaf dataset/jackfruit leaf/jackfruit healthy/healthy_(217).png,12743994445879462963,jackfruit healthy
multiple leaf dataset/jackfruit leaf/jackfruit healthy/healthy_(218).png,13817255035313065929,jackfruit healthy
multiple leaf dataset/jackfruit leaf/jackfruit healthy/healthy_(219).png,16754680730980531254,jackfruit healthy
multiple leaf dataset/jackfruit leaf/jackfruit healthy/healthy_(22).png,13677361906539794620,jackfruit healthy
multiple leaf dataset/jackfruit leaf/jackfruit healthy/healthy_(220).png,16661520673228229065,jackfruit healthy
multiple leaf dataset/jackfruit leaf/jackfruit healthy/healthy_(221).png,16964097244114085229,jackfruit healthy
multiple leaf dataset/jackfruit leaf/jackfruit healthy/healthy_(222).png,16400032219435211110,jackfruit healthy
multiple leaf dataset/jackfruit leaf/jackfruit healthy/healthy_(223).png,16834057835598131342,jackfruit healthy
multiple leaf dataset/jackfruit leaf/jackfruit healthy/healthy_(224).png,16526691328992580461,jackfruit healthy
multiple leaf dataset/jackfruit leaf/jackfruit healthy/healthy_(225).png,16281812732726330450,jackfruit healthy
multiple leaf dataset/jackfruit leaf/jackfruit healthy/healthy_(226).png,16801686202965701865,jackfruit healthy
multiple leaf dataset/jackfruit leaf/jackfruit healthy/healthy_(227).png,16224664708888361568,jackfruit healthy
multiple leaf dataset/jackfruit leaf/jackfruit healthy/healthy_(228).png,16157391297093052263,jackfruit healthy
multiple leaf dataset/jackfruit leaf/jackfruit healthy/healthy_(229).png,17107372771334460306,jackfruit healthy
multiple leaf dataset/jackfruit leaf/jackfruit healthy/healthy_(23).png,12135115871491865313,jackfruit healthy
multiple leaf dataset/jackfruit leaf/jackfruit healthy/healthy_(230).png,12745402032280120525,jackfruit healthy
multiple leaf dataset/jackfruit leaf/jackfruit healthy/healthy_(231).png,13026313637054160099,jackfruit healthy
multiple leaf dataset/jackfruit leaf/jackfruit healthy/healthy_(232).png,16273359756836673900,jackfruit healthy
multiple leaf dataset/jackfruit leaf/jackfruit healthy/healthy_(233).png,12793538135981214745,jackfruit healthy
multiple leaf dataset/jackfruit leaf/jackfruit healthy/healthy_(234).png,17120581539706149068,jackfruit healthy
multiple leaf dataset/jackfruit leaf/jackfruit healthy/healthy_(235).png,12722611106161609777,jackfruit healthy
multiple leaf dataset/jackfruit leaf/jackfruit healthy/healthy_(236).png,17132979546920360049,jackfruit healthy
multiple leaf dataset/jackfruit leaf/jackfruit healthy/healthy_(237).png,16873744897031414257,jackfruit healthy
multiple leaf dataset/jackfruit leaf/jackfruit healthy/healthy_(238).png,13010199607252667697,jackfruit healthy
multiple leaf dataset/jackfruit leaf/jackfruit healthy/healthy_(239).png,12358651619440915787,jackfruit healthy
multiple leaf dataset/jackfruit leaf/jackfruit healthy/healthy_(24).png,13817272995876058341,jackfruit healthy
multiple leaf dataset/jackfruit leaf/jackfruit healthy/healthy_(240).png,17406023785944335314,jackfruit healthy
multiple leaf dataset/jackfruit leaf/jackfruit healthy/healthy_(241).png,11877843148987455847,jackfruit healthy
multiple leaf dataset/jackfruit leaf/jackfruit healthy/healthy_(242).png,11879584775472036198,jackfruit healthy
multiple leaf dataset/jackfruit leaf/jackfruit healthy/healthy_(243).png,12793828670329483763,jackfruit healthy
multiple leaf dataset/jackfruit leaf/jackfruit healthy/healthy_(244).png,13803181770877351077,jackfruit healthy
multiple leaf dataset/jackfruit leaf/jackfruit healthy/healthy_(245).png,12883894077383392817,jackfruit healthy
multiple leaf dataset/jackfruit leaf/jackfruit healthy/healthy_(246).png,16902454902286050586,jackfruit healthy
multiple leaf dataset/jackfruit leaf/jackfruit healthy/healthy_(247).png,12520800879322647604,jackfruit healthy
multiple leaf dataset/jackfruit leaf/jackfruit healthy/healthy_(248).png,12719224656536325172,jackfruit healthy
multiple leaf dataset/jackfruit leaf/jackfruit healthy/healthy_(249).png,17337037540561885221,jackfruit healthy
multiple leaf dataset/jackfruit leaf/jackfruit healthy/healthy_(25).png,16917936658431271393,jackfruit healthy
multiple leaf dataset/jackfruit leaf/jackfruit healthy/healthy_(250).png,16774929340591348321,jackfruit healthy
multiple leaf dataset/jackfruit leaf/jackfruit healthy/healthy_(251).png,12612278805250946534,jackfruit healthy
multiple leaf dataset/jackfruit leaf/jackfruit healthy/healthy_(252).png,16256172573426293100,jackfruit healthy
multiple leaf dataset/jackfruit leaf/jackfruit healthy/healthy_(253).png,12646248762465072587,jackfruit healthy
multiple leaf dataset/jackfruit leaf/jackfruit healthy/healthy_(254).png,16283211844881621401,jackfruit healthy
multiple leaf dataset/jackfruit leaf/jackfruit healthy/healthy_(255).png,12376054753579626906,jackfruit healthy
multiple leaf dataset/jackfruit leaf/jackfruit healthy/healthy_(256).png,16687134505129317092,jackfruit healthy
multiple leaf dataset/jackfruit leaf/jackfruit healthy/healthy_(257).png,13655637812640255307,jackfruit healthy
multiple leaf dataset/jackfruit leaf/jackfruit healthy/healthy_(258).png,12743369921098035699,jackfruit healthy
multiple leaf dataset/jackfruit leaf/jackfruit healthy/healthy_(259).png,12303998283056222170,jackfruit healthy
multiple leaf dataset/jackfruit leaf/jackfruit healthy/healthy_(26).png,13817254957083014347,jackfruit healthy
multiple leaf dataset/jackfruit leaf/jackfruit healthy/healthy_(260).png,11663081053163174374,jackfruit healthy
multiple leaf dataset/jackfruit leaf/jackfruit healthy/healthy_(261).png,13817272627583026443,jackfruit healthy
multiple leaf dataset/jackfruit leaf/jackfruit healthy/healthy_(262).png,16255354081402739251,jackfruit healthy
multiple leaf dataset/jackfruit leaf/jackfruit healthy/healthy_(263).png,12291613567293398682,jackfruit healthy
multiple leaf dataset/jackfruit leaf/jackfruit healthy/healthy_(264).png,13028802860441585458,jackfruit healthy
multiple leaf dataset/jackfruit leaf/jackfruit healthy/healthy_(265).png,16899059937397779095,jackfruit healthy
multiple leaf dataset/jackfruit leaf/jackfruit healthy/healthy_(266).png,11611923349283628897,jackfruit healthy
multiple leaf dataset/jackfruit leaf/jackfruit healthy/healthy_(267).png,13778412110910927918,jackfruit healthy
multiple leaf dataset/jackfruit leaf/jackfruit healthy/healthy_(268).png,12956519238430899249,jackfruit healthy
multiple leaf dataset/jackfruit leaf/jackfruit healthy/healthy_(269).png,12480832198209926268,jackfruit healthy
multiple leaf dataset/jackfruit leaf/jackfruit healthy/healthy_(27).png,16783391430552502693,jackfruit healthy
multiple leaf dataset/jackfruit leaf/jackfruit healthy/healthy_(270).png,12810998475062938675,jackfruit healthy
multiple leaf dataset/jackfruit leaf/jackfruit healthy/healthy_(271).png,13562522736509400102,jackfruit healthy
multiple leaf dataset/jackfruit leaf/jackfruit healthy/healthy_(272).png,13128216954744523148,jackfruit healthy
multiple leaf dataset/jackfruit leaf/jackfruit healthy/healthy_(273).png,13563930310186329901,jackfruit healthy
multiple leaf dataset/jackfruit leaf/jackfruit healthy/healthy_(274).png,12815205799289146961,jackfruit healthy
multiple leaf dataset/jackfruit leaf/jackfruit healthy/healthy_(275).png,13778429840434760783,jackfruit healthy
multiple leaf dataset/jackfruit leaf/jackfruit healthy/healthy_(276).png,13440933219380807219,jackfruit healthy
multiple leaf dataset/jackfruit leaf/jackfruit healthy/healthy_(277).png,12482237365748485485,jackfruit healthy
multiple leaf dataset/jackfruit leaf/jackfruit healthy/healthy_(278).png,13322141514950559548,jackfruit healthy
multiple leaf dataset/jackfruit leaf/jackfruit healthy/healthy_(279).png,13695094859594544838,jackfruit healthy
multiple leaf dataset/jackfruit leaf/jackfruit healthy/healthy_(28).png,12639581946176601141,jackfruit healthy
multiple leaf dataset/jackfruit leaf/jackfruit healthy/healthy_(280).png,13603053612190347975,jackfruit healthy
multiple leaf dataset/jackfruit leaf/jackfruit healthy/healthy_(281).png,12912046363915570380,jackfruit healthy
multiple leaf dataset/jackfruit leaf/jackfruit healthy/healthy_(282).png,13632610245692715045,jackfruit healthy
multiple leaf dataset/jackfruit leaf/jackfruit healthy/healthy_(283).png,12705720180900679260,jackfruit healthy
multiple leaf dataset/jackfruit leaf/jackfruit healthy/healthy_(284).png,12474074406530543869,jackfruit healthy
multiple leaf dataset/jackfruit leaf/jackfruit healthy/healthy_(285).png,13277668468649150012,jackfruit healthy
multiple leaf dataset/jackfruit leaf/jackfruit healthy/healthy_(286).png,13172126422207246543,jackfruit healthy
multiple leaf dataset/jackfruit leaf/jackfruit healthy/healthy_(287).png,13817255034390352461,jackfruit healthy
multiple leaf dataset/jackfruit leaf/jackfruit healthy/healthy_(288).png,12883051633720921286,jackfruit healthy
multiple leaf dataset/jackfruit leaf/jackfruit healthy/healthy_(289).png,16773540506064199386,jackfruit healthy
multiple leaf dataset/jackfruit leaf/jackfruit healthy/healthy_(29).png,16987736396507921419,jackfruit healthy
multiple leaf dataset/jackfruit leaf/jackfruit healthy/healthy_(290).png,13028785336840603443,jackfruit healthy
multiple leaf dataset/jackfruit leaf/jackfruit healthy/healthy_(291).png,13817255034356770637,jackfruit healthy
multiple leaf dataset/jackfruit leaf/jackfruit healthy/healthy_(292).png,12743444375157315982,jackfruit healthy
multiple leaf dataset/jackfruit leaf/jackfruit healthy/healthy_(293).png,12525304606933129997,jackfruit healthy
multiple leaf dataset/jackfruit leaf/jackfruit healthy/healthy_(294).png,16487285957169941555,jackfruit healthy
multiple leaf dataset/jackfruit leaf/jackfruit healthy/healthy_(295).png,13817255035346620363,jackfruit healthy
multiple leaf dataset/jackfruit leaf/jackfruit healthy/healthy_(296).png,12884456844230379209,jackfruit healthy
multiple leaf dataset/jackfruit leaf/jackfruit healthy/healthy_(297).png,17118411351275890827,jackfruit healthy
multiple leaf dataset/jackfruit leaf/jackfruit healthy/healthy_(298).png,12815430813871387122,jackfruit healthy
multiple leaf dataset/jackfruit leaf/jackfruit healthy/healthy_(299).png,16772414623508042782,jackfruit healthy
multiple leaf dataset/jackfruit leaf/jackfruit healthy/healthy_(3).png,12171401116762497269,jackfruit healthy
multiple leaf dataset/jackfruit leaf/jackfruit healthy/healthy_(30).png,16926943599990063521,jackfruit healthy
multiple leaf dataset/jackfruit leaf/jackfruit healthy/healthy_(300).png,12883049470990948819,jackfruit healthy
multiple leaf dataset/jackfruit leaf/jackfruit healthy/healthy_(301).png,13673159640090677112,jackfruit healthy
multiple leaf dataset/jackfruit leaf/jackfruit healthy/healthy_(302).png,12883843266279323342,jackfruit healthy
multiple leaf dataset/jackfruit leaf/jackfruit healthy/healthy_(303).png,17136920254519455178,jackfruit healthy
multiple leaf dataset/jackfruit leaf/jackfruit healthy/healthy_(304).png,16773541880339440014,jackfruit healthy
multiple leaf dataset/jackfruit leaf/jackfruit healthy/healthy_(305).png,18242042034965341389,jackfruit healthy
multiple leaf dataset/jackfruit leaf/jackfruit healthy/healthy_(306).png,16688544276451793260,jackfruit healthy
multiple leaf dataset/jackfruit leaf/jackfruit healthy/healthy_(307).png,16901610525102924590,jackfruit healthy
multiple leaf dataset/jackfruit leaf/jackfruit healthy/healthy_(308).png,16695860053448366412,jackfruit healthy
multiple leaf dataset/jackfruit leaf/jackfruit healthy/healthy_(309).png,16180192341665129871,jackfruit healthy
multiple leaf dataset/jackfruit leaf/jackfruit healthy/healthy_(31).png,12676173439745799469,jackfruit healthy
multiple leaf dataset/jackfruit leaf/jackfruit healthy/healthy_(310).png,16490662626467617125,jackfruit healthy
multiple leaf dataset/jackfruit leaf/jackfruit healthy/healthy_(311).png,16251968392510186959,jackfruit healthy
multiple leaf dataset/jackfruit leaf/jackfruit healthy/healthy_(312).png,16542452244066177892,jackfruit healthy
multiple leaf dataset/jackfruit leaf/jackfruit healthy/healthy_(313).png,16901329045866897820,jackfruit healthy
multiple leaf dataset/jackfruit leaf/jackfruit healthy/healthy_(314).png,16614790892207577444,jackfruit healthy
multiple leaf dataset/jackfruit leaf/jackfruit healthy/healthy_(315).png,16396081433141552536,jackfruit healthy
multiple leaf dataset/jackfruit leaf/jackfruit healthy/healthy_(316).png,16542453824647435108,jackfruit healthy
multiple leaf dataset/jackfruit leaf/jackfruit healthy/healthy_(32).png,16890914802971055841,jackfruit healthy
multiple leaf dataset/jackfruit leaf/jackfruit healthy/healthy_(33).png,16890897278430798305,jackfruit healthy
multiple leaf dataset/jackfruit leaf/jackfruit healthy/healthy_(34).png,16890897210785048033,jackfruit healthy
multiple leaf dataset/jackfruit leaf/jackfruit healthy/healthy_(35).png,16891460228384187105,jackfruit healthy
multiple leaf dataset/jackfruit leaf/jackfruit healthy/healthy_(36).png,18044381664238031585,jackfruit healthy
multiple leaf dataset/jackfruit leaf/jackfruit healthy/healthy_(37).png,16891741704428380513,jackfruit healthy
multiple leaf dataset/jackfruit leaf/jackfruit healthy/healthy_(38).png,16891460143558837729,jackfruit healthy
multiple leaf dataset/jackfruit leaf/jackfruit healthy/healthy_(39).png,12664351121902449866,jackfruit healthy
multiple leaf dataset/jackfruit leaf/jackfruit healthy/healthy_(4).png,12280072452479607141,jackfruit healthy
multiple leaf dataset/jackfruit leaf/jackfruit healthy/healthy_(40).png,16891460159631162081,jackfruit healthy
multiple leaf dataset/jackfruit leaf/jackfruit healthy/healthy_(41).png,13776160310801943216,jackfruit healthy
multiple leaf dataset/jackfruit leaf/jackfruit healthy/healthy_(42).png,16892040770519490661,jackfruit healthy
multiple leaf dataset/jackfruit leaf/jackfruit healthy/healthy_(43).png,13793611759106379952,jackfruit healthy
multiple leaf dataset/jackfruit leaf/jackfruit healthy/healthy_(44).png,12532553294396770020,jackfruit healthy
multiple leaf dataset/jackfruit leaf/jackfruit healthy/healthy_(45).png,13581945819538244016,jackfruit healthy
multiple leaf dataset/jackfruit leaf/jackfruit healthy/healthy_(46).png,16903563467236405398,jackfruit healthy
multiple leaf dataset/jackfruit leaf/jackfruit healthy/healthy_(47).png,13793893165363605556,jackfruit healthy
multiple leaf dataset/jackfruit leaf/jackfruit healthy/healthy_(48).png,12207453828340728805,jackfruit healthy
multiple leaf dataset/jackfruit leaf/jackfruit healthy/healthy_(49).png,13720990957688287344,jackfruit healthy
multiple leaf dataset/jackfruit leaf/jackfruit healthy/healthy_(5).png,12664633357087519913,jackfruit healthy
multiple leaf dataset/jackfruit leaf/jackfruit healthy/healthy_(50).png,12666603273970168997,jackfruit healthy
multiple leaf dataset/jackfruit leaf/jackfruit healthy/healthy_(51).png,16891460159698262753,jackfruit healthy
multiple leaf dataset/jackfruit leaf/jackfruit healthy/healthy_(52).png,13776441785107565424,jackfruit healthy
multiple leaf dataset/jackfruit leaf/jackfruit healthy/healthy_(53).png,16746799682507406049,jackfruit healthy
multiple leaf dataset/jackfruit leaf/jackfruit healthy/healthy_(54).png,12628041405001606453,jackfruit healthy
multiple leaf dataset/jackfruit leaf/jackfruit healthy/healthy_(55).png,13581945819554996400,jackfruit healthy
multiple leaf dataset/jackfruit leaf/jackfruit healthy/healthy_(56).png,16782828480599082405,jackfruit healthy
multiple leaf dataset/jackfruit leaf/jackfruit healthy/healthy_(57).png,13793066143575585853,jackfruit healthy
multiple leaf dataset/jackfruit leaf/jackfruit healthy/healthy_(58).png,16891477820536670945,jackfruit healthy
multiple leaf dataset/jackfruit leaf/jackfruit healthy/healthy_(59).png,13780962977338081332,jackfruit healthy
multiple leaf dataset/jackfruit leaf/jackfruit healthy/healthy_(6).png,13817255030091199691,jackfruit healthy
multiple leaf dataset/jackfruit leaf/jackfruit healthy/healthy_(60).png,16891477820603777761,jackfruit healthy
multiple leaf dataset/jackfruit leaf/jackfruit healthy/healthy_(61).png,13794456184304926768,jackfruit healthy
multiple leaf dataset/jackfruit leaf/jackfruit healthy/healthy_(62).png,16891460159715037921,jackfruit healthy
multiple leaf dataset/jackfruit leaf/jackfruit healthy/healthy_(63).png,16891477820563970657,jackfruit healthy
multiple leaf dataset/jackfruit leaf/jackfruit healthy/healthy_(64).png,13780382366481469620,jackfruit healthy
multiple leaf dataset/jackfruit leaf/jackfruit healthy/healthy_(65).png,12136505650191231936,jackfruit healthy
multiple leaf dataset/jackfruit leaf/jackfruit healthy/healthy_(66).png,13292523589965738673,jackfruit healthy
multiple leaf dataset/jackfruit leaf/jackfruit healthy/healthy_(67).png,13794455909160431668,jackfruit healthy
multiple leaf dataset/jackfruit leaf/jackfruit healthy/healthy_(68).png,16890914802971099617,jackfruit healthy
multiple leaf dataset/jackfruit leaf/jackfruit healthy/healthy_(69).png,13581944715748438192,jackfruit healthy
multiple leaf dataset/jackfruit leaf/jackfruit healthy/healthy_(7).png,16890914785789142497,jackfruit healthy
multiple leaf dataset/jackfruit leaf/jackfruit healthy/healthy_(70).png,12208012388555539188,jackfruit healthy
multiple leaf dataset/jackfruit leaf/jackfruit healthy/healthy_(71).png,12279791802140778917,jackfruit healthy
multiple leaf dataset/jackfruit leaf/jackfruit healthy/healthy_(72).png,13793330009253564477,jackfruit healthy
multiple leaf dataset/jackfruit leaf/jackfruit healthy/healthy_(73).png,13780382366481468080,jackfruit healthy
multiple leaf dataset/jackfruit leaf/jackfruit healthy/healthy_(74).png,16963253110696568160,jackfruit healthy
multiple leaf dataset/jackfruit leaf/jackfruit healthy/healthy_(75).png,16891460160736387553,jackfruit healthy
multiple leaf dataset/jackfruit leaf/jackfruit healthy/healthy_(76).png,13793330215412249652,jackfruit healthy
multiple leaf dataset/jackfruit leaf/jackfruit healthy/healthy_(77).png,12533113762230231269,jackfruit healthy
multiple leaf dataset/jackfruit leaf/jackfruit healthy/healthy_(78).png,13725425481087152308,jackfruit healthy
multiple leaf dataset/jackfruit leaf/jackfruit healthy/healthy_(79).png,13793330284131464244,jackfruit healthy
multiple leaf dataset/jackfruit leaf/jackfruit healthy/healthy_(8).png,13775878835573608500,jackfruit healthy
multiple leaf dataset/jackfruit leaf/jackfruit healthy/healthy_(80).png,16890914802971099617,jackfruit healthy
multiple leaf dataset/jackfruit leaf/jackfruit healthy/healthy_(81).png,13649779970337098672,jackfruit healthy
multiple leaf dataset/jackfruit leaf/jackfruit healthy/healthy_(82).png,12495680089963094240,jackfruit healthy
multiple leaf dataset/jackfruit leaf/jackfruit healthy/healthy_(83).png,16747082261387164257,jackfruit healthy
multiple leaf dataset/jackfruit leaf/jackfruit healthy/healthy_(84).png,13649778046011412656,jackfruit healthy
multiple leaf dataset/jackfruit leaf/jackfruit healthy/healthy_(85).png,13591445214284099738,jackfruit healthy
multiple leaf dataset/jackfruit leaf/jackfruit healthy/healthy_(86).png,17108474141254148389,jackfruit healthy
multiple leaf dataset/jackfruit leaf/jackfruit healthy/healthy_(87).png,13771938254592356920,jackfruit healthy
multiple leaf dataset/jackfruit leaf/jackfruit healthy/healthy_(88).png,13013929445140869689,jackfruit healthy
multiple leaf dataset/jackfruit leaf/jackfruit healthy/healthy_(89).png,13663854066349256858,jackfruit healthy
multiple leaf dataset/jackfruit leaf/jackfruit healthy/healthy_(9).png,16782830678582149349,jackfruit healthy
multiple leaf dataset/jackfruit leaf/jackfruit healthy/healthy_(90).png,12988042406851917617,jackfruit healthy
multiple leaf dataset/jackfruit leaf/jackfruit healthy/healthy_(91).png,13610372983748637638,jackfruit healthy
multiple leaf dataset/jackfruit leaf/jackfruit healthy/healthy_(92).png,13034767329366979188,jackfruit healthy
multiple leaf dataset/jackfruit leaf/jackfruit healthy/healthy_(93).png,13131873916773954360,jackfruit healthy
multiple leaf dataset/jackfruit leaf/jackfruit healthy/healthy_(94).png,13792767058893593146,jackfruit healthy
multiple leaf dataset/jackfruit leaf/jackfruit healthy/healthy_(95).png,13663572042381157272,jackfruit healthy
multiple leaf dataset/jackfruit leaf/jackfruit healthy/healthy_(96).png,13648933372207653234,jackfruit healthy
multiple leaf dataset/jackfruit leaf/jackfruit healthy/healthy_(97).png,16881907809879482671,jackfruit healthy
multiple leaf dataset/jackfruit leaf/jackfruit healthy/healthy_(98).png,13591445728606431128,jackfruit healthy
multiple leaf dataset/jackfruit leaf/jackfruit healthy/healthy_(99).png,12232223257704740812,jackfruit healthy
multiple leaf dataset/jackfruit leaf/jackfruit leaf spot/leaf_spot_(1).png,17910118053469829530,jackfruit leaf spot
multiple leaf dataset/jackfruit leaf/jackfruit leaf spot/leaf_spot_(10).png,12740343857866214579,jackfruit leaf spot
multiple leaf dataset/jackfruit leaf/jackfruit leaf spot/leaf_spot_(100).png,12123640444234986680,jackfruit leaf spot
multiple leaf dataset/jackfruit leaf/jackfruit leaf spot/leaf_spot_(101).png,12135379752933978969,jackfruit leaf spot
multiple leaf dataset/jackfruit leaf/jackfruit leaf spot/leaf_spot_(102).png,11545152225947207622,jackfruit leaf spot
multiple leaf dataset/jackfruit leaf/jackfruit leaf spot/leaf_spot_(103).png,13678788976467561858,jackfruit leaf spot
multiple leaf dataset/jackfruit leaf/jackfruit leaf spot/leaf_spot_(104).png,12312771838179500152,jackfruit leaf spot
multiple leaf dataset/jackfruit leaf/jackfruit leaf spot/leaf_spot_(105).png,13025486813902423411,jackfruit leaf spot
multiple leaf dataset/jackfruit leaf/jackfruit leaf spot/leaf_spot_(106).png,12651948819784709322,jackfruit leaf spot
multiple leaf dataset/jackfruit leaf/jackfruit leaf spot/leaf_spot_(107).png,12738083682887691457,jackfruit leaf spot
multiple leaf dataset/jackfruit leaf/jackfruit leaf spot/leaf_spot_(108).png,12305453119146654339,jackfruit leaf spot
multiple leaf dataset/jackfruit leaf/jackfruit leaf spot/leaf_spot_(109).png,13026314053670284339,jackfruit leaf spot
multiple leaf dataset/jackfruit leaf/jackfruit leaf spot/leaf_spot_(11).png,12740625546513359667,jackfruit leaf spot
multiple leaf dataset/jackfruit leaf/jackfruit leaf spot/leaf_spot_(110).png,12260422282936350799,jackfruit leaf spot
multiple leaf dataset/jackfruit leaf/jackfruit leaf spot/leaf_spot_(111).png,13663569875827004007,jackfruit leaf spot
multiple leaf dataset/jackfruit leaf/jackfruit leaf spot/leaf_spot_(112).png,13817272457418727529,jackfruit leaf spot
multiple leaf dataset/jackfruit leaf/jackfruit leaf spot/leaf_spot_(113).png,13771937741883712135,jackfruit leaf spot
multiple leaf dataset/jackfruit leaf/jackfruit leaf spot/leaf_spot_(114).png,13793629087463980836,jackfruit leaf spot
multiple leaf dataset/jackfruit leaf/jackfruit leaf spot/leaf_spot_(115).png,13625870334359452991,jackfruit leaf spot
multiple leaf dataset/jackfruit leaf/jackfruit leaf spot/leaf_spot_(116).png,13591524346217861223,jackfruit leaf spot
multiple leaf dataset/jackfruit leaf/jackfruit leaf spot/leaf_spot_(117).png,11543178599961748849,jackfruit leaf spot
multiple leaf dataset/jackfruit leaf/jackfruit leaf spot/leaf_spot_(118).png,12690522963111784505,jackfruit leaf spot
multiple leaf dataset/jackfruit leaf/jackfruit leaf spot/leaf_spot_(119).png,12980724133838811446,jackfruit leaf spot
multiple leaf dataset/jackfruit leaf/jackfruit leaf spot/leaf_spot_(12).png,16897665435071209871,jackfruit leaf spot
multiple leaf dataset/jackfruit leaf/jackfruit leaf spot/leaf_spot_(120).png,12689119995098968984,jackfruit leaf spot
multiple leaf dataset/jackfruit leaf/jackfruit leaf spot/leaf_spot_(121).png,12980724133608255604,jackfruit leaf spot
multiple leaf dataset/jackfruit leaf/jackfruit leaf spot/leaf_spot_(122).png,12689401495844973606,jackfruit leaf spot
multiple leaf dataset/jackfruit leaf/jackfruit leaf spot/leaf_spot_(123).png,12999010435712168807,jackfruit leaf spot
multiple leaf dataset/jackfruit leaf/jackfruit leaf spot/leaf_spot_(124).png,17036136508120276122,jackfruit leaf spot
multiple leaf dataset/jackfruit leaf/jackfruit leaf spot/leaf_spot_(125).png,16912588714131776613,jackfruit leaf spot
multiple leaf dataset/jackfruit leaf/jackfruit leaf spot/leaf_spot_(126).png,13182257161867899076,jackfruit leaf spot
multiple leaf dataset/jackfruit leaf/jackfruit leaf spot/leaf_spot_(127).png,13809946076323254060,jackfruit leaf spot
multiple leaf dataset/jackfruit leaf/jackfruit leaf spot/leaf_spot_(128).png,16773541761144374070,jackfruit leaf spot
multiple leaf dataset/jackfruit leaf/jackfruit leaf spot/leaf_spot_(129).png,12382577065144136839,jackfruit leaf spot
multiple leaf dataset/jackfruit leaf/jackfruit leaf spot/leaf_spot_(13).png,12740616536796040243,jackfruit leaf spot
multiple leaf dataset/jackfruit leaf/jackfruit leaf spot/leaf_spot_(130).png,13171279750522609137,jackfruit leaf spot
multiple leaf dataset/jackfruit leaf/jackfruit leaf spot/leaf_spot_(131).png,13524811947456609200,jackfruit leaf spot
multiple leaf dataset/jackfruit leaf/jackfruit leaf spot/leaf_spot_(132).png,13026313648844322531,jackfruit leaf spot
multiple leaf dataset/jackfruit leaf/jackfruit leaf spot/leaf_spot_(133).png,16975404479244415118,jackfruit leaf spot
multiple leaf dataset/jackfruit leaf/jackfruit leaf spot/leaf_spot_(134).png,17338724892189692787,jackfruit leaf spot
multiple leaf dataset/jackfruit leaf/jackfruit leaf spot/leaf_spot_(135).png,12661800946437141112,jackfruit leaf spot
multiple leaf dataset/jackfruit leaf/jackfruit leaf spot/leaf_spot_(136).png,16470674069912826358,jackfruit leaf spot
multiple leaf dataset/jackfruit leaf/jackfruit leaf spot/leaf_spot_(137).png,13170717315915396705,jackfruit leaf spot
multiple leaf dataset/jackfruit leaf/jackfruit leaf spot/leaf_spot_(138).png,13025478009202852667,jackfruit leaf spot
multiple leaf dataset/jackfruit leaf/jackfruit leaf spot/leaf_spot_(139).png,13673142046362240972,jackfruit leaf spot
multiple leaf dataset/jackfruit leaf/jackfruit leaf spot/leaf_spot_(14).png,12309346482250922138,jackfruit leaf spot
multiple leaf dataset/jackfruit leaf/jackfruit leaf spot/leaf_spot_(140).png,17352311348061611235,jackfruit leaf spot
multiple leaf dataset/jackfruit leaf/jackfruit leaf spot/leaf_spot_(141).png,16831588143512728719,jackfruit leaf spot
multiple leaf dataset/jackfruit leaf/jackfruit leaf spot/leaf_spot_(142).png,13028020015712734512,jackfruit leaf spot
multiple leaf dataset/jackfruit leaf/jackfruit leaf spot/leaf_spot_(143).png,13604741940688636937,jackfruit leaf spot
multiple leaf dataset/jackfruit leaf/jackfruit leaf spot/leaf_spot_(144).png,12306795807720530223,jackfruit leaf spot
multiple leaf dataset/jackfruit leaf/jackfruit leaf spot/leaf_spot_(145).png,12623520280917782845,jackfruit leaf spot
multiple leaf dataset/jackfruit leaf/jackfruit leaf spot/leaf_spot_(146).png,11862062923813108188,jackfruit leaf spot
multiple leaf dataset/jackfruit leaf/jackfruit leaf spot/leaf_spot_(147).png,13682153503468364773,jackfruit leaf spot
multiple leaf dataset/jackfruit leaf/jackfruit leaf spot/leaf_spot_(148).png,16770445427675067034,jackfruit leaf spot
multiple leaf dataset/jackfruit leaf/jackfruit leaf spot/leaf_spot_(149).png,17141692201554811035,jackfruit leaf spot
multiple leaf dataset/jackfruit leaf/jackfruit leaf spot/leaf_spot_(15).png,11861020586608609660,jackfruit leaf spot
multiple leaf dataset/jackfruit leaf/jackfruit leaf spot/leaf_spot_(150).png,12280055685013201001,jackfruit leaf spot
multiple leaf dataset/jackfruit leaf/jackfruit leaf spot/leaf_spot_(151).png,13014439286216002702,jackfruit leaf spot
multiple leaf dataset/jackfruit leaf/jackfruit leaf spot/leaf_spot_(152).png,12652795952299386674,jackfruit leaf spot
multiple leaf dataset/jackfruit leaf/jackfruit leaf spot/leaf_spot_(153).png,13790233848675053667,jackfruit leaf spot
multiple leaf dataset/jackfruit leaf/jackfruit leaf spot/leaf_spot_(154).png,16918481963559433063,jackfruit leaf spot
multiple leaf dataset/jackfruit leaf/jackfruit leaf spot/leaf_spot_(155).png,12743163378467289388,jackfruit leaf spot
multiple leaf dataset/jackfruit leaf/jackfruit leaf spot/leaf_spot_(156).png,12725136156092959859,jackfruit leaf spot
multiple leaf dataset/jackfruit leaf/jackfruit leaf spot/leaf_spot_(157).png,12867851952522180835,jackfruit leaf spot
multiple leaf dataset/jackfruit leaf/jackfruit leaf spot/leaf_spot_(158).png,16254500861473295414,jackfruit leaf spot
multiple leaf dataset/jackfruit leaf/jackfruit leaf spot/leaf_spot_(159).png,12252752612259979745,jackfruit leaf spot
multiple leaf dataset/jackfruit leaf/jackfruit leaf spot/leaf_spot_(16).png,13601367022378295145,jackfruit leaf spot
multiple leaf dataset/jackfruit leaf/jackfruit leaf spot/leaf_spot_(160).png,13013590676890590270,jackfruit leaf spot
multiple leaf dataset/jackfruit leaf/jackfruit leaf spot/leaf_spot_(161).png,12652722691554362226,jackfruit leaf spot
multiple leaf dataset/jackfruit leaf/jackfruit leaf spot/leaf_spot_(162).png,13601946415194541351,jackfruit leaf spot
multiple leaf dataset/jackfruit leaf/jackfruit leaf spot/leaf_spot_(163).png,13316460428655840523,jackfruit leaf spot
multiple leaf dataset/jackfruit leaf/jackfruit leaf spot/leaf_spot_(164).png,16485874197473630643,jackfruit leaf spot
multiple leaf dataset/jackfruit leaf/jackfruit leaf spot/leaf_spot_(165).png,12673340697308849051,jackfruit leaf spot
multiple leaf dataset/jackfruit leaf/jackfruit leaf spot/leaf_spot_(166).png,16759450312534498406,jackfruit leaf spot
multiple leaf dataset/jackfruit leaf/jackfruit leaf spot/leaf_spot_(167).png,13385714285082469435,jackfruit leaf spot
multiple leaf dataset/jackfruit leaf/jackfruit leaf spot/leaf_spot_(168).png,12725417510727093366,jackfruit leaf spot
multiple leaf dataset/jackfruit leaf/jackfruit leaf spot/leaf_spot_(169).png,12438039891406107417,jackfruit leaf spot
multiple leaf dataset/jackfruit leaf/jackfruit leaf spot/leaf_spot_(17).png,11951601446193371340,jackfruit leaf spot
multiple leaf dataset/jackfruit leaf/jackfruit leaf spot/leaf_spot_(170).png,13382941626205441230,jackfruit leaf spot
multiple leaf dataset/jackfruit leaf/jackfruit leaf spot/leaf_spot_(171).png,12735269112463858748,jackfruit leaf spot
multiple leaf dataset/jackfruit leaf/jackfruit leaf spot/leaf_spot_(172).png,16829271452756974183,jackfruit leaf spot
multiple leaf dataset/jackfruit leaf/jackfruit leaf spot/leaf_spot_(173).png,16847286934537673011,jackfruit leaf spot
multiple leaf dataset/jackfruit leaf/jackfruit leaf spot/leaf_spot_(174).png,13799522106495579466,jackfruit leaf spot
multiple leaf dataset/jackfruit leaf/jackfruit leaf spot/leaf_spot_(175).png,12725346729741143190,jackfruit leaf spot
multiple leaf dataset/jackfruit leaf/jackfruit leaf spot/leaf_spot_(176).png,12303717360913426226,jackfruit leaf spot
multiple leaf dataset/jackfruit leaf/jackfruit leaf spot/leaf_spot_(177).png,12666532519710569415,jackfruit leaf spot
multiple leaf dataset/jackfruit leaf/jackfruit leaf spot/leaf_spot_(178).png,12292227055347446427,jackfruit leaf spot
multiple leaf dataset/jackfruit leaf/jackfruit leaf spot/leaf_spot_(179).png,17925320048527841074,jackfruit leaf spot
multiple leaf dataset/jackfruit leaf/jackfruit leaf spot/leaf_spot_(18).png,12165794270112190298,jackfruit leaf spot
multiple leaf dataset/jackfruit leaf/jackfruit leaf spot/leaf_spot_(180).png,13807687227761177368,jackfruit leaf spot
multiple leaf dataset/jackfruit leaf/jackfruit leaf spot/leaf_spot_(181).png,12229404256726127501,jackfruit leaf spot
multiple leaf dataset/jackfruit leaf/jackfruit leaf spot/leaf_spot_(182).png,13754211617457458457,jackfruit leaf spot
multiple leaf dataset/jackfruit leaf/jackfruit leaf spot/leaf_spot_(183).png,13387445276228373867,jackfruit leaf spot
multiple leaf dataset/jackfruit leaf/jackfruit leaf spot/leaf_spot_(184).png,12521361578643147324,jackfruit leaf spot
multiple leaf dataset/jackfruit leaf/jackfruit leaf spot/leaf_spot_(185).png,12388223923380695281,jackfruit leaf spot
multiple leaf dataset/jackfruit leaf/jackfruit leaf spot/leaf_spot_(186).png,13010287654892440717,jackfruit leaf spot
multiple leaf dataset/jackfruit leaf/jackfruit leaf spot/leaf_spot_(187).png,12652793233670418975,jackfruit leaf spot
multiple leaf dataset/jackfruit leaf/jackfruit leaf spot/leaf_spot_(188).png,12520447558186353721,jackfruit leaf spot
multiple leaf dataset/jackfruit leaf/jackfruit leaf spot/leaf_spot_(189).png,16471517865626933607,jackfruit leaf spot
multiple leaf dataset/jackfruit leaf/jackfruit leaf spot/leaf_spot_(19).png,12891483807523197620,jackfruit leaf spot
multiple leaf dataset/jackfruit leaf/jackfruit leaf spot/leaf_spot_(190).png,13682096367562705304,jackfruit leaf spot
multiple leaf dataset/jackfruit leaf/jackfruit leaf spot/leaf_spot_(191).png,12665477369762329653,jackfruit leaf spot
multiple leaf dataset/jackfruit leaf/jackfruit leaf spot/leaf_spot_(192).png,13745976309760936240,jackfruit leaf spot
multiple leaf dataset/jackfruit leaf/jackfruit leaf spot/leaf_spot_(193).png,13169319225878960434,jackfruit leaf spot
multiple leaf dataset/jackfruit leaf/jackfruit leaf spot/leaf_spot_(194).png,13169320325188734003,jackfruit leaf spot
multiple leaf dataset/jackfruit leaf/jackfruit leaf spot/leaf_spot_(195).png,12743444466962215014,jackfruit leaf spot
multiple leaf dataset/jackfruit leaf/jackfruit leaf spot/leaf_spot_(196).png,13025425232728450227,jackfruit leaf spot
multiple leaf dataset/jackfruit leaf/jackfruit leaf spot/leaf_spot_(197).png,12664333525487514671,jackfruit leaf spot
multiple leaf dataset/jackfruit leaf/jackfruit leaf spot/leaf_spot_(198).png,12364229158186070234,jackfruit leaf spot
multiple leaf dataset/jackfruit leaf/jackfruit leaf spot/leaf_spot_(199).png,16414657682640947558,jackfruit leaf spot
multiple leaf dataset/jackfruit leaf/jackfruit leaf spot/leaf_spot_(2).png,17481174320215804966,jackfruit leaf spot
multiple leaf dataset/jackfruit leaf/jackfruit leaf spot/leaf_spot_(20).png,12891483807523197620,jackfruit leaf spot
multiple leaf dataset/jackfruit leaf/jackfruit leaf spot/leaf_spot_(200).png,13086548754902256678,jackfruit leaf spot
multiple leaf dataset/jackfruit leaf/jackfruit leaf spot/leaf_spot_(201).png,13601946814587364656,jackfruit leaf spot
multiple leaf dataset/jackfruit leaf/jackfruit leaf spot/leaf_spot_(202).png,13011958348833922657,jackfruit leaf spot
multiple leaf dataset/jackfruit leaf/jackfruit leaf spot/leaf_spot_(203).png,13601084453906599321,jackfruit leaf spot
multiple leaf dataset/jackfruit leaf/jackfruit leaf spot/leaf_spot_(204).png,13800648787603076271,jackfruit leaf spot
multiple leaf dataset/jackfruit leaf/jackfruit leaf spot/leaf_spot_(205).png,13013647868691889203,jackfruit leaf spot
multiple leaf dataset/jackfruit leaf/jackfruit leaf spot/leaf_spot_(206).png,13673089269794157510,jackfruit leaf spot
multiple leaf dataset/jackfruit leaf/jackfruit leaf spot/leaf_spot_(207).png,12651948827964258505,jackfruit leaf spot
multiple leaf dataset/jackfruit leaf/jackfruit leaf spot/leaf_spot_(208).png,16772132054160669027,jackfruit leaf spot
multiple leaf dataset/jackfruit leaf/jackfruit leaf spot/leaf_spot_(209).png,18344780087891336754,jackfruit leaf spot
multiple leaf dataset/jackfruit leaf/jackfruit leaf spot/leaf_spot_(21).png,13724299305733020146,jackfruit leaf spot
multiple leaf dataset/jackfruit leaf/jackfruit leaf spot/leaf_spot_(210).png,16891741323763207570,jackfruit leaf spot
multiple leaf dataset/jackfruit leaf/jackfruit leaf spot/leaf_spot_(211).png,16998156859894929505,jackfruit leaf spot
multiple leaf dataset/jackfruit leaf/jackfruit leaf spot/leaf_spot_(212).png,16544988275956550710,jackfruit leaf spot
multiple leaf dataset/jackfruit leaf/jackfruit leaf spot/leaf_spot_(213).png,17925319499858324899,jackfruit leaf spot
multiple leaf dataset/jackfruit leaf/jackfruit leaf spot/leaf_spot_(214).png,16558491893958349714,jackfruit leaf spot
multiple leaf dataset/jackfruit leaf/jackfruit leaf spot/leaf_spot_(215).png,16773539838075955494,jackfruit leaf spot
multiple leaf dataset/jackfruit leaf/jackfruit leaf spot/leaf_spot_(216).png,16900748512376203446,jackfruit leaf spot
multiple leaf dataset/jackfruit leaf/jackfruit leaf spot/leaf_spot_(217).png,16912570597696436517,jackfruit leaf spot
multiple leaf dataset/jackfruit leaf/jackfruit leaf spot/leaf_spot_(218).png,16882470760372791619,jackfruit leaf spot
multiple leaf dataset/jackfruit leaf/jackfruit leaf spot/leaf_spot_(219).png,16703458258613537060,jackfruit leaf spot
multiple leaf dataset/jackfruit leaf/jackfruit leaf spot/leaf_spot_(22).png,12955944406475915580,jackfruit leaf spot
multiple leaf dataset/jackfruit leaf/jackfruit leaf spot/leaf_spot_(220).png,16775509701204012430,jackfruit leaf spot
multiple leaf dataset/jackfruit leaf/jackfruit leaf spot/leaf_spot_(221).png,16761139389171591574,jackfruit leaf spot
multiple leaf dataset/jackfruit leaf/jackfruit leaf spot/leaf_spot_(222).png,16271105445324016970,jackfruit leaf spot
multiple leaf dataset/jackfruit leaf/jackfruit leaf spot/leaf_spot_(223).png,16759168872722346808,jackfruit leaf spot
multiple leaf dataset/jackfruit leaf/jackfruit leaf spot/leaf_spot_(224).png,16918762790623144147,jackfruit leaf spot
multiple leaf dataset/jackfruit leaf/jackfruit leaf spot/leaf_spot_(225).png,16899622628508134279,jackfruit leaf spot
multiple leaf dataset/jackfruit leaf/jackfruit leaf spot/leaf_spot_(226).png,16614505336998171497,jackfruit leaf spot
multiple leaf dataset/jackfruit leaf/jackfruit leaf spot/leaf_spot_(227).png,16774102382154902919,jackfruit leaf spot
multiple leaf dataset/jackfruit leaf/jackfruit leaf spot/leaf_spot_(228).png,16768192529694565836,jackfruit leaf spot
multiple leaf dataset/jackfruit leaf/jackfruit leaf spot/leaf_spot_(229).png,17337670858957032550,jackfruit leaf spot
multiple leaf dataset/jackfruit leaf/jackfruit leaf spot/leaf_spot_(23).png,12383984385972506291,jackfruit leaf spot
multiple leaf dataset/jackfruit leaf/jackfruit leaf spot/leaf_spot_(230).png,12740625263045431091,jackfruit leaf spot
multiple leaf dataset/jackfruit leaf/jackfruit leaf spot/leaf_spot_(231).png,13013928914188736865,jackfruit leaf spot
multiple leaf dataset/jackfruit leaf/jackfruit leaf spot/leaf_spot_(232).png,11587431410519002215,jackfruit leaf spot
multiple leaf dataset/jackfruit leaf/jackfruit leaf spot/leaf_spot_(233).png,13805433233248557645,jackfruit leaf spot
multiple leaf dataset/jackfruit leaf/jackfruit leaf spot/leaf_spot_(234).png,13590389665154871497,jackfruit leaf spot
multiple leaf dataset/jackfruit leaf/jackfruit leaf spot/leaf_spot_(235).png,11663925463057130958,jackfruit leaf spot
multiple leaf dataset/jackfruit leaf/jackfruit leaf spot/leaf_spot_(236).png,16255345283169740190,jackfruit leaf spot
multiple leaf dataset/jackfruit leaf/jackfruit leaf spot/leaf_spot_(237).png,13818943858480001167,jackfruit leaf spot
multiple leaf dataset/jackfruit leaf/jackfruit leaf spot/leaf_spot_(238).png,12162980404359531930,jackfruit leaf spot
multiple leaf dataset/jackfruit leaf/jackfruit leaf spot/leaf_spot_(239).png,13606150923678161863,jackfruit leaf spot
multiple leaf dataset/jackfruit leaf/jackfruit leaf spot/leaf_spot_(24).png,12798335605832536614,jackfruit leaf spot
multiple leaf dataset/jackfruit leaf/jackfruit leaf spot/leaf_spot_(240).png,13444799366257664402,jackfruit leaf spot
multiple leaf dataset/jackfruit leaf/jackfruit leaf spot/leaf_spot_(241).png,16767631279453397425,jackfruit leaf spot
multiple leaf dataset/jackfruit leaf/jackfruit leaf spot/leaf_spot_(242).png,16903581060391854996,jackfruit leaf spot
multiple leaf dataset/jackfruit leaf/jackfruit leaf spot/leaf_spot_(243).png,13020711130837168952,jackfruit leaf spot
multiple leaf dataset/jackfruit leaf/jackfruit leaf spot/leaf_spot_(244).png,11875880309003216590,jackfruit leaf spot
multiple leaf dataset/jackfruit leaf/jackfruit leaf spot/leaf_spot_(245).png,12739503828028829895,jackfruit leaf spot
multiple leaf dataset/jackfruit leaf/jackfruit leaf spot/leaf_spot_(246).png,12507833623119059149,jackfruit leaf spot
multiple leaf dataset/jackfruit leaf/jackfruit leaf spot/leaf_spot_(247).png,12303998684238640421,jackfruit leaf spot
multiple leaf dataset/jackfruit leaf/jackfruit leaf spot/leaf_spot_(248).png,16273931497531444358,jackfruit leaf spot
multiple leaf dataset/jackfruit leaf/jackfruit leaf spot/leaf_spot_(249).png,13805433776854515832,jackfruit leaf spot
multiple leaf dataset/jackfruit leaf/jackfruit leaf spot/leaf_spot_(25).png,12951161362243449779,jackfruit leaf spot
multiple leaf dataset/jackfruit leaf/jackfruit leaf spot/leaf_spot_(250).png,12522701001204508620,jackfruit leaf spot
multiple leaf dataset/jackfruit leaf/jackfruit leaf spot/leaf_spot_(251).png,16566947056737982771,jackfruit leaf spot
multiple leaf dataset/jackfruit leaf/jackfruit leaf spot/leaf_spot_(252).png,12740625676452785203,jackfruit leaf spot
multiple leaf dataset/jackfruit leaf/jackfruit leaf spot/leaf_spot_(253).png,12966302890473571340,jackfruit leaf spot
multiple leaf dataset/jackfruit leaf/jackfruit leaf spot/leaf_spot_(254).png,13817213215174128582,jackfruit leaf spot
multiple leaf dataset/jackfruit leaf/jackfruit leaf spot/leaf_spot_(255).png,12798050831222343731,jackfruit leaf spot
multiple leaf dataset/jackfruit leaf/jackfruit leaf spot/leaf_spot_(256).png,13805151786574440920,jackfruit leaf spot
multiple leaf dataset/jackfruit leaf/jackfruit leaf spot/leaf_spot_(257).png,12592231393453108940,jackfruit leaf spot
multiple leaf dataset/jackfruit leaf/jackfruit leaf spot/leaf_spot_(258).png,12743440254404552347,jackfruit leaf spot
multiple leaf dataset/jackfruit leaf/jackfruit leaf spot/leaf_spot_(259).png,12478859891248912519,jackfruit leaf spot
multiple leaf dataset/jackfruit leaf/jackfruit leaf spot/leaf_spot_(26).png,12941872688013112235,jackfruit leaf spot
multiple leaf dataset/jackfruit leaf/jackfruit leaf spot/leaf_spot_(260).png,13667530780522368449,jackfruit leaf spot
multiple leaf dataset/jackfruit leaf/jackfruit leaf spot/leaf_spot_(261).png,16754665465815210347,jackfruit leaf spot
multiple leaf dataset/jackfruit leaf/jackfruit leaf spot/leaf_spot_(262).png,12529524370287758553,jackfruit leaf spot
multiple leaf dataset/jackfruit leaf/jackfruit leaf spot/leaf_spot_(263).png,12628041403268767535,jackfruit leaf spot
multiple leaf dataset/jackfruit leaf/jackfruit leaf spot/leaf_spot_(264).png,13817254897981682372,jackfruit leaf spot
multiple leaf dataset/jackfruit leaf/jackfruit leaf spot/leaf_spot_(265).png,16783936857629170842,jackfruit leaf spot
multiple leaf dataset/jackfruit leaf/jackfruit leaf spot/leaf_spot_(266).png,12652810823392390462,jackfruit leaf spot
multiple leaf dataset/jackfruit leaf/jackfruit leaf spot/leaf_spot_(267).png,12442551801159589003,jackfruit leaf spot
multiple leaf dataset/jackfruit leaf/jackfruit leaf spot/leaf_spot_(268).png,13610388894936452233,jackfruit leaf spot
multiple leaf dataset/jackfruit leaf/jackfruit leaf spot/leaf_spot_(269).png,13673705341426909560,jackfruit leaf spot
multiple leaf dataset/jackfruit leaf/jackfruit leaf spot/leaf_spot_(27).png,12950334805526171828,jackfruit leaf spot
multiple leaf dataset/jackfruit leaf/jackfruit leaf spot/leaf_spot_(270).png,13601101977373953328,jackfruit leaf spot
multiple leaf dataset/jackfruit leaf/jackfruit leaf spot/leaf_spot_(271).png,13805732879816208927,jackfruit leaf spot
multiple leaf dataset/jackfruit leaf/jackfruit leaf spot/leaf_spot_(272).png,16915684162293228495,jackfruit leaf spot
multiple leaf dataset/jackfruit leaf/jackfruit leaf spot/leaf_spot_(273).png,13028863803911883916,jackfruit leaf spot
multiple leaf dataset/jackfruit leaf/jackfruit leaf spot/leaf_spot_(274).png,12652793785586233375,jackfruit leaf spot
multiple leaf dataset/jackfruit leaf/jackfruit leaf spot/leaf_spot_(275).png,13744846150646051482,jackfruit leaf spot
multiple leaf dataset/jackfruit leaf/jackfruit leaf spot/leaf_spot_(276).png,16262672296067229363,jackfruit leaf spot
multiple leaf dataset/jackfruit leaf/jackfruit leaf spot/leaf_spot_(277).png,13682430577920258887,jackfruit leaf spot
multiple leaf dataset/jackfruit leaf/jackfruit leaf spot/leaf_spot_(278).png,13300751939864507032,jackfruit leaf spot
multiple leaf dataset/jackfruit leaf/jackfruit leaf spot/leaf_spot_(279).png,11587645518099211980,jackfruit leaf spot
multiple leaf dataset/jackfruit leaf/jackfruit leaf spot/leaf_spot_(28).png,16703434548336432233,jackfruit leaf spot
multiple leaf dataset/jackfruit leaf/jackfruit leaf spot/leaf_spot_(280).png,12291612467057258634,jackfruit leaf spot
multiple leaf dataset/jackfruit leaf/jackfruit leaf spot/leaf_spot_(281).png,16254228181515793302,jackfruit leaf spot
multiple leaf dataset/jackfruit leaf/jackfruit leaf spot/leaf_spot_(282).png,13013660631434672562,jackfruit leaf spot
multiple leaf dataset/jackfruit leaf/jackfruit leaf spot/leaf_spot_(283).png,13807403552103949104,jackfruit leaf spot
multiple leaf dataset/jackfruit leaf/jackfruit leaf spot/leaf_spot_(284).png,13744564676683871600,jackfruit leaf spot
multiple leaf dataset/jackfruit leaf/jackfruit leaf spot/leaf_spot_(285).png,13302727086036503604,jackfruit leaf spot
multiple leaf dataset/jackfruit leaf/jackfruit leaf spot/leaf_spot_(286).png,12527262386284107814,jackfruit leaf spot
multiple leaf dataset/jackfruit leaf/jackfruit leaf spot/leaf_spot_(287).png,16778590929066104902,jackfruit leaf spot
multiple leaf dataset/jackfruit leaf/jackfruit leaf spot/leaf_spot_(288).png,18428958630286798272,jackfruit leaf spot
multiple leaf dataset/jackfruit leaf/jackfruit leaf spot/leaf_spot_(289).png,16882470760239950942,jackfruit leaf spot
multiple leaf dataset/jackfruit leaf/jackfruit leaf spot/leaf_spot_(29).png,12809869282706010510,jackfruit leaf spot
multiple leaf dataset/jackfruit leaf/jackfruit leaf spot/leaf_spot_(290).png,16908066708242706539,jackfruit leaf spot
multiple leaf dataset/jackfruit leaf/jackfruit leaf spot/leaf_spot_(291).png,16407350439995674988,jackfruit leaf spot
multiple leaf dataset/jackfruit leaf/jackfruit leaf spot/leaf_spot_(292).png,16768192564113086796,jackfruit leaf spot
multiple leaf dataset/jackfruit leaf/jackfruit leaf spot/leaf_spot_(293).png,16891547022309825942,jackfruit leaf spot
multiple leaf dataset/jackfruit leaf/jackfruit leaf spot/leaf_spot_(294).png,16903862742579436129,jackfruit leaf spot
multiple leaf dataset/jackfruit leaf/jackfruit leaf spot/leaf_spot_(295).png,16898233247340255848,jackfruit leaf spot
multiple leaf dataset/jackfruit leaf/jackfruit leaf spot/leaf_spot_(296).png,18357446709912157576,jackfruit leaf spot
multiple leaf dataset/jackfruit leaf/jackfruit leaf spot/leaf_spot_(297).png,18140659475427804187,jackfruit leaf spot
multiple leaf dataset/jackfruit leaf/jackfruit leaf spot/leaf_spot_(298).png,16912580427517309560,jackfruit leaf spot
multiple leaf dataset/jackfruit leaf/jackfruit leaf spot/leaf_spot_(299).png,18285341531809408271,jackfruit leaf spot
multiple leaf dataset/jackfruit leaf/jackfruit leaf spot/leaf_spot_(3).png,13802618301713495309,jackfruit leaf spot
multiple leaf dataset/jackfruit leaf/jackfruit leaf spot/leaf_spot_(30).png,13591233411455434956,jackfruit leaf spot
multiple leaf dataset/jackfruit leaf/jackfruit leaf spot/leaf_spot_(300).png,18418262771367230618,jackfruit leaf spot
multiple leaf dataset/jackfruit leaf/jackfruit leaf spot/leaf_spot_(301).png,16903580921991868567,jackfruit leaf spot
multiple leaf dataset/jackfruit leaf/jackfruit leaf spot/leaf_spot_(302).png,16903845491956349108,jackfruit leaf spot
multiple leaf dataset/jackfruit leaf/jackfruit leaf spot/leaf_spot_(303).png,16567778424994826547,jackfruit leaf spot
multiple leaf dataset/jackfruit leaf/jackfruit leaf spot/leaf_spot_(304).png,17251531604767707289,jackfruit leaf spot
multiple leaf dataset/jackfruit leaf/jackfruit leaf spot/leaf_spot_(305).png,17697671995126551046,jackfruit leaf spot
multiple leaf dataset/jackfruit leaf/jackfruit leaf spot/leaf_spot_(306).png,18440200353070853161,jackfruit leaf spot
multiple leaf dataset/jackfruit leaf/jackfruit leaf spot/leaf_spot_(307).png,16612823243097872691,jackfruit leaf spot
multiple leaf dataset/jackfruit leaf/jackfruit leaf spot/leaf_spot_(308).png,18437966221611121677,jackfruit leaf spot
multiple leaf dataset/jackfruit leaf/jackfruit leaf spot/leaf_spot_(309).png,17348875377379075881,jackfruit leaf spot
multiple leaf dataset/jackfruit leaf/jackfruit leaf spot/leaf_spot_(31).png,11717743247101236172,jackfruit leaf spot
multiple leaf dataset/jackfruit leaf/jackfruit leaf spot/leaf_spot_(310).png,16759186464304820916,jackfruit leaf spot
multiple leaf dataset/jackfruit leaf/jackfruit leaf spot/leaf_spot_(311).png,16551738955480340812,jackfruit leaf spot
multiple leaf dataset/jackfruit leaf/jackfruit leaf spot/leaf_spot_(312).png,18283702854698870008,jackfruit leaf spot
multiple leaf dataset/jackfruit leaf/jackfruit leaf spot/leaf_spot_(313).png,16623523763277044164,jackfruit leaf spot
multiple leaf dataset/jackfruit leaf/jackfruit leaf spot/leaf_spot_(314).png,17957143379729731382,jackfruit leaf spot
multiple leaf dataset/jackfruit leaf/jackfruit leaf spot/leaf_spot_(315).png,17694293467564750027,jackfruit leaf spot
multiple leaf dataset/jackfruit leaf/jackfruit leaf spot/leaf_spot_(316).png,17769950195852810339,jackfruit leaf spot
multiple leaf dataset/jackfruit leaf/jackfruit leaf spot/leaf_spot_(317).png,17409454245264142680,jackfruit leaf spot
multiple leaf dataset/jackfruit leaf/jackfruit leaf spot/leaf_spot_(318).png,12723165715279269043,jackfruit leaf spot
multiple leaf dataset/jackfruit leaf/jackfruit leaf spot/leaf_spot_(319).png,12726543552431025201,jackfruit leaf spot
multiple leaf dataset/jackfruit leaf/jackfruit leaf spot/leaf_spot_(32).png,12438892058940432748,jackfruit leaf spot
multiple leaf dataset/jackfruit leaf/jackfruit leaf spot/leaf_spot_(320).png,13157760475534335174,jackfruit leaf spot
multiple leaf dataset/jackfruit leaf/jackfruit leaf spot/leaf_spot_(321).png,13172678597748603955,jackfruit leaf spot
multiple leaf dataset/jackfruit leaf/jackfruit leaf spot/leaf_spot_(322).png,13160574951491516108,jackfruit leaf spot
multiple leaf dataset/jackfruit leaf/jackfruit leaf spot/leaf_spot_(323).png,12647462808045581018,jackfruit leaf spot
multiple leaf dataset/jackfruit leaf/jackfruit leaf spot/leaf_spot_(324).png,13663572041885235352,jackfruit leaf spot
multiple leaf dataset/jackfruit leaf/jackfruit leaf spot/leaf_spot_(325).png,13817257094320563909,jackfruit leaf spot
multiple leaf dataset/jackfruit leaf/jackfruit leaf spot/leaf_spot_(326).png,13013927814693859738,jackfruit leaf spot
multiple leaf dataset/jackfruit leaf/jackfruit leaf spot/leaf_spot_(327).png,13026331100387042419,jackfruit leaf spot
multiple leaf dataset/jackfruit leaf/jackfruit leaf spot/leaf_spot_(328).png,12869543798863573817,jackfruit leaf spot
multiple leaf dataset/jackfruit leaf/jackfruit leaf spot/leaf_spot_(329).png,13025424099266731713,jackfruit leaf spot
multiple leaf dataset/jackfruit leaf/jackfruit leaf spot/leaf_spot_(33).png,12955956946882741987,jackfruit leaf spot
multiple leaf dataset/jackfruit leaf/jackfruit leaf spot/leaf_spot_(330).png,16254280939129828313,jackfruit leaf spot
multiple leaf dataset/jackfruit leaf/jackfruit leaf spot/leaf_spot_(331).png,16254228196931417049,jackfruit leaf spot
multiple leaf dataset/jackfruit leaf/jackfruit leaf spot/leaf_spot_(332).png,16617049407705449368,jackfruit leaf spot
multiple leaf dataset/jackfruit leaf/jackfruit leaf spot/leaf_spot_(333).png,12164102938342508915,jackfruit leaf spot
multiple leaf dataset/jackfruit leaf/jackfruit leaf spot/leaf_spot_(334).png,13673704791706749238,jackfruit leaf spot
multiple leaf dataset/jackfruit leaf/jackfruit leaf spot/leaf_spot_(335).png,13300751941209724515,jackfruit leaf spot
multiple leaf dataset/jackfruit leaf/jackfruit leaf spot/leaf_spot_(336).png,16772958753765497449,jackfruit leaf spot
multiple leaf dataset/jackfruit leaf/jackfruit leaf spot/leaf_spot_(337).png,13817204425052807789,jackfruit leaf spot
multiple leaf dataset/jackfruit leaf/jackfruit leaf spot/leaf_spot_(338).png,12287391510556696855,jackfruit leaf spot
multiple leaf dataset/jackfruit leaf/jackfruit leaf spot/leaf_spot_(339).png,13590670574543637622,jackfruit leaf spot
multiple leaf dataset/jackfruit leaf/jackfruit leaf spot/leaf_spot_(34).png,12594193484979934267,jackfruit leaf spot
multiple leaf dataset/jackfruit leaf/jackfruit leaf spot/leaf_spot_(340).png,12661255599066833344,jackfruit leaf spot
multiple leaf dataset/jackfruit leaf/jackfruit leaf spot/leaf_spot_(341).png,13601647747458178352,jackfruit leaf spot
multiple leaf dataset/jackfruit leaf/jackfruit leaf spot/leaf_spot_(342).png,13600521027255346702,jackfruit leaf spot
multiple leaf dataset/jackfruit leaf/jackfruit leaf spot/leaf_spot_(343).png,13024624800075127155,jackfruit leaf spot
multiple leaf dataset/jackfruit leaf/jackfruit leaf spot/leaf_spot_(344).png,13744869275234296212,jackfruit leaf spot
multiple leaf dataset/jackfruit leaf/jackfruit leaf spot/leaf_spot_(345).png,13683556377312178401,jackfruit leaf spot
multiple leaf dataset/jackfruit leaf/jackfruit leaf spot/leaf_spot_(346).png,13159450906974424102,jackfruit leaf spot
multiple leaf dataset/jackfruit leaf/jackfruit leaf spot/leaf_spot_(347).png,12435215280025581620,jackfruit leaf spot
multiple leaf dataset/jackfruit leaf/jackfruit leaf spot/leaf_spot_(348).png,12529509079031231971,jackfruit leaf spot
multiple leaf dataset/jackfruit leaf/jackfruit leaf spot/leaf_spot_(349).png,16912590322300432804,jackfruit leaf spot
multiple leaf dataset/jackfruit leaf/jackfruit leaf spot/leaf_spot_(35).png,12884461191716638412,jackfruit leaf spot
multiple leaf dataset/jackfruit leaf/jackfruit leaf spot/leaf_spot_(350).png,12458296043421841865,jackfruit leaf spot
multiple leaf dataset/jackfruit leaf/jackfruit leaf spot/leaf_spot_(351).png,13299344557770382438,jackfruit leaf spot
multiple leaf dataset/jackfruit leaf/jackfruit leaf spot/leaf_spot_(352).png,13745144664247907809,jackfruit leaf spot
multiple leaf dataset/jackfruit leaf/jackfruit leaf spot/leaf_spot_(353).png,17911809035985561686,jackfruit leaf spot
multiple leaf dataset/jackfruit leaf/jackfruit leaf spot/leaf_spot_(354).png,18035374644941584514,jackfruit leaf spot
multiple leaf dataset/jackfruit leaf/jackfruit leaf spot/leaf_spot_(355).png,17107419303966724248,jackfruit leaf spot
multiple leaf dataset/jackfruit leaf/jackfruit leaf spot/leaf_spot_(356).png,18392015645303988870,jackfruit leaf spot
multiple leaf dataset/jackfruit leaf/jackfruit leaf spot/leaf_spot_(357).png,18356814190262364643,jackfruit leaf spot
multiple leaf dataset/jackfruit leaf/jackfruit leaf spot/leaf_spot_(358).png,17203896948343966563,jackfruit leaf spot
multiple leaf dataset/jackfruit leaf/jackfruit leaf spot/leaf_spot_(359).png,17408821356969512038,jackfruit leaf spot
multiple leaf dataset/jackfruit leaf/jackfruit leaf spot/leaf_spot_(36).png,12739781141988520403,jackfruit leaf spot
multiple leaf dataset/jackfruit leaf/jackfruit leaf spot/leaf_spot_(360).png,18345272657184333493,jackfruit leaf spot
multiple leaf dataset/jackfruit leaf/jackfruit leaf spot/leaf_spot_(361).png,18140944871070976406,jackfruit leaf spot
multiple leaf dataset/jackfruit leaf/jackfruit leaf spot/leaf_spot_(362).png,18428889309876609466,jackfruit leaf spot
multiple leaf dataset/jackfruit leaf/jackfruit leaf spot/leaf_spot_(363).png,16621333395509107105,jackfruit leaf spot
multiple leaf dataset/jackfruit leaf/jackfruit leaf spot/leaf_spot_(364).png,17216013105655593067,jackfruit leaf spot
multiple leaf dataset/jackfruit leaf/jackfruit leaf spot/leaf_spot_(365).png,18197853041597754417,jackfruit leaf spot
multiple leaf dataset/jackfruit leaf/jackfruit leaf spot/leaf_spot_(366).png,16876559863002173081,jackfruit leaf spot
multiple leaf dataset/jackfruit leaf/jackfruit leaf spot/leaf_spot_(367).png,16912588192002761521,jackfruit leaf spot
multiple leaf dataset/jackfruit leaf/jackfruit leaf spot/leaf_spot_(368).png,16918771664940262046,jackfruit leaf spot
multiple leaf dataset/jackfruit leaf/jackfruit leaf spot/leaf_spot_(37).png,13468724495473354037,jackfruit leaf spot
multiple leaf dataset/jackfruit leaf/jackfruit leaf spot/leaf_spot_(38).png,13102038039066366770,jackfruit leaf spot
multiple leaf dataset/jackfruit leaf/jackfruit leaf spot/leaf_spot_(39).png,11951034133392100388,jackfruit leaf spot
multiple leaf dataset/jackfruit leaf/jackfruit leaf spot/leaf_spot_(4).png,12095149389948705062,jackfruit leaf spot
multiple leaf dataset/jackfruit leaf/jackfruit leaf spot/leaf_spot_(40).png,12883893873389223105,jackfruit leaf spot
multiple leaf dataset/jackfruit leaf/jackfruit leaf spot/leaf_spot_(41).png,12231941781972968606,jackfruit leaf spot
multiple leaf dataset/jackfruit leaf/jackfruit leaf spot/leaf_spot_(42).png,12811839149424472113,jackfruit leaf spot
multiple leaf dataset/jackfruit leaf/jackfruit leaf spot/leaf_spot_(43).png,13817184666466209754,jackfruit leaf spot
multiple leaf dataset/jackfruit leaf/jackfruit leaf spot/leaf_spot_(44).png,13629249891665657229,jackfruit leaf spot
multiple leaf dataset/jackfruit leaf/jackfruit leaf spot/leaf_spot_(45).png,12695867005137308827,jackfruit leaf spot
multiple leaf dataset/jackfruit leaf/jackfruit leaf spot/leaf_spot_(46).png,13550979644681579629,jackfruit leaf spot
multiple leaf dataset/jackfruit leaf/jackfruit leaf spot/leaf_spot_(47).png,11857647341755485235,jackfruit leaf spot
multiple leaf dataset/jackfruit leaf/jackfruit leaf spot/leaf_spot_(48).png,12112663637413229628,jackfruit leaf spot
multiple leaf dataset/jackfruit leaf/jackfruit leaf spot/leaf_spot_(49).png,12695871185213705422,jackfruit leaf spot
multiple leaf dataset/jackfruit leaf/jackfruit leaf spot/leaf_spot_(5).png,12374414857811783860,jackfruit leaf spot
multiple leaf dataset/jackfruit leaf/jackfruit leaf spot/leaf_spot_(50).png,12997885051207798476,jackfruit leaf spot
multiple leaf dataset/jackfruit leaf/jackfruit leaf spot/leaf_spot_(51).png,11824996635285900390,jackfruit leaf spot
multiple leaf dataset/jackfruit leaf/jackfruit leaf spot/leaf_spot_(52).png,12332778656362822106,jackfruit leaf spot
multiple leaf dataset/jackfruit leaf/jackfruit leaf spot/leaf_spot_(53).png,12695875789418908876,jackfruit leaf spot
multiple leaf dataset/jackfruit leaf/jackfruit leaf spot/leaf_spot_(54).png,13705228061842485369,jackfruit leaf spot
multiple leaf dataset/jackfruit leaf/jackfruit leaf spot/leaf_spot_(55).png,12722610908559363641,jackfruit leaf spot
multiple leaf dataset/jackfruit leaf/jackfruit leaf spot/leaf_spot_(56).png,11605730331280302351,jackfruit leaf spot
multiple leaf dataset/jackfruit leaf/jackfruit leaf spot/leaf_spot_(57).png,12711352304634796441,jackfruit leaf spot
multiple leaf dataset/jackfruit leaf/jackfruit leaf spot/leaf_spot_(58).png,13695657638832125051,jackfruit leaf spot
multiple leaf dataset/jackfruit leaf/jackfruit leaf spot/leaf_spot_(59).png,13601366337191003448,jackfruit leaf spot
multiple leaf dataset/jackfruit leaf/jackfruit leaf spot/leaf_spot_(6).png,16528666477119281433,jackfruit leaf spot
multiple leaf dataset/jackfruit leaf/jackfruit leaf spot/leaf_spot_(60).png,12551198669279477007,jackfruit leaf spot
multiple leaf dataset/jackfruit leaf/jackfruit leaf spot/leaf_spot_(61).png,12696715051799399628,jackfruit leaf spot
multiple leaf dataset/jackfruit leaf/jackfruit leaf spot/leaf_spot_(62).png,13699881762732585753,jackfruit leaf spot
multiple leaf dataset/jackfruit leaf/jackfruit leaf spot/leaf_spot_(63).png,13602499370767995697,jackfruit leaf spot
multiple leaf dataset/jackfruit leaf/jackfruit leaf spot/leaf_spot_(64).png,12116866464765015286,jackfruit leaf spot
multiple leaf dataset/jackfruit leaf/jackfruit leaf spot/leaf_spot_(65).png,12692215996234714317,jackfruit leaf spot
multiple leaf dataset/jackfruit leaf/jackfruit leaf spot/leaf_spot_(66).png,12711356178695271372,jackfruit leaf spot
multiple leaf dataset/jackfruit leaf/jackfruit leaf spot/leaf_spot_(67).png,16912307166701774130,jackfruit leaf spot
multiple leaf dataset/jackfruit leaf/jackfruit leaf spot/leaf_spot_(68).png,12664351118648747980,jackfruit leaf spot
multiple leaf dataset/jackfruit leaf/jackfruit leaf spot/leaf_spot_(69).png,16903559551979691365,jackfruit leaf spot
multiple leaf dataset/jackfruit leaf/jackfruit leaf spot/leaf_spot_(7).png,13296811346047886415,jackfruit leaf spot
multiple leaf dataset/jackfruit leaf/jackfruit leaf spot/leaf_spot_(70).png,18421270942973566885,jackfruit leaf spot
multiple leaf dataset/jackfruit leaf/jackfruit leaf spot/leaf_spot_(71).png,18056550944697061509,jackfruit leaf spot
multiple leaf dataset/jackfruit leaf/jackfruit leaf spot/leaf_spot_(72).png,18051981322748462887,jackfruit leaf spot
multiple leaf dataset/jackfruit leaf/jackfruit leaf spot/leaf_spot_(73).png,17520848366782893113,jackfruit leaf spot
multiple leaf dataset/jackfruit leaf/jackfruit leaf spot/leaf_spot_(74).png,18415647034603563155,jackfruit leaf spot
multiple leaf dataset/jackfruit leaf/jackfruit leaf spot/leaf_spot_(75).png,16846728382614062648,jackfruit leaf spot
multiple leaf dataset/jackfruit leaf/jackfruit leaf spot/leaf_spot_(76).png,18006102267307213619,jackfruit leaf spot
multiple leaf dataset/jackfruit leaf/jackfruit leaf spot/leaf_spot_(77).png,17914689575841141803,jackfruit leaf spot
multiple leaf dataset/jackfruit leaf/jackfruit leaf spot/leaf_spot_(78).png,18416837737797202994,jackfruit leaf spot
multiple leaf dataset/jackfruit leaf/jackfruit leaf spot/leaf_spot_(79).png,16774386048350472038,jackfruit leaf spot
multiple leaf dataset/jackfruit leaf/jackfruit leaf spot/leaf_spot_(8).png,12955887665103975374,jackfruit leaf spot
multiple leaf dataset/jackfruit leaf/jackfruit leaf spot/leaf_spot_(80).png,16912307197804557884,jackfruit leaf spot
multiple leaf dataset/jackfruit leaf/jackfruit leaf spot/leaf_spot_(81).png,16540761461469845862,jackfruit leaf spot
multiple leaf dataset/jackfruit leaf/jackfruit leaf spot/leaf_spot_(82).png,18353718012829591686,jackfruit leaf spot
multiple leaf dataset/jackfruit leaf/jackfruit leaf spot/leaf_spot_(83).png,17925052459071753522,jackfruit leaf spot
multiple leaf dataset/jackfruit leaf/jackfruit leaf spot/leaf_spot_(84).png,17921102068254021326,jackfruit leaf spot
multiple leaf dataset/jackfruit leaf/jackfruit leaf spot/leaf_spot_(85).png,17477498077309406361,jackfruit leaf spot
multiple leaf dataset/jackfruit leaf/jackfruit leaf spot/leaf_spot_(86).png,16799719199729346016,jackfruit leaf spot
multiple leaf dataset/jackfruit leaf/jackfruit leaf spot/leaf_spot_(87).png,18411423687709896052,jackfruit leaf spot
multiple leaf dataset/jackfruit leaf/jackfruit leaf spot/leaf_spot_(88).png,16548079248209647975,jackfruit leaf spot
multiple leaf dataset/jackfruit leaf/jackfruit leaf spot/leaf_spot_(89).png,16831803840782623132,jackfruit leaf spot
multiple leaf dataset/jackfruit leaf/jackfruit leaf spot/leaf_spot_(9).png,13314825746003292053,jackfruit leaf spot
multiple leaf dataset/jackfruit leaf/jackfruit leaf spot/leaf_spot_(90).png,16539914476753165210,jackfruit leaf spot
multiple leaf dataset/jackfruit leaf/jackfruit leaf spot/leaf_spot_(91).png,16225228827567989033,jackfruit leaf spot
multiple leaf dataset/jackfruit leaf/jackfruit leaf spot/leaf_spot_(92).png,16548079029164022117,jackfruit leaf spot
multiple leaf dataset/jackfruit leaf/jackfruit leaf spot/leaf_spot_(93).png,16832929530227418526,jackfruit leaf spot
multiple leaf dataset/jackfruit leaf/jackfruit leaf spot/leaf_spot_(94).png,16684029682008693602,jackfruit leaf spot
multiple leaf dataset/jackfruit leaf/jackfruit leaf spot/leaf_spot_(95).png,18065210586530302351,jackfruit leaf spot
multiple leaf dataset/jackfruit leaf/jackfruit leaf spot/leaf_spot_(96).png,12188379757604191353,jackfruit leaf spot
multiple leaf dataset/jackfruit leaf/jackfruit leaf spot/leaf_spot_(97).png,13765182409043686495,jackfruit leaf spot
multiple leaf dataset/jackfruit leaf/jackfruit leaf spot/leaf_spot_(98).png,12840271369284131212,jackfruit leaf spot
multiple leaf dataset/jackfruit leaf/jackfruit leaf spot/leaf_spot_(99).png,12725430253941607539,jackfruit leaf spot
multiple leaf dataset/jackfruit leaf/jackfruit phyllosticta/phyllosticta_(1).png,16774667522539660687,jackfruit phyllosticta
multiple leaf dataset/jackfruit leaf/jackfruit phyllosticta/phyllosticta_(10).png,13031943330976762950,jackfruit phyllosticta
multiple leaf dataset/jackfruit leaf/jackfruit phyllosticta/phyllosticta_(100).png,11861025449505483826,jackfruit phyllosticta
multiple leaf dataset/jackfruit leaf/jackfruit phyllosticta/phyllosticta_(101).png,11856793909456810471,jackfruit phyllosticta
multiple leaf dataset/jackfruit leaf/jackfruit phyllosticta/phyllosticta_(102).png,12297853110106320970,jackfruit phyllosticta
multiple leaf dataset/jackfruit leaf/jackfruit phyllosticta/phyllosticta_(103).png,12307921330749235215,jackfruit phyllosticta
multiple leaf dataset/jackfruit leaf/jackfruit phyllosticta/phyllosticta_(104).png,12812677411333288422,jackfruit phyllosticta
multiple leaf dataset/jackfruit leaf/jackfruit phyllosticta/phyllosticta_(105).png,12297789047594861898,jackfruit phyllosticta
multiple leaf dataset/jackfruit leaf/jackfruit phyllosticta/phyllosticta_(106).png,13027729806409609883,jackfruit phyllosticta
multiple leaf dataset/jackfruit leaf/jackfruit phyllosticta/phyllosticta_(107).png,13324118949875999153,jackfruit phyllosticta
multiple leaf dataset/jackfruit leaf/jackfruit phyllosticta/phyllosticta_(108).png,12721489412815831916,jackfruit phyllosticta
multiple leaf dataset/jackfruit leaf/jackfruit phyllosticta/phyllosticta_(109).png,11879250590446282130,jackfruit phyllosticta
multiple leaf dataset/jackfruit leaf/jackfruit phyllosticta/phyllosticta_(11).png,13027158063087406641,jackfruit phyllosticta
multiple leaf dataset/jackfruit leaf/jackfruit phyllosticta/phyllosticta_(110).png,12825354275481465648,jackfruit phyllosticta
multiple leaf dataset/jackfruit leaf/jackfruit phyllosticta/phyllosticta_(111).png,16494889479879924121,jackfruit phyllosticta
multiple leaf dataset/jackfruit leaf/jackfruit phyllosticta/phyllosticta_(112).png,16276454228717234021,jackfruit phyllosticta
multiple leaf dataset/jackfruit leaf/jackfruit phyllosticta/phyllosticta_(113).png,12816055338687305826,jackfruit phyllosticta
multiple leaf dataset/jackfruit leaf/jackfruit phyllosticta/phyllosticta_(114).png,13802057559165038664,jackfruit phyllosticta
multiple leaf dataset/jackfruit leaf/jackfruit phyllosticta/phyllosticta_(115).png,11649913482385240345,jackfruit phyllosticta
multiple leaf dataset/jackfruit leaf/jackfruit phyllosticta/phyllosticta_(116).png,13450709730827804959,jackfruit phyllosticta
multiple leaf dataset/jackfruit leaf/jackfruit phyllosticta/phyllosticta_(117).png,12739490636842982499,jackfruit phyllosticta
multiple leaf dataset/jackfruit leaf/jackfruit phyllosticta/phyllosticta_(118).png,12289062777888417054,jackfruit phyllosticta
multiple leaf dataset/jackfruit leaf/jackfruit phyllosticta/phyllosticta_(119).png,12740616536745679971,jackfruit phyllosticta
multiple leaf dataset/jackfruit leaf/jackfruit phyllosticta/phyllosticta_(12).png,13745219404733658562,jackfruit phyllosticta
multiple leaf dataset/jackfruit leaf/jackfruit phyllosticta/phyllosticta_(120).png,12018650818014088306,jackfruit phyllosticta
multiple leaf dataset/jackfruit leaf/jackfruit phyllosticta/phyllosticta_(121).png,16777763936264348102,jackfruit phyllosticta
multiple leaf dataset/jackfruit leaf/jackfruit phyllosticta/phyllosticta_(122).png,16904144009363272086,jackfruit phyllosticta
multiple leaf dataset/jackfruit leaf/jackfruit phyllosticta/phyllosticta_(123).png,16913995751663761560,jackfruit phyllosticta
multiple leaf dataset/jackfruit leaf/jackfruit phyllosticta/phyllosticta_(124).png,16688539652132739378,jackfruit phyllosticta
multiple leaf dataset/jackfruit leaf/jackfruit phyllosticta/phyllosticta_(125).png,16617045016644454808,jackfruit phyllosticta
multiple leaf dataset/jackfruit leaf/jackfruit phyllosticta/phyllosticta_(126).png,16760031021323608440,jackfruit phyllosticta
multiple leaf dataset/jackfruit leaf/jackfruit phyllosticta/phyllosticta_(127).png,16634567361959133478,jackfruit phyllosticta
multiple leaf dataset/jackfruit leaf/jackfruit phyllosticta/phyllosticta_(128).png,16636748801884871048,jackfruit phyllosticta
multiple leaf dataset/jackfruit leaf/jackfruit phyllosticta/phyllosticta_(129).png,16417192816567738720,jackfruit phyllosticta
multiple leaf dataset/jackfruit leaf/jackfruit phyllosticta/phyllosticta_(13).png,12305664041165334743,jackfruit phyllosticta
multiple leaf dataset/jackfruit leaf/jackfruit phyllosticta/phyllosticta_(130).png,16903581129135972806,jackfruit phyllosticta
multiple leaf dataset/jackfruit leaf/jackfruit phyllosticta/phyllosticta_(131).png,11569425493798373079,jackfruit phyllosticta
multiple leaf dataset/jackfruit leaf/jackfruit phyllosticta/phyllosticta_(132).png,11875880315382019270,jackfruit phyllosticta
multiple leaf dataset/jackfruit leaf/jackfruit phyllosticta/phyllosticta_(133).png,13819506795816742987,jackfruit phyllosticta
multiple leaf dataset/jackfruit leaf/jackfruit phyllosticta/phyllosticta_(134).png,13532402341047025690,jackfruit phyllosticta
multiple leaf dataset/jackfruit leaf/jackfruit phyllosticta/phyllosticta_(135).png,17261400698757932226,jackfruit phyllosticta
multiple leaf dataset/jackfruit leaf/jackfruit phyllosticta/phyllosticta_(136).png,16903581120289938582,jackfruit phyllosticta
multiple leaf dataset/jackfruit leaf/jackfruit phyllosticta/phyllosticta_(137).png,17550188981447347249,jackfruit phyllosticta
multiple leaf dataset/jackfruit leaf/jackfruit phyllosticta/phyllosticta_(138).png,17549630438137628864,jackfruit phyllosticta
multiple leaf dataset/jackfruit leaf/jackfruit phyllosticta/phyllosticta_(139).png,17192157772891125910,jackfruit phyllosticta
multiple leaf dataset/jackfruit leaf/jackfruit phyllosticta/phyllosticta_(14).png,12743994854961617970,jackfruit phyllosticta
multiple leaf dataset/jackfruit leaf/jackfruit phyllosticta/phyllosticta_(140).png,17477585814044462225,jackfruit phyllosticta
multiple leaf dataset/jackfruit leaf/jackfruit phyllosticta/phyllosticta_(141).png,16558780493494445670,jackfruit phyllosticta
multiple leaf dataset/jackfruit leaf/jackfruit phyllosticta/phyllosticta_(142).png,11878686998395181414,jackfruit phyllosticta
multiple leaf dataset/jackfruit leaf/jackfruit phyllosticta/phyllosticta_(143).png,13175776782036814899,jackfruit phyllosticta
multiple leaf dataset/jackfruit leaf/jackfruit phyllosticta/phyllosticta_(144).png,12313616318685631688,jackfruit phyllosticta
multiple leaf dataset/jackfruit leaf/jackfruit phyllosticta/phyllosticta_(145).png,12315803008048464357,jackfruit phyllosticta
multiple leaf dataset/jackfruit leaf/jackfruit phyllosticta/phyllosticta_(146).png,12812405231689253680,jackfruit phyllosticta
multiple leaf dataset/jackfruit leaf/jackfruit phyllosticta/phyllosticta_(147).png,12316430995439023412,jackfruit phyllosticta
multiple leaf dataset/jackfruit leaf/jackfruit phyllosticta/phyllosticta_(148).png,11875662058126101601,jackfruit phyllosticta
multiple leaf dataset/jackfruit leaf/jackfruit phyllosticta/phyllosticta_(149).png,12738365149274491953,jackfruit phyllosticta
multiple leaf dataset/jackfruit leaf/jackfruit phyllosticta/phyllosticta_(15).png,13042077047461088288,jackfruit phyllosticta
multiple leaf dataset/jackfruit leaf/jackfruit phyllosticta/phyllosticta_(150).png,12601564914905626020,jackfruit phyllosticta
multiple leaf dataset/jackfruit leaf/jackfruit phyllosticta/phyllosticta_(151).png,13469353433304326561,jackfruit phyllosticta
multiple leaf dataset/jackfruit leaf/jackfruit phyllosticta/phyllosticta_(152).png,12753846363167995084,jackfruit phyllosticta
multiple leaf dataset/jackfruit leaf/jackfruit phyllosticta/phyllosticta_(153).png,12305189253479003450,jackfruit phyllosticta
multiple leaf dataset/jackfruit leaf/jackfruit phyllosticta/phyllosticta_(154).png,12321426924208320672,jackfruit phyllosticta
multiple leaf dataset/jackfruit leaf/jackfruit phyllosticta/phyllosticta_(155).png,16706274503028072902,jackfruit phyllosticta
multiple leaf dataset/jackfruit leaf/jackfruit phyllosticta/phyllosticta_(156).png,18043836376027931045,jackfruit phyllosticta
multiple leaf dataset/jackfruit leaf/jackfruit phyllosticta/phyllosticta_(157).png,12118226256723177788,jackfruit phyllosticta
multiple leaf dataset/jackfruit leaf/jackfruit phyllosticta/phyllosticta_(158).png,12938785708234106722,jackfruit phyllosticta
multiple leaf dataset/jackfruit leaf/jackfruit phyllosticta/phyllosticta_(159).png,12986344778231592624,jackfruit phyllosticta
multiple leaf dataset/jackfruit leaf/jackfruit phyllosticta/phyllosticta_(16).png,17427178402799118642,jackfruit phyllosticta
multiple leaf dataset/jackfruit leaf/jackfruit phyllosticta/phyllosticta_(160).png,12930903648687130188,jackfruit phyllosticta
multiple leaf dataset/jackfruit leaf/jackfruit phyllosticta/phyllosticta_(161).png,11994661792670917987,jackfruit phyllosticta
multiple leaf dataset/jackfruit leaf/jackfruit phyllosticta/phyllosticta_(162).png,12713885788281943600,jackfruit phyllosticta
multiple leaf dataset/jackfruit leaf/jackfruit phyllosticta/phyllosticta_(163).png,12930341196949916748,jackfruit phyllosticta
multiple leaf dataset/jackfruit leaf/jackfruit phyllosticta/phyllosticta_(164).png,13004367963287753571,jackfruit phyllosticta
multiple leaf dataset/jackfruit leaf/jackfruit phyllosticta/phyllosticta_(165).png,12932593645299590674,jackfruit phyllosticta
multiple leaf dataset/jackfruit leaf/jackfruit phyllosticta/phyllosticta_(166).png,11849686784960545737,jackfruit phyllosticta
multiple leaf dataset/jackfruit leaf/jackfruit phyllosticta/phyllosticta_(167).png,12941599770806753635,jackfruit phyllosticta
multiple leaf dataset/jackfruit leaf/jackfruit phyllosticta/phyllosticta_(168).png,12284295608459500648,jackfruit phyllosticta
multiple leaf dataset/jackfruit leaf/jackfruit phyllosticta/phyllosticta_(169).png,12140164407684129131,jackfruit phyllosticta
multiple leaf dataset/jackfruit leaf/jackfruit phyllosticta/phyllosticta_(17).png,12506081341032849822,jackfruit phyllosticta
multiple leaf dataset/jackfruit leaf/jackfruit phyllosticta/phyllosticta_(170).png,13652873643159139365,jackfruit phyllosticta
multiple leaf dataset/jackfruit leaf/jackfruit phyllosticta/phyllosticta_(171).png,16515718078421440780,jackfruit phyllosticta
multiple leaf dataset/jackfruit leaf/jackfruit phyllosticta/phyllosticta_(172).png,13635141492586158637,jackfruit phyllosticta
multiple leaf dataset/jackfruit leaf/jackfruit phyllosticta/phyllosticta_(173).png,12550623488590444654,jackfruit phyllosticta
multiple leaf dataset/jackfruit leaf/jackfruit phyllosticta/phyllosticta_(174).png,12982966997653637579,jackfruit phyllosticta
multiple leaf dataset/jackfruit leaf/jackfruit phyllosticta/phyllosticta_(175).png,13171851392416750128,jackfruit phyllosticta
multiple leaf dataset/jackfruit leaf/jackfruit phyllosticta/phyllosticta_(176).png,12738081475286678683,jackfruit phyllosticta
multiple leaf dataset/jackfruit leaf/jackfruit phyllosticta/phyllosticta_(177).png,12166341612158682426,jackfruit phyllosticta
multiple leaf dataset/jackfruit leaf/jackfruit phyllosticta/phyllosticta_(178).png,11803545848321067361,jackfruit phyllosticta
multiple leaf dataset/jackfruit leaf/jackfruit phyllosticta/phyllosticta_(179).png,13710857493427572767,jackfruit phyllosticta
multiple leaf dataset/jackfruit leaf/jackfruit phyllosticta/phyllosticta_(18).png,13031670630555479187,jackfruit phyllosticta
multiple leaf dataset/jackfruit leaf/jackfruit phyllosticta/phyllosticta_(180).png,12740625331026906561,jackfruit phyllosticta
multiple leaf dataset/jackfruit leaf/jackfruit phyllosticta/phyllosticta_(181).png,12882488717883936451,jackfruit phyllosticta
multiple leaf dataset/jackfruit leaf/jackfruit phyllosticta/phyllosticta_(182).png,17335348277744579034,jackfruit phyllosticta
multiple leaf dataset/jackfruit leaf/jackfruit phyllosticta/phyllosticta_(183).png,16584957143100840345,jackfruit phyllosticta
multiple leaf dataset/jackfruit leaf/jackfruit phyllosticta/phyllosticta_(184).png,16254219402064323986,jackfruit phyllosticta
multiple leaf dataset/jackfruit leaf/jackfruit phyllosticta/phyllosticta_(185).png,17343529082340255089,jackfruit phyllosticta
multiple leaf dataset/jackfruit leaf/jackfruit phyllosticta/phyllosticta_(186).png,17333958528870064598,jackfruit phyllosticta
multiple leaf dataset/jackfruit leaf/jackfruit phyllosticta/phyllosticta_(187).png,13673139846314489931,jackfruit phyllosticta
multiple leaf dataset/jackfruit leaf/jackfruit phyllosticta/phyllosticta_(188).png,16906395809653019162,jackfruit phyllosticta
multiple leaf dataset/jackfruit leaf/jackfruit phyllosticta/phyllosticta_(189).png,12739781444779455715,jackfruit phyllosticta
multiple leaf dataset/jackfruit leaf/jackfruit phyllosticta/phyllosticta_(19).png,11643659335605279077,jackfruit phyllosticta
multiple leaf dataset/jackfruit leaf/jackfruit phyllosticta/phyllosticta_(190).png,13678769552275587083,jackfruit phyllosticta
multiple leaf dataset/jackfruit leaf/jackfruit phyllosticta/phyllosticta_(191).png,12884738321757211795,jackfruit phyllosticta
multiple leaf dataset/jackfruit leaf/jackfruit phyllosticta/phyllosticta_(192).png,13314829884496820679,jackfruit phyllosticta
multiple leaf dataset/jackfruit leaf/jackfruit phyllosticta/phyllosticta_(193).png,12738375731914041139,jackfruit phyllosticta
multiple leaf dataset/jackfruit leaf/jackfruit phyllosticta/phyllosticta_(194).png,13822884516743925834,jackfruit phyllosticta
multiple leaf dataset/jackfruit leaf/jackfruit phyllosticta/phyllosticta_(195).png,16759450478682917534,jackfruit phyllosticta
multiple leaf dataset/jackfruit leaf/jackfruit phyllosticta/phyllosticta_(196).png,16255346379996875482,jackfruit phyllosticta
multiple leaf dataset/jackfruit leaf/jackfruit phyllosticta/phyllosticta_(197).png,16585869378045761945,jackfruit phyllosticta
multiple leaf dataset/jackfruit leaf/jackfruit phyllosticta/phyllosticta_(198).png,16832931936990504344,jackfruit phyllosticta
multiple leaf dataset/jackfruit leaf/jackfruit phyllosticta/phyllosticta_(199).png,17333465918131745114,jackfruit phyllosticta
multiple leaf dataset/jackfruit leaf/jackfruit phyllosticta/phyllosticta_(2).png,16256735081985554790,jackfruit phyllosticta
multiple leaf dataset/jackfruit leaf/jackfruit phyllosticta/phyllosticta_(20).png,11934189822287485070,jackfruit phyllosticta
multiple leaf dataset/jackfruit leaf/jackfruit phyllosticta/phyllosticta_(200).png,16621054050778126745,jackfruit phyllosticta
multiple leaf dataset/jackfruit leaf/jackfruit phyllosticta/phyllosticta_(201).png,16254219384874395034,jackfruit phyllosticta
multiple leaf dataset/jackfruit leaf/jackfruit phyllosticta/phyllosticta_(202).png,12740348254297862851,jackfruit phyllosticta
multiple leaf dataset/jackfruit leaf/jackfruit phyllosticta/phyllosticta_(203).png,13673702797256701231,jackfruit phyllosticta
multiple leaf dataset/jackfruit leaf/jackfruit phyllosticta/phyllosticta_(204).png,12740625332838829105,jackfruit phyllosticta
multiple leaf dataset/jackfruit leaf/jackfruit phyllosticta/phyllosticta_(205).png,12740348227219560649,jackfruit phyllosticta
multiple leaf dataset/jackfruit leaf/jackfruit phyllosticta/phyllosticta_(206).png,12166356102082326650,jackfruit phyllosticta
multiple leaf dataset/jackfruit leaf/jackfruit phyllosticta/phyllosticta_(207).png,12902400862724766835,jackfruit phyllosticta
multiple leaf dataset/jackfruit leaf/jackfruit phyllosticta/phyllosticta_(208).png,11902339343009277799,jackfruit phyllosticta
multiple leaf dataset/jackfruit leaf/jackfruit phyllosticta/phyllosticta_(209).png,11899806348214082615,jackfruit phyllosticta
multiple leaf dataset/jackfruit leaf/jackfruit phyllosticta/phyllosticta_(21).png,12351896683515278519,jackfruit phyllosticta
multiple leaf dataset/jackfruit leaf/jackfruit phyllosticta/phyllosticta_(210).png,12999019698346287459,jackfruit phyllosticta
multiple leaf dataset/jackfruit leaf/jackfruit phyllosticta/phyllosticta_(211).png,13708897617816556345,jackfruit phyllosticta
multiple leaf dataset/jackfruit leaf/jackfruit phyllosticta/phyllosticta_(212).png,12912889749463387276,jackfruit phyllosticta
multiple leaf dataset/jackfruit leaf/jackfruit phyllosticta/phyllosticta_(213).png,12941599468011353011,jackfruit phyllosticta
multiple leaf dataset/jackfruit leaf/jackfruit phyllosticta/phyllosticta_(214).png,12770184098811949881,jackfruit phyllosticta
multiple leaf dataset/jackfruit leaf/jackfruit phyllosticta/phyllosticta_(215).png,12988033618426081905,jackfruit phyllosticta
multiple leaf dataset/jackfruit leaf/jackfruit phyllosticta/phyllosticta_(216).png,12687427006509790155,jackfruit phyllosticta
multiple leaf dataset/jackfruit leaf/jackfruit phyllosticta/phyllosticta_(217).png,12912890570876926356,jackfruit phyllosticta
multiple leaf dataset/jackfruit leaf/jackfruit phyllosticta/phyllosticta_(218).png,12902757115226043315,jackfruit phyllosticta
multiple leaf dataset/jackfruit leaf/jackfruit phyllosticta/phyllosticta_(219).png,12987479464818275122,jackfruit phyllosticta
multiple leaf dataset/jackfruit leaf/jackfruit phyllosticta/phyllosticta_(22).png,13432691247881707689,jackfruit phyllosticta
multiple leaf dataset/jackfruit leaf/jackfruit phyllosticta/phyllosticta_(220).png,13202804536005964390,jackfruit phyllosticta
multiple leaf dataset/jackfruit leaf/jackfruit phyllosticta/phyllosticta_(221).png,12763990251325374158,jackfruit phyllosticta
multiple leaf dataset/jackfruit leaf/jackfruit phyllosticta/phyllosticta_(222).png,13636284839786939181,jackfruit phyllosticta
multiple leaf dataset/jackfruit leaf/jackfruit phyllosticta/phyllosticta_(223).png,13780945109682736165,jackfruit phyllosticta
multiple leaf dataset/jackfruit leaf/jackfruit phyllosticta/phyllosticta_(224).png,12837176060220574925,jackfruit phyllosticta
multiple leaf dataset/jackfruit leaf/jackfruit phyllosticta/phyllosticta_(225).png,13780118484661777980,jackfruit phyllosticta
multiple leaf dataset/jackfruit leaf/jackfruit phyllosticta/phyllosticta_(226).png,12768772688774286924,jackfruit phyllosticta
multiple leaf dataset/jackfruit leaf/jackfruit phyllosticta/phyllosticta_(227).png,16877404261251444088,jackfruit phyllosticta
multiple leaf dataset/jackfruit leaf/jackfruit phyllosticta/phyllosticta_(228).png,12938506982252972486,jackfruit phyllosticta
multiple leaf dataset/jackfruit leaf/jackfruit phyllosticta/phyllosticta_(229).png,12912329866120432780,jackfruit phyllosticta
multiple leaf dataset/jackfruit leaf/jackfruit phyllosticta/phyllosticta_(23).png,12797479056182757874,jackfruit phyllosticta
multiple leaf dataset/jackfruit leaf/jackfruit phyllosticta/phyllosticta_(230).png,12909233644594895941,jackfruit phyllosticta
multiple leaf dataset/jackfruit leaf/jackfruit phyllosticta/phyllosticta_(231).png,11753214742939605308,jackfruit phyllosticta
multiple leaf dataset/jackfruit leaf/jackfruit phyllosticta/phyllosticta_(232).png,12483644746328126576,jackfruit phyllosticta
multiple leaf dataset/jackfruit leaf/jackfruit phyllosticta/phyllosticta_(233).png,11918374648077011866,jackfruit phyllosticta
multiple leaf dataset/jackfruit leaf/jackfruit phyllosticta/phyllosticta_(234).png,13817272627601114379,jackfruit phyllosticta
multiple leaf dataset/jackfruit leaf/jackfruit phyllosticta/phyllosticta_(235).png,11588824435883623283,jackfruit phyllosticta
multiple leaf dataset/jackfruit leaf/jackfruit phyllosticta/phyllosticta_(236).png,13097262450887937328,jackfruit phyllosticta
multiple leaf dataset/jackfruit leaf/jackfruit phyllosticta/phyllosticta_(237).png,12596802552372470026,jackfruit phyllosticta
multiple leaf dataset/jackfruit leaf/jackfruit phyllosticta/phyllosticta_(238).png,12596802552289665290,jackfruit phyllosticta
multiple leaf dataset/jackfruit leaf/jackfruit phyllosticta/phyllosticta_(239).png,12740616949095996531,jackfruit phyllosticta
multiple leaf dataset/jackfruit leaf/jackfruit phyllosticta/phyllosticta_(24).png,12592839840442131853,jackfruit phyllosticta
multiple leaf dataset/jackfruit leaf/jackfruit phyllosticta/phyllosticta_(240).png,13601930173836449987,jackfruit phyllosticta
multiple leaf dataset/jackfruit leaf/jackfruit phyllosticta/phyllosticta_(241).png,16553436481193154892,jackfruit phyllosticta
multiple leaf dataset/jackfruit leaf/jackfruit phyllosticta/phyllosticta_(242).png,16903581025390389144,jackfruit phyllosticta
multiple leaf dataset/jackfruit leaf/jackfruit phyllosticta/phyllosticta_(243).png,16184696147421634919,jackfruit phyllosticta
multiple leaf dataset/jackfruit leaf/jackfruit phyllosticta/phyllosticta_(244).png,16551738972663486865,jackfruit phyllosticta
multiple leaf dataset/jackfruit leaf/jackfruit phyllosticta/phyllosticta_(245).png,16256479946167715545,jackfruit phyllosticta
multiple leaf dataset/jackfruit leaf/jackfruit phyllosticta/phyllosticta_(246).png,12161574395760156250,jackfruit phyllosticta
multiple leaf dataset/jackfruit leaf/jackfruit phyllosticta/phyllosticta_(247).png,12740625535914380210,jackfruit phyllosticta
multiple leaf dataset/jackfruit leaf/jackfruit phyllosticta/phyllosticta_(248).png,11587361191800946035,jackfruit phyllosticta
multiple leaf dataset/jackfruit leaf/jackfruit phyllosticta/phyllosticta_(249).png,12166341810089988275,jackfruit phyllosticta
multiple leaf dataset/jackfruit leaf/jackfruit phyllosticta/phyllosticta_(25).png,13027720944287780467,jackfruit phyllosticta
multiple leaf dataset/jackfruit leaf/jackfruit phyllosticta/phyllosticta_(250).png,13171836823787047972,jackfruit phyllosticta
multiple leaf dataset/jackfruit leaf/jackfruit phyllosticta/phyllosticta_(251).png,12737239601544743986,jackfruit phyllosticta
multiple leaf dataset/jackfruit leaf/jackfruit phyllosticta/phyllosticta_(252).png,12668784285140127562,jackfruit phyllosticta
multiple leaf dataset/jackfruit leaf/jackfruit phyllosticta/phyllosticta_(253).png,12740625332838633011,jackfruit phyllosticta
multiple leaf dataset/jackfruit leaf/jackfruit phyllosticta/phyllosticta_(254).png,12725430291522820450,jackfruit phyllosticta
multiple leaf dataset/jackfruit leaf/jackfruit phyllosticta/phyllosticta_(255).png,12738373533025461811,jackfruit phyllosticta
multiple leaf dataset/jackfruit leaf/jackfruit phyllosticta/phyllosticta_(256).png,12884175380527717603,jackfruit phyllosticta
multiple leaf dataset/jackfruit leaf/jackfruit phyllosticta/phyllosticta_(257).png,12738371346887095920,jackfruit phyllosticta
multiple leaf dataset/jackfruit leaf/jackfruit phyllosticta/phyllosticta_(258).png,13458094059308757402,jackfruit phyllosticta
multiple leaf dataset/jackfruit leaf/jackfruit phyllosticta/phyllosticta_(259).png,12881360628613171161,jackfruit phyllosticta
multiple leaf dataset/jackfruit leaf/jackfruit phyllosticta/phyllosticta_(26).png,13025469011330895218,jackfruit phyllosticta
multiple leaf dataset/jackfruit leaf/jackfruit phyllosticta/phyllosticta_(260).png,12743932868903180771,jackfruit phyllosticta
multiple leaf dataset/jackfruit leaf/jackfruit phyllosticta/phyllosticta_(261).png,13528954495652901967,jackfruit phyllosticta
multiple leaf dataset/jackfruit leaf/jackfruit phyllosticta/phyllosticta_(262).png,12834355005343872711,jackfruit phyllosticta
multiple leaf dataset/jackfruit leaf/jackfruit phyllosticta/phyllosticta_(263).png,12264944294690888655,jackfruit phyllosticta
multiple leaf dataset/jackfruit leaf/jackfruit phyllosticta/phyllosticta_(264).png,12693047686615125145,jackfruit phyllosticta
multiple leaf dataset/jackfruit leaf/jackfruit phyllosticta/phyllosticta_(265).png,13771375373865137166,jackfruit phyllosticta
multiple leaf dataset/jackfruit leaf/jackfruit phyllosticta/phyllosticta_(266).png,12696152475508657255,jackfruit phyllosticta
multiple leaf dataset/jackfruit leaf/jackfruit phyllosticta/phyllosticta_(267).png,12510668124892642366,jackfruit phyllosticta
multiple leaf dataset/jackfruit leaf/jackfruit phyllosticta/phyllosticta_(268).png,12693047652252241113,jackfruit phyllosticta
multiple leaf dataset/jackfruit leaf/jackfruit phyllosticta/phyllosticta_(269).png,12998729494156646860,jackfruit phyllosticta
multiple leaf dataset/jackfruit leaf/jackfruit phyllosticta/phyllosticta_(27).png,12309891916505408794,jackfruit phyllosticta
multiple leaf dataset/jackfruit leaf/jackfruit phyllosticta/phyllosticta_(270).png,13517484843797824557,jackfruit phyllosticta
multiple leaf dataset/jackfruit leaf/jackfruit phyllosticta/phyllosticta_(271).png,13661272377458805285,jackfruit phyllosticta
multiple leaf dataset/jackfruit leaf/jackfruit phyllosticta/phyllosticta_(272).png,16841939102353300172,jackfruit phyllosticta
multiple leaf dataset/jackfruit leaf/jackfruit phyllosticta/phyllosticta_(273).png,13677592922550684966,jackfruit phyllosticta
multiple leaf dataset/jackfruit leaf/jackfruit phyllosticta/phyllosticta_(274).png,13025467886015909692,jackfruit phyllosticta
multiple leaf dataset/jackfruit leaf/jackfruit phyllosticta/phyllosticta_(275).png,13018996061665201927,jackfruit phyllosticta
multiple leaf dataset/jackfruit leaf/jackfruit phyllosticta/phyllosticta_(276).png,13731968301365754505,jackfruit phyllosticta
multiple leaf dataset/jackfruit leaf/jackfruit phyllosticta/phyllosticta_(277).png,13818943854113764811,jackfruit phyllosticta
multiple leaf dataset/jackfruit leaf/jackfruit phyllosticta/phyllosticta_(278).png,13776740992751250895,jackfruit phyllosticta
multiple leaf dataset/jackfruit leaf/jackfruit phyllosticta/phyllosticta_(279).png,12833229002468740711,jackfruit phyllosticta
multiple leaf dataset/jackfruit leaf/jackfruit phyllosticta/phyllosticta_(28).png,13818380913082028085,jackfruit phyllosticta
multiple leaf dataset/jackfruit leaf/jackfruit phyllosticta/phyllosticta_(280).png,13772236979738197709,jackfruit phyllosticta
multiple leaf dataset/jackfruit leaf/jackfruit phyllosticta/phyllosticta_(281).png,12698395457696025798,jackfruit phyllosticta
multiple leaf dataset/jackfruit leaf/jackfruit phyllosticta/phyllosticta_(282).png,12333882278099434701,jackfruit phyllosticta
multiple leaf dataset/jackfruit leaf/jackfruit phyllosticta/phyllosticta_(283).png,12698123182606110259,jackfruit phyllosticta
multiple leaf dataset/jackfruit leaf/jackfruit phyllosticta/phyllosticta_(284).png,13037289331318116243,jackfruit phyllosticta
multiple leaf dataset/jackfruit leaf/jackfruit phyllosticta/phyllosticta_(285).png,13041513238652639553,jackfruit phyllosticta
multiple leaf dataset/jackfruit leaf/jackfruit phyllosticta/phyllosticta_(286).png,12622412129320986159,jackfruit phyllosticta
multiple leaf dataset/jackfruit leaf/jackfruit phyllosticta/phyllosticta_(287).png,13430443958841913699,jackfruit phyllosticta
multiple leaf dataset/jackfruit leaf/jackfruit phyllosticta/phyllosticta_(288).png,12568069458823434814,jackfruit phyllosticta
multiple leaf dataset/jackfruit leaf/jackfruit phyllosticta/phyllosticta_(289).png,12476044692714847603,jackfruit phyllosticta
multiple leaf dataset/jackfruit leaf/jackfruit phyllosticta/phyllosticta_(29).png,11658867504505644422,jackfruit phyllosticta
multiple leaf dataset/jackfruit leaf/jackfruit phyllosticta/phyllosticta_(290).png,12191462746333330540,jackfruit phyllosticta
multiple leaf dataset/jackfruit leaf/jackfruit phyllosticta/phyllosticta_(291).png,12711351806418578569,jackfruit phyllosticta
multiple leaf dataset/jackfruit leaf/jackfruit phyllosticta/phyllosticta_(292).png,12700084340359901240,jackfruit phyllosticta
multiple leaf dataset/jackfruit leaf/jackfruit phyllosticta/phyllosticta_(293).png,12770182975690522126,jackfruit phyllosticta
multiple leaf dataset/jackfruit leaf/jackfruit phyllosticta/phyllosticta_(294).png,13129340412660366886,jackfruit phyllosticta
multiple leaf dataset/jackfruit leaf/jackfruit phyllosticta/phyllosticta_(295).png,12692211508046253624,jackfruit phyllosticta
multiple leaf dataset/jackfruit leaf/jackfruit phyllosticta/phyllosticta_(296).png,13729717653968460993,jackfruit phyllosticta
multiple leaf dataset/jackfruit leaf/jackfruit phyllosticta/phyllosticta_(297).png,13502002856839668604,jackfruit phyllosticta
multiple leaf dataset/jackfruit leaf/jackfruit phyllosticta/phyllosticta_(298).png,18428894830523762955,jackfruit phyllosticta
multiple leaf dataset/jackfruit leaf/jackfruit phyllosticta/phyllosticta_(299).png,18057043380661597719,jackfruit phyllosticta
multiple leaf dataset/jackfruit leaf/jackfruit phyllosticta/phyllosticta_(3).png,16254500998895991140,jackfruit phyllosticta
multiple leaf dataset/jackfruit leaf/jackfruit phyllosticta/phyllosticta_(30).png,13025751100525653042,jackfruit phyllosticta
multiple leaf dataset/jackfruit leaf/jackfruit phyllosticta/phyllosticta_(300).png,17208418067205161844,jackfruit phyllosticta
multiple leaf dataset/jackfruit leaf/jackfruit phyllosticta/phyllosticta_(301).png,17203914609316342240,jackfruit phyllosticta
multiple leaf dataset/jackfruit leaf/jackfruit phyllosticta/phyllosticta_(302).png,18068605737733483378,jackfruit phyllosticta
multiple leaf dataset/jackfruit leaf/jackfruit phyllosticta/phyllosticta_(303).png,17351125428369524070,jackfruit phyllosticta
multiple leaf dataset/jackfruit leaf/jackfruit phyllosticta/phyllosticta_(304).png,18395463627877002625,jackfruit phyllosticta
multiple leaf dataset/jackfruit leaf/jackfruit phyllosticta/phyllosticta_(305).png,18094782124371839111,jackfruit phyllosticta
multiple leaf dataset/jackfruit leaf/jackfruit phyllosticta/phyllosticta_(306).png,16891473561377732745,jackfruit phyllosticta
multiple leaf dataset/jackfruit leaf/jackfruit phyllosticta/phyllosticta_(307).png,17697602724823419974,jackfruit phyllosticta
multiple leaf dataset/jackfruit leaf/jackfruit phyllosticta/phyllosticta_(308).png,17959396274743502168,jackfruit phyllosticta
multiple leaf dataset/jackfruit leaf/jackfruit phyllosticta/phyllosticta_(309).png,16882470760370827339,jackfruit phyllosticta
multiple leaf dataset/jackfruit leaf/jackfruit phyllosticta/phyllosticta_(31).png,12815220096128921907,jackfruit phyllosticta
multiple leaf dataset/jackfruit leaf/jackfruit phyllosticta/phyllosticta_(310).png,17259148690571775796,jackfruit phyllosticta
multiple leaf dataset/jackfruit leaf/jackfruit phyllosticta/phyllosticta_(311).png,16873445913150060790,jackfruit phyllosticta
multiple leaf dataset/jackfruit leaf/jackfruit phyllosticta/phyllosticta_(312).png,16898303474463226085,jackfruit phyllosticta
multiple leaf dataset/jackfruit leaf/jackfruit phyllosticta/phyllosticta_(313).png,18427275065386413952,jackfruit phyllosticta
multiple leaf dataset/jackfruit leaf/jackfruit phyllosticta/phyllosticta_(314).png,18248254640953262148,jackfruit phyllosticta
multiple leaf dataset/jackfruit leaf/jackfruit phyllosticta/phyllosticta_(315).png,17624998089606023495,jackfruit phyllosticta
multiple leaf dataset/jackfruit leaf/jackfruit phyllosticta/phyllosticta_(316).png,16490649567619346886,jackfruit phyllosticta
multiple leaf dataset/jackfruit leaf/jackfruit phyllosticta/phyllosticta_(317).png,13732812726327073477,jackfruit phyllosticta
multiple leaf dataset/jackfruit leaf/jackfruit phyllosticta/phyllosticta_(318).png,13028565436863691875,jackfruit phyllosticta
multiple leaf dataset/jackfruit leaf/jackfruit phyllosticta/phyllosticta_(319).png,12743998837750993203,jackfruit phyllosticta
multiple leaf dataset/jackfruit leaf/jackfruit phyllosticta/phyllosticta_(32).png,12162745122344187654,jackfruit phyllosticta
multiple leaf dataset/jackfruit leaf/jackfruit phyllosticta/phyllosticta_(320).png,13031660756475853875,jackfruit phyllosticta
multiple leaf dataset/jackfruit leaf/jackfruit phyllosticta/phyllosticta_(321).png,12308572180701353346,jackfruit phyllosticta
multiple leaf dataset/jackfruit leaf/jackfruit phyllosticta/phyllosticta_(322).png,13027721012990610275,jackfruit phyllosticta
multiple leaf dataset/jackfruit leaf/jackfruit phyllosticta/phyllosticta_(323).png,13590670574457666566,jackfruit phyllosticta
multiple leaf dataset/jackfruit leaf/jackfruit phyllosticta/phyllosticta_(324).png,12304609609043162511,jackfruit phyllosticta
multiple leaf dataset/jackfruit leaf/jackfruit phyllosticta/phyllosticta_(325).png,12652511758454698655,jackfruit phyllosticta
multiple leaf dataset/jackfruit leaf/jackfruit phyllosticta/phyllosticta_(326).png,13661899030459436708,jackfruit phyllosticta
multiple leaf dataset/jackfruit leaf/jackfruit phyllosticta/phyllosticta_(327).png,16903628340276442330,jackfruit phyllosticta
multiple leaf dataset/jackfruit leaf/jackfruit phyllosticta/phyllosticta_(328).png,13662446196464294962,jackfruit phyllosticta
multiple leaf dataset/jackfruit leaf/jackfruit phyllosticta/phyllosticta_(329).png,12309346305606428035,jackfruit phyllosticta
multiple leaf dataset/jackfruit leaf/jackfruit phyllosticta/phyllosticta_(33).png,13664133021251026153,jackfruit phyllosticta
multiple leaf dataset/jackfruit leaf/jackfruit phyllosticta/phyllosticta_(330).png,12743712970919655475,jackfruit phyllosticta
multiple leaf dataset/jackfruit leaf/jackfruit phyllosticta/phyllosticta_(331).png,18176413096602845324,jackfruit phyllosticta
multiple leaf dataset/jackfruit leaf/jackfruit phyllosticta/phyllosticta_(332).png,18413970622643579955,jackfruit phyllosticta
multiple leaf dataset/jackfruit leaf/jackfruit phyllosticta/phyllosticta_(333).png,16926925604687198355,jackfruit phyllosticta
multiple leaf dataset/jackfruit leaf/jackfruit phyllosticta/phyllosticta_(334).png,16916530843130059154,jackfruit phyllosticta
multiple leaf dataset/jackfruit leaf/jackfruit phyllosticta/phyllosticta_(335).png,18050855148043401923,jackfruit phyllosticta
multiple leaf dataset/jackfruit leaf/jackfruit phyllosticta/phyllosticta_(336).png,18213008339744359731,jackfruit phyllosticta
multiple leaf dataset/jackfruit leaf/jackfruit phyllosticta/phyllosticta_(337).png,16270263815574162739,jackfruit phyllosticta
multiple leaf dataset/jackfruit leaf/jackfruit phyllosticta/phyllosticta_(338).png,16768194178968283444,jackfruit phyllosticta
multiple leaf dataset/jackfruit leaf/jackfruit phyllosticta/phyllosticta_(339).png,16830187462011493484,jackfruit phyllosticta
multiple leaf dataset/jackfruit leaf/jackfruit phyllosticta/phyllosticta_(34).png,16899623177191188642,jackfruit phyllosticta
multiple leaf dataset/jackfruit leaf/jackfruit phyllosticta/phyllosticta_(340).png,16891477890968860875,jackfruit phyllosticta
multiple leaf dataset/jackfruit leaf/jackfruit phyllosticta/phyllosticta_(341).png,17236072784761801679,jackfruit phyllosticta
multiple leaf dataset/jackfruit leaf/jackfruit phyllosticta/phyllosticta_(342).png,16999562538129328696,jackfruit phyllosticta
multiple leaf dataset/jackfruit leaf/jackfruit phyllosticta/phyllosticta_(343).png,16271389578048477459,jackfruit phyllosticta
multiple leaf dataset/jackfruit leaf/jackfruit phyllosticta/phyllosticta_(344).png,16759450411352027238,jackfruit phyllosticta
multiple leaf dataset/jackfruit leaf/jackfruit phyllosticta/phyllosticta_(345).png,16550049899481307544,jackfruit phyllosticta
multiple leaf dataset/jackfruit leaf/jackfruit phyllosticta/phyllosticta_(35).png,16695858421362465176,jackfruit phyllosticta
multiple leaf dataset/jackfruit leaf/jackfruit phyllosticta/phyllosticta_(36).png,16616275920858243237,jackfruit phyllosticta
multiple leaf dataset/jackfruit leaf/jackfruit phyllosticta/phyllosticta_(37).png,17908232382457541720,jackfruit phyllosticta
multiple leaf dataset/jackfruit leaf/jackfruit phyllosticta/phyllosticta_(38).png,13028566155195395100,jackfruit phyllosticta
multiple leaf dataset/jackfruit leaf/jackfruit phyllosticta/phyllosticta_(39).png,12622112906034541748,jackfruit phyllosticta
multiple leaf dataset/jackfruit leaf/jackfruit phyllosticta/phyllosticta_(4).png,13439732221287626787,jackfruit phyllosticta
multiple leaf dataset/jackfruit leaf/jackfruit phyllosticta/phyllosticta_(40).png,12740625332838624307,jackfruit phyllosticta
multiple leaf dataset/jackfruit leaf/jackfruit phyllosticta/phyllosticta_(41).png,12307074702194982234,jackfruit phyllosticta
multiple leaf dataset/jackfruit leaf/jackfruit phyllosticta/phyllosticta_(42).png,12743163585501744190,jackfruit phyllosticta
multiple leaf dataset/jackfruit leaf/jackfruit phyllosticta/phyllosticta_(43).png,12751594734084754572,jackfruit phyllosticta
multiple leaf dataset/jackfruit leaf/jackfruit phyllosticta/phyllosticta_(44).png,12280900025105175713,jackfruit phyllosticta
multiple leaf dataset/jackfruit leaf/jackfruit phyllosticta/phyllosticta_(45).png,12676155878499995780,jackfruit phyllosticta
multiple leaf dataset/jackfruit leaf/jackfruit phyllosticta/phyllosticta_(46).png,12743445215046802484,jackfruit phyllosticta
multiple leaf dataset/jackfruit leaf/jackfruit phyllosticta/phyllosticta_(47).png,13127645402839059599,jackfruit phyllosticta
multiple leaf dataset/jackfruit leaf/jackfruit phyllosticta/phyllosticta_(48).png,13818961861259611593,jackfruit phyllosticta
multiple leaf dataset/jackfruit leaf/jackfruit phyllosticta/phyllosticta_(49).png,12279861070564883765,jackfruit phyllosticta
multiple leaf dataset/jackfruit leaf/jackfruit phyllosticta/phyllosticta_(5).png,16895418411787512011,jackfruit phyllosticta
multiple leaf dataset/jackfruit leaf/jackfruit phyllosticta/phyllosticta_(50).png,12279844510061455712,jackfruit phyllosticta
multiple leaf dataset/jackfruit leaf/jackfruit phyllosticta/phyllosticta_(51).png,12812395941456857462,jackfruit phyllosticta
multiple leaf dataset/jackfruit leaf/jackfruit phyllosticta/phyllosticta_(52).png,17769456910209501348,jackfruit phyllosticta
multiple leaf dataset/jackfruit leaf/jackfruit phyllosticta/phyllosticta_(53).png,12315867877910180901,jackfruit phyllosticta
multiple leaf dataset/jackfruit leaf/jackfruit phyllosticta/phyllosticta_(54).png,11846388453574330843,jackfruit phyllosticta
multiple leaf dataset/jackfruit leaf/jackfruit phyllosticta/phyllosticta_(55).png,13704102716712356348,jackfruit phyllosticta
multiple leaf dataset/jackfruit leaf/jackfruit phyllosticta/phyllosticta_(56).png,13437545570220626416,jackfruit phyllosticta
multiple leaf dataset/jackfruit leaf/jackfruit phyllosticta/phyllosticta_(57).png,13011958619597720947,jackfruit phyllosticta
multiple leaf dataset/jackfruit leaf/jackfruit phyllosticta/phyllosticta_(58).png,11872565094614363507,jackfruit phyllosticta
multiple leaf dataset/jackfruit leaf/jackfruit phyllosticta/phyllosticta_(59).png,16759518647835517854,jackfruit phyllosticta
multiple leaf dataset/jackfruit leaf/jackfruit phyllosticta/phyllosticta_(6).png,12666602908898342027,jackfruit phyllosticta
multiple leaf dataset/jackfruit leaf/jackfruit phyllosticta/phyllosticta_(60).png,17549643520625721442,jackfruit phyllosticta
multiple leaf dataset/jackfruit leaf/jackfruit phyllosticta/phyllosticta_(61).png,12000926649193547420,jackfruit phyllosticta
multiple leaf dataset/jackfruit leaf/jackfruit phyllosticta/phyllosticta_(62).png,12287373919489737291,jackfruit phyllosticta
multiple leaf dataset/jackfruit leaf/jackfruit phyllosticta/phyllosticta_(63).png,11877007535236342166,jackfruit phyllosticta
multiple leaf dataset/jackfruit leaf/jackfruit phyllosticta/phyllosticta_(64).png,11569636582247068894,jackfruit phyllosticta
multiple leaf dataset/jackfruit leaf/jackfruit phyllosticta/phyllosticta_(65).png,12146075405241410906,jackfruit phyllosticta
multiple leaf dataset/jackfruit leaf/jackfruit phyllosticta/phyllosticta_(66).png,12740616533528765591,jackfruit phyllosticta
multiple leaf dataset/jackfruit leaf/jackfruit phyllosticta/phyllosticta_(67).png,11641398739710852326,jackfruit phyllosticta
multiple leaf dataset/jackfruit leaf/jackfruit phyllosticta/phyllosticta_(68).png,11940400275204296076,jackfruit phyllosticta
multiple leaf dataset/jackfruit leaf/jackfruit phyllosticta/phyllosticta_(69).png,11958348677432363416,jackfruit phyllosticta
multiple leaf dataset/jackfruit leaf/jackfruit phyllosticta/phyllosticta_(7).png,18082099204858093703,jackfruit phyllosticta
multiple leaf dataset/jackfruit leaf/jackfruit phyllosticta/phyllosticta_(70).png,12288781019446093274,jackfruit phyllosticta
multiple leaf dataset/jackfruit leaf/jackfruit phyllosticta/phyllosticta_(71).png,13740131238922911984,jackfruit phyllosticta
multiple leaf dataset/jackfruit leaf/jackfruit phyllosticta/phyllosticta_(72).png,12812404737482869539,jackfruit phyllosticta
multiple leaf dataset/jackfruit leaf/jackfruit phyllosticta/phyllosticta_(73).png,12667148279550619659,jackfruit phyllosticta
multiple leaf dataset/jackfruit leaf/jackfruit phyllosticta/phyllosticta_(74).png,12292440486198755614,jackfruit phyllosticta
multiple leaf dataset/jackfruit leaf/jackfruit phyllosticta/phyllosticta_(75).png,13027729809100260531,jackfruit phyllosticta
multiple leaf dataset/jackfruit leaf/jackfruit phyllosticta/phyllosticta_(76).png,12577076287270608943,jackfruit phyllosticta
multiple leaf dataset/jackfruit leaf/jackfruit phyllosticta/phyllosticta_(77).png,13035330031817077959,jackfruit phyllosticta
multiple leaf dataset/jackfruit leaf/jackfruit phyllosticta/phyllosticta_(78).png,11574133920337594234,jackfruit phyllosticta
multiple leaf dataset/jackfruit leaf/jackfruit phyllosticta/phyllosticta_(79).png,11785584019505636154,jackfruit phyllosticta
multiple leaf dataset/jackfruit leaf/jackfruit phyllosticta/phyllosticta_(8).png,12168656095728940043,jackfruit phyllosticta
multiple leaf dataset/jackfruit leaf/jackfruit phyllosticta/phyllosticta_(80).png,12146073223435617596,jackfruit phyllosticta
multiple leaf dataset/jackfruit leaf/jackfruit phyllosticta/phyllosticta_(81).png,11873409727854687427,jackfruit phyllosticta
multiple leaf dataset/jackfruit leaf/jackfruit phyllosticta/phyllosticta_(82).png,12510650297297727627,jackfruit phyllosticta
multiple leaf dataset/jackfruit leaf/jackfruit phyllosticta/phyllosticta_(83).png,11876724755613773458,jackfruit phyllosticta
multiple leaf dataset/jackfruit leaf/jackfruit phyllosticta/phyllosticta_(84).png,13296745376423198814,jackfruit phyllosticta
multiple leaf dataset/jackfruit leaf/jackfruit phyllosticta/phyllosticta_(85).png,12743998837718331827,jackfruit phyllosticta
multiple leaf dataset/jackfruit leaf/jackfruit phyllosticta/phyllosticta_(86).png,12321432692328423776,jackfruit phyllosticta
multiple leaf dataset/jackfruit leaf/jackfruit phyllosticta/phyllosticta_(87).png,12738364736931919079,jackfruit phyllosticta
multiple leaf dataset/jackfruit leaf/jackfruit phyllosticta/phyllosticta_(88).png,13820069745501795334,jackfruit phyllosticta
multiple leaf dataset/jackfruit leaf/jackfruit phyllosticta/phyllosticta_(89).png,13028002354038066291,jackfruit phyllosticta
multiple leaf dataset/jackfruit leaf/jackfruit phyllosticta/phyllosticta_(9).png,13032224681387887667,jackfruit phyllosticta
multiple leaf dataset/jackfruit leaf/jackfruit phyllosticta/phyllosticta_(90).png,12304825110300320798,jackfruit phyllosticta
multiple leaf dataset/jackfruit leaf/jackfruit phyllosticta/phyllosticta_(91).png,11790017252272085094,jackfruit phyllosticta
multiple leaf dataset/jackfruit leaf/jackfruit phyllosticta/phyllosticta_(92).png,12667148270960701451,jackfruit phyllosticta
multiple leaf dataset/jackfruit leaf/jackfruit phyllosticta/phyllosticta_(93).png,12820850468625920056,jackfruit phyllosticta
multiple leaf dataset/jackfruit leaf/jackfruit phyllosticta/phyllosticta_(94).png,13010270079820221577,jackfruit phyllosticta
multiple leaf dataset/jackfruit leaf/jackfruit phyllosticta/phyllosticta_(95).png,13027721012990455027,jackfruit phyllosticta
multiple leaf dataset/jackfruit leaf/jackfruit phyllosticta/phyllosticta_(96).png,12302357268067759344,jackfruit phyllosticta
multiple leaf dataset/jackfruit leaf/jackfruit phyllosticta/phyllosticta_(97).png,12298069709785522462,jackfruit phyllosticta
multiple leaf dataset/jackfruit leaf/jackfruit phyllosticta/phyllosticta_(98).png,11788399407059581283,jackfruit phyllosticta
multiple leaf dataset/jackfruit leaf/jackfruit phyllosticta/phyllosticta_(99).png,12289062786478235934,jackfruit phyllosticta
multiple leaf dataset/jackfruit leaf/jackfruit sooty mold/sooty_mold_(1).png,12541347179908560052,jackfruit sooty mold
multiple leaf dataset/jackfruit leaf/jackfruit sooty mold/sooty_mold_(10).png,12253051645798831525,jackfruit sooty mold
multiple leaf dataset/jackfruit leaf/jackfruit sooty mold/sooty_mold_(100).png,12715574021266945164,jackfruit sooty mold
multiple leaf dataset/jackfruit leaf/jackfruit sooty mold/sooty_mold_(101).png,17926164318284751262,jackfruit sooty mold
multiple leaf dataset/jackfruit leaf/jackfruit sooty mold/sooty_mold_(102).png,12496594866191429684,jackfruit sooty mold
multiple leaf dataset/jackfruit leaf/jackfruit sooty mold/sooty_mold_(103).png,17886476410988143973,jackfruit sooty mold
multiple leaf dataset/jackfruit leaf/jackfruit sooty mold/sooty_mold_(104).png,12857437478238907441,jackfruit sooty mold
multiple leaf dataset/jackfruit leaf/jackfruit sooty mold/sooty_mold_(105).png,18289261226097681694,jackfruit sooty mold
multiple leaf dataset/jackfruit leaf/jackfruit sooty mold/sooty_mold_(106).png,12140235121425575989,jackfruit sooty mold
multiple leaf dataset/jackfruit leaf/jackfruit sooty mold/sooty_mold_(107).png,17460120648213017667,jackfruit sooty mold
multiple leaf dataset/jackfruit leaf/jackfruit sooty mold/sooty_mold_(108).png,18249644778268438671,jackfruit sooty mold
multiple leaf dataset/jackfruit leaf/jackfruit sooty mold/sooty_mold_(109).png,12041387824220889366,jackfruit sooty mold
multiple leaf dataset/jackfruit leaf/jackfruit sooty mold/sooty_mold_(11).png,12966296369639509132,jackfruit sooty mold
multiple leaf dataset/jackfruit leaf/jackfruit sooty mold/sooty_mold_(110).png,12171425040955008293,jackfruit sooty mold
multiple leaf dataset/jackfruit leaf/jackfruit sooty mold/sooty_mold_(111).png,12261777335987635685,jackfruit sooty mold
multiple leaf dataset/jackfruit leaf/jackfruit sooty mold/sooty_mold_(112).png,12304544122297963795,jackfruit sooty mold
multiple leaf dataset/jackfruit leaf/jackfruit sooty mold/sooty_mold_(113).png,11752595580246215782,jackfruit sooty mold
multiple leaf dataset/jackfruit leaf/jackfruit sooty mold/sooty_mold_(114).png,12256499941086455280,jackfruit sooty mold
multiple leaf dataset/jackfruit leaf/jackfruit sooty mold/sooty_mold_(115).png,12955883706758322329,jackfruit sooty mold
multiple leaf dataset/jackfruit leaf/jackfruit sooty mold/sooty_mold_(116).png,12253121821272954352,jackfruit sooty mold
multiple leaf dataset/jackfruit leaf/jackfruit sooty mold/sooty_mold_(117).png,18399034293861646497,jackfruit sooty mold
multiple leaf dataset/jackfruit leaf/jackfruit sooty mold/sooty_mold_(118).png,18422397356866912346,jackfruit sooty mold
multiple leaf dataset/jackfruit leaf/jackfruit sooty mold/sooty_mold_(119).png,12318635375503381771,jackfruit sooty mold
multiple leaf dataset/jackfruit leaf/jackfruit sooty mold/sooty_mold_(12).png,12331846209922507122,jackfruit sooty mold
multiple leaf dataset/jackfruit leaf/jackfruit sooty mold/sooty_mold_(120).png,12265784225931452897,jackfruit sooty mold
multiple leaf dataset/jackfruit leaf/jackfruit sooty mold/sooty_mold_(121).png,18415364486103938122,jackfruit sooty mold
multiple leaf dataset/jackfruit leaf/jackfruit sooty mold/sooty_mold_(122).png,18405231532968686768,jackfruit sooty mold
multiple leaf dataset/jackfruit leaf/jackfruit sooty mold/sooty_mold_(123).png,16678692205875730756,jackfruit sooty mold
multiple leaf dataset/jackfruit leaf/jackfruit sooty mold/sooty_mold_(124).png,12912892622788922407,jackfruit sooty mold
multiple leaf dataset/jackfruit leaf/jackfruit sooty mold/sooty_mold_(125).png,12261777335719190181,jackfruit sooty mold
multiple leaf dataset/jackfruit leaf/jackfruit sooty mold/sooty_mold_(126).png,18410926585857182479,jackfruit sooty mold
multiple leaf dataset/jackfruit leaf/jackfruit sooty mold/sooty_mold_(127).png,18408112527250492144,jackfruit sooty mold
multiple leaf dataset/jackfruit leaf/jackfruit sooty mold/sooty_mold_(128).png,16475461066501495707,jackfruit sooty mold
multiple leaf dataset/jackfruit leaf/jackfruit sooty mold/sooty_mold_(129).png,16475461066501495707,jackfruit sooty mold
multiple leaf dataset/jackfruit leaf/jackfruit sooty mold/sooty_mold_(13).png,18341421168403674328,jackfruit sooty mold
multiple leaf dataset/jackfruit leaf/jackfruit sooty mold/sooty_mold_(130).png,12259596007727882661,jackfruit sooty mold
multiple leaf dataset/jackfruit leaf/jackfruit sooty mold/sooty_mold_(131).png,18413108051285423119,jackfruit sooty mold
multiple leaf dataset/jackfruit leaf/jackfruit sooty mold/sooty_mold_(132).png,18399316090948661472,jackfruit sooty mold
multiple leaf dataset/jackfruit leaf/jackfruit sooty mold/sooty_mold_(133).png,16610571315247290777,jackfruit sooty mold
multiple leaf dataset/jackfruit leaf/jackfruit sooty mold/sooty_mold_(134).png,12911484989403679795,jackfruit sooty mold
multiple leaf dataset/jackfruit leaf/jackfruit sooty mold/sooty_mold_(135).png,12253051688747500981,jackfruit sooty mold
multiple leaf dataset/jackfruit leaf/jackfruit sooty mold/sooty_mold_(136).png,18419933840947597327,jackfruit sooty mold
multiple leaf dataset/jackfruit leaf/jackfruit sooty mold/sooty_mold_(137).png,18398542313935458528,jackfruit sooty mold
multiple leaf dataset/jackfruit leaf/jackfruit sooty mold/sooty_mold_(138).png,16620214031417444745,jackfruit sooty mold
multiple leaf dataset/jackfruit leaf/jackfruit sooty mold/sooty_mold_(139).png,12901837879481982071,jackfruit sooty mold
multiple leaf dataset/jackfruit leaf/jackfruit sooty mold/sooty_mold_(14).png,18334384547386946563,jackfruit sooty mold
multiple leaf dataset/jackfruit leaf/jackfruit sooty mold/sooty_mold_(140).png,12309627965797680922,jackfruit sooty mold
multiple leaf dataset/jackfruit leaf/jackfruit sooty mold/sooty_mold_(141).png,12313075840187426061,jackfruit sooty mold
multiple leaf dataset/jackfruit leaf/jackfruit sooty mold/sooty_mold_(142).png,12318635375503381771,jackfruit sooty mold
multiple leaf dataset/jackfruit leaf/jackfruit sooty mold/sooty_mold_(143).png,12305471609246114074,jackfruit sooty mold
multiple leaf dataset/jackfruit leaf/jackfruit sooty mold/sooty_mold_(144).png,12309909509492787802,jackfruit sooty mold
multiple leaf dataset/jackfruit leaf/jackfruit sooty mold/sooty_mold_(145).png,12312231300094615882,jackfruit sooty mold
multiple leaf dataset/jackfruit leaf/jackfruit sooty mold/sooty_mold_(146).png,12318635160759600458,jackfruit sooty mold
multiple leaf dataset/jackfruit leaf/jackfruit sooty mold/sooty_mold_(147).png,12605804232322643018,jackfruit sooty mold
multiple leaf dataset/jackfruit leaf/jackfruit sooty mold/sooty_mold_(148).png,12318635199413211226,jackfruit sooty mold
multiple leaf dataset/jackfruit leaf/jackfruit sooty mold/sooty_mold_(149).png,12311856448590225805,jackfruit sooty mold
multiple leaf dataset/jackfruit leaf/jackfruit sooty mold/sooty_mold_(15).png,12833516253350779342,jackfruit sooty mold
multiple leaf dataset/jackfruit leaf/jackfruit sooty mold/sooty_mold_(150).png,12320042368406750554,jackfruit sooty mold
multiple leaf dataset/jackfruit leaf/jackfruit sooty mold/sooty_mold_(151).png,12320885530352010511,jackfruit sooty mold
multiple leaf dataset/jackfruit leaf/jackfruit sooty mold/sooty_mold_(152).png,12318916640028067162,jackfruit sooty mold
multiple leaf dataset/jackfruit leaf/jackfruit sooty mold/sooty_mold_(153).png,12318635165052405098,jackfruit sooty mold
multiple leaf dataset/jackfruit leaf/jackfruit sooty mold/sooty_mold_(154).png,12233628420730558010,jackfruit sooty mold
multiple leaf dataset/jackfruit leaf/jackfruit sooty mold/sooty_mold_(155).png,12309627965797664122,jackfruit sooty mold
multiple leaf dataset/jackfruit leaf/jackfruit sooty mold/sooty_mold_(156).png,12381750159452987419,jackfruit sooty mold
multiple leaf dataset/jackfruit leaf/jackfruit sooty mold/sooty_mold_(157).png,12320886827429168474,jackfruit sooty mold
multiple leaf dataset/jackfruit leaf/jackfruit sooty mold/sooty_mold_(158).png,12316946482961498529,jackfruit sooty mold
multiple leaf dataset/jackfruit leaf/jackfruit sooty mold/sooty_mold_(159).png,12315257650281088421,jackfruit sooty mold
multiple leaf dataset/jackfruit leaf/jackfruit sooty mold/sooty_mold_(16).png,18334384547386946563,jackfruit sooty mold
multiple leaf dataset/jackfruit leaf/jackfruit sooty mold/sooty_mold_(160).png,12280917685669901541,jackfruit sooty mold
multiple leaf dataset/jackfruit leaf/jackfruit sooty mold/sooty_mold_(161).png,12246579091409638605,jackfruit sooty mold
multiple leaf dataset/jackfruit leaf/jackfruit sooty mold/sooty_mold_(162).png,11958959819646550730,jackfruit sooty mold
multiple leaf dataset/jackfruit leaf/jackfruit sooty mold/sooty_mold_(163).png,12319761249641091205,jackfruit sooty mold
multiple leaf dataset/jackfruit leaf/jackfruit sooty mold/sooty_mold_(164).png,12532603872301925568,jackfruit sooty mold
multiple leaf dataset/jackfruit leaf/jackfruit sooty mold/sooty_mold_(165).png,12535139071203067074,jackfruit sooty mold
multiple leaf dataset/jackfruit leaf/jackfruit sooty mold/sooty_mold_(166).png,12313286951787660571,jackfruit sooty mold
multiple leaf dataset/jackfruit leaf/jackfruit sooty mold/sooty_mold_(167).png,12315539124989366693,jackfruit sooty mold
multiple leaf dataset/jackfruit leaf/jackfruit sooty mold/sooty_mold_(168).png,12315539124989367685,jackfruit sooty mold
multiple leaf dataset/jackfruit leaf/jackfruit sooty mold/sooty_mold_(169).png,12319761232461202853,jackfruit sooty mold
multiple leaf dataset/jackfruit leaf/jackfruit sooty mold/sooty_mold_(17).png,12833516253350779342,jackfruit sooty mold
multiple leaf dataset/jackfruit leaf/jackfruit sooty mold/sooty_mold_(170).png,12305172542085194015,jackfruit sooty mold
multiple leaf dataset/jackfruit leaf/jackfruit sooty mold/sooty_mold_(171).png,12318916365151208810,jackfruit sooty mold
multiple leaf dataset/jackfruit leaf/jackfruit sooty mold/sooty_mold_(172).png,12314412834246460702,jackfruit sooty mold
multiple leaf dataset/jackfruit leaf/jackfruit sooty mold/sooty_mold_(173).png,12171142633741260061,jackfruit sooty mold
multiple leaf dataset/jackfruit leaf/jackfruit sooty mold/sooty_mold_(174).png,12318687738944865547,jackfruit sooty mold
multiple leaf dataset/jackfruit leaf/jackfruit sooty mold/sooty_mold_(175).png,12317508994566817114,jackfruit sooty mold
multiple leaf dataset/jackfruit leaf/jackfruit sooty mold/sooty_mold_(176).png,13470482244218175499,jackfruit sooty mold
multiple leaf dataset/jackfruit leaf/jackfruit sooty mold/sooty_mold_(177).png,12532622980319334411,jackfruit sooty mold
multiple leaf dataset/jackfruit leaf/jackfruit sooty mold/sooty_mold_(178).png,12315257650012657045,jackfruit sooty mold
multiple leaf dataset/jackfruit leaf/jackfruit sooty mold/sooty_mold_(179).png,12316101662631560479,jackfruit sooty mold
multiple leaf dataset/jackfruit leaf/jackfruit sooty mold/sooty_mold_(18).png,12250518543075567013,jackfruit sooty mold
multiple leaf dataset/jackfruit leaf/jackfruit sooty mold/sooty_mold_(180).png,12155378394386777119,jackfruit sooty mold
multiple leaf dataset/jackfruit leaf/jackfruit sooty mold/sooty_mold_(181).png,12316383816204453187,jackfruit sooty mold
multiple leaf dataset/jackfruit leaf/jackfruit sooty mold/sooty_mold_(182).png,12602426541461529626,jackfruit sooty mold
multiple leaf dataset/jackfruit leaf/jackfruit sooty mold/sooty_mold_(183).png,12309974105083724826,jackfruit sooty mold
multiple leaf dataset/jackfruit leaf/jackfruit sooty mold/sooty_mold_(184).png,12722048602851193971,jackfruit sooty mold
multiple leaf dataset/jackfruit leaf/jackfruit sooty mold/sooty_mold_(185).png,12867289484685110414,jackfruit sooty mold
multiple leaf dataset/jackfruit leaf/jackfruit sooty mold/sooty_mold_(186).png,17487705535243105432,jackfruit sooty mold
multiple leaf dataset/jackfruit leaf/jackfruit sooty mold/sooty_mold_(187).png,12865886548112126641,jackfruit sooty mold
multiple leaf dataset/jackfruit leaf/jackfruit sooty mold/sooty_mold_(188).png,12867294067415724088,jackfruit sooty mold
multiple leaf dataset/jackfruit leaf/jackfruit sooty mold/sooty_mold_(189).png,12864197650740424910,jackfruit sooty mold
multiple leaf dataset/jackfruit leaf/jackfruit sooty mold/sooty_mold_(19).png,18399386734301253872,jackfruit sooty mold
multiple leaf dataset/jackfruit leaf/jackfruit sooty mold/sooty_mold_(190).png,17549627936044430243,jackfruit sooty mold
multiple leaf dataset/jackfruit leaf/jackfruit sooty mold/sooty_mold_(191).png,17478694212819754168,jackfruit sooty mold
multiple leaf dataset/jackfruit leaf/jackfruit sooty mold/sooty_mold_(192).png,12726270842392228019,jackfruit sooty mold
multiple leaf dataset/jackfruit leaf/jackfruit sooty mold/sooty_mold_(193).png,17479824276160656178,jackfruit sooty mold
multiple leaf dataset/jackfruit leaf/jackfruit sooty mold/sooty_mold_(194).png,12865882358899947731,jackfruit sooty mold
multiple leaf dataset/jackfruit leaf/jackfruit sooty mold/sooty_mold_(195).png,17553288502318347025,jackfruit sooty mold
multiple leaf dataset/jackfruit leaf/jackfruit sooty mold/sooty_mold_(196).png,16623308003990840883,jackfruit sooty mold
multiple leaf dataset/jackfruit leaf/jackfruit sooty mold/sooty_mold_(197).png,17477568112122868531,jackfruit sooty mold
multiple leaf dataset/jackfruit leaf/jackfruit sooty mold/sooty_mold_(198).png,17482073460600681420,jackfruit sooty mold
multiple leaf dataset/jackfruit leaf/jackfruit sooty mold/sooty_mold_(199).png,17477853551348888211,jackfruit sooty mold
multiple leaf dataset/jackfruit leaf/jackfruit sooty mold/sooty_mold_(2).png,18059862466948604190,jackfruit sooty mold
multiple leaf dataset/jackfruit leaf/jackfruit sooty mold/sooty_mold_(20).png,16619633404452379033,jackfruit sooty mold
multiple leaf dataset/jackfruit leaf/jackfruit sooty mold/sooty_mold_(200).png,17477854032381031219,jackfruit sooty mold
multiple leaf dataset/jackfruit leaf/jackfruit sooty mold/sooty_mold_(201).png,12865884392308028221,jackfruit sooty mold
multiple leaf dataset/jackfruit leaf/jackfruit sooty mold/sooty_mold_(202).png,12721771626584289995,jackfruit sooty mold
multiple leaf dataset/jackfruit leaf/jackfruit sooty mold/sooty_mold_(203).png,17549628004629689292,jackfruit sooty mold
multiple leaf dataset/jackfruit leaf/jackfruit sooty mold/sooty_mold_(204).png,12869545887620345971,jackfruit sooty mold
multiple leaf dataset/jackfruit leaf/jackfruit sooty mold/sooty_mold_(205).png,12722047889920179761,jackfruit sooty mold
multiple leaf dataset/jackfruit leaf/jackfruit sooty mold/sooty_mold_(206).png,17508180118389273395,jackfruit sooty mold
multiple leaf dataset/jackfruit leaf/jackfruit sooty mold/sooty_mold_(207).png,17497765600287287094,jackfruit sooty mold
multiple leaf dataset/jackfruit leaf/jackfruit sooty mold/sooty_mold_(208).png,17567571497255646156,jackfruit sooty mold
multiple leaf dataset/jackfruit leaf/jackfruit sooty mold/sooty_mold_(209).png,17563138611043447686,jackfruit sooty mold
multiple leaf dataset/jackfruit leaf/jackfruit sooty mold/sooty_mold_(21).png,18399386734301253872,jackfruit sooty mold
multiple leaf dataset/jackfruit leaf/jackfruit sooty mold/sooty_mold_(210).png,16623308003990840883,jackfruit sooty mold
multiple leaf dataset/jackfruit leaf/jackfruit sooty mold/sooty_mold_(211).png,11605387869081364165,jackfruit sooty mold
multiple leaf dataset/jackfruit leaf/jackfruit sooty mold/sooty_mold_(212).png,17628438494283215689,jackfruit sooty mold
multiple leaf dataset/jackfruit leaf/jackfruit sooty mold/sooty_mold_(213).png,16595441856731817676,jackfruit sooty mold
multiple leaf dataset/jackfruit leaf/jackfruit sooty mold/sooty_mold_(214).png,17465748581969048371,jackfruit sooty mold
multiple leaf dataset/jackfruit leaf/jackfruit sooty mold/sooty_mold_(215).png,16259576690599626278,jackfruit sooty mold
multiple leaf dataset/jackfruit leaf/jackfruit sooty mold/sooty_mold_(216).png,12974812734393930636,jackfruit sooty mold
multiple leaf dataset/jackfruit leaf/jackfruit sooty mold/sooty_mold_(217).png,17465748581969048371,jackfruit sooty mold
multiple leaf dataset/jackfruit leaf/jackfruit sooty mold/sooty_mold_(218).png,17470254375519400556,jackfruit sooty mold
multiple leaf dataset/jackfruit leaf/jackfruit sooty mold/sooty_mold_(219).png,16259286131751298917,jackfruit sooty mold
multiple leaf dataset/jackfruit leaf/jackfruit sooty mold/sooty_mold_(22).png,12902420666815597619,jackfruit sooty mold
multiple leaf dataset/jackfruit leaf/jackfruit sooty mold/sooty_mold_(220).png,17470254375519400556,jackfruit sooty mold
multiple leaf dataset/jackfruit leaf/jackfruit sooty mold/sooty_mold_(23).png,18326485771898949797,jackfruit sooty mold
multiple leaf dataset/jackfruit leaf/jackfruit sooty mold/sooty_mold_(24).png,12320885530352010511,jackfruit sooty mold
multiple leaf dataset/jackfruit leaf/jackfruit sooty mold/sooty_mold_(25).png,12906079777087478866,jackfruit sooty mold
multiple leaf dataset/jackfruit leaf/jackfruit sooty mold/sooty_mold_(26).png,18326485771898949797,jackfruit sooty mold
multiple leaf dataset/jackfruit leaf/jackfruit sooty mold/sooty_mold_(27).png,12906079777087478866,jackfruit sooty mold
multiple leaf dataset/jackfruit leaf/jackfruit sooty mold/sooty_mold_(28).png,18419933853830385679,jackfruit sooty mold
multiple leaf dataset/jackfruit leaf/jackfruit sooty mold/sooty_mold_(29).png,12966300673196739724,jackfruit sooty mold
multiple leaf dataset/jackfruit leaf/jackfruit sooty mold/sooty_mold_(3).png,18041003948438888929,jackfruit sooty mold
multiple leaf dataset/jackfruit leaf/jackfruit sooty mold/sooty_mold_(30).png,16598535815347738982,jackfruit sooty mold
multiple leaf dataset/jackfruit leaf/jackfruit sooty mold/sooty_mold_(31).png,12252770205452387749,jackfruit sooty mold
multiple leaf dataset/jackfruit leaf/jackfruit sooty mold/sooty_mold_(32).png,12193941037415896773,jackfruit sooty mold
multiple leaf dataset/jackfruit leaf/jackfruit sooty mold/sooty_mold_(33).png,18189125824604455824,jackfruit sooty mold
multiple leaf dataset/jackfruit leaf/jackfruit sooty mold/sooty_mold_(34).png,16623799753582926178,jackfruit sooty mold
multiple leaf dataset/jackfruit leaf/jackfruit sooty mold/sooty_mold_(35).png,12233628420730558010,jackfruit sooty mold
multiple leaf dataset/jackfruit leaf/jackfruit sooty mold/sooty_mold_(36).png,12905570949091495629,jackfruit sooty mold
multiple leaf dataset/jackfruit leaf/jackfruit sooty mold/sooty_mold_(37).png,12262058879414343109,jackfruit sooty mold
multiple leaf dataset/jackfruit leaf/jackfruit sooty mold/sooty_mold_(38).png,18399105259596136592,jackfruit sooty mold
multiple leaf dataset/jackfruit leaf/jackfruit sooty mold/sooty_mold_(39).png,16620210664163088777,jackfruit sooty mold
multiple leaf dataset/jackfruit leaf/jackfruit sooty mold/sooty_mold_(4).png,16612897876743395686,jackfruit sooty mold
multiple leaf dataset/jackfruit leaf/jackfruit sooty mold/sooty_mold_(40).png,12902193026032716915,jackfruit sooty mold
multiple leaf dataset/jackfruit leaf/jackfruit sooty mold/sooty_mold_(41).png,12334181614227284196,jackfruit sooty mold
multiple leaf dataset/jackfruit leaf/jackfruit sooty mold/sooty_mold_(42).png,18338236021997475248,jackfruit sooty mold
multiple leaf dataset/jackfruit leaf/jackfruit sooty mold/sooty_mold_(43).png,16616482288954480962,jackfruit sooty mold
multiple leaf dataset/jackfruit leaf/jackfruit sooty mold/sooty_mold_(44).png,12309692565415125019,jackfruit sooty mold
multiple leaf dataset/jackfruit leaf/jackfruit sooty mold/sooty_mold_(45).png,16616482288954480962,jackfruit sooty mold
multiple leaf dataset/jackfruit leaf/jackfruit sooty mold/sooty_mold_(46).png,12253051817596519861,jackfruit sooty mold
multiple leaf dataset/jackfruit leaf/jackfruit sooty mold/sooty_mold_(47).png,18398542447079510240,jackfruit sooty mold
multiple leaf dataset/jackfruit leaf/jackfruit sooty mold/sooty_mold_(48).png,16620196371585669513,jackfruit sooty mold
multiple leaf dataset/jackfruit leaf/jackfruit sooty mold/sooty_mold_(49).png,12320886827429168474,jackfruit sooty mold
multiple leaf dataset/jackfruit leaf/jackfruit sooty mold/sooty_mold_(5).png,12913662036122782796,jackfruit sooty mold
multiple leaf dataset/jackfruit leaf/jackfruit sooty mold/sooty_mold_(50).png,12901855471668022391,jackfruit sooty mold
multiple leaf dataset/jackfruit leaf/jackfruit sooty mold/sooty_mold_(51).png,12254740345674646862,jackfruit sooty mold
multiple leaf dataset/jackfruit leaf/jackfruit sooty mold/sooty_mold_(52).png,18394038155704569887,jackfruit sooty mold
multiple leaf dataset/jackfruit leaf/jackfruit sooty mold/sooty_mold_(53).png,17560042675812748428,jackfruit sooty mold
multiple leaf dataset/jackfruit leaf/jackfruit sooty mold/sooty_mold_(54).png,12316946482961498529,jackfruit sooty mold
multiple leaf dataset/jackfruit leaf/jackfruit sooty mold/sooty_mold_(55).png,17560042675812748428,jackfruit sooty mold
multiple leaf dataset/jackfruit leaf/jackfruit sooty mold/sooty_mold_(56).png,11969328031155591526,jackfruit sooty mold
multiple leaf dataset/jackfruit leaf/jackfruit sooty mold/sooty_mold_(57).png,12256429195467785562,jackfruit sooty mold
multiple leaf dataset/jackfruit leaf/jackfruit sooty mold/sooty_mold_(58).png,18392912255798792207,jackfruit sooty mold
multiple leaf dataset/jackfruit leaf/jackfruit sooty mold/sooty_mold_(59).png,17560605338003868812,jackfruit sooty mold
multiple leaf dataset/jackfruit leaf/jackfruit sooty mold/sooty_mold_(6).png,12253051645798831525,jackfruit sooty mold
multiple leaf dataset/jackfruit leaf/jackfruit sooty mold/sooty_mold_(60).png,11968765081206315366,jackfruit sooty mold
multiple leaf dataset/jackfruit leaf/jackfruit sooty mold/sooty_mold_(61).png,12290769159542125594,jackfruit sooty mold
multiple leaf dataset/jackfruit leaf/jackfruit sooty mold/sooty_mold_(62).png,18430066935807926347,jackfruit sooty mold
multiple leaf dataset/jackfruit leaf/jackfruit sooty mold/sooty_mold_(63).png,12948640357156424900,jackfruit sooty mold
multiple leaf dataset/jackfruit leaf/jackfruit sooty mold/sooty_mold_(64).png,12280917685669901541,jackfruit sooty mold
multiple leaf dataset/jackfruit leaf/jackfruit sooty mold/sooty_mold_(65).png,16581297697814124900,jackfruit sooty mold
multiple leaf dataset/jackfruit leaf/jackfruit sooty mold/sooty_mold_(66).png,12180995864227845298,jackfruit sooty mold
multiple leaf dataset/jackfruit leaf/jackfruit sooty mold/sooty_mold_(67).png,18184623139774316903,jackfruit sooty mold
multiple leaf dataset/jackfruit leaf/jackfruit sooty mold/sooty_mold_(68).png,17556945157428634710,jackfruit sooty mold
multiple leaf dataset/jackfruit leaf/jackfruit sooty mold/sooty_mold_(69).png,12246579091409638605,jackfruit sooty mold
multiple leaf dataset/jackfruit leaf/jackfruit sooty mold/sooty_mold_(7).png,18399105328312451312,jackfruit sooty mold
multiple leaf dataset/jackfruit leaf/jackfruit sooty mold/sooty_mold_(70).png,12037164351801946620,jackfruit sooty mold
multiple leaf dataset/jackfruit leaf/jackfruit sooty mold/sooty_mold_(71).png,12468710792026309173,jackfruit sooty mold
multiple leaf dataset/jackfruit leaf/jackfruit sooty mold/sooty_mold_(72).png,17320166259573757792,jackfruit sooty mold
multiple leaf dataset/jackfruit leaf/jackfruit sooty mold/sooty_mold_(73).png,17549626848829727539,jackfruit sooty mold
multiple leaf dataset/jackfruit leaf/jackfruit sooty mold/sooty_mold_(74).png,11958960094524326602,jackfruit sooty mold
multiple leaf dataset/jackfruit leaf/jackfruit sooty mold/sooty_mold_(75).png,17549626848829727539,jackfruit sooty mold
multiple leaf dataset/jackfruit leaf/jackfruit sooty mold/sooty_mold_(76).png,11976928526405023449,jackfruit sooty mold
multiple leaf dataset/jackfruit leaf/jackfruit sooty mold/sooty_mold_(77).png,12251925595571999866,jackfruit sooty mold
multiple leaf dataset/jackfruit leaf/jackfruit sooty mold/sooty_mold_(78).png,18397415855676752175,jackfruit sooty mold
multiple leaf dataset/jackfruit leaf/jackfruit sooty mold/sooty_mold_(79).png,17560041314312817862,jackfruit sooty mold
multiple leaf dataset/jackfruit leaf/jackfruit sooty mold/sooty_mold_(8).png,18422185584926687247,jackfruit sooty mold
multiple leaf dataset/jackfruit leaf/jackfruit sooty mold/sooty_mold_(80).png,11969328812843784556,jackfruit sooty mold
multiple leaf dataset/jackfruit leaf/jackfruit sooty mold/sooty_mold_(81).png,12470960143741412415,jackfruit sooty mold
multiple leaf dataset/jackfruit leaf/jackfruit sooty mold/sooty_mold_(82).png,17889587964239393130,jackfruit sooty mold
multiple leaf dataset/jackfruit leaf/jackfruit sooty mold/sooty_mold_(83).png,17549629325734664241,jackfruit sooty mold
multiple leaf dataset/jackfruit leaf/jackfruit sooty mold/sooty_mold_(84).png,12532603872301925568,jackfruit sooty mold
multiple leaf dataset/jackfruit leaf/jackfruit sooty mold/sooty_mold_(85).png,11972427399823035865,jackfruit sooty mold
multiple leaf dataset/jackfruit leaf/jackfruit sooty mold/sooty_mold_(86).png,12258382301775168997,jackfruit sooty mold
multiple leaf dataset/jackfruit leaf/jackfruit sooty mold/sooty_mold_(87).png,16594876468848400743,jackfruit sooty mold
multiple leaf dataset/jackfruit leaf/jackfruit sooty mold/sooty_mold_(88).png,12258382301775168997,jackfruit sooty mold
multiple leaf dataset/jackfruit leaf/jackfruit sooty mold/sooty_mold_(89).png,16594876468848400743,jackfruit sooty mold
multiple leaf dataset/jackfruit leaf/jackfruit sooty mold/sooty_mold_(9).png,12966296369639509132,jackfruit sooty mold
multiple leaf dataset/jackfruit leaf/jackfruit sooty mold/sooty_mold_(90).png,12256147720222643578,jackfruit sooty mold
multiple leaf dataset/jackfruit leaf/jackfruit sooty mold/sooty_mold_(91).png,18393193722452952079,jackfruit sooty mold
multiple leaf dataset/jackfruit leaf/jackfruit sooty mold/sooty_mold_(92).png,17560605376662768776,jackfruit sooty mold
multiple leaf dataset/jackfruit leaf/jackfruit sooty mold/sooty_mold_(93).png,12315539124989366693,jackfruit sooty mold
multiple leaf dataset/jackfruit leaf/jackfruit sooty mold/sooty_mold_(94).png,11968766154948139302,jackfruit sooty mold
multiple leaf dataset/jackfruit leaf/jackfruit sooty mold/sooty_mold_(95).png,12204637073644176608,jackfruit sooty mold
multiple leaf dataset/jackfruit leaf/jackfruit sooty mold/sooty_mold_(96).png,18233598888102236597,jackfruit sooty mold
multiple leaf dataset/jackfruit leaf/jackfruit sooty mold/sooty_mold_(97).png,16641324603134449954,jackfruit sooty mold
multiple leaf dataset/jackfruit leaf/jackfruit sooty mold/sooty_mold_(98).png,12155378394386777119,jackfruit sooty mold
multiple leaf dataset/jackfruit leaf/jackfruit sooty mold/sooty_mold_(99).png,12924074621688761564,jackfruit sooty mold
multiple leaf dataset/mango leaf/mango anthracnose/mango anthracnose (1).jpg,12165295975576945983,mango anthracnose
multiple leaf dataset/mango leaf/mango anthracnose/mango anthracnose (10).jpg,10000190669187503335,mango anthracnose
multiple leaf dataset/mango leaf/mango anthracnose/mango anthracnose (100).jpg,16911462221630262979,mango anthracnose
multiple leaf dataset/mango leaf/mango anthracnose/mango anthracnose (101).jpg,17204476483670775997,mango anthracnose
multiple leaf dataset/mango leaf/mango anthracnose/mango anthracnose (102).jpg,17548782603007171788,mango anthracnose
multiple leaf dataset/mango leaf/mango anthracnose/mango anthracnose (103).jpg,16340912384683488417,mango anthracnose
multiple leaf dataset/mango leaf/mango anthracnose/mango anthracnose (104).jpg,16271462105501545606,mango anthracnose
multiple leaf dataset/mango leaf/mango anthracnose/mango anthracnose (105).jpg,17567585241845041329,mango anthracnose
multiple leaf dataset/mango leaf/mango anthracnose/mango anthracnose (106).jpg,17553285763421387056,mango anthracnose
multiple leaf dataset/mango leaf/mango anthracnose/mango anthracnose (107).jpg,14596365861774518682,mango anthracnose
multiple leaf dataset/mango leaf/mango anthracnose/mango anthracnose (108).jpg,16486720781943585123,mango anthracnose
multiple leaf dataset/mango leaf/mango anthracnose/mango anthracnose (109).jpg,17557226633262025752,mango anthracnose
multiple leaf dataset/mango leaf/mango anthracnose/mango anthracnose (11).jpg,9986118002624809579,mango anthracnose
multiple leaf dataset/mango leaf/mango anthracnose/mango anthracnose (110).jpg,16696702857209066291,mango anthracnose
multiple leaf dataset/mango leaf/mango anthracnose/mango anthracnose (111).jpg,14606741809303795443,mango anthracnose
multiple leaf dataset/mango leaf/mango anthracnose/mango anthracnose (112).jpg,16471514906388666777,mango anthracnose
multiple leaf dataset/mango leaf/mango anthracnose/mango anthracnose (113).jpg,16490372752724085093,mango anthracnose
multiple leaf dataset/mango leaf/mango anthracnose/mango anthracnose (114).jpg,17066832476228719204,mango anthracnose
multiple leaf dataset/mango leaf/mango anthracnose/mango anthracnose (115).jpg,16588608767198338249,mango anthracnose
multiple leaf dataset/mango leaf/mango anthracnose/mango anthracnose (116).jpg,16371034133805884530,mango anthracnose
multiple leaf dataset/mango leaf/mango anthracnose/mango anthracnose (117).jpg,17490178744743519891,mango anthracnose
multiple leaf dataset/mango leaf/mango anthracnose/mango anthracnose (118).jpg,16623799452738282712,mango anthracnose
multiple leaf dataset/mango leaf/mango anthracnose/mango anthracnose (119).jpg,16479685390174571673,mango anthracnose
multiple leaf dataset/mango leaf/mango anthracnose/mango anthracnose (12).jpg,12318141153638782012,mango anthracnose
multiple leaf dataset/mango leaf/mango anthracnose/mango anthracnose (120).jpg,16732168713963452478,mango anthracnose
multiple leaf dataset/mango leaf/mango anthracnose/mango anthracnose (121).jpg,18389763842827983562,mango anthracnose
multiple leaf dataset/mango leaf/mango anthracnose/mango anthracnose (122).jpg,13519188601171649616,mango anthracnose
multiple leaf dataset/mango leaf/mango anthracnose/mango anthracnose (123).jpg,13316233459361059697,mango anthracnose
multiple leaf dataset/mango leaf/mango anthracnose/mango anthracnose (124).jpg,12746182891680484902,mango anthracnose
multiple leaf dataset/mango leaf/mango anthracnose/mango anthracnose (125).jpg,13393861211138237987,mango anthracnose
multiple leaf dataset/mango leaf/mango anthracnose/mango anthracnose (126).jpg,11667096631159638490,mango anthracnose
multiple leaf dataset/mango leaf/mango anthracnose/mango anthracnose (127).jpg,10574994216558650934,mango anthracnose
multiple leaf dataset/mango leaf/mango anthracnose/mango anthracnose (128).jpg,13730563706691066934,mango anthracnose
multiple leaf dataset/mango leaf/mango anthracnose/mango anthracnose (129).jpg,13802937956755835959,mango anthracnose
multiple leaf dataset/mango leaf/mango anthracnose/mango anthracnose (13).jpg,12955898674078313625,mango anthracnose
multiple leaf dataset/mango leaf/mango anthracnose/mango anthracnose (130).jpg,13682162831727160649,mango anthracnose
multiple leaf dataset/mango leaf/mango anthracnose/mango anthracnose (131).jpg,11456455553415299296,mango anthracnose
multiple leaf dataset/mango leaf/mango anthracnose/mango anthracnose (132).jpg,10005543878840194341,mango anthracnose
multiple leaf dataset/mango leaf/mango anthracnose/mango anthracnose (133).jpg,10075278247757657387,mango anthracnose
multiple leaf dataset/mango leaf/mango anthracnose/mango anthracnose (134).jpg,18344499706408065480,mango anthracnose
multiple leaf dataset/mango leaf/mango anthracnose/mango anthracnose (135).jpg,18202087227174006856,mango anthracnose
multiple leaf dataset/mango leaf/mango anthracnose/mango anthracnose (136).jpg,17481228582709019490,mango anthracnose
multiple leaf dataset/mango leaf/mango anthracnose/mango anthracnose (137).jpg,16872970840598823157,mango anthracnose
multiple leaf dataset/mango leaf/mango anthracnose/mango anthracnose (138).jpg,16842782843505778254,mango anthracnose
multiple leaf dataset/mango leaf/mango anthracnose/mango anthracnose (139).jpg,17122297988091431040,mango anthracnose
multiple leaf dataset/mango leaf/mango anthracnose/mango anthracnose (14).jpg,12084170779392675012,mango anthracnose
multiple leaf dataset/mango leaf/mango anthracnose/mango anthracnose (140).jpg,12818307371242118202,mango anthracnose
multiple leaf dataset/mango leaf/mango anthracnose/mango anthracnose (141).jpg,11831688279377130093,mango anthracnose
multiple leaf dataset/mango leaf/mango anthracnose/mango anthracnose (142).jpg,16819123368488364619,mango anthracnose
multiple leaf dataset/mango leaf/mango anthracnose/mango anthracnose (143).jpg,13673702789558120471,mango anthracnose
multiple leaf dataset/mango leaf/mango anthracnose/mango anthracnose (144).jpg,18069169813117956769,mango anthracnose
multiple leaf dataset/mango leaf/mango anthracnose/mango anthracnose (145).jpg,13673098029200814756,mango anthracnose
multiple leaf dataset/mango leaf/mango anthracnose/mango anthracnose (146).jpg,13662453851889665779,mango anthracnose
multiple leaf dataset/mango leaf/mango anthracnose/mango anthracnose (147).jpg,12882141667567194903,mango anthracnose
multiple leaf dataset/mango leaf/mango anthracnose/mango anthracnose (148).jpg,13385762205300473887,mango anthracnose
multiple leaf dataset/mango leaf/mango anthracnose/mango anthracnose (149).jpg,12726301610392797240,mango anthracnose
multiple leaf dataset/mango leaf/mango anthracnose/mango anthracnose (15).jpg,12286899341928772950,mango anthracnose
multiple leaf dataset/mango leaf/mango anthracnose/mango anthracnose (150).jpg,17770290848779363248,mango anthracnose
multiple leaf dataset/mango leaf/mango anthracnose/mango anthracnose (151).jpg,17126504183054173632,mango anthracnose
multiple leaf dataset/mango leaf/mango anthracnose/mango anthracnose (152).jpg,17040639758427775173,mango anthracnose
multiple leaf dataset/mango leaf/mango anthracnose/mango anthracnose (153).jpg,17058671951636405454,mango anthracnose
multiple leaf dataset/mango leaf/mango anthracnose/mango anthracnose (154).jpg,17462291648353650462,mango anthracnose
multiple leaf dataset/mango leaf/mango anthracnose/mango anthracnose (155).jpg,17767977387182835335,mango anthracnose
multiple leaf dataset/mango leaf/mango anthracnose/mango anthracnose (156).jpg,13374783730915417095,mango anthracnose
multiple leaf dataset/mango leaf/mango anthracnose/mango anthracnose (157).jpg,18357125543004043892,mango anthracnose
multiple leaf dataset/mango leaf/mango anthracnose/mango anthracnose (158).jpg,9960152375566967749,mango anthracnose
multiple leaf dataset/mango leaf/mango anthracnose/mango anthracnose (159).jpg,9986099332103434037,mango anthracnose
multiple leaf dataset/mango leaf/mango anthracnose/mango anthracnose (16).jpg,13684699936542253188,mango anthracnose
multiple leaf dataset/mango leaf/mango anthracnose/mango anthracnose (160).jpg,9986116924289346485,mango anthracnose
multiple leaf dataset/mango leaf/mango anthracnose/mango anthracnose (161).jpg,12580190838628763872,mango anthracnose
multiple leaf dataset/mango leaf/mango anthracnose/mango anthracnose (162).jpg,11733518781401910570,mango anthracnose
multiple leaf dataset/mango leaf/mango anthracnose/mango anthracnose (163).jpg,12381736964893207351,mango anthracnose
multiple leaf dataset/mango leaf/mango anthracnose/mango anthracnose (164).jpg,13803470123323918370,mango anthracnose
multiple leaf dataset/mango leaf/mango anthracnose/mango anthracnose (165).jpg,13515240846683834402,mango anthracnose
multiple leaf dataset/mango leaf/mango anthracnose/mango anthracnose (166).jpg,9355618258931537213,mango anthracnose
multiple leaf dataset/mango leaf/mango anthracnose/mango anthracnose (167).jpg,12822811487254659271,mango anthracnose
multiple leaf dataset/mango leaf/mango anthracnose/mango anthracnose (168).jpg,12962422526064771526,mango anthracnose
multiple leaf dataset/mango leaf/mango anthracnose/mango anthracnose (169).jpg,12229409109097586447,mango anthracnose
multiple leaf dataset/mango leaf/mango anthracnose/mango anthracnose (17).jpg,13107103404893036643,mango anthracnose
multiple leaf dataset/mango leaf/mango anthracnose/mango anthracnose (170).jpg,16614792554325763382,mango anthracnose
multiple leaf dataset/mango leaf/mango anthracnose/mango anthracnose (171).jpg,12963274635190940038,mango anthracnose
multiple leaf dataset/mango leaf/mango anthracnose/mango anthracnose (172).jpg,16400927198731118233,mango anthracnose
multiple leaf dataset/mango leaf/mango anthracnose/mango anthracnose (173).jpg,16400364806687069068,mango anthracnose
multiple leaf dataset/mango leaf/mango anthracnose/mango anthracnose (174).jpg,18210449690937031451,mango anthracnose
multiple leaf dataset/mango leaf/mango anthracnose/mango anthracnose (175).jpg,12883900888312419170,mango anthracnose
multiple leaf dataset/mango leaf/mango anthracnose/mango anthracnose (176).jpg,13601028346991200670,mango anthracnose
multiple leaf dataset/mango leaf/mango anthracnose/mango anthracnose (177).jpg,9469614908206999700,mango anthracnose
multiple leaf dataset/mango leaf/mango anthracnose/mango anthracnose (178).jpg,9469614908206999700,mango anthracnose
multiple leaf dataset/mango leaf/mango anthracnose/mango anthracnose (179).jpg,16344290432289739471,mango anthracnose
multiple leaf dataset/mango leaf/mango anthracnose/mango anthracnose (18).jpg,17493701248599432036,mango anthracnose
multiple leaf dataset/mango leaf/mango anthracnose/mango anthracnose (180).jpg,16344290432289739471,mango anthracnose
multiple leaf dataset/mango leaf/mango anthracnose/mango anthracnose (181).jpg,13037298130425790734,mango anthracnose
multiple leaf dataset/mango leaf/mango anthracnose/mango anthracnose (182).jpg,12378870582413021080,mango anthracnose
multiple leaf dataset/mango leaf/mango anthracnose/mango anthracnose (183).jpg,16905023868036127370,mango anthracnose
multiple leaf dataset/mango leaf/mango anthracnose/mango anthracnose (184).jpg,17344716124190442441,mango anthracnose
multiple leaf dataset/mango leaf/mango anthracnose/mango anthracnose (185).jpg,13169679193240803635,mango anthracnose
multiple leaf dataset/mango leaf/mango anthracnose/mango anthracnose (186).jpg,12842258185319966348,mango anthracnose
multiple leaf dataset/mango leaf/mango anthracnose/mango anthracnose (187).jpg,16840527573047251849,mango anthracnose
multiple leaf dataset/mango leaf/mango anthracnose/mango anthracnose (188).jpg,12592228623329179325,mango anthracnose
multiple leaf dataset/mango leaf/mango anthracnose/mango anthracnose (189).jpg,13013376414788141925,mango anthracnose
multiple leaf dataset/mango leaf/mango anthracnose/mango anthracnose (19).jpg,17707193630872082959,mango anthracnose
multiple leaf dataset/mango leaf/mango anthracnose/mango anthracnose (190).jpg,12291959912461103210,mango anthracnose
multiple leaf dataset/mango leaf/mango anthracnose/mango anthracnose (191).jpg,12507280551696909810,mango anthracnose
multiple leaf dataset/mango leaf/mango anthracnose/mango anthracnose (192).jpg,12509534550467872483,mango anthracnose
multiple leaf dataset/mango leaf/mango anthracnose/mango anthracnose (193).jpg,12747384423388226661,mango anthracnose
multiple leaf dataset/mango leaf/mango anthracnose/mango anthracnose (194).jpg,12966652884136925500,mango anthracnose
multiple leaf dataset/mango leaf/mango anthracnose/mango anthracnose (195).jpg,13610106343647561324,mango anthracnose
multiple leaf dataset/mango leaf/mango anthracnose/mango anthracnose (196).jpg,12797205818980604164,mango anthracnose
multiple leaf dataset/mango leaf/mango anthracnose/mango anthracnose (197).jpg,12376688630612284604,mango anthracnose
multiple leaf dataset/mango leaf/mango anthracnose/mango anthracnose (198).jpg,13161431921812124134,mango anthracnose
multiple leaf dataset/mango leaf/mango anthracnose/mango anthracnose (199).jpg,12171971076997880630,mango anthracnose
multiple leaf dataset/mango leaf/mango anthracnose/mango anthracnose (2).jpg,11659143456372845897,mango anthracnose
multiple leaf dataset/mango leaf/mango anthracnose/mango anthracnose (20).jpg,17349779023901671743,mango anthracnose
multiple leaf dataset/mango leaf/mango anthracnose/mango anthracnose (200).jpg,11589386011004880172,mango anthracnose
multiple leaf dataset/mango leaf/mango anthracnose/mango anthracnose (201).jpg,12019149951188815065,mango anthracnose
multiple leaf dataset/mango leaf/mango anthracnose/mango anthracnose (202).jpg,11956381438936795698,mango anthracnose
multiple leaf dataset/mango leaf/mango anthracnose/mango anthracnose (203).jpg,17560041574053065667,mango anthracnose
multiple leaf dataset/mango leaf/mango anthracnose/mango anthracnose (204).jpg,16470747321013056393,mango anthracnose
multiple leaf dataset/mango leaf/mango anthracnose/mango anthracnose (205).jpg,16616481513439415410,mango anthracnose
multiple leaf dataset/mango leaf/mango anthracnose/mango anthracnose (206).jpg,16545042395400051852,mango anthracnose
multiple leaf dataset/mango leaf/mango anthracnose/mango anthracnose (207).jpg,18213332295421694775,mango anthracnose
multiple leaf dataset/mango leaf/mango anthracnose/mango anthracnose (208).jpg,17357944560671733937,mango anthracnose
multiple leaf dataset/mango leaf/mango anthracnose/mango anthracnose (209).jpg,16472984801359207468,mango anthracnose
multiple leaf dataset/mango leaf/mango anthracnose/mango anthracnose (21).jpg,17646454749138390193,mango anthracnose
multiple leaf dataset/mango leaf/mango anthracnose/mango anthracnose (210).jpg,16970852484941951868,mango anthracnose
multiple leaf dataset/mango leaf/mango anthracnose/mango anthracnose (211).jpg,16918779927628339228,mango anthracnose
multiple leaf dataset/mango leaf/mango anthracnose/mango anthracnose (212).jpg,16261878757807529158,mango anthracnose
multiple leaf dataset/mango leaf/mango anthracnose/mango anthracnose (213).jpg,17984781412323257100,mango anthracnose
multiple leaf dataset/mango leaf/mango anthracnose/mango anthracnose (214).jpg,17984781412323257100,mango anthracnose
multiple leaf dataset/mango leaf/mango anthracnose/mango anthracnose (215).jpg,17404098343038194190,mango anthracnose
multiple leaf dataset/mango leaf/mango anthracnose/mango anthracnose (216).jpg,16926099539321254196,mango anthracnose
multiple leaf dataset/mango leaf/mango anthracnose/mango anthracnose (217).jpg,12725430261696049564,mango anthracnose
multiple leaf dataset/mango leaf/mango anthracnose/mango anthracnose (218).jpg,12248531377659413856,mango anthracnose
multiple leaf dataset/mango leaf/mango anthracnose/mango anthracnose (219).jpg,13178878978550975641,mango anthracnose
multiple leaf dataset/mango leaf/mango anthracnose/mango anthracnose (22).jpg,16183568073588264803,mango anthracnose
multiple leaf dataset/mango leaf/mango anthracnose/mango anthracnose (220).jpg,11761036938502761062,mango anthracnose
multiple leaf dataset/mango leaf/mango anthracnose/mango anthracnose (221).jpg,17116374270525117077,mango anthracnose
multiple leaf dataset/mango leaf/mango anthracnose/mango anthracnose (222).jpg,16611977696302094002,mango anthracnose
multiple leaf dataset/mango leaf/mango anthracnose/mango anthracnose (223).jpg,16470677369711126146,mango anthracnose
multiple leaf dataset/mango leaf/mango anthracnose/mango anthracnose (224).jpg,17841515863217030813,mango anthracnose
multiple leaf dataset/mango leaf/mango anthracnose/mango anthracnose (225).jpg,13516081095889301669,mango anthracnose
multiple leaf dataset/mango leaf/mango anthracnose/mango anthracnose (226).jpg,12731901330224016786,mango anthracnose
multiple leaf dataset/mango leaf/mango anthracnose/mango anthracnose (227).jpg,18129737847165145284,mango anthracnose
multiple leaf dataset/mango leaf/mango anthracnose/mango anthracnose (228).jpg,18052047139152886285,mango anthracnose
multiple leaf dataset/mango leaf/mango anthracnose/mango anthracnose (229).jpg,17421484875218445676,mango anthracnose
multiple leaf dataset/mango leaf/mango anthracnose/mango anthracnose (23).jpg,16470397877692765129,mango anthracnose
multiple leaf dataset/mango leaf/mango anthracnose/mango anthracnose (230).jpg,17574959110118017329,mango anthracnose
multiple leaf dataset/mango leaf/mango anthracnose/mango anthracnose (231).jpg,17535273568282878243,mango anthracnose
multiple leaf dataset/mango leaf/mango anthracnose/mango anthracnose (232).jpg,11806636564920086755,mango anthracnose
multiple leaf dataset/mango leaf/mango anthracnose/mango anthracnose (233).jpg,13040904741969866803,mango anthracnose
multiple leaf dataset/mango leaf/mango anthracnose/mango anthracnose (234).jpg,12609956636643014096,mango anthracnose
multiple leaf dataset/mango leaf/mango anthracnose/mango anthracnose (235).jpg,12890090055783626851,mango anthracnose
multiple leaf dataset/mango leaf/mango anthracnose/mango anthracnose (236).jpg,12025958024782023993,mango anthracnose
multiple leaf dataset/mango leaf/mango anthracnose/mango anthracnose (237).jpg,12167535295010280928,mango anthracnose
multiple leaf dataset/mango leaf/mango anthracnose/mango anthracnose (238).jpg,12824219720174406848,mango anthracnose
multiple leaf dataset/mango leaf/mango anthracnose/mango anthracnose (239).jpg,12912326764342424460,mango anthracnose
multiple leaf dataset/mango leaf/mango anthracnose/mango anthracnose (24).jpg,16613103044327453638,mango anthracnose
multiple leaf dataset/mango leaf/mango anthracnose/mango anthracnose (240).jpg,16256470892380591677,mango anthracnose
multiple leaf dataset/mango leaf/mango anthracnose/mango anthracnose (241).jpg,16539920658073219719,mango anthracnose
multiple leaf dataset/mango leaf/mango anthracnose/mango anthracnose (242).jpg,17781510059385654840,mango anthracnose
multiple leaf dataset/mango leaf/mango anthracnose/mango anthracnose (243).jpg,12507280551603640141,mango anthracnose
multiple leaf dataset/mango leaf/mango anthracnose/mango anthracnose (244).jpg,12508414715104512237,mango anthracnose
multiple leaf dataset/mango leaf/mango anthracnose/mango anthracnose (245).jpg,13468792715695120715,mango anthracnose
multiple leaf dataset/mango leaf/mango anthracnose/mango anthracnose (246).jpg,11572437318927555443,mango anthracnose
multiple leaf dataset/mango leaf/mango anthracnose/mango anthracnose (247).jpg,17394817628992247907,mango anthracnose
multiple leaf dataset/mango leaf/mango anthracnose/mango anthracnose (248).jpg,18249367014204722776,mango anthracnose
multiple leaf dataset/mango leaf/mango anthracnose/mango anthracnose (249).jpg,15957591079683449030,mango anthracnose
multiple leaf dataset/mango leaf/mango anthracnose/mango anthracnose (25).jpg,18345906121249802405,mango anthracnose
multiple leaf dataset/mango leaf/mango anthracnose/mango anthracnose (250).jpg,17909345345464028114,mango anthracnose
multiple leaf dataset/mango leaf/mango anthracnose/mango anthracnose (251).jpg,18214185524867112289,mango anthracnose
multiple leaf dataset/mango leaf/mango anthracnose/mango anthracnose (252).jpg,17411987327538835655,mango anthracnose
multiple leaf dataset/mango leaf/mango anthracnose/mango anthracnose (253).jpg,16539986627163558452,mango anthracnose
multiple leaf dataset/mango leaf/mango anthracnose/mango anthracnose (254).jpg,17621979729040585670,mango anthracnose
multiple leaf dataset/mango leaf/mango anthracnose/mango anthracnose (255).jpg,11882142002383174114,mango anthracnose
multiple leaf dataset/mango leaf/mango anthracnose/mango anthracnose (256).jpg,12004797585650246498,mango anthracnose
multiple leaf dataset/mango leaf/mango anthracnose/mango anthracnose (257).jpg,9969444714658297295,mango anthracnose
multiple leaf dataset/mango leaf/mango anthracnose/mango anthracnose (258).jpg,12732746965990540940,mango anthracnose
multiple leaf dataset/mango leaf/mango anthracnose/mango anthracnose (259).jpg,13672862366744201508,mango anthracnose
multiple leaf dataset/mango leaf/mango anthracnose/mango anthracnose (26).jpg,13334279156876101233,mango anthracnose
multiple leaf dataset/mango leaf/mango anthracnose/mango anthracnose (260).jpg,16616482889489750419,mango anthracnose
multiple leaf dataset/mango leaf/mango anthracnose/mango anthracnose (261).jpg,16351053561748147820,mango anthracnose
multiple leaf dataset/mango leaf/mango anthracnose/mango anthracnose (262).jpg,11557589709717163165,mango anthracnose
multiple leaf dataset/mango leaf/mango anthracnose/mango anthracnose (263).jpg,11969188388888026009,mango anthracnose
multiple leaf dataset/mango leaf/mango anthracnose/mango anthracnose (264).jpg,11611351443187024846,mango anthracnose
multiple leaf dataset/mango leaf/mango anthracnose/mango anthracnose (265).jpg,12836323044548109094,mango anthracnose
multiple leaf dataset/mango leaf/mango anthracnose/mango anthracnose (266).jpg,11615798079502102936,mango anthracnose
multiple leaf dataset/mango leaf/mango anthracnose/mango anthracnose (267).jpg,11830053359726153179,mango anthracnose
multiple leaf dataset/mango leaf/mango anthracnose/mango anthracnose (268).jpg,11972482992163310643,mango anthracnose
multiple leaf dataset/mango leaf/mango anthracnose/mango anthracnose (269).jpg,11972482992163310643,mango anthracnose
multiple leaf dataset/mango leaf/mango anthracnose/mango anthracnose (27).jpg,13806845070521669259,mango anthracnose
multiple leaf dataset/mango leaf/mango anthracnose/mango anthracnose (270).jpg,12912256422222116913,mango anthracnose
multiple leaf dataset/mango leaf/mango anthracnose/mango anthracnose (271).jpg,12768636022050022195,mango anthracnose
multiple leaf dataset/mango leaf/mango anthracnose/mango anthracnose (272).jpg,11756379227494668646,mango anthracnose
multiple leaf dataset/mango leaf/mango anthracnose/mango anthracnose (273).jpg,11756379227494668646,mango anthracnose
multiple leaf dataset/mango leaf/mango anthracnose/mango anthracnose (274).jpg,12768003766814821580,mango anthracnose
multiple leaf dataset/mango leaf/mango anthracnose/mango anthracnose (275).jpg,12768767956997452647,mango anthracnose
multiple leaf dataset/mango leaf/mango anthracnose/mango anthracnose (276).jpg,12908385309711126265,mango anthracnose
multiple leaf dataset/mango leaf/mango anthracnose/mango anthracnose (277).jpg,12840353859711154489,mango anthracnose
multiple leaf dataset/mango leaf/mango anthracnose/mango anthracnose (278).jpg,12768018081313666009,mango anthracnose
multiple leaf dataset/mango leaf/mango anthracnose/mango anthracnose (279).jpg,12912750379595828343,mango anthracnose
multiple leaf dataset/mango leaf/mango anthracnose/mango anthracnose (28).jpg,11903747522672047689,mango anthracnose
multiple leaf dataset/mango leaf/mango anthracnose/mango anthracnose (280).jpg,12912750379595828343,mango anthracnose
multiple leaf dataset/mango leaf/mango anthracnose/mango anthracnose (281).jpg,12909229790513555148,mango anthracnose
multiple leaf dataset/mango leaf/mango anthracnose/mango anthracnose (282).jpg,11828312278539070828,mango anthracnose
multiple leaf dataset/mango leaf/mango anthracnose/mango anthracnose (283).jpg,17410015052086145681,mango anthracnose
multiple leaf dataset/mango leaf/mango anthracnose/mango anthracnose (284).jpg,16827302473627349862,mango anthracnose
multiple leaf dataset/mango leaf/mango anthracnose/mango anthracnose (285).jpg,17403840327083387033,mango anthracnose
multiple leaf dataset/mango leaf/mango anthracnose/mango anthracnose (286).jpg,16253856533598549659,mango anthracnose
multiple leaf dataset/mango leaf/mango anthracnose/mango anthracnose (287).jpg,16544701544191521692,mango anthracnose
multiple leaf dataset/mango leaf/mango anthracnose/mango anthracnose (288).jpg,17765813433683620812,mango anthracnose
multiple leaf dataset/mango leaf/mango anthracnose/mango anthracnose (289).jpg,17553282463888912844,mango anthracnose
multiple leaf dataset/mango leaf/mango anthracnose/mango anthracnose (29).jpg,11578927052420895290,mango anthracnose
multiple leaf dataset/mango leaf/mango anthracnose/mango anthracnose (290).jpg,16542523119035521331,mango anthracnose
multiple leaf dataset/mango leaf/mango anthracnose/mango anthracnose (291).jpg,17549644502424523416,mango anthracnose
multiple leaf dataset/mango leaf/mango anthracnose/mango anthracnose (292).jpg,17845738456016512716,mango anthracnose
multiple leaf dataset/mango leaf/mango anthracnose/mango anthracnose (293).jpg,16468497413525156044,mango anthracnose
multiple leaf dataset/mango leaf/mango anthracnose/mango anthracnose (294).jpg,16612891871088336537,mango anthracnose
multiple leaf dataset/mango leaf/mango anthracnose/mango anthracnose (295).jpg,16616537039485914244,mango anthracnose
multiple leaf dataset/mango leaf/mango anthracnose/mango anthracnose (296).jpg,17625909595866908048,mango anthracnose
multiple leaf dataset/mango leaf/mango anthracnose/mango anthracnose (297).jpg,12695680119342592816,mango anthracnose
multiple leaf dataset/mango leaf/mango anthracnose/mango anthracnose (298).jpg,11684180873014666956,mango anthracnose
multiple leaf dataset/mango leaf/mango anthracnose/mango anthracnose (299).jpg,11976084937372998525,mango anthracnose
multiple leaf dataset/mango leaf/mango anthracnose/mango anthracnose (3).jpg,11806692630570867047,mango anthracnose
multiple leaf dataset/mango leaf/mango anthracnose/mango anthracnose (30).jpg,11770666037654879283,mango anthracnose
multiple leaf dataset/mango leaf/mango anthracnose/mango anthracnose (300).jpg,11687713619191424947,mango anthracnose
multiple leaf dataset/mango leaf/mango anthracnose/mango anthracnose (301).jpg,11684041511522232044,mango anthracnose
multiple leaf dataset/mango leaf/mango anthracnose/mango anthracnose (302).jpg,11972285080758176989,mango anthracnose
multiple leaf dataset/mango leaf/mango anthracnose/mango anthracnose (303).jpg,12840199923251491641,mango anthracnose
multiple leaf dataset/mango leaf/mango anthracnose/mango anthracnose (304).jpg,11615093058020796263,mango anthracnose
multiple leaf dataset/mango leaf/mango anthracnose/mango anthracnose (305).jpg,11684181149465437902,mango anthracnose
multiple leaf dataset/mango leaf/mango anthracnose/mango anthracnose (306).jpg,13708549080100124191,mango anthracnose
multiple leaf dataset/mango leaf/mango anthracnose/mango anthracnose (307).jpg,11998092925330124854,mango anthracnose
multiple leaf dataset/mango leaf/mango anthracnose/mango anthracnose (308).jpg,11651540540262423500,mango anthracnose
multiple leaf dataset/mango leaf/mango anthracnose/mango anthracnose (309).jpg,13456902185681981398,mango anthracnose
multiple leaf dataset/mango leaf/mango anthracnose/mango anthracnose (31).jpg,11644843430604520506,mango anthracnose
multiple leaf dataset/mango leaf/mango anthracnose/mango anthracnose (310).jpg,11735708176430375480,mango anthracnose
multiple leaf dataset/mango leaf/mango anthracnose/mango anthracnose (311).jpg,12818878190855556633,mango anthracnose
multiple leaf dataset/mango leaf/mango anthracnose/mango anthracnose (312).jpg,12818878190855556633,mango anthracnose
multiple leaf dataset/mango leaf/mango anthracnose/mango anthracnose (313).jpg,16339847354274786467,mango anthracnose
multiple leaf dataset/mango leaf/mango anthracnose/mango anthracnose (314).jpg,11860454363110808004,mango anthracnose
multiple leaf dataset/mango leaf/mango anthracnose/mango anthracnose (315).jpg,12953629318580075800,mango anthracnose
multiple leaf dataset/mango leaf/mango anthracnose/mango anthracnose (316).jpg,13817255279466956911,mango anthracnose
multiple leaf dataset/mango leaf/mango anthracnose/mango anthracnose (317).jpg,13302726141172498672,mango anthracnose
multiple leaf dataset/mango leaf/mango anthracnose/mango anthracnose (318).jpg,12822817522689296841,mango anthracnose
multiple leaf dataset/mango leaf/mango anthracnose/mango anthracnose (319).jpg,16325791017297687361,mango anthracnose
multiple leaf dataset/mango leaf/mango anthracnose/mango anthracnose (32).jpg,12580172687938144869,mango anthracnose
multiple leaf dataset/mango leaf/mango anthracnose/mango anthracnose (320).jpg,17626187218254859315,mango anthracnose
multiple leaf dataset/mango leaf/mango anthracnose/mango anthracnose (321).jpg,15758523691366441782,mango anthracnose
multiple leaf dataset/mango leaf/mango anthracnose/mango anthracnose (322).jpg,12290747238359097631,mango anthracnose
multiple leaf dataset/mango leaf/mango anthracnose/mango anthracnose (323).jpg,12148061322388794070,mango anthracnose
multiple leaf dataset/mango leaf/mango anthracnose/mango anthracnose (324).jpg,16495728530954133902,mango anthracnose
multiple leaf dataset/mango leaf/mango anthracnose/mango anthracnose (325).jpg,12402020477687890522,mango anthracnose
multiple leaf dataset/mango leaf/mango anthracnose/mango anthracnose (326).jpg,12932312158511252684,mango anthracnose
multiple leaf dataset/mango leaf/mango anthracnose/mango anthracnose (327).jpg,12139602086127613381,mango anthracnose
multiple leaf dataset/mango leaf/mango anthracnose/mango anthracnose (328).jpg,16480460602627204186,mango anthracnose
multiple leaf dataset/mango leaf/mango anthracnose/mango anthracnose (329).jpg,16407119656808729734,mango anthracnose
multiple leaf dataset/mango leaf/mango anthracnose/mango anthracnose (33).jpg,12313053171393022623,mango anthracnose
multiple leaf dataset/mango leaf/mango anthracnose/mango anthracnose (330).jpg,16407119656808729734,mango anthracnose
multiple leaf dataset/mango leaf/mango anthracnose/mango anthracnose (331).jpg,13322570515724491346,mango anthracnose
multiple leaf dataset/mango leaf/mango anthracnose/mango anthracnose (332).jpg,13313712078648141641,mango anthracnose
multiple leaf dataset/mango leaf/mango anthracnose/mango anthracnose (333).jpg,13322710498989729608,mango anthracnose
multiple leaf dataset/mango leaf/mango anthracnose/mango anthracnose (334).jpg,13610379024682608472,mango anthracnose
multiple leaf dataset/mango leaf/mango anthracnose/mango anthracnose (335).jpg,13834108629162098272,mango anthracnose
multiple leaf dataset/mango leaf/mango anthracnose/mango anthracnose (336).jpg,13834108629162098272,mango anthracnose
multiple leaf dataset/mango leaf/mango anthracnose/mango anthracnose (337).jpg,12004851436332595228,mango anthracnose
multiple leaf dataset/mango leaf/mango anthracnose/mango anthracnose (338).jpg,12004851436332595228,mango anthracnose
multiple leaf dataset/mango leaf/mango anthracnose/mango anthracnose (339).jpg,13229549060000657436,mango anthracnose
multiple leaf dataset/mango leaf/mango anthracnose/mango anthracnose (34).jpg,13105698246177984472,mango anthracnose
multiple leaf dataset/mango leaf/mango anthracnose/mango anthracnose (340).jpg,13229549060000657436,mango anthracnose
multiple leaf dataset/mango leaf/mango anthracnose/mango anthracnose (341).jpg,13179236449941178393,mango anthracnose
multiple leaf dataset/mango leaf/mango anthracnose/mango anthracnose (342).jpg,13179236449941178393,mango anthracnose
multiple leaf dataset/mango leaf/mango anthracnose/mango anthracnose (343).jpg,11881847225038867853,mango anthracnose
multiple leaf dataset/mango leaf/mango anthracnose/mango anthracnose (344).jpg,11881847225038867853,mango anthracnose
multiple leaf dataset/mango leaf/mango anthracnose/mango anthracnose (345).jpg,9764860006968881055,mango anthracnose
multiple leaf dataset/mango leaf/mango anthracnose/mango anthracnose (346).jpg,9764860006968881055,mango anthracnose
multiple leaf dataset/mango leaf/mango anthracnose/mango anthracnose (347).jpg,9764297091374808983,mango anthracnose
multiple leaf dataset/mango leaf/mango anthracnose/mango anthracnose (348).jpg,13591002452374119216,mango anthracnose
multiple leaf dataset/mango leaf/mango anthracnose/mango anthracnose (349).jpg,13807896134235901761,mango anthracnose
multiple leaf dataset/mango leaf/mango anthracnose/mango anthracnose (35).jpg,12885871436474240038,mango anthracnose
multiple leaf dataset/mango leaf/mango anthracnose/mango anthracnose (350).jpg,18416767403131110240,mango anthracnose
multiple leaf dataset/mango leaf/mango anthracnose/mango anthracnose (351).jpg,18347527856086371907,mango anthracnose
multiple leaf dataset/mango leaf/mango anthracnose/mango anthracnose (352).jpg,12070703014569011043,mango anthracnose
multiple leaf dataset/mango leaf/mango anthracnose/mango anthracnose (353).jpg,12639574587703153438,mango anthracnose
multiple leaf dataset/mango leaf/mango anthracnose/mango anthracnose (354).jpg,13905038817588097159,mango anthracnose
multiple leaf dataset/mango leaf/mango anthracnose/mango anthracnose (355).jpg,13302170453924889347,mango anthracnose
multiple leaf dataset/mango leaf/mango anthracnose/mango anthracnose (356).jpg,13153819259857586161,mango anthracnose
multiple leaf dataset/mango leaf/mango anthracnose/mango anthracnose (357).jpg,16989711020273437589,mango anthracnose
multiple leaf dataset/mango leaf/mango anthracnose/mango anthracnose (358).jpg,17257935056136847251,mango anthracnose
multiple leaf dataset/mango leaf/mango anthracnose/mango anthracnose (359).jpg,12391817331906105862,mango anthracnose
multiple leaf dataset/mango leaf/mango anthracnose/mango anthracnose (36).jpg,13311741953358047544,mango anthracnose
multiple leaf dataset/mango leaf/mango anthracnose/mango anthracnose (360).jpg,17337318439374341027,mango anthracnose
multiple leaf dataset/mango leaf/mango anthracnose/mango anthracnose (361).jpg,17354514753602922569,mango anthracnose
multiple leaf dataset/mango leaf/mango anthracnose/mango anthracnose (362).jpg,16774180405792846478,mango anthracnose
multiple leaf dataset/mango leaf/mango anthracnose/mango anthracnose (363).jpg,12738788641540065230,mango anthracnose
multiple leaf dataset/mango leaf/mango anthracnose/mango anthracnose (364).jpg,12882352733785201049,mango anthracnose
multiple leaf dataset/mango leaf/mango anthracnose/mango anthracnose (365).jpg,13031951828078235110,mango anthracnose
multiple leaf dataset/mango leaf/mango anthracnose/mango anthracnose (366).jpg,11062748275098022140,mango anthracnose
multiple leaf dataset/mango leaf/mango anthracnose/mango anthracnose (367).jpg,12878264383468326119,mango anthracnose
multiple leaf dataset/mango leaf/mango anthracnose/mango anthracnose (368).jpg,12747376743590272193,mango anthracnose
multiple leaf dataset/mango leaf/mango anthracnose/mango anthracnose (369).jpg,12747092647270441926,mango anthracnose
multiple leaf dataset/mango leaf/mango anthracnose/mango anthracnose (37).jpg,13663572037944086373,mango anthracnose
multiple leaf dataset/mango leaf/mango anthracnose/mango anthracnose (370).jpg,13826837122009829779,mango anthracnose
multiple leaf dataset/mango leaf/mango anthracnose/mango anthracnose (371).jpg,17909062515569184846,mango anthracnose
multiple leaf dataset/mango leaf/mango anthracnose/mango anthracnose (372).jpg,11644285429258336568,mango anthracnose
multiple leaf dataset/mango leaf/mango anthracnose/mango anthracnose (373).jpg,13169542256135246818,mango anthracnose
multiple leaf dataset/mango leaf/mango anthracnose/mango anthracnose (374).jpg,17134848998785521452,mango anthracnose
multiple leaf dataset/mango leaf/mango anthracnose/mango anthracnose (375).jpg,10347817464142221358,mango anthracnose
multiple leaf dataset/mango leaf/mango anthracnose/mango anthracnose (376).jpg,10731954923182880456,mango anthracnose
multiple leaf dataset/mango leaf/mango anthracnose/mango anthracnose (377).jpg,14113204156680943203,mango anthracnose
multiple leaf dataset/mango leaf/mango anthracnose/mango anthracnose (378).jpg,17278781481615507997,mango anthracnose
multiple leaf dataset/mango leaf/mango anthracnose/mango anthracnose (379).jpg,18284823851838231111,mango anthracnose
multiple leaf dataset/mango leaf/mango anthracnose/mango anthracnose (38).jpg,12604098262826830362,mango anthracnose
multiple leaf dataset/mango leaf/mango anthracnose/mango anthracnose (380).jpg,17278228965060695077,mango anthracnose
multiple leaf dataset/mango leaf/mango anthracnose/mango anthracnose (381).jpg,16701768212824380453,mango anthracnose
multiple leaf dataset/mango leaf/mango anthracnose/mango anthracnose (382).jpg,16774673008971657884,mango anthracnose
multiple leaf dataset/mango leaf/mango anthracnose/mango anthracnose (383).jpg,16775794484317427348,mango anthracnose
multiple leaf dataset/mango leaf/mango anthracnose/mango anthracnose (384).jpg,17215783661331060881,mango anthracnose
multiple leaf dataset/mango leaf/mango anthracnose/mango anthracnose (385).jpg,13807688705937884192,mango anthracnose
multiple leaf dataset/mango leaf/mango anthracnose/mango anthracnose (386).jpg,16559483684226109645,mango anthracnose
multiple leaf dataset/mango leaf/mango anthracnose/mango anthracnose (387).jpg,17208676933043912560,mango anthracnose
multiple leaf dataset/mango leaf/mango anthracnose/mango anthracnose (388).jpg,14915219650118862879,mango anthracnose
multiple leaf dataset/mango leaf/mango anthracnose/mango anthracnose (389).jpg,16262998959856169958,mango anthracnose
multiple leaf dataset/mango leaf/mango anthracnose/mango anthracnose (39).jpg,12019151074506283299,mango anthracnose
multiple leaf dataset/mango leaf/mango anthracnose/mango anthracnose (390).jpg,17069081545404899216,mango anthracnose
multiple leaf dataset/mango leaf/mango anthracnose/mango anthracnose (391).jpg,12725705582830541249,mango anthracnose
multiple leaf dataset/mango leaf/mango anthracnose/mango anthracnose (392).jpg,12942093864146061004,mango anthracnose
multiple leaf dataset/mango leaf/mango anthracnose/mango anthracnose (393).jpg,13032453215731489075,mango anthracnose
multiple leaf dataset/mango leaf/mango anthracnose/mango anthracnose (394).jpg,11668150653040146067,mango anthracnose
multiple leaf dataset/mango leaf/mango anthracnose/mango anthracnose (395).jpg,12077257588046863969,mango anthracnose
multiple leaf dataset/mango leaf/mango anthracnose/mango anthracnose (396).jpg,16400506120184252812,mango anthracnose
multiple leaf dataset/mango leaf/mango anthracnose/mango anthracnose (397).jpg,13484292500762514610,mango anthracnose
multiple leaf dataset/mango leaf/mango anthracnose/mango anthracnose (398).jpg,11850057094328511670,mango anthracnose
multiple leaf dataset/mango leaf/mango anthracnose/mango anthracnose (399).jpg,12027382419388197570,mango anthracnose
multiple leaf dataset/mango leaf/mango anthracnose/mango anthracnose (4).jpg,12891497414943951768,mango anthracnose
multiple leaf dataset/mango leaf/mango anthracnose/mango anthracnose (40).jpg,12652520540168201682,mango anthracnose
multiple leaf dataset/mango leaf/mango anthracnose/mango anthracnose (400).jpg,12027303942819529372,mango anthracnose
multiple leaf dataset/mango leaf/mango anthracnose/mango anthracnose (401).jpg,10937252500919396050,mango anthracnose
multiple leaf dataset/mango leaf/mango anthracnose/mango anthracnose (402).jpg,13180849982708162276,mango anthracnose
multiple leaf dataset/mango leaf/mango anthracnose/mango anthracnose (403).jpg,13254033820253985458,mango anthracnose
multiple leaf dataset/mango leaf/mango anthracnose/mango anthracnose (404).jpg,12754062424186407698,mango anthracnose
multiple leaf dataset/mango leaf/mango anthracnose/mango anthracnose (405).jpg,18423528445318111778,mango anthracnose
multiple leaf dataset/mango leaf/mango anthracnose/mango anthracnose (406).jpg,18061287493943669056,mango anthracnose
multiple leaf dataset/mango leaf/mango anthracnose/mango anthracnose (407).jpg,16947560356214564053,mango anthracnose
multiple leaf dataset/mango leaf/mango anthracnose/mango anthracnose (408).jpg,16903645930989183645,mango anthracnose
multiple leaf dataset/mango leaf/mango anthracnose/mango anthracnose (409).jpg,16903580373547836144,mango anthracnose
multiple leaf dataset/mango leaf/mango anthracnose/mango anthracnose (41).jpg,12655060390461853477,mango anthracnose
multiple leaf dataset/mango leaf/mango anthracnose/mango anthracnose (410).jpg,12942728918793947270,mango anthracnose
multiple leaf dataset/mango leaf/mango anthracnose/mango anthracnose (411).jpg,17263933901178423981,mango anthracnose
multiple leaf dataset/mango leaf/mango anthracnose/mango anthracnose (412).jpg,18284775281079357306,mango anthracnose
multiple leaf dataset/mango leaf/mango anthracnose/mango anthracnose (413).jpg,12309346215945082314,mango anthracnose
multiple leaf dataset/mango leaf/mango anthracnose/mango anthracnose (414).jpg,17210828457596065939,mango anthracnose
multiple leaf dataset/mango leaf/mango anthracnose/mango anthracnose (415).jpg,16615528015671273417,mango anthracnose
multiple leaf dataset/mango leaf/mango anthracnose/mango anthracnose (416).jpg,16614398821524776649,mango anthracnose
multiple leaf dataset/mango leaf/mango anthracnose/mango anthracnose (417).jpg,16614511135173692620,mango anthracnose
multiple leaf dataset/mango leaf/mango anthracnose/mango anthracnose (418).jpg,18142774951066511787,mango anthracnose
multiple leaf dataset/mango leaf/mango anthracnose/mango anthracnose (419).jpg,13683498733580358438,mango anthracnose
multiple leaf dataset/mango leaf/mango anthracnose/mango anthracnose (42).jpg,11715504108941972962,mango anthracnose
multiple leaf dataset/mango leaf/mango anthracnose/mango anthracnose (420).jpg,12970183295369250944,mango anthracnose
multiple leaf dataset/mango leaf/mango anthracnose/mango anthracnose (421).jpg,16844456034832914124,mango anthracnose
multiple leaf dataset/mango leaf/mango anthracnose/mango anthracnose (422).jpg,16556242159945553608,mango anthracnose
multiple leaf dataset/mango leaf/mango anthracnose/mango anthracnose (423).jpg,16557989594298323508,mango anthracnose
multiple leaf dataset/mango leaf/mango anthracnose/mango anthracnose (424).jpg,17134396512276615988,mango anthracnose
multiple leaf dataset/mango leaf/mango anthracnose/mango anthracnose (425).jpg,17114476203374588506,mango anthracnose
multiple leaf dataset/mango leaf/mango anthracnose/mango anthracnose (426).jpg,16903369946908038600,mango anthracnose
multiple leaf dataset/mango leaf/mango anthracnose/mango anthracnose (427).jpg,12816343140856677987,mango anthracnose
multiple leaf dataset/mango leaf/mango anthracnose/mango anthracnose (428).jpg,12317222455095487168,mango anthracnose
multiple leaf dataset/mango leaf/mango anthracnose/mango anthracnose (429).jpg,12963203547848087944,mango anthracnose
multiple leaf dataset/mango leaf/mango anthracnose/mango anthracnose (43).jpg,12320393467819247765,mango anthracnose
multiple leaf dataset/mango leaf/mango anthracnose/mango anthracnose (430).jpg,12891215394606992280,mango anthracnose
multiple leaf dataset/mango leaf/mango anthracnose/mango anthracnose (431).jpg,12387652814663585713,mango anthracnose
multiple leaf dataset/mango leaf/mango anthracnose/mango anthracnose (432).jpg,16927554996166902465,mango anthracnose
multiple leaf dataset/mango leaf/mango anthracnose/mango anthracnose (433).jpg,13399278084011705952,mango anthracnose
multiple leaf dataset/mango leaf/mango anthracnose/mango anthracnose (434).jpg,12219605454679886561,mango anthracnose
multiple leaf dataset/mango leaf/mango anthracnose/mango anthracnose (435).jpg,9912654768996733150,mango anthracnose
multiple leaf dataset/mango leaf/mango anthracnose/mango anthracnose (436).jpg,12941529926276615334,mango anthracnose
multiple leaf dataset/mango leaf/mango anthracnose/mango anthracnose (437).jpg,12207791955922853872,mango anthracnose
multiple leaf dataset/mango leaf/mango anthracnose/mango anthracnose (438).jpg,17163101358547474182,mango anthracnose
multiple leaf dataset/mango leaf/mango anthracnose/mango anthracnose (439).jpg,11623114660961183532,mango anthracnose
multiple leaf dataset/mango leaf/mango anthracnose/mango anthracnose (44).jpg,12738036380457985661,mango anthracnose
multiple leaf dataset/mango leaf/mango anthracnose/mango anthracnose (440).jpg,12111806036249527146,mango anthracnose
multiple leaf dataset/mango leaf/mango anthracnose/mango anthracnose (441).jpg,15389520627463610424,mango anthracnose
multiple leaf dataset/mango leaf/mango anthracnose/mango anthracnose (442).jpg,17782072121824381832,mango anthracnose
multiple leaf dataset/mango leaf/mango anthracnose/mango anthracnose (443).jpg,16975954211885031630,mango anthracnose
multiple leaf dataset/mango leaf/mango anthracnose/mango anthracnose (444).jpg,16845604529757787907,mango anthracnose
multiple leaf dataset/mango leaf/mango anthracnose/mango anthracnose (445).jpg,16541037753311874085,mango anthracnose
multiple leaf dataset/mango leaf/mango anthracnose/mango anthracnose (446).jpg,16921911840858376880,mango anthracnose
multiple leaf dataset/mango leaf/mango anthracnose/mango anthracnose (447).jpg,16495499692108715472,mango anthracnose
multiple leaf dataset/mango leaf/mango anthracnose/mango anthracnose (448).jpg,17481442852647506997,mango anthracnose
multiple leaf dataset/mango leaf/mango anthracnose/mango anthracnose (449).jpg,14470827174155556341,mango anthracnose
multiple leaf dataset/mango leaf/mango anthracnose/mango anthracnose (45).jpg,12959336131390249010,mango anthracnose
multiple leaf dataset/mango leaf/mango anthracnose/mango anthracnose (450).jpg,17403464990249551218,mango anthracnose
multiple leaf dataset/mango leaf/mango anthracnose/mango anthracnose (451).jpg,17621326926832801418,mango anthracnose
multiple leaf dataset/mango leaf/mango anthracnose/mango anthracnose (452).jpg,18288160630162313780,mango anthracnose
multiple leaf dataset/mango leaf/mango anthracnose/mango anthracnose (453).jpg,18310937829989140676,mango anthracnose
multiple leaf dataset/mango leaf/mango anthracnose/mango anthracnose (454).jpg,13424937743162573216,mango anthracnose
multiple leaf dataset/mango leaf/mango anthracnose/mango anthracnose (455).jpg,17637394361542214547,mango anthracnose
multiple leaf dataset/mango leaf/mango anthracnose/mango anthracnose (456).jpg,17637394327190865810,mango anthracnose
multiple leaf dataset/mango leaf/mango anthracnose/mango anthracnose (457).jpg,18285375797373212962,mango anthracnose
multiple leaf dataset/mango leaf/mango anthracnose/mango anthracnose (458).jpg,16760373508128883104,mango anthracnose
multiple leaf dataset/mango leaf/mango anthracnose/mango anthracnose (459).jpg,18415711726486986855,mango anthracnose
multiple leaf dataset/mango leaf/mango anthracnose/mango anthracnose (46).jpg,12436358186101806313,mango anthracnose
multiple leaf dataset/mango leaf/mango anthracnose/mango anthracnose (460).jpg,17134397439968708246,mango anthracnose
multiple leaf dataset/mango leaf/mango anthracnose/mango anthracnose (461).jpg,13178814121830309137,mango anthracnose
multiple leaf dataset/mango leaf/mango anthracnose/mango anthracnose (462).jpg,16920223268283455910,mango anthracnose
multiple leaf dataset/mango leaf/mango anthracnose/mango anthracnose (463).jpg,17361596219088866972,mango anthracnose
multiple leaf dataset/mango leaf/mango anthracnose/mango anthracnose (464).jpg,17322471223397750937,mango anthracnose
multiple leaf dataset/mango leaf/mango anthracnose/mango anthracnose (465).jpg,13417014082588651919,mango anthracnose
multiple leaf dataset/mango leaf/mango anthracnose/mango anthracnose (466).jpg,13682428379945945227,mango anthracnose
multiple leaf dataset/mango leaf/mango anthracnose/mango anthracnose (467).jpg,17766023929876918588,mango anthracnose
multiple leaf dataset/mango leaf/mango anthracnose/mango anthracnose (468).jpg,17645326660897476592,mango anthracnose
multiple leaf dataset/mango leaf/mango anthracnose/mango anthracnose (469).jpg,12293372213612179964,mango anthracnose
multiple leaf dataset/mango leaf/mango anthracnose/mango anthracnose (47).jpg,18284827923189959578,mango anthracnose
multiple leaf dataset/mango leaf/mango anthracnose/mango anthracnose (470).jpg,10022695977004877426,mango anthracnose
multiple leaf dataset/mango leaf/mango anthracnose/mango anthracnose (471).jpg,13575198507331079962,mango anthracnose
multiple leaf dataset/mango leaf/mango anthracnose/mango anthracnose (472).jpg,12999021955207539817,mango anthracnose
multiple leaf dataset/mango leaf/mango anthracnose/mango anthracnose (473).jpg,16828463231094436550,mango anthracnose
multiple leaf dataset/mango leaf/mango anthracnose/mango anthracnose (474).jpg,16641807559108106392,mango anthracnose
multiple leaf dataset/mango leaf/mango anthracnose/mango anthracnose (475).jpg,17426836433106319768,mango anthracnose
multiple leaf dataset/mango leaf/mango anthracnose/mango anthracnose (476).jpg,13917418305969146655,mango anthracnose
multiple leaf dataset/mango leaf/mango anthracnose/mango anthracnose (477).jpg,15320334893099501796,mango anthracnose
multiple leaf dataset/mango leaf/mango anthracnose/mango anthracnose (478).jpg,16039504515423734126,mango anthracnose
multiple leaf dataset/mango leaf/mango anthracnose/mango anthracnose (479).jpg,18286462186476367934,mango anthracnose
multiple leaf dataset/mango leaf/mango anthracnose/mango anthracnose (48).jpg,17637731219303460041,mango anthracnose
multiple leaf dataset/mango leaf/mango anthracnose/mango anthracnose (480).jpg,16917512968846233242,mango anthracnose
multiple leaf dataset/mango leaf/mango anthracnose/mango anthracnose (481).jpg,18051999053148023832,mango anthracnose
multiple leaf dataset/mango leaf/mango anthracnose/mango anthracnose (482).jpg,17069095795956573901,mango anthracnose
multiple leaf dataset/mango leaf/mango anthracnose/mango anthracnose (483).jpg,16839971986628529037,mango anthracnose
multiple leaf dataset/mango leaf/mango anthracnose/mango anthracnose (484).jpg,17542040369377097255,mango anthracnose
multiple leaf dataset/mango leaf/mango anthracnose/mango anthracnose (485).jpg,17397630512193636295,mango anthracnose
multiple leaf dataset/mango leaf/mango anthracnose/mango anthracnose (486).jpg,17430276028580990083,mango anthracnose
multiple leaf dataset/mango leaf/mango anthracnose/mango anthracnose (487).jpg,17430276307656343686,mango anthracnose
multiple leaf dataset/mango leaf/mango anthracnose/mango anthracnose (488).jpg,12915981997061557361,mango anthracnose
multiple leaf dataset/mango leaf/mango anthracnose/mango anthracnose (489).jpg,17359062155132669068,mango anthracnose
multiple leaf dataset/mango leaf/mango anthracnose/mango anthracnose (49).jpg,16559060401240974389,mango anthracnose
multiple leaf dataset/mango leaf/mango anthracnose/mango anthracnose (490).jpg,17394817440010489037,mango anthracnose
multiple leaf dataset/mango leaf/mango anthracnose/mango anthracnose (491).jpg,17785145019009023816,mango anthracnose
multiple leaf dataset/mango leaf/mango anthracnose/mango anthracnose (492).jpg,17131837286419374698,mango anthracnose
multiple leaf dataset/mango leaf/mango anthracnose/mango anthracnose (493).jpg,17567643401249305190,mango anthracnose
multiple leaf dataset/mango leaf/mango anthracnose/mango anthracnose (494).jpg,13107103405963611384,mango anthracnose
multiple leaf dataset/mango leaf/mango anthracnose/mango anthracnose (495).jpg,13811344615548071273,mango anthracnose
multiple leaf dataset/mango leaf/mango anthracnose/mango anthracnose (496).jpg,13178313287370088432,mango anthracnose
multiple leaf dataset/mango leaf/mango anthracnose/mango anthracnose (497).jpg,12670808042850189760,mango anthracnose
multiple leaf dataset/mango leaf/mango anthracnose/mango anthracnose (498).jpg,16496009865055081108,mango anthracnose
multiple leaf dataset/mango leaf/mango anthracnose/mango anthracnose (499).jpg,11789241190504477489,mango anthracnose
multiple leaf dataset/mango leaf/mango anthracnose/mango anthracnose (5).jpg,12812404984359950563,mango anthracnose
multiple leaf dataset/mango leaf/mango anthracnose/mango anthracnose (50).jpg,18416556332350988461,mango anthracnose
multiple leaf dataset/mango leaf/mango anthracnose/mango anthracnose (500).jpg,12222433923595504686,mango anthracnose
multiple leaf dataset/mango leaf/mango anthracnose/mango anthracnose (51).jpg,17560533916994542732,mango anthracnose
multiple leaf dataset/mango leaf/mango anthracnose/mango anthracnose (52).jpg,12335243744913156638,mango anthracnose
multiple leaf dataset/mango leaf/mango anthracnose/mango anthracnose (53).jpg,12640417311073034689,mango anthracnose
multiple leaf dataset/mango leaf/mango anthracnose/mango anthracnose (54).jpg,11918158048898030768,mango anthracnose
multiple leaf dataset/mango leaf/mango anthracnose/mango anthracnose (55).jpg,11992198584906378803,mango anthracnose
multiple leaf dataset/mango leaf/mango anthracnose/mango anthracnose (56).jpg,11976084389488269670,mango anthracnose
multiple leaf dataset/mango leaf/mango anthracnose/mango anthracnose (57).jpg,16905832817657482224,mango anthracnose
multiple leaf dataset/mango leaf/mango anthracnose/mango anthracnose (58).jpg,16904143975446562707,mango anthracnose
multiple leaf dataset/mango leaf/mango anthracnose/mango anthracnose (59).jpg,16903631596648571753,mango anthracnose
multiple leaf dataset/mango leaf/mango anthracnose/mango anthracnose (6).jpg,11858762211738074236,mango anthracnose
multiple leaf dataset/mango leaf/mango anthracnose/mango anthracnose (60).jpg,12882992265174333161,mango anthracnose
multiple leaf dataset/mango leaf/mango anthracnose/mango anthracnose (61).jpg,16197224882520048446,mango anthracnose
multiple leaf dataset/mango leaf/mango anthracnose/mango anthracnose (62).jpg,16617117800227674470,mango anthracnose
multiple leaf dataset/mango leaf/mango anthracnose/mango anthracnose (63).jpg,16903298486925357741,mango anthracnose
multiple leaf dataset/mango leaf/mango anthracnose/mango anthracnose (64).jpg,17264715662871471241,mango anthracnose
multiple leaf dataset/mango leaf/mango anthracnose/mango anthracnose (65).jpg,16972260177498250405,mango anthracnose
multiple leaf dataset/mango leaf/mango anthracnose/mango anthracnose (66).jpg,16540766172200121286,mango anthracnose
multiple leaf dataset/mango leaf/mango anthracnose/mango anthracnose (67).jpg,16630836519362481700,mango anthracnose
multiple leaf dataset/mango leaf/mango anthracnose/mango anthracnose (68).jpg,17549641207760768563,mango anthracnose
multiple leaf dataset/mango leaf/mango anthracnose/mango anthracnose (69).jpg,16760034315782740065,mango anthracnose
multiple leaf dataset/mango leaf/mango anthracnose/mango anthracnose (7).jpg,9439493451943498056,mango anthracnose
multiple leaf dataset/mango leaf/mango anthracnose/mango anthracnose (70).jpg,16396640216738272878,mango anthracnose
multiple leaf dataset/mango leaf/mango anthracnose/mango anthracnose (71).jpg,16702893975562112329,mango anthracnose
multiple leaf dataset/mango leaf/mango anthracnose/mango anthracnose (72).jpg,12522771901699705203,mango anthracnose
multiple leaf dataset/mango leaf/mango anthracnose/mango anthracnose (73).jpg,12445871870335752596,mango anthracnose
multiple leaf dataset/mango leaf/mango anthracnose/mango anthracnose (74).jpg,16630836383131591781,mango anthracnose
multiple leaf dataset/mango leaf/mango anthracnose/mango anthracnose (75).jpg,16695857897381071001,mango anthracnose
multiple leaf dataset/mango leaf/mango anthracnose/mango anthracnose (76).jpg,18239189546695680689,mango anthracnose
multiple leaf dataset/mango leaf/mango anthracnose/mango anthracnose (77).jpg,17228453168814100241,mango anthracnose
multiple leaf dataset/mango leaf/mango anthracnose/mango anthracnose (78).jpg,16253659072250164939,mango anthracnose
multiple leaf dataset/mango leaf/mango anthracnose/mango anthracnose (79).jpg,18248468868074878302,mango anthracnose
multiple leaf dataset/mango leaf/mango anthracnose/mango anthracnose (8).jpg,12882152230180252780,mango anthracnose
multiple leaf dataset/mango leaf/mango anthracnose/mango anthracnose (80).jpg,17406567378976319411,mango anthracnose
multiple leaf dataset/mango leaf/mango anthracnose/mango anthracnose (81).jpg,17309758681916747864,mango anthracnose
multiple leaf dataset/mango leaf/mango anthracnose/mango anthracnose (82).jpg,17668890601893823457,mango anthracnose
multiple leaf dataset/mango leaf/mango anthracnose/mango anthracnose (83).jpg,18321928334747420439,mango anthracnose
multiple leaf dataset/mango leaf/mango anthracnose/mango anthracnose (84).jpg,17105959847336306982,mango anthracnose
multiple leaf dataset/mango leaf/mango anthracnose/mango anthracnose (85).jpg,18259212290390331604,mango anthracnose
multiple leaf dataset/mango leaf/mango anthracnose/mango anthracnose (86).jpg,16558779473303779779,mango anthracnose
multiple leaf dataset/mango leaf/mango anthracnose/mango anthracnose (87).jpg,18069151162686276398,mango anthracnose
multiple leaf dataset/mango leaf/mango anthracnose/mango anthracnose (88).jpg,17998802166291061456,mango anthracnose
multiple leaf dataset/mango leaf/mango anthracnose/mango anthracnose (89).jpg,17350061049446045334,mango anthracnose
multiple leaf dataset/mango leaf/mango anthracnose/mango anthracnose (9).jpg,12725147691922306712,mango anthracnose
multiple leaf dataset/mango leaf/mango anthracnose/mango anthracnose (90).jpg,17549486066050292217,mango anthracnose
multiple leaf dataset/mango leaf/mango anthracnose/mango anthracnose (91).jpg,17262514397474280120,mango anthracnose
multiple leaf dataset/mango leaf/mango anthracnose/mango anthracnose (92).jpg,18356836172145245608,mango anthracnose
multiple leaf dataset/mango leaf/mango anthracnose/mango anthracnose (93).jpg,18065562497315620808,mango anthracnose
multiple leaf dataset/mango leaf/mango anthracnose/mango anthracnose (94).jpg,18410856286821328222,mango anthracnose
multiple leaf dataset/mango leaf/mango anthracnose/mango anthracnose (95).jpg,16772423391576085021,mango anthracnose
multiple leaf dataset/mango leaf/mango anthracnose/mango anthracnose (96).jpg,18356836182208622416,mango anthracnose
multiple leaf dataset/mango leaf/mango anthracnose/mango anthracnose (97).jpg,18428904705407696923,mango anthracnose
multiple leaf dataset/mango leaf/mango anthracnose/mango anthracnose (98).jpg,17352257432681497369,mango anthracnose
multiple leaf dataset/mango leaf/mango anthracnose/mango anthracnose (99).jpg,17351412461754959548,mango anthracnose
multiple leaf dataset/mango leaf/mango die back/mango die back (1).jpg,17737011070787871204,mango die back
multiple leaf dataset/mango leaf/mango die back/mango die back (10).jpg,12364017498043435236,mango die back
multiple leaf dataset/mango leaf/mango die back/mango die back (100).jpg,12955954742306163558,mango die back
multiple leaf dataset/mango leaf/mango die back/mango die back (101).jpg,15987795411990453425,mango die back
multiple leaf dataset/mango leaf/mango die back/mango die back (102).jpg,15115011018664444798,mango die back
multiple leaf dataset/mango leaf/mango die back/mango die back (103).jpg,17853141815083099676,mango die back
multiple leaf dataset/mango leaf/mango die back/mango die back (104).jpg,15334224238044000710,mango die back
multiple leaf dataset/mango leaf/mango die back/mango die back (105).jpg,16531899712569897254,mango die back
multiple leaf dataset/mango leaf/mango die back/mango die back (106).jpg,15476071398859365182,mango die back
multiple leaf dataset/mango leaf/mango die back/mango die back (107).jpg,15406562202804093918,mango die back
multiple leaf dataset/mango leaf/mango die back/mango die back (108).jpg,15332255003602340281,mango die back
multiple leaf dataset/mango leaf/mango die back/mango die back (109).jpg,18293920315772831636,mango die back
multiple leaf dataset/mango leaf/mango die back/mango die back (11).jpg,13158336008285851283,mango die back
multiple leaf dataset/mango leaf/mango die back/mango die back (110).jpg,17418825578121596822,mango die back
multiple leaf dataset/mango leaf/mango die back/mango die back (111).jpg,15327468933077037681,mango die back
multiple leaf dataset/mango leaf/mango die back/mango die back (112).jpg,12955898679947155763,mango die back
multiple leaf dataset/mango leaf/mango die back/mango die back (113).jpg,12869542564778424632,mango die back
multiple leaf dataset/mango leaf/mango die back/mango die back (114).jpg,12959335305887401511,mango die back
multiple leaf dataset/mango leaf/mango die back/mango die back (115).jpg,12956514402309675025,mango die back
multiple leaf dataset/mango leaf/mango die back/mango die back (116).jpg,12738376814239402264,mango die back
multiple leaf dataset/mango leaf/mango die back/mango die back (117).jpg,12810997374682084297,mango die back
multiple leaf dataset/mango leaf/mango die back/mango die back (118).jpg,12960452509971781692,mango die back
multiple leaf dataset/mango leaf/mango die back/mango die back (119).jpg,12959613921320471756,mango die back
multiple leaf dataset/mango leaf/mango die back/mango die back (12).jpg,13610386704134704297,mango die back
multiple leaf dataset/mango leaf/mango die back/mango die back (120).jpg,13462883721054013991,mango die back
multiple leaf dataset/mango leaf/mango die back/mango die back (121).jpg,12023090816859871590,mango die back
multiple leaf dataset/mango leaf/mango die back/mango die back (122).jpg,12664624208985509145,mango die back
multiple leaf dataset/mango leaf/mango die back/mango die back (123).jpg,12954265926831803449,mango die back
multiple leaf dataset/mango leaf/mango die back/mango die back (124).jpg,12956517705077868946,mango die back
multiple leaf dataset/mango leaf/mango die back/mango die back (125).jpg,12963220760953457456,mango die back
multiple leaf dataset/mango leaf/mango die back/mango die back (126).jpg,12308784099206731212,mango die back
multiple leaf dataset/mango leaf/mango die back/mango die back (127).jpg,11802977169471990217,mango die back
multiple leaf dataset/mango leaf/mango die back/mango die back (128).jpg,13807977910137560591,mango die back
multiple leaf dataset/mango leaf/mango die back/mango die back (129).jpg,12957925732852010188,mango die back
multiple leaf dataset/mango leaf/mango die back/mango die back (13).jpg,12711206659296408463,mango die back
multiple leaf dataset/mango leaf/mango die back/mango die back (130).jpg,12235047293166573715,mango die back
multiple leaf dataset/mango leaf/mango die back/mango die back (131).jpg,12017320365951405304,mango die back
multiple leaf dataset/mango leaf/mango die back/mango die back (132).jpg,10001039797152043574,mango die back
multiple leaf dataset/mango leaf/mango die back/mango die back (133).jpg,12220186401344461773,mango die back
multiple leaf dataset/mango leaf/mango die back/mango die back (134).jpg,12021120934181364275,mango die back
multiple leaf dataset/mango leaf/mango die back/mango die back (135).jpg,13610387803629554793,mango die back
multiple leaf dataset/mango leaf/mango die back/mango die back (136).jpg,12652804192593464806,mango die back
multiple leaf dataset/mango leaf/mango die back/mango die back (137).jpg,12812403603578197189,mango die back
multiple leaf dataset/mango leaf/mango die back/mango die back (138).jpg,13590892565647935636,mango die back
multiple leaf dataset/mango leaf/mango die back/mango die back (139).jpg,12243209935687272779,mango die back
multiple leaf dataset/mango leaf/mango die back/mango die back (14).jpg,15284739290980428951,mango die back
multiple leaf dataset/mango leaf/mango die back/mango die back (140).jpg,11933078181156513427,mango die back
multiple leaf dataset/mango leaf/mango die back/mango die back (141).jpg,12954054820589849779,mango die back
multiple leaf dataset/mango leaf/mango die back/mango die back (142).jpg,11795306535593940298,mango die back
multiple leaf dataset/mango leaf/mango die back/mango die back (143).jpg,13826270891239212788,mango die back
multiple leaf dataset/mango leaf/mango die back/mango die back (144).jpg,12306883768566041115,mango die back
multiple leaf dataset/mango leaf/mango die back/mango die back (145).jpg,12966932931235316678,mango die back
multiple leaf dataset/mango leaf/mango die back/mango die back (146).jpg,13179448512208935065,mango die back
multiple leaf dataset/mango leaf/mango die back/mango die back (147).jpg,12363721769793577144,mango die back
multiple leaf dataset/mango leaf/mango die back/mango die back (148).jpg,11810294859159148940,mango die back
multiple leaf dataset/mango leaf/mango die back/mango die back (149).jpg,12954266339112504112,mango die back
multiple leaf dataset/mango leaf/mango die back/mango die back (15).jpg,15067152313190112108,mango die back
multiple leaf dataset/mango leaf/mango die back/mango die back (150).jpg,12738375031018931772,mango die back
multiple leaf dataset/mango leaf/mango die back/mango die back (151).jpg,12437475305033636894,mango die back
multiple leaf dataset/mango leaf/mango die back/mango die back (152).jpg,13179375951854211992,mango die back
multiple leaf dataset/mango leaf/mango die back/mango die back (153).jpg,13674557102621465776,mango die back
multiple leaf dataset/mango leaf/mango die back/mango die back (154).jpg,12884455734627439796,mango die back
multiple leaf dataset/mango leaf/mango die back/mango die back (155).jpg,12313005343400560031,mango die back
multiple leaf dataset/mango leaf/mango die back/mango die back (156).jpg,12026524815983546755,mango die back
multiple leaf dataset/mango leaf/mango die back/mango die back (157).jpg,12959613937615537036,mango die back
multiple leaf dataset/mango leaf/mango die back/mango die back (158).jpg,12957925730238780216,mango die back
multiple leaf dataset/mango leaf/mango die back/mango die back (159).jpg,12726275208904088425,mango die back
multiple leaf dataset/mango leaf/mango die back/mango die back (16).jpg,15284728306253390234,mango die back
multiple leaf dataset/mango leaf/mango die back/mango die back (160).jpg,12959614143499241702,mango die back
multiple leaf dataset/mango leaf/mango die back/mango die back (161).jpg,11956156070741841554,mango die back
multiple leaf dataset/mango leaf/mango die back/mango die back (162).jpg,11860678659992556397,mango die back
multiple leaf dataset/mango leaf/mango die back/mango die back (163).jpg,11882409626842076051,mango die back
multiple leaf dataset/mango leaf/mango die back/mango die back (164).jpg,12725426963052098272,mango die back
multiple leaf dataset/mango leaf/mango die back/mango die back (165).jpg,12962428695788439180,mango die back
multiple leaf dataset/mango leaf/mango die back/mango die back (166).jpg,12960388625910162979,mango die back
multiple leaf dataset/mango leaf/mango die back/mango die back (167).jpg,12962429125333821028,mango die back
multiple leaf dataset/mango leaf/mango die back/mango die back (168).jpg,12449812601547672721,mango die back
multiple leaf dataset/mango leaf/mango die back/mango die back (169).jpg,13179375951586058510,mango die back
multiple leaf dataset/mango leaf/mango die back/mango die back (17).jpg,14216476675305842409,mango die back
multiple leaf dataset/mango leaf/mango die back/mango die back (170).jpg,13754212737236821612,mango die back
multiple leaf dataset/mango leaf/mango die back/mango die back (171).jpg,11872783515065639740,mango die back
multiple leaf dataset/mango leaf/mango die back/mango die back (172).jpg,13323842978284217892,mango die back
multiple leaf dataset/mango leaf/mango die back/mango die back (173).jpg,13302656260506148462,mango die back
multiple leaf dataset/mango leaf/mango die back/mango die back (174).jpg,11861014552713444510,mango die back
multiple leaf dataset/mango leaf/mango die back/mango die back (175).jpg,12747100755296728774,mango die back
multiple leaf dataset/mango leaf/mango die back/mango die back (176).jpg,12510889682150660204,mango die back
multiple leaf dataset/mango leaf/mango die back/mango die back (177).jpg,13322710499659551682,mango die back
multiple leaf dataset/mango leaf/mango die back/mango die back (178).jpg,12810432625056592534,mango die back
multiple leaf dataset/mango leaf/mango die back/mango die back (179).jpg,13466693677351541145,mango die back
multiple leaf dataset/mango leaf/mango die back/mango die back (18).jpg,10477420557779163545,mango die back
multiple leaf dataset/mango leaf/mango die back/mango die back (180).jpg,12959403037543531462,mango die back
multiple leaf dataset/mango leaf/mango die back/mango die back (181).jpg,13034767632806916295,mango die back
multiple leaf dataset/mango leaf/mango die back/mango die back (182).jpg,12891215394422833561,mango die back
multiple leaf dataset/mango leaf/mango die back/mango die back (183).jpg,12948214820440426534,mango die back
multiple leaf dataset/mango leaf/mango die back/mango die back (184).jpg,10077530553313906900,mango die back
multiple leaf dataset/mango leaf/mango die back/mango die back (185).jpg,13601889676929419417,mango die back
multiple leaf dataset/mango leaf/mango die back/mango die back (186).jpg,12962231888566076300,mango die back
multiple leaf dataset/mango leaf/mango die back/mango die back (187).jpg,12529229234644013016,mango die back
multiple leaf dataset/mango leaf/mango die back/mango die back (188).jpg,13013235677568004553,mango die back
multiple leaf dataset/mango leaf/mango die back/mango die back (189).jpg,12953422133251421081,mango die back
multiple leaf dataset/mango leaf/mango die back/mango die back (19).jpg,14242831075669935793,mango die back
multiple leaf dataset/mango leaf/mango die back/mango die back (190).jpg,12747384425104483940,mango die back
multiple leaf dataset/mango leaf/mango die back/mango die back (191).jpg,12869542152467898824,mango die back
multiple leaf dataset/mango leaf/mango die back/mango die back (192).jpg,12891499613841705113,mango die back
multiple leaf dataset/mango leaf/mango die back/mango die back (193).jpg,12957868970565289542,mango die back
multiple leaf dataset/mango leaf/mango die back/mango die back (194).jpg,13313149145904008265,mango die back
multiple leaf dataset/mango leaf/mango die back/mango die back (195).jpg,12526431174915430857,mango die back
multiple leaf dataset/mango leaf/mango die back/mango die back (196).jpg,12882153055655139507,mango die back
multiple leaf dataset/mango leaf/mango die back/mango die back (197).jpg,11881847775864200337,mango die back
multiple leaf dataset/mango leaf/mango die back/mango die back (198).jpg,13756456817640104011,mango die back
multiple leaf dataset/mango leaf/mango die back/mango die back (199).jpg,12882208744622485064,mango die back
multiple leaf dataset/mango leaf/mango die back/mango die back (2).jpg,16616905951818179977,mango die back
multiple leaf dataset/mango leaf/mango die back/mango die back (20).jpg,14833087700175063330,mango die back
multiple leaf dataset/mango leaf/mango die back/mango die back (200).jpg,12378664841894960433,mango die back
multiple leaf dataset/mango leaf/mango die back/mango die back (201).jpg,13302620321709726052,mango die back
multiple leaf dataset/mango leaf/mango die back/mango die back (202).jpg,12819017419529492889,mango die back
multiple leaf dataset/mango leaf/mango die back/mango die back (203).jpg,12959417744254815281,mango die back
multiple leaf dataset/mango leaf/mango die back/mango die back (204).jpg,13754210538754371272,mango die back
multiple leaf dataset/mango leaf/mango die back/mango die back (205).jpg,13170242282868819768,mango die back
multiple leaf dataset/mango leaf/mango die back/mango die back (206).jpg,12016898701450326956,mango die back
multiple leaf dataset/mango leaf/mango die back/mango die back (207).jpg,17553229680049572915,mango die back
multiple leaf dataset/mango leaf/mango die back/mango die back (208).jpg,17263920664173963025,mango die back
multiple leaf dataset/mango leaf/mango die back/mango die back (209).jpg,14603367988555806162,mango die back
multiple leaf dataset/mango leaf/mango die back/mango die back (21).jpg,17567641342533912102,mango die back
multiple leaf dataset/mango leaf/mango die back/mango die back (210).jpg,18412268209083105378,mango die back
multiple leaf dataset/mango leaf/mango die back/mango die back (211).jpg,18416837805177552992,mango die back
multiple leaf dataset/mango leaf/mango die back/mango die back (212).jpg,16975637555068111459,mango die back
multiple leaf dataset/mango leaf/mango die back/mango die back (213).jpg,16687751300566764630,mango die back
multiple leaf dataset/mango leaf/mango die back/mango die back (214).jpg,18065492033957645005,mango die back
multiple leaf dataset/mango leaf/mango die back/mango die back (215).jpg,16629991988205360822,mango die back
multiple leaf dataset/mango leaf/mango die back/mango die back (216).jpg,17625064499321017196,mango die back
multiple leaf dataset/mango leaf/mango die back/mango die back (217).jpg,16852967466448604780,mango die back
multiple leaf dataset/mango leaf/mango die back/mango die back (218).jpg,13591515549389972937,mango die back
multiple leaf dataset/mango leaf/mango die back/mango die back (219).jpg,11977491875793692210,mango die back
multiple leaf dataset/mango leaf/mango die back/mango die back (22).jpg,13013884280222398748,mango die back
multiple leaf dataset/mango leaf/mango die back/mango die back (220).jpg,13265567552230024600,mango die back
multiple leaf dataset/mango leaf/mango die back/mango die back (221).jpg,12954210264024403042,mango die back
multiple leaf dataset/mango leaf/mango die back/mango die back (222).jpg,12383373816848096487,mango die back
multiple leaf dataset/mango leaf/mango die back/mango die back (223).jpg,11732327171071829734,mango die back
multiple leaf dataset/mango leaf/mango die back/mango die back (224).jpg,13745409711844460878,mango die back
multiple leaf dataset/mango leaf/mango die back/mango die back (225).jpg,13302735443650421810,mango die back
multiple leaf dataset/mango leaf/mango die back/mango die back (226).jpg,13170381508635646258,mango die back
multiple leaf dataset/mango leaf/mango die back/mango die back (227).jpg,12815105651087972726,mango die back
multiple leaf dataset/mango leaf/mango die back/mango die back (228).jpg,12797203619789391556,mango die back
multiple leaf dataset/mango leaf/mango die back/mango die back (229).jpg,12306813395611142549,mango die back
multiple leaf dataset/mango leaf/mango die back/mango die back (23).jpg,17206726082347741892,mango die back
multiple leaf dataset/mango leaf/mango die back/mango die back (230).jpg,12532842193381910563,mango die back
multiple leaf dataset/mango leaf/mango die back/mango die back (231).jpg,11810211295450010290,mango die back
multiple leaf dataset/mango leaf/mango die back/mango die back (232).jpg,12234264465812015891,mango die back
multiple leaf dataset/mango leaf/mango die back/mango die back (233).jpg,17634014543672973580,mango die back
multiple leaf dataset/mango leaf/mango die back/mango die back (234).jpg,17907041354090518069,mango die back
multiple leaf dataset/mango leaf/mango die back/mango die back (235).jpg,16612821572363981459,mango die back
multiple leaf dataset/mango leaf/mango die back/mango die back (236).jpg,17553229689370395786,mango die back
multiple leaf dataset/mango leaf/mango die back/mango die back (237).jpg,16688528654436393072,mango die back
multiple leaf dataset/mango leaf/mango die back/mango die back (238).jpg,17273152611175275464,mango die back
multiple leaf dataset/mango leaf/mango die back/mango die back (239).jpg,18356888818914856857,mango die back
multiple leaf dataset/mango leaf/mango die back/mango die back (24).jpg,13801211102669792145,mango die back
multiple leaf dataset/mango leaf/mango die back/mango die back (240).jpg,17769402178437172430,mango die back
multiple leaf dataset/mango leaf/mango die back/mango die back (241).jpg,17412759188988916678,mango die back
multiple leaf dataset/mango leaf/mango die back/mango die back (242).jpg,17624992616101235814,mango die back
multiple leaf dataset/mango leaf/mango die back/mango die back (243).jpg,16918497907366900324,mango die back
multiple leaf dataset/mango leaf/mango die back/mango die back (244).jpg,17134396898711029276,mango die back
multiple leaf dataset/mango leaf/mango die back/mango die back (245).jpg,18437882145019105176,mango die back
multiple leaf dataset/mango leaf/mango die back/mango die back (246).jpg,18202643016446658449,mango die back
multiple leaf dataset/mango leaf/mango die back/mango die back (247).jpg,14966751015795662728,mango die back
multiple leaf dataset/mango leaf/mango die back/mango die back (248).jpg,17549556208221015619,mango die back
multiple leaf dataset/mango leaf/mango die back/mango die back (249).jpg,17262460354643137594,mango die back
multiple leaf dataset/mango leaf/mango die back/mango die back (25).jpg,13591519956449125552,mango die back
multiple leaf dataset/mango leaf/mango die back/mango die back (250).jpg,18274636307210177542,mango die back
multiple leaf dataset/mango leaf/mango die back/mango die back (251).jpg,15745311303780702901,mango die back
multiple leaf dataset/mango leaf/mango die back/mango die back (252).jpg,14612655997463534258,mango die back
multiple leaf dataset/mango leaf/mango die back/mango die back (253).jpg,18357394689625856565,mango die back
multiple leaf dataset/mango leaf/mango die back/mango die back (254).jpg,16984645166767117000,mango die back
multiple leaf dataset/mango leaf/mango die back/mango die back (255).jpg,18346710981005101220,mango die back
multiple leaf dataset/mango leaf/mango die back/mango die back (256).jpg,12652798729033441650,mango die back
multiple leaf dataset/mango leaf/mango die back/mango die back (257).jpg,13371413684379270158,mango die back
multiple leaf dataset/mango leaf/mango die back/mango die back (258).jpg,13323842433895010964,mango die back
multiple leaf dataset/mango leaf/mango die back/mango die back (259).jpg,13025832038978994590,mango die back
multiple leaf dataset/mango leaf/mango die back/mango die back (26).jpg,13302726902674141769,mango die back
multiple leaf dataset/mango leaf/mango die back/mango die back (260).jpg,11439355531504951095,mango die back
multiple leaf dataset/mango leaf/mango die back/mango die back (261).jpg,12811839999940400820,mango die back
multiple leaf dataset/mango leaf/mango die back/mango die back (262).jpg,13447123278344507047,mango die back
multiple leaf dataset/mango leaf/mango die back/mango die back (263).jpg,12957083515529304482,mango die back
multiple leaf dataset/mango leaf/mango die back/mango die back (264).jpg,12655048296907673191,mango die back
multiple leaf dataset/mango leaf/mango die back/mango die back (265).jpg,12291943419887668133,mango die back
multiple leaf dataset/mango leaf/mango die back/mango die back (266).jpg,13314835779565296833,mango die back
multiple leaf dataset/mango leaf/mango die back/mango die back (267).jpg,13318766308097641958,mango die back
multiple leaf dataset/mango leaf/mango die back/mango die back (268).jpg,12963273538400694668,mango die back
multiple leaf dataset/mango leaf/mango die back/mango die back (269).jpg,13313657209195612371,mango die back
multiple leaf dataset/mango leaf/mango die back/mango die back (27).jpg,15091992940519629727,mango die back
multiple leaf dataset/mango leaf/mango die back/mango die back (270).jpg,12954266338289984102,mango die back
multiple leaf dataset/mango leaf/mango die back/mango die back (271).jpg,13085435657820122134,mango die back
multiple leaf dataset/mango leaf/mango die back/mango die back (272).jpg,13013936065926990990,mango die back
multiple leaf dataset/mango leaf/mango die back/mango die back (273).jpg,12957925294971034080,mango die back
multiple leaf dataset/mango leaf/mango die back/mango die back (274).jpg,13309437412413413644,mango die back
multiple leaf dataset/mango leaf/mango die back/mango die back (275).jpg,13170383183465415577,mango die back
multiple leaf dataset/mango leaf/mango die back/mango die back (276).jpg,12457408581905849585,mango die back
multiple leaf dataset/mango leaf/mango die back/mango die back (277).jpg,13754503008843424840,mango die back
multiple leaf dataset/mango leaf/mango die back/mango die back (278).jpg,12668836919089679470,mango die back
multiple leaf dataset/mango leaf/mango die back/mango die back (279).jpg,13529873884968603288,mango die back
multiple leaf dataset/mango leaf/mango die back/mango die back (28).jpg,15449134197118606302,mango die back
multiple leaf dataset/mango leaf/mango die back/mango die back (280).jpg,12315883286208932936,mango die back
multiple leaf dataset/mango leaf/mango die back/mango die back (281).jpg,13453833505283791020,mango die back
multiple leaf dataset/mango leaf/mango die back/mango die back (282).jpg,12948777804703242380,mango die back
multiple leaf dataset/mango leaf/mango die back/mango die back (283).jpg,13612002989986718756,mango die back
multiple leaf dataset/mango leaf/mango die back/mango die back (284).jpg,12304561222946821429,mango die back
multiple leaf dataset/mango leaf/mango die back/mango die back (285).jpg,13302734893849521302,mango die back
multiple leaf dataset/mango leaf/mango die back/mango die back (286).jpg,13682161177118052080,mango die back
multiple leaf dataset/mango leaf/mango die back/mango die back (287).jpg,13320105939697304005,mango die back
multiple leaf dataset/mango leaf/mango die back/mango die back (288).jpg,12815217925032429516,mango die back
multiple leaf dataset/mango leaf/mango die back/mango die back (289).jpg,11587701477401352730,mango die back
multiple leaf dataset/mango leaf/mango die back/mango die back (29).jpg,13299067723007979760,mango die back
multiple leaf dataset/mango leaf/mango die back/mango die back (290).jpg,12959187886307462297,mango die back
multiple leaf dataset/mango leaf/mango die back/mango die back (291).jpg,12794951822908935847,mango die back
multiple leaf dataset/mango leaf/mango die back/mango die back (292).jpg,13444872608115510754,mango die back
multiple leaf dataset/mango leaf/mango die back/mango die back (293).jpg,12077392374542616417,mango die back
multiple leaf dataset/mango leaf/mango die back/mango die back (294).jpg,12963273537511588658,mango die back
multiple leaf dataset/mango leaf/mango die back/mango die back (295).jpg,12963414274999897228,mango die back
multiple leaf dataset/mango leaf/mango die back/mango die back (296).jpg,13013378067543450771,mango die back
multiple leaf dataset/mango leaf/mango die back/mango die back (297).jpg,12818166809846663577,mango die back
multiple leaf dataset/mango leaf/mango die back/mango die back (298).jpg,12376055557797876981,mango die back
multiple leaf dataset/mango leaf/mango die back/mango die back (299).jpg,13590956457140295988,mango die back
multiple leaf dataset/mango leaf/mango die back/mango die back (3).jpg,14999844971773223815,mango die back
multiple leaf dataset/mango leaf/mango die back/mango die back (30).jpg,12966721874113121478,mango die back
multiple leaf dataset/mango leaf/mango die back/mango die back (300).jpg,12810150738562502289,mango die back
multiple leaf dataset/mango leaf/mango die back/mango die back (301).jpg,12026468748531190860,mango die back
multiple leaf dataset/mango leaf/mango die back/mango die back (302).jpg,12819160493429725585,mango die back
multiple leaf dataset/mango leaf/mango die back/mango die back (303).jpg,12811699048606320337,mango die back
multiple leaf dataset/mango leaf/mango die back/mango die back (304).jpg,12507281131520593286,mango die back
multiple leaf dataset/mango leaf/mango die back/mango die back (305).jpg,12953225333429094022,mango die back
multiple leaf dataset/mango leaf/mango die back/mango die back (306).jpg,12810884077545376974,mango die back
multiple leaf dataset/mango leaf/mango die back/mango die back (307).jpg,12819010959043052443,mango die back
multiple leaf dataset/mango leaf/mango die back/mango die back (308).jpg,12072626542442678083,mango die back
multiple leaf dataset/mango leaf/mango die back/mango die back (309).jpg,13179376089015566735,mango die back
multiple leaf dataset/mango leaf/mango die back/mango die back (31).jpg,12026468712058558828,mango die back
multiple leaf dataset/mango leaf/mango die back/mango die back (310).jpg,12023232134172154252,mango die back
multiple leaf dataset/mango leaf/mango die back/mango die back (311).jpg,12810292176288009356,mango die back
multiple leaf dataset/mango leaf/mango die back/mango die back (312).jpg,11803048088782013617,mango die back
multiple leaf dataset/mango leaf/mango die back/mango die back (313).jpg,12672514072652398688,mango die back
multiple leaf dataset/mango leaf/mango die back/mango die back (314).jpg,12966932708768664710,mango die back
multiple leaf dataset/mango leaf/mango die back/mango die back (315).jpg,13529029459937645727,mango die back
multiple leaf dataset/mango leaf/mango die back/mango die back (316).jpg,11659706407933220756,mango die back
multiple leaf dataset/mango leaf/mango die back/mango die back (317).jpg,12812415705931749044,mango die back
multiple leaf dataset/mango leaf/mango die back/mango die back (318).jpg,12019153796386429362,mango die back
multiple leaf dataset/mango leaf/mango die back/mango die back (319).jpg,12955807635371249356,mango die back
multiple leaf dataset/mango leaf/mango die back/mango die back (32).jpg,10693603372070823532,mango die back
multiple leaf dataset/mango leaf/mango die back/mango die back (320).jpg,12890233199121777560,mango die back
multiple leaf dataset/mango leaf/mango die back/mango die back (321).jpg,12942517155272049120,mango die back
multiple leaf dataset/mango leaf/mango die back/mango die back (322).jpg,12882208192819668397,mango die back
multiple leaf dataset/mango leaf/mango die back/mango die back (323).jpg,12818175704759934600,mango die back
multiple leaf dataset/mango leaf/mango die back/mango die back (324).jpg,12815070563631285900,mango die back
multiple leaf dataset/mango leaf/mango die back/mango die back (325).jpg,11515634841573884576,mango die back
multiple leaf dataset/mango leaf/mango die back/mango die back (326).jpg,16629985511286869425,mango die back
multiple leaf dataset/mango leaf/mango die back/mango die back (327).jpg,12957362782902996017,mango die back
multiple leaf dataset/mango leaf/mango die back/mango die back (328).jpg,12882208332607011011,mango die back
multiple leaf dataset/mango leaf/mango die back/mango die back (329).jpg,12959614581582533478,mango die back
multiple leaf dataset/mango leaf/mango die back/mango die back (33).jpg,9596400732122212174,mango die back
multiple leaf dataset/mango leaf/mango die back/mango die back (330).jpg,12664346033516940440,mango die back
multiple leaf dataset/mango leaf/mango die back/mango die back (331).jpg,12738375027791202022,mango die back
multiple leaf dataset/mango leaf/mango die back/mango die back (332).jpg,12810153345783794321,mango die back
multiple leaf dataset/mango leaf/mango die back/mango die back (333).jpg,13157773075380178567,mango die back
multiple leaf dataset/mango leaf/mango die back/mango die back (334).jpg,12869542701681424444,mango die back
multiple leaf dataset/mango leaf/mango die back/mango die back (335).jpg,12530361731662613561,mango die back
multiple leaf dataset/mango leaf/mango die back/mango die back (336).jpg,13322711805103468851,mango die back
multiple leaf dataset/mango leaf/mango die back/mango die back (337).jpg,12811839511172990849,mango die back
multiple leaf dataset/mango leaf/mango die back/mango die back (338).jpg,12954265926703354762,mango die back
multiple leaf dataset/mango leaf/mango die back/mango die back (339).jpg,16630835971653618739,mango die back
multiple leaf dataset/mango leaf/mango die back/mango die back (34).jpg,14187536860627100623,mango die back
multiple leaf dataset/mango leaf/mango die back/mango die back (340).jpg,17998579395787629732,mango die back
multiple leaf dataset/mango leaf/mango die back/mango die back (341).jpg,12725427513613075297,mango die back
multiple leaf dataset/mango leaf/mango die back/mango die back (342).jpg,12954547809794180892,mango die back
multiple leaf dataset/mango leaf/mango die back/mango die back (343).jpg,12955955519678434353,mango die back
multiple leaf dataset/mango leaf/mango die back/mango die back (344).jpg,12954209164501566361,mango die back
multiple leaf dataset/mango leaf/mango die back/mango die back (345).jpg,12941600295825606284,mango die back
multiple leaf dataset/mango leaf/mango die back/mango die back (346).jpg,13603066160541475884,mango die back
multiple leaf dataset/mango leaf/mango die back/mango die back (347).jpg,12962431308106877069,mango die back
multiple leaf dataset/mango leaf/mango die back/mango die back (348).jpg,12953421489014097457,mango die back
multiple leaf dataset/mango leaf/mango die back/mango die back (349).jpg,12959332888647879817,mango die back
multiple leaf dataset/mango leaf/mango die back/mango die back (35).jpg,16443514616754430947,mango die back
multiple leaf dataset/mango leaf/mango die back/mango die back (350).jpg,13315673727452399955,mango die back
multiple leaf dataset/mango leaf/mango die back/mango die back (351).jpg,12963132800021731763,mango die back
multiple leaf dataset/mango leaf/mango die back/mango die back (352).jpg,12812064958292017978,mango die back
multiple leaf dataset/mango leaf/mango die back/mango die back (353).jpg,12815220092950727728,mango die back
multiple leaf dataset/mango leaf/mango die back/mango die back (354).jpg,12957362781188338482,mango die back
multiple leaf dataset/mango leaf/mango die back/mango die back (355).jpg,12810432070465827527,mango die back
multiple leaf dataset/mango leaf/mango die back/mango die back (356).jpg,12956517724894671241,mango die back
multiple leaf dataset/mango leaf/mango die back/mango die back (357).jpg,13320741576576337507,mango die back
multiple leaf dataset/mango leaf/mango die back/mango die back (358).jpg,12887275627087498438,mango die back
multiple leaf dataset/mango leaf/mango die back/mango die back (359).jpg,13314778171478696239,mango die back
multiple leaf dataset/mango leaf/mango die back/mango die back (36).jpg,13754142525931308997,mango die back
multiple leaf dataset/mango leaf/mango die back/mango die back (360).jpg,12955814588924939302,mango die back
multiple leaf dataset/mango leaf/mango die back/mango die back (361).jpg,12813810553269438082,mango die back
multiple leaf dataset/mango leaf/mango die back/mango die back (362).jpg,13745762031009713690,mango die back
multiple leaf dataset/mango leaf/mango die back/mango die back (363).jpg,12798190225409362371,mango die back
multiple leaf dataset/mango leaf/mango die back/mango die back (364).jpg,12890092239368995468,mango die back
multiple leaf dataset/mango leaf/mango die back/mango die back (365).jpg,12797203495235601345,mango die back
multiple leaf dataset/mango leaf/mango die back/mango die back (366).jpg,12809308937964296643,mango die back
multiple leaf dataset/mango leaf/mango die back/mango die back (367).jpg,13034771487098324492,mango die back
multiple leaf dataset/mango leaf/mango die back/mango die back (368).jpg,11931048943160627512,mango die back
multiple leaf dataset/mango leaf/mango die back/mango die back (369).jpg,12954266338258400134,mango die back
multiple leaf dataset/mango leaf/mango die back/mango die back (37).jpg,13817748977355046972,mango die back
multiple leaf dataset/mango leaf/mango die back/mango die back (370).jpg,11806692639194231449,mango die back
multiple leaf dataset/mango leaf/mango die back/mango die back (371).jpg,13322710705593987379,mango die back
multiple leaf dataset/mango leaf/mango die back/mango die back (372).jpg,13157773626249391110,mango die back
multiple leaf dataset/mango leaf/mango die back/mango die back (373).jpg,12963555009001956899,mango die back
multiple leaf dataset/mango leaf/mango die back/mango die back (374).jpg,13178321514290111689,mango die back
multiple leaf dataset/mango leaf/mango die back/mango die back (375).jpg,12954970026547596339,mango die back
multiple leaf dataset/mango leaf/mango die back/mango die back (376).jpg,12520801280401265205,mango die back
multiple leaf dataset/mango leaf/mango die back/mango die back (377).jpg,12743159886582998739,mango die back
multiple leaf dataset/mango leaf/mango die back/mango die back (378).jpg,12738375029402027580,mango die back
multiple leaf dataset/mango leaf/mango die back/mango die back (379).jpg,12725427376431078005,mango die back
multiple leaf dataset/mango leaf/mango die back/mango die back (38).jpg,13618464986463248263,mango die back
multiple leaf dataset/mango leaf/mango die back/mango die back (380).jpg,13460913563797996693,mango die back
multiple leaf dataset/mango leaf/mango die back/mango die back (381).jpg,11860398283721133510,mango die back
multiple leaf dataset/mango leaf/mango die back/mango die back (382).jpg,13179445768161041968,mango die back
multiple leaf dataset/mango leaf/mango die back/mango die back (383).jpg,13682430577844801434,mango die back
multiple leaf dataset/mango leaf/mango die back/mango die back (384).jpg,12959614144478979724,mango die back
multiple leaf dataset/mango leaf/mango die back/mango die back (385).jpg,13035332232293523559,mango die back
multiple leaf dataset/mango leaf/mango die back/mango die back (386).jpg,12957362095708215603,mango die back
multiple leaf dataset/mango leaf/mango die back/mango die back (387).jpg,12957362095708215603,mango die back
multiple leaf dataset/mango leaf/mango die back/mango die back (388).jpg,12810432621610978969,mango die back
multiple leaf dataset/mango leaf/mango die back/mango die back (389).jpg,12810432621610978969,mango die back
multiple leaf dataset/mango leaf/mango die back/mango die back (39).jpg,13748012559576197578,mango die back
multiple leaf dataset/mango leaf/mango die back/mango die back (390).jpg,12523907559750637875,mango die back
multiple leaf dataset/mango leaf/mango die back/mango die back (391).jpg,12523907559750637875,mango die back
multiple leaf dataset/mango leaf/mango die back/mango die back (392).jpg,12869543689573315377,mango die back
multiple leaf dataset/mango leaf/mango die back/mango die back (393).jpg,12869543689573315377,mango die back
multiple leaf dataset/mango leaf/mango die back/mango die back (394).jpg,13441791223458731204,mango die back
multiple leaf dataset/mango leaf/mango die back/mango die back (395).jpg,13441791223458731204,mango die back
multiple leaf dataset/mango leaf/mango die back/mango die back (396).jpg,11786989804080935481,mango die back
multiple leaf dataset/mango leaf/mango die back/mango die back (397).jpg,11786989804080935481,mango die back
multiple leaf dataset/mango leaf/mango die back/mango die back (398).jpg,13394768643579940032,mango die back
multiple leaf dataset/mango leaf/mango die back/mango die back (399).jpg,13394768643579940032,mango die back
multiple leaf dataset/mango leaf/mango die back/mango die back (4).jpg,15089746642894687134,mango die back
multiple leaf dataset/mango leaf/mango die back/mango die back (40).jpg,13311741954364622950,mango die back
multiple leaf dataset/mango leaf/mango die back/mango die back (400).jpg,12019149952437885388,mango die back
multiple leaf dataset/mango leaf/mango die back/mango die back (401).jpg,12966298982052054668,mango die back
multiple leaf dataset/mango leaf/mango die back/mango die back (402).jpg,12810434837042258739,mango die back
multiple leaf dataset/mango leaf/mango die back/mango die back (403).jpg,12954266557082094643,mango die back
multiple leaf dataset/mango leaf/mango die back/mango die back (404).jpg,13170383157695635726,mango die back
multiple leaf dataset/mango leaf/mango die back/mango die back (405).jpg,16486721333308181404,mango die back
multiple leaf dataset/mango leaf/mango die back/mango die back (406).jpg,12959473681917249587,mango die back
multiple leaf dataset/mango leaf/mango die back/mango die back (407).jpg,12747102950127777414,mango die back
multiple leaf dataset/mango leaf/mango die back/mango die back (408).jpg,12959614307836249651,mango die back
multiple leaf dataset/mango leaf/mango die back/mango die back (409).jpg,13601942041164306835,mango die back
multiple leaf dataset/mango leaf/mango die back/mango die back (41).jpg,12956447994798513356,mango die back
multiple leaf dataset/mango leaf/mango die back/mango die back (410).jpg,12954265901025314355,mango die back
multiple leaf dataset/mango leaf/mango die back/mango die back (411).jpg,12810432071905404854,mango die back
multiple leaf dataset/mango leaf/mango die back/mango die back (412).jpg,12813803312088747676,mango die back
multiple leaf dataset/mango leaf/mango die back/mango die back (413).jpg,12806492306098709650,mango die back
multiple leaf dataset/mango leaf/mango die back/mango die back (414).jpg,12813812743709799064,mango die back
multiple leaf dataset/mango leaf/mango die back/mango die back (415).jpg,12025958573455756569,mango die back
multiple leaf dataset/mango leaf/mango die back/mango die back (416).jpg,12025961864430500065,mango die back
multiple leaf dataset/mango leaf/mango die back/mango die back (417).jpg,12020557353903049932,mango die back
multiple leaf dataset/mango leaf/mango die back/mango die back (418).jpg,10295089674669831298,mango die back
multiple leaf dataset/mango leaf/mango die back/mango die back (419).jpg,12959473819458129186,mango die back
multiple leaf dataset/mango leaf/mango die back/mango die back (42).jpg,13826207779430735980,mango die back
multiple leaf dataset/mango leaf/mango die back/mango die back (420).jpg,12959403485067381094,mango die back
multiple leaf dataset/mango leaf/mango die back/mango die back (421).jpg,11658915171081303716,mango die back
multiple leaf dataset/mango leaf/mango die back/mango die back (422).jpg,12243830070953233178,mango die back
multiple leaf dataset/mango leaf/mango die back/mango die back (423).jpg,12957925513762212966,mango die back
multiple leaf dataset/mango leaf/mango die back/mango die back (424).jpg,11953903178340585112,mango die back
multiple leaf dataset/mango leaf/mango die back/mango die back (425).jpg,12822677006576305804,mango die back
multiple leaf dataset/mango leaf/mango die back/mango die back (426).jpg,13610665980624082624,mango die back
multiple leaf dataset/mango leaf/mango die back/mango die back (427).jpg,11659144006662407481,mango die back
multiple leaf dataset/mango leaf/mango die back/mango die back (428).jpg,12955814395653180601,mango die back
multiple leaf dataset/mango leaf/mango die back/mango die back (429).jpg,12026451147060931609,mango die back
multiple leaf dataset/mango leaf/mango die back/mango die back (43).jpg,9382504806607408614,mango die back
multiple leaf dataset/mango leaf/mango die back/mango die back (430).jpg,12891075344229566873,mango die back
multiple leaf dataset/mango leaf/mango die back/mango die back (431).jpg,13035471868937278354,mango die back
multiple leaf dataset/mango leaf/mango die back/mango die back (432).jpg,13172564588864357926,mango die back
multiple leaf dataset/mango leaf/mango die back/mango die back (433).jpg,11644844527989569163,mango die back
multiple leaf dataset/mango leaf/mango die back/mango die back (434).jpg,13106825775532096613,mango die back
multiple leaf dataset/mango leaf/mango die back/mango die back (435).jpg,12797205835958923672,mango die back
multiple leaf dataset/mango leaf/mango die back/mango die back (436).jpg,12818306791286528483,mango die back
multiple leaf dataset/mango leaf/mango die back/mango die back (437).jpg,13385760894126670641,mango die back
multiple leaf dataset/mango leaf/mango die back/mango die back (438).jpg,13735910557135736419,mango die back
multiple leaf dataset/mango leaf/mango die back/mango die back (439).jpg,13538882732016472802,mango die back
multiple leaf dataset/mango leaf/mango die back/mango die back (44).jpg,13924592160842455757,mango die back
multiple leaf dataset/mango leaf/mango die back/mango die back (440).jpg,12966651233793920162,mango die back
multiple leaf dataset/mango leaf/mango die back/mango die back (441).jpg,12869252961797983863,mango die back
multiple leaf dataset/mango leaf/mango die back/mango die back (442).jpg,12810432570122142643,mango die back
multiple leaf dataset/mango leaf/mango die back/mango die back (443).jpg,12381680062092863594,mango die back
multiple leaf dataset/mango leaf/mango die back/mango die back (444).jpg,12941600295982537017,mango die back
multiple leaf dataset/mango leaf/mango die back/mango die back (445).jpg,12954266339095694114,mango die back
multiple leaf dataset/mango leaf/mango die back/mango die back (446).jpg,12017513765815110715,mango die back
multiple leaf dataset/mango leaf/mango die back/mango die back (447).jpg,12956518137963177508,mango die back
multiple leaf dataset/mango leaf/mango die back/mango die back (448).jpg,13035049652706503788,mango die back
multiple leaf dataset/mango leaf/mango die back/mango die back (449).jpg,12291896554003241677,mango die back
multiple leaf dataset/mango leaf/mango die back/mango die back (45).jpg,17084746503511366438,mango die back
multiple leaf dataset/mango leaf/mango die back/mango die back (450).jpg,12603535314055627679,mango die back
multiple leaf dataset/mango leaf/mango die back/mango die back (451).jpg,11786989528238824292,mango die back
multiple leaf dataset/mango leaf/mango die back/mango die back (452).jpg,12747102898586489753,mango die back
multiple leaf dataset/mango leaf/mango die back/mango die back (453).jpg,13033856681516723203,mango die back
multiple leaf dataset/mango leaf/mango die back/mango die back (454).jpg,12387925472156470345,mango die back
multiple leaf dataset/mango leaf/mango die back/mango die back (455).jpg,12812402534265153337,mango die back
multiple leaf dataset/mango leaf/mango die back/mango die back (456).jpg,13097836719538890793,mango die back
multiple leaf dataset/mango leaf/mango die back/mango die back (457).jpg,12738374620047351009,mango die back
multiple leaf dataset/mango leaf/mango die back/mango die back (458).jpg,12819433241086561432,mango die back
multiple leaf dataset/mango leaf/mango die back/mango die back (459).jpg,12459713707236527161,mango die back
multiple leaf dataset/mango leaf/mango die back/mango die back (46).jpg,16580367263835070054,mango die back
multiple leaf dataset/mango leaf/mango die back/mango die back (460).jpg,12797133263995364233,mango die back
multiple leaf dataset/mango leaf/mango die back/mango die back (461).jpg,12819442037125878065,mango die back
multiple leaf dataset/mango leaf/mango die back/mango die back (462).jpg,12810152950520440422,mango die back
multiple leaf dataset/mango leaf/mango die back/mango die back (463).jpg,13170387581527663044,mango die back
multiple leaf dataset/mango leaf/mango die back/mango die back (464).jpg,12809306859143742268,mango die back
multiple leaf dataset/mango leaf/mango die back/mango die back (465).jpg,12457732408850010013,mango die back
multiple leaf dataset/mango leaf/mango die back/mango die back (466).jpg,12822811009526667404,mango die back
multiple leaf dataset/mango leaf/mango die back/mango die back (467).jpg,12810153500276254246,mango die back
multiple leaf dataset/mango leaf/mango die back/mango die back (468).jpg,12962429109026980748,mango die back
multiple leaf dataset/mango leaf/mango die back/mango die back (469).jpg,13673141908134724383,mango die back
multiple leaf dataset/mango leaf/mango die back/mango die back (47).jpg,17812608629637402215,mango die back
multiple leaf dataset/mango leaf/mango die back/mango die back (470).jpg,12810432076099839590,mango die back
multiple leaf dataset/mango leaf/mango die back/mango die back (471).jpg,12953351545465652876,mango die back
multiple leaf dataset/mango leaf/mango die back/mango die back (472).jpg,12954970082388004067,mango die back
multiple leaf dataset/mango leaf/mango die back/mango die back (473).jpg,12019009764730247283,mango die back
multiple leaf dataset/mango leaf/mango die back/mango die back (474).jpg,12959473845228283443,mango die back
multiple leaf dataset/mango leaf/mango die back/mango die back (475).jpg,12957379937001817293,mango die back
multiple leaf dataset/mango leaf/mango die back/mango die back (476).jpg,12162696145739176498,mango die back
multiple leaf dataset/mango leaf/mango die back/mango die back (477).jpg,11858993138874368647,mango die back
multiple leaf dataset/mango leaf/mango die back/mango die back (478).jpg,12956514428067563059,mango die back
multiple leaf dataset/mango leaf/mango die back/mango die back (479).jpg,12941599539955403212,mango die back
multiple leaf dataset/mango leaf/mango die back/mango die back (48).jpg,17517115953067013004,mango die back
multiple leaf dataset/mango leaf/mango die back/mango die back (480).jpg,13720429111525034654,mango die back
multiple leaf dataset/mango leaf/mango die back/mango die back (481).jpg,12279844580894138954,mango die back
multiple leaf dataset/mango leaf/mango die back/mango die back (482).jpg,12619034204692256464,mango die back
multiple leaf dataset/mango leaf/mango die back/mango die back (483).jpg,12117664346649829013,mango die back
multiple leaf dataset/mango leaf/mango die back/mango die back (484).jpg,11976087142310648012,mango die back
multiple leaf dataset/mango leaf/mango die back/mango die back (485).jpg,12334168128168610520,mango die back
multiple leaf dataset/mango leaf/mango die back/mango die back (486).jpg,11972425553841854669,mango die back
multiple leaf dataset/mango leaf/mango die back/mango die back (487).jpg,12012113322725723282,mango die back
multiple leaf dataset/mango leaf/mango die back/mango die back (488).jpg,12941599745256076185,mango die back
multiple leaf dataset/mango leaf/mango die back/mango die back (489).jpg,12019150197251021203,mango die back
multiple leaf dataset/mango leaf/mango die back/mango die back (49).jpg,15658526832619962141,mango die back
multiple leaf dataset/mango leaf/mango die back/mango die back (490).jpg,12510936407400451398,mango die back
multiple leaf dataset/mango leaf/mango die back/mango die back (491).jpg,13323843532333950097,mango die back
multiple leaf dataset/mango leaf/mango die back/mango die back (492).jpg,12797200334123004986,mango die back
multiple leaf dataset/mango leaf/mango die back/mango die back (493).jpg,12582938342665001678,mango die back
multiple leaf dataset/mango leaf/mango die back/mango die back (494).jpg,12290188530425386602,mango die back
multiple leaf dataset/mango leaf/mango die back/mango die back (495).jpg,12186341213044708749,mango die back
multiple leaf dataset/mango leaf/mango die back/mango die back (496).jpg,17358922024897160804,mango die back
multiple leaf dataset/mango leaf/mango die back/mango die back (497).jpg,15577778700587317744,mango die back
multiple leaf dataset/mango leaf/mango die back/mango die back (498).jpg,10986359141403482211,mango die back
multiple leaf dataset/mango leaf/mango die back/mango die back (499).jpg,16839682325616101059,mango die back
multiple leaf dataset/mango leaf/mango die back/mango die back (5).jpg,16580368354991660134,mango die back
multiple leaf dataset/mango leaf/mango die back/mango die back (50).jpg,15586762808757061406,mango die back
multiple leaf dataset/mango leaf/mango die back/mango die back (500).jpg,16529497718945605278,mango die back
multiple leaf dataset/mango leaf/mango die back/mango die back (51).jpg,15880615034887942431,mango die back
multiple leaf dataset/mango leaf/mango die back/mango die back (52).jpg,16024202264229970910,mango die back
multiple leaf dataset/mango leaf/mango die back/mango die back (53).jpg,16100474234909687999,mango die back
multiple leaf dataset/mango leaf/mango die back/mango die back (54).jpg,15375376664387618792,mango die back
multiple leaf dataset/mango leaf/mango die back/mango die back (55).jpg,17639504289259606343,mango die back
multiple leaf dataset/mango leaf/mango die back/mango die back (56).jpg,15908791893441974035,mango die back
multiple leaf dataset/mango leaf/mango die back/mango die back (57).jpg,15407738964039917680,mango die back
multiple leaf dataset/mango leaf/mango die back/mango die back (58).jpg,15346094651232238663,mango die back
multiple leaf dataset/mango leaf/mango die back/mango die back (59).jpg,15907637164962006876,mango die back
multiple leaf dataset/mango leaf/mango die back/mango die back (6).jpg,12941459420864790937,mango die back
multiple leaf dataset/mango leaf/mango die back/mango die back (60).jpg,15869666870629178430,mango die back
multiple leaf dataset/mango leaf/mango die back/mango die back (61).jpg,15051960812490142518,mango die back
multiple leaf dataset/mango leaf/mango die back/mango die back (62).jpg,15405999803149665084,mango die back
multiple leaf dataset/mango leaf/mango die back/mango die back (63).jpg,17531788273940765798,mango die back
multiple leaf dataset/mango leaf/mango die back/mango die back (64).jpg,17748186841923918259,mango die back
multiple leaf dataset/mango leaf/mango die back/mango die back (65).jpg,15880615447596316857,mango die back
multiple leaf dataset/mango leaf/mango die back/mango die back (66).jpg,17421977899658056510,mango die back
multiple leaf dataset/mango leaf/mango die back/mango die back (67).jpg,15622533873193733662,mango die back
multiple leaf dataset/mango leaf/mango die back/mango die back (68).jpg,15586474401941622329,mango die back
multiple leaf dataset/mango leaf/mango die back/mango die back (69).jpg,17787346936132414611,mango die back
multiple leaf dataset/mango leaf/mango die back/mango die back (7).jpg,13157772940393550180,mango die back
multiple leaf dataset/mango leaf/mango die back/mango die back (70).jpg,14329145372332289126,mango die back
multiple leaf dataset/mango leaf/mango die back/mango die back (71).jpg,15124862951882955977,mango die back
multiple leaf dataset/mango leaf/mango die back/mango die back (72).jpg,15410558025745679586,mango die back
multiple leaf dataset/mango leaf/mango die back/mango die back (73).jpg,17421978174576223075,mango die back
multiple leaf dataset/mango leaf/mango die back/mango die back (74).jpg,14688831497585445234,mango die back
multiple leaf dataset/mango leaf/mango die back/mango die back (75).jpg,11272898610297982660,mango die back
multiple leaf dataset/mango leaf/mango die back/mango die back (76).jpg,17423378544300946291,mango die back
multiple leaf dataset/mango leaf/mango die back/mango die back (77).jpg,17709874002747733350,mango die back
multiple leaf dataset/mango leaf/mango die back/mango die back (78).jpg,13142707253160851577,mango die back
multiple leaf dataset/mango leaf/mango die back/mango die back (79).jpg,15908791119301927736,mango die back
multiple leaf dataset/mango leaf/mango die back/mango die back (8).jpg,12798331718774014402,mango die back
multiple leaf dataset/mango leaf/mango die back/mango die back (80).jpg,15408312522291660826,mango die back
multiple leaf dataset/mango leaf/mango die back/mango die back (81).jpg,15416174013519085726,mango die back
multiple leaf dataset/mango leaf/mango die back/mango die back (82).jpg,17571159835773636192,mango die back
multiple leaf dataset/mango leaf/mango die back/mango die back (83).jpg,15623284854996518471,mango die back
multiple leaf dataset/mango leaf/mango die back/mango die back (84).jpg,15268907226284128387,mango die back
multiple leaf dataset/mango leaf/mango die back/mango die back (85).jpg,15413023513871547521,mango die back
multiple leaf dataset/mango leaf/mango die back/mango die back (86).jpg,15561063984588210016,mango die back
multiple leaf dataset/mango leaf/mango die back/mango die back (87).jpg,15560007216479117116,mango die back
multiple leaf dataset/mango leaf/mango die back/mango die back (88).jpg,15116358775479278578,mango die back
multiple leaf dataset/mango leaf/mango die back/mango die back (89).jpg,15268063346282098831,mango die back
multiple leaf dataset/mango leaf/mango die back/mango die back (9).jpg,16479684565326926437,mango die back
multiple leaf dataset/mango leaf/mango die back/mango die back (90).jpg,17531977006965329635,mango die back
multiple leaf dataset/mango leaf/mango die back/mango die back (91).jpg,12887556549632418963,mango die back
multiple leaf dataset/mango leaf/mango die back/mango die back (92).jpg,12237641834696069753,mango die back
multiple leaf dataset/mango leaf/mango die back/mango die back (93).jpg,12959614143763369162,mango die back
multiple leaf dataset/mango leaf/mango die back/mango die back (94).jpg,11873064989504596303,mango die back
multiple leaf dataset/mango leaf/mango die back/mango die back (95).jpg,17776580518541544654,mango die back
multiple leaf dataset/mango leaf/mango die back/mango die back (96).jpg,15393101093551225352,mango die back
multiple leaf dataset/mango leaf/mango die back/mango die back (97).jpg,15560296863168535833,mango die back
multiple leaf dataset/mango leaf/mango die back/mango die back (98).jpg,17434357533409824432,mango die back
multiple leaf dataset/mango leaf/mango die back/mango die back (99).jpg,17430705823758359753,mango die back
multiple leaf dataset/mango leaf/mango gall midge/mango gall midge (1).jpg,17349703290367196908,mango gall midge
multiple leaf dataset/mango leaf/mango gall midge/mango gall midge (10).jpg,18419933788302770303,mango gall midge
multiple leaf dataset/mango leaf/mango gall midge/mango gall midge (100).jpg,12622411698287631062,mango gall midge
multiple leaf dataset/mango leaf/mango gall midge/mango gall midge (101).jpg,13157769779280556945,mango gall midge
multiple leaf dataset/mango leaf/mango gall midge/mango gall midge (102).jpg,16623799753570348178,mango gall midge
multiple leaf dataset/mango leaf/mango gall midge/mango gall midge (103).jpg,12126952672927129140,mango gall midge
multiple leaf dataset/mango leaf/mango gall midge/mango gall midge (104).jpg,13533462467804717359,mango gall midge
multiple leaf dataset/mango leaf/mango gall midge/mango gall midge (105).jpg,13432694546148282608,mango gall midge
multiple leaf dataset/mango leaf/mango gall midge/mango gall midge (106).jpg,9978522692094747206,mango gall midge
multiple leaf dataset/mango leaf/mango gall midge/mango gall midge (107).jpg,18221705097874808702,mango gall midge
multiple leaf dataset/mango leaf/mango gall midge/mango gall midge (108).jpg,17175201441772909220,mango gall midge
multiple leaf dataset/mango leaf/mango gall midge/mango gall midge (109).jpg,16444492071552371127,mango gall midge
multiple leaf dataset/mango leaf/mango gall midge/mango gall midge (11).jpg,12652282750747795296,mango gall midge
multiple leaf dataset/mango leaf/mango gall midge/mango gall midge (110).jpg,17098358773244138404,mango gall midge
multiple leaf dataset/mango leaf/mango gall midge/mango gall midge (111).jpg,14310650065489123925,mango gall midge
multiple leaf dataset/mango leaf/mango gall midge/mango gall midge (112).jpg,14095179754116717675,mango gall midge
multiple leaf dataset/mango leaf/mango gall midge/mango gall midge (113).jpg,16891536392509077172,mango gall midge
multiple leaf dataset/mango leaf/mango gall midge/mango gall midge (114).jpg,16917373038202853157,mango gall midge
multiple leaf dataset/mango leaf/mango gall midge/mango gall midge (115).jpg,18286191677703553842,mango gall midge
multiple leaf dataset/mango leaf/mango gall midge/mango gall midge (116).jpg,18116504193968759002,mango gall midge
multiple leaf dataset/mango leaf/mango gall midge/mango gall midge (117).jpg,18104352312588779157,mango gall midge
multiple leaf dataset/mango leaf/mango gall midge/mango gall midge (118).jpg,18104353411563549341,mango gall midge
multiple leaf dataset/mango leaf/mango gall midge/mango gall midge (119).jpg,17886218117391493025,mango gall midge
multiple leaf dataset/mango leaf/mango gall midge/mango gall midge (12).jpg,14618045795615868998,mango gall midge
multiple leaf dataset/mango leaf/mango gall midge/mango gall midge (120).jpg,17883962123951264617,mango gall midge
multiple leaf dataset/mango leaf/mango gall midge/mango gall midge (121).jpg,17345785817863546258,mango gall midge
multiple leaf dataset/mango leaf/mango gall midge/mango gall midge (122).jpg,16623799341287294104,mango gall midge
multiple leaf dataset/mango leaf/mango gall midge/mango gall midge (123).jpg,16495728394401026707,mango gall midge
multiple leaf dataset/mango leaf/mango gall midge/mango gall midge (124).jpg,16566941563894404276,mango gall midge
multiple leaf dataset/mango leaf/mango gall midge/mango gall midge (125).jpg,16999567503655210121,mango gall midge
multiple leaf dataset/mango leaf/mango gall midge/mango gall midge (126).jpg,12306821234612165265,mango gall midge
multiple leaf dataset/mango leaf/mango gall midge/mango gall midge (127).jpg,12165796314251106126,mango gall midge
multiple leaf dataset/mango leaf/mango gall midge/mango gall midge (128).jpg,13123363746262096072,mango gall midge
multiple leaf dataset/mango leaf/mango gall midge/mango gall midge (129).jpg,13132085042164652425,mango gall midge
multiple leaf dataset/mango leaf/mango gall midge/mango gall midge (13).jpg,14524872574768681581,mango gall midge
multiple leaf dataset/mango leaf/mango gall midge/mango gall midge (130).jpg,12761737769201750880,mango gall midge
multiple leaf dataset/mango leaf/mango gall midge/mango gall midge (131).jpg,12762010448219783968,mango gall midge
multiple leaf dataset/mango leaf/mango gall midge/mango gall midge (132).jpg,12906690651772928353,mango gall midge
multiple leaf dataset/mango leaf/mango gall midge/mango gall midge (133).jpg,12935996447278674250,mango gall midge
multiple leaf dataset/mango leaf/mango gall midge/mango gall midge (134).jpg,16485870115580467673,mango gall midge
multiple leaf dataset/mango leaf/mango gall midge/mango gall midge (135).jpg,17925038679291250644,mango gall midge
multiple leaf dataset/mango leaf/mango gall midge/mango gall midge (136).jpg,13793048555984677568,mango gall midge
multiple leaf dataset/mango leaf/mango gall midge/mango gall midge (137).jpg,13775878767122516944,mango gall midge
multiple leaf dataset/mango leaf/mango gall midge/mango gall midge (138).jpg,13631763581513969419,mango gall midge
multiple leaf dataset/mango leaf/mango gall midge/mango gall midge (139).jpg,17132135254120373301,mango gall midge
multiple leaf dataset/mango leaf/mango gall midge/mango gall midge (14).jpg,14747769918587638673,mango gall midge
multiple leaf dataset/mango leaf/mango gall midge/mango gall midge (140).jpg,13590402867118499475,mango gall midge
multiple leaf dataset/mango leaf/mango gall midge/mango gall midge (141).jpg,12376125684987777687,mango gall midge
multiple leaf dataset/mango leaf/mango gall midge/mango gall midge (142).jpg,12232575611396737754,mango gall midge
multiple leaf dataset/mango leaf/mango gall midge/mango gall midge (143).jpg,12466477202762221770,mango gall midge
multiple leaf dataset/mango leaf/mango gall midge/mango gall midge (144).jpg,11997827997968484553,mango gall midge
multiple leaf dataset/mango leaf/mango gall midge/mango gall midge (145).jpg,12502505995184622290,mango gall midge
multiple leaf dataset/mango leaf/mango gall midge/mango gall midge (146).jpg,18339103511014238371,mango gall midge
multiple leaf dataset/mango leaf/mango gall midge/mango gall midge (147).jpg,18122555134384309596,mango gall midge
multiple leaf dataset/mango leaf/mango gall midge/mango gall midge (148).jpg,18410955167068988722,mango gall midge
multiple leaf dataset/mango leaf/mango gall midge/mango gall midge (149).jpg,18140375337176946848,mango gall midge
multiple leaf dataset/mango leaf/mango gall midge/mango gall midge (15).jpg,12493216398535269617,mango gall midge
multiple leaf dataset/mango leaf/mango gall midge/mango gall midge (150).jpg,17404035898959229127,mango gall midge
multiple leaf dataset/mango leaf/mango gall midge/mango gall midge (151).jpg,17988159114127860792,mango gall midge
multiple leaf dataset/mango leaf/mango gall midge/mango gall midge (152).jpg,13610386164019506401,mango gall midge
multiple leaf dataset/mango leaf/mango gall midge/mango gall midge (153).jpg,12531760839782632378,mango gall midge
multiple leaf dataset/mango leaf/mango gall midge/mango gall midge (154).jpg,12243548587520805018,mango gall midge
multiple leaf dataset/mango leaf/mango gall midge/mango gall midge (155).jpg,12529527515772605092,mango gall midge
multiple leaf dataset/mango leaf/mango gall midge/mango gall midge (156).jpg,12291683935227071594,mango gall midge
multiple leaf dataset/mango leaf/mango gall midge/mango gall midge (157).jpg,13771941556400441390,mango gall midge
multiple leaf dataset/mango leaf/mango gall midge/mango gall midge (158).jpg,16588044177084410294,mango gall midge
multiple leaf dataset/mango leaf/mango gall midge/mango gall midge (159).jpg,13502011159322106819,mango gall midge
multiple leaf dataset/mango leaf/mango gall midge/mango gall midge (16).jpg,18140645212776060951,mango gall midge
multiple leaf dataset/mango leaf/mango gall midge/mango gall midge (160).jpg,13790514776358923496,mango gall midge
multiple leaf dataset/mango leaf/mango gall midge/mango gall midge (161).jpg,13430790295086717079,mango gall midge
multiple leaf dataset/mango leaf/mango gall midge/mango gall midge (162).jpg,13755048919506098359,mango gall midge
multiple leaf dataset/mango leaf/mango gall midge/mango gall midge (163).jpg,13817184662692341863,mango gall midge
multiple leaf dataset/mango leaf/mango gall midge/mango gall midge (164).jpg,13816621721328795712,mango gall midge
multiple leaf dataset/mango leaf/mango gall midge/mango gall midge (165).jpg,17923905679842593256,mango gall midge
multiple leaf dataset/mango leaf/mango gall midge/mango gall midge (166).jpg,17416157854090418829,mango gall midge
multiple leaf dataset/mango leaf/mango gall midge/mango gall midge (167).jpg,17920069000232053008,mango gall midge
multiple leaf dataset/mango leaf/mango gall midge/mango gall midge (168).jpg,16407116798022530115,mango gall midge
multiple leaf dataset/mango leaf/mango gall midge/mango gall midge (169).jpg,17894076423265501649,mango gall midge
multiple leaf dataset/mango leaf/mango gall midge/mango gall midge (17).jpg,18429997681617244152,mango gall midge
multiple leaf dataset/mango leaf/mango gall midge/mango gall midge (170).jpg,17904208235732696092,mango gall midge
multiple leaf dataset/mango leaf/mango gall midge/mango gall midge (171).jpg,17922222899418152095,mango gall midge
multiple leaf dataset/mango leaf/mango gall midge/mango gall midge (172).jpg,16407059615738929749,mango gall midge
multiple leaf dataset/mango leaf/mango gall midge/mango gall midge (173).jpg,16912594165958059931,mango gall midge
multiple leaf dataset/mango leaf/mango gall midge/mango gall midge (174).jpg,16695927442369696294,mango gall midge
multiple leaf dataset/mango leaf/mango gall midge/mango gall midge (175).jpg,17129048217281925921,mango gall midge
multiple leaf dataset/mango leaf/mango gall midge/mango gall midge (176).jpg,16486573899259288473,mango gall midge
multiple leaf dataset/mango leaf/mango gall midge/mango gall midge (177).jpg,12818802666909106231,mango gall midge
multiple leaf dataset/mango leaf/mango gall midge/mango gall midge (178).jpg,16846442509656388228,mango gall midge
multiple leaf dataset/mango leaf/mango gall midge/mango gall midge (179).jpg,16990555501287316021,mango gall midge
multiple leaf dataset/mango leaf/mango gall midge/mango gall midge (18).jpg,13817184942952934968,mango gall midge
multiple leaf dataset/mango leaf/mango gall midge/mango gall midge (180).jpg,16413531807754523446,mango gall midge
multiple leaf dataset/mango leaf/mango gall midge/mango gall midge (181).jpg,17925056266779744212,mango gall midge
multiple leaf dataset/mango leaf/mango gall midge/mango gall midge (182).jpg,18333175001109764243,mango gall midge
multiple leaf dataset/mango leaf/mango gall midge/mango gall midge (183).jpg,16987741894048005410,mango gall midge
multiple leaf dataset/mango leaf/mango gall midge/mango gall midge (184).jpg,16987740794603487659,mango gall midge
multiple leaf dataset/mango leaf/mango gall midge/mango gall midge (185).jpg,12376125143780609321,mango gall midge
multiple leaf dataset/mango leaf/mango gall midge/mango gall midge (186).jpg,18107426763441492202,mango gall midge
multiple leaf dataset/mango leaf/mango gall midge/mango gall midge (187).jpg,18116504197120988469,mango gall midge
multiple leaf dataset/mango leaf/mango gall midge/mango gall midge (188).jpg,18044376236549289338,mango gall midge
multiple leaf dataset/mango leaf/mango gall midge/mango gall midge (189).jpg,18042124556726287994,mango gall midge
multiple leaf dataset/mango leaf/mango gall midge/mango gall midge (19).jpg,17201096710312073612,mango gall midge
multiple leaf dataset/mango leaf/mango gall midge/mango gall midge (190).jpg,18405790016390236072,mango gall midge
multiple leaf dataset/mango leaf/mango gall midge/mango gall midge (191).jpg,18429715462521585888,mango gall midge
multiple leaf dataset/mango leaf/mango gall midge/mango gall midge (192).jpg,13780945042919812895,mango gall midge
multiple leaf dataset/mango leaf/mango gall midge/mango gall midge (193).jpg,18337110123802935061,mango gall midge
multiple leaf dataset/mango leaf/mango gall midge/mango gall midge (194).jpg,17904209334656597055,mango gall midge
multiple leaf dataset/mango leaf/mango gall midge/mango gall midge (195).jpg,16560466376972364054,mango gall midge
multiple leaf dataset/mango leaf/mango gall midge/mango gall midge (196).jpg,16898969589449131115,mango gall midge
multiple leaf dataset/mango leaf/mango gall midge/mango gall midge (197).jpg,18356871525555738276,mango gall midge
multiple leaf dataset/mango leaf/mango gall midge/mango gall midge (198).jpg,13718743559474244669,mango gall midge
multiple leaf dataset/mango leaf/mango gall midge/mango gall midge (199).jpg,13782634106035468992,mango gall midge
multiple leaf dataset/mango leaf/mango gall midge/mango gall midge (2).jpg,16659828326463541797,mango gall midge
multiple leaf dataset/mango leaf/mango gall midge/mango gall midge (20).jpg,17408818620982748899,mango gall midge
multiple leaf dataset/mango leaf/mango gall midge/mango gall midge (200).jpg,11786936627172399460,mango gall midge
multiple leaf dataset/mango leaf/mango gall midge/mango gall midge (201).jpg,11786936627172399460,mango gall midge
multiple leaf dataset/mango leaf/mango gall midge/mango gall midge (202).jpg,12941884600055090224,mango gall midge
multiple leaf dataset/mango leaf/mango gall midge/mango gall midge (203).jpg,13358739296359297993,mango gall midge
multiple leaf dataset/mango leaf/mango gall midge/mango gall midge (204).jpg,16846446908107514123,mango gall midge
multiple leaf dataset/mango leaf/mango gall midge/mango gall midge (205).jpg,16531827558472497443,mango gall midge
multiple leaf dataset/mango leaf/mango gall midge/mango gall midge (206).jpg,17925336030930456627,mango gall midge
multiple leaf dataset/mango leaf/mango gall midge/mango gall midge (207).jpg,18356831782688565161,mango gall midge
multiple leaf dataset/mango leaf/mango gall midge/mango gall midge (208).jpg,18058732409574506586,mango gall midge
multiple leaf dataset/mango leaf/mango gall midge/mango gall midge (209).jpg,17914342277994268579,mango gall midge
multiple leaf dataset/mango leaf/mango gall midge/mango gall midge (21).jpg,16912591481692003802,mango gall midge
multiple leaf dataset/mango leaf/mango gall midge/mango gall midge (210).jpg,16371026208074544843,mango gall midge
multiple leaf dataset/mango leaf/mango gall midge/mango gall midge (211).jpg,16226637463228435399,mango gall midge
multiple leaf dataset/mango leaf/mango gall midge/mango gall midge (212).jpg,17343531824378463971,mango gall midge
multiple leaf dataset/mango leaf/mango gall midge/mango gall midge (213).jpg,17921188947271299881,mango gall midge
multiple leaf dataset/mango leaf/mango gall midge/mango gall midge (214).jpg,17914421444452359174,mango gall midge
multiple leaf dataset/mango leaf/mango gall midge/mango gall midge (215).jpg,16904127510106499221,mango gall midge
multiple leaf dataset/mango leaf/mango gall midge/mango gall midge (216).jpg,17912372044981496373,mango gall midge
multiple leaf dataset/mango leaf/mango gall midge/mango gall midge (217).jpg,18343583968256966878,mango gall midge
multiple leaf dataset/mango leaf/mango gall midge/mango gall midge (218).jpg,18418737731741589724,mango gall midge
multiple leaf dataset/mango leaf/mango gall midge/mango gall midge (219).jpg,16262736215592903995,mango gall midge
multiple leaf dataset/mango leaf/mango gall midge/mango gall midge (22).jpg,18070857572107790988,mango gall midge
multiple leaf dataset/mango leaf/mango gall midge/mango gall midge (220).jpg,16686902924643454660,mango gall midge
multiple leaf dataset/mango leaf/mango gall midge/mango gall midge (221).jpg,12026524815018547592,mango gall midge
multiple leaf dataset/mango leaf/mango gall midge/mango gall midge (222).jpg,12028210374815953558,mango gall midge
multiple leaf dataset/mango leaf/mango gall midge/mango gall midge (223).jpg,11632178372546049159,mango gall midge
multiple leaf dataset/mango leaf/mango gall midge/mango gall midge (224).jpg,13647531466382422150,mango gall midge
multiple leaf dataset/mango leaf/mango gall midge/mango gall midge (225).jpg,13629548069616786966,mango gall midge
multiple leaf dataset/mango leaf/mango gall midge/mango gall midge (226).jpg,13817264930883182384,mango gall midge
multiple leaf dataset/mango leaf/mango gall midge/mango gall midge (227).jpg,17899776173386770458,mango gall midge
multiple leaf dataset/mango leaf/mango gall midge/mango gall midge (228).jpg,18194971839269199375,mango gall midge
multiple leaf dataset/mango leaf/mango gall midge/mango gall midge (229).jpg,18411140235820304162,mango gall midge
multiple leaf dataset/mango leaf/mango gall midge/mango gall midge (23).jpg,16273359458628412668,mango gall midge
multiple leaf dataset/mango leaf/mango gall midge/mango gall midge (230).jpg,18338800061315610775,mango gall midge
multiple leaf dataset/mango leaf/mango gall midge/mango gall midge (231).jpg,16407066776974743722,mango gall midge
multiple leaf dataset/mango leaf/mango gall midge/mango gall midge (232).jpg,16407625320275071466,mango gall midge
multiple leaf dataset/mango leaf/mango gall midge/mango gall midge (233).jpg,16638462620246746802,mango gall midge
multiple leaf dataset/mango leaf/mango gall midge/mango gall midge (234).jpg,16407066777947851974,mango gall midge
multiple leaf dataset/mango leaf/mango gall midge/mango gall midge (235).jpg,18339118912759291760,mango gall midge
multiple leaf dataset/mango leaf/mango gall midge/mango gall midge (236).jpg,18338837447714671476,mango gall midge
multiple leaf dataset/mango leaf/mango gall midge/mango gall midge (237).jpg,17038967085026856087,mango gall midge
multiple leaf dataset/mango leaf/mango gall midge/mango gall midge (238).jpg,16871771021870085531,mango gall midge
multiple leaf dataset/mango leaf/mango gall midge/mango gall midge (239).jpg,14508793338589516437,mango gall midge
multiple leaf dataset/mango leaf/mango gall midge/mango gall midge (24).jpg,17343812532800766866,mango gall midge
multiple leaf dataset/mango leaf/mango gall midge/mango gall midge (240).jpg,14509356284921550636,mango gall midge
multiple leaf dataset/mango leaf/mango gall midge/mango gall midge (241).jpg,17036230750487513499,mango gall midge
multiple leaf dataset/mango leaf/mango gall midge/mango gall midge (242).jpg,16587770406804188211,mango gall midge
multiple leaf dataset/mango leaf/mango gall midge/mango gall midge (243).jpg,18069151702386399766,mango gall midge
multiple leaf dataset/mango leaf/mango gall midge/mango gall midge (244).jpg,18069168711470322237,mango gall midge
multiple leaf dataset/mango leaf/mango gall midge/mango gall midge (245).jpg,17886210637636809041,mango gall midge
multiple leaf dataset/mango leaf/mango gall midge/mango gall midge (246).jpg,16979577591839344772,mango gall midge
multiple leaf dataset/mango leaf/mango gall midge/mango gall midge (247).jpg,17201098320891184265,mango gall midge
multiple leaf dataset/mango leaf/mango gall midge/mango gall midge (248).jpg,16612821818245814628,mango gall midge
multiple leaf dataset/mango leaf/mango gall midge/mango gall midge (249).jpg,16630835970871368082,mango gall midge
multiple leaf dataset/mango leaf/mango gall midge/mango gall midge (25).jpg,13708057621303821057,mango gall midge
multiple leaf dataset/mango leaf/mango gall midge/mango gall midge (250).jpg,16559059851493279413,mango gall midge
multiple leaf dataset/mango leaf/mango gall midge/mango gall midge (251).jpg,17974977657382682769,mango gall midge
multiple leaf dataset/mango leaf/mango gall midge/mango gall midge (252).jpg,12819151696581751089,mango gall midge
multiple leaf dataset/mango leaf/mango gall midge/mango gall midge (253).jpg,13386886725421003046,mango gall midge
multiple leaf dataset/mango leaf/mango gall midge/mango gall midge (254).jpg,12810150737223272088,mango gall midge
multiple leaf dataset/mango leaf/mango gall midge/mango gall midge (255).jpg,13673385524745489672,mango gall midge
multiple leaf dataset/mango leaf/mango gall midge/mango gall midge (256).jpg,12387308686805362438,mango gall midge
multiple leaf dataset/mango leaf/mango gall midge/mango gall midge (257).jpg,18069179136528435288,mango gall midge
multiple leaf dataset/mango leaf/mango gall midge/mango gall midge (258).jpg,12938729139439704166,mango gall midge
multiple leaf dataset/mango leaf/mango gall midge/mango gall midge (259).jpg,12909458533377492285,mango gall midge
multiple leaf dataset/mango leaf/mango gall midge/mango gall midge (26).jpg,17662724952544027251,mango gall midge
multiple leaf dataset/mango leaf/mango gall midge/mango gall midge (260).jpg,17631760545357219811,mango gall midge
multiple leaf dataset/mango leaf/mango gall midge/mango gall midge (261).jpg,16731603575205446599,mango gall midge
multiple leaf dataset/mango leaf/mango gall midge/mango gall midge (262).jpg,16443649225429522776,mango gall midge
multiple leaf dataset/mango leaf/mango gall midge/mango gall midge (263).jpg,16294504566960471771,mango gall midge
multiple leaf dataset/mango leaf/mango gall midge/mango gall midge (264).jpg,18030359701481259779,mango gall midge
multiple leaf dataset/mango leaf/mango gall midge/mango gall midge (265).jpg,18193483375346878082,mango gall midge
multiple leaf dataset/mango leaf/mango gall midge/mango gall midge (266).jpg,18337016144130965953,mango gall midge
multiple leaf dataset/mango leaf/mango gall midge/mango gall midge (267).jpg,14585089167728159186,mango gall midge
multiple leaf dataset/mango leaf/mango gall midge/mango gall midge (268).jpg,16800035589269596241,mango gall midge
multiple leaf dataset/mango leaf/mango gall midge/mango gall midge (269).jpg,13663605060120173073,mango gall midge
multiple leaf dataset/mango leaf/mango gall midge/mango gall midge (27).jpg,16945802493387006697,mango gall midge
multiple leaf dataset/mango leaf/mango gall midge/mango gall midge (270).jpg,18259576650522708275,mango gall midge
multiple leaf dataset/mango leaf/mango gall midge/mango gall midge (271).jpg,18342246983592374350,mango gall midge
multiple leaf dataset/mango leaf/mango gall midge/mango gall midge (272).jpg,18413110558622895491,mango gall midge
multiple leaf dataset/mango leaf/mango gall midge/mango gall midge (273).jpg,17984779217762959682,mango gall midge
multiple leaf dataset/mango leaf/mango gall midge/mango gall midge (274).jpg,16768196412519291455,mango gall midge
multiple leaf dataset/mango leaf/mango gall midge/mango gall midge (275).jpg,16263230312935547312,mango gall midge
multiple leaf dataset/mango leaf/mango gall midge/mango gall midge (276).jpg,17343811644445001415,mango gall midge
multiple leaf dataset/mango leaf/mango gall midge/mango gall midge (277).jpg,17559985113826870936,mango gall midge
multiple leaf dataset/mango leaf/mango gall midge/mango gall midge (278).jpg,16620140484393997196,mango gall midge
multiple leaf dataset/mango leaf/mango gall midge/mango gall midge (279).jpg,16487002803226710838,mango gall midge
multiple leaf dataset/mango leaf/mango gall midge/mango gall midge (28).jpg,15359705289115661115,mango gall midge
multiple leaf dataset/mango leaf/mango gall midge/mango gall midge (280).jpg,16559060401249097254,mango gall midge
multiple leaf dataset/mango leaf/mango gall midge/mango gall midge (281).jpg,16989990907525278059,mango gall midge
multiple leaf dataset/mango leaf/mango gall midge/mango gall midge (282).jpg,12160732951521089914,mango gall midge
multiple leaf dataset/mango leaf/mango gall midge/mango gall midge (283).jpg,16695294401882901638,mango gall midge
multiple leaf dataset/mango leaf/mango gall midge/mango gall midge (284).jpg,18044468866513709866,mango gall midge
multiple leaf dataset/mango leaf/mango gall midge/mango gall midge (285).jpg,18039966094003431992,mango gall midge
multiple leaf dataset/mango leaf/mango gall midge/mango gall midge (286).jpg,16891545162883605807,mango gall midge
multiple leaf dataset/mango leaf/mango gall midge/mango gall midge (287).jpg,18410667793688071373,mango gall midge
multiple leaf dataset/mango leaf/mango gall midge/mango gall midge (288).jpg,17975502738439485488,mango gall midge
multiple leaf dataset/mango leaf/mango gall midge/mango gall midge (289).jpg,11845854387183879071,mango gall midge
multiple leaf dataset/mango leaf/mango gall midge/mango gall midge (29).jpg,13603056462195835361,mango gall midge
multiple leaf dataset/mango leaf/mango gall midge/mango gall midge (290).jpg,12496884862497861112,mango gall midge
multiple leaf dataset/mango leaf/mango gall midge/mango gall midge (291).jpg,11845832180559523179,mango gall midge
multiple leaf dataset/mango leaf/mango gall midge/mango gall midge (292).jpg,12496875533579811524,mango gall midge
multiple leaf dataset/mango leaf/mango gall midge/mango gall midge (293).jpg,12531778422238311108,mango gall midge
multiple leaf dataset/mango leaf/mango gall midge/mango gall midge (294).jpg,18338306390882164148,mango gall midge
multiple leaf dataset/mango leaf/mango gall midge/mango gall midge (295).jpg,18119037384024645268,mango gall midge
multiple leaf dataset/mango leaf/mango gall midge/mango gall midge (296).jpg,12208075285954958908,mango gall midge
multiple leaf dataset/mango leaf/mango gall midge/mango gall midge (297).jpg,12189530919318311814,mango gall midge
multiple leaf dataset/mango leaf/mango gall midge/mango gall midge (298).jpg,12189530927135970054,mango gall midge
multiple leaf dataset/mango leaf/mango gall midge/mango gall midge (299).jpg,12279850374079301004,mango gall midge
multiple leaf dataset/mango leaf/mango gall midge/mango gall midge (3).jpg,12770181650414227225,mango gall midge
multiple leaf dataset/mango leaf/mango gall midge/mango gall midge (30).jpg,13316808260746461570,mango gall midge
multiple leaf dataset/mango leaf/mango gall midge/mango gall midge (300).jpg,12279850386963156360,mango gall midge
multiple leaf dataset/mango leaf/mango gall midge/mango gall midge (301).jpg,12279867940494757002,mango gall midge
multiple leaf dataset/mango leaf/mango gall midge/mango gall midge (302).jpg,12279867940559462042,mango gall midge
multiple leaf dataset/mango leaf/mango gall midge/mango gall midge (303).jpg,12189109896896376993,mango gall midge
multiple leaf dataset/mango leaf/mango gall midge/mango gall midge (304).jpg,16235364179636662980,mango gall midge
multiple leaf dataset/mango leaf/mango gall midge/mango gall midge (305).jpg,16883594993099944902,mango gall midge
multiple leaf dataset/mango leaf/mango gall midge/mango gall midge (306).jpg,18213565404738133041,mango gall midge
multiple leaf dataset/mango leaf/mango gall midge/mango gall midge (307).jpg,16759234944204335025,mango gall midge
multiple leaf dataset/mango leaf/mango gall midge/mango gall midge (308).jpg,16279888764698240204,mango gall midge
multiple leaf dataset/mango leaf/mango gall midge/mango gall midge (309).jpg,13358181850034957577,mango gall midge
multiple leaf dataset/mango leaf/mango gall midge/mango gall midge (31).jpg,13298785684676462529,mango gall midge
multiple leaf dataset/mango leaf/mango gall midge/mango gall midge (310).jpg,12352178405082754409,mango gall midge
multiple leaf dataset/mango leaf/mango gall midge/mango gall midge (311).jpg,12334175001672770925,mango gall midge
multiple leaf dataset/mango leaf/mango gall midge/mango gall midge (312).jpg,12352196012300135785,mango gall midge
multiple leaf dataset/mango leaf/mango gall midge/mango gall midge (313).jpg,12279850356954178861,mango gall midge
multiple leaf dataset/mango leaf/mango gall midge/mango gall midge (314).jpg,13648654096153233675,mango gall midge
multiple leaf dataset/mango leaf/mango gall midge/mango gall midge (315).jpg,18260340114530011935,mango gall midge
multiple leaf dataset/mango leaf/mango gall midge/mango gall midge (316).jpg,18104071112490634759,mango gall midge
multiple leaf dataset/mango leaf/mango gall midge/mango gall midge (317).jpg,18284828060760969790,mango gall midge
multiple leaf dataset/mango leaf/mango gall midge/mango gall midge (318).jpg,16418598280569084722,mango gall midge
multiple leaf dataset/mango leaf/mango gall midge/mango gall midge (319).jpg,16414664301869615899,mango gall midge
multiple leaf dataset/mango leaf/mango gall midge/mango gall midge (32).jpg,13803501804769632448,mango gall midge
multiple leaf dataset/mango leaf/mango gall midge/mango gall midge (320).jpg,16343163056573526693,mango gall midge
multiple leaf dataset/mango leaf/mango gall midge/mango gall midge (321).jpg,17928712676247745637,mango gall midge
multiple leaf dataset/mango leaf/mango gall midge/mango gall midge (322).jpg,18072528797743296974,mango gall midge
multiple leaf dataset/mango leaf/mango gall midge/mango gall midge (323).jpg,18056557501311757748,mango gall midge
multiple leaf dataset/mango leaf/mango gall midge/mango gall midge (324).jpg,18075905741492835568,mango gall midge
multiple leaf dataset/mango leaf/mango gall midge/mango gall midge (325).jpg,18068307291327995659,mango gall midge
multiple leaf dataset/mango leaf/mango gall midge/mango gall midge (326).jpg,12651403470805443710,mango gall midge
multiple leaf dataset/mango leaf/mango gall midge/mango gall midge (327).jpg,18355687199581584608,mango gall midge
multiple leaf dataset/mango leaf/mango gall midge/mango gall midge (328).jpg,18392568683122134080,mango gall midge
multiple leaf dataset/mango leaf/mango gall midge/mango gall midge (329).jpg,12291683390646833205,mango gall midge
multiple leaf dataset/mango leaf/mango gall midge/mango gall midge (33).jpg,18070015356428462105,mango gall midge
multiple leaf dataset/mango leaf/mango gall midge/mango gall midge (330).jpg,12651404020620624053,mango gall midge
multiple leaf dataset/mango leaf/mango gall midge/mango gall midge (331).jpg,13726508017414878381,mango gall midge
multiple leaf dataset/mango leaf/mango gall midge/mango gall midge (332).jpg,18049959281859864618,mango gall midge
multiple leaf dataset/mango leaf/mango gall midge/mango gall midge (333).jpg,12333999604714607797,mango gall midge
multiple leaf dataset/mango leaf/mango gall midge/mango gall midge (334).jpg,16760013429645083962,mango gall midge
multiple leaf dataset/mango leaf/mango gall midge/mango gall midge (335).jpg,17906740096758263674,mango gall midge
multiple leaf dataset/mango leaf/mango gall midge/mango gall midge (336).jpg,12478861942270029257,mango gall midge
multiple leaf dataset/mango leaf/mango gall midge/mango gall midge (337).jpg,12208073943704628553,mango gall midge
multiple leaf dataset/mango leaf/mango gall midge/mango gall midge (338).jpg,12207508836142163171,mango gall midge
multiple leaf dataset/mango leaf/mango gall midge/mango gall midge (339).jpg,12136016315382381809,mango gall midge
multiple leaf dataset/mango leaf/mango gall midge/mango gall midge (34).jpg,17502902245345234073,mango gall midge
multiple leaf dataset/mango leaf/mango gall midge/mango gall midge (340).jpg,12136016315382381809,mango gall midge
multiple leaf dataset/mango leaf/mango gall midge/mango gall midge (341).jpg,12208073909420309617,mango gall midge
multiple leaf dataset/mango leaf/mango gall midge/mango gall midge (342).jpg,13540284586168703894,mango gall midge
multiple leaf dataset/mango leaf/mango gall midge/mango gall midge (343).jpg,13529030156785587534,mango gall midge
multiple leaf dataset/mango leaf/mango gall midge/mango gall midge (344).jpg,13382045853136591181,mango gall midge
multiple leaf dataset/mango leaf/mango gall midge/mango gall midge (345).jpg,12941318687748952867,mango gall midge
multiple leaf dataset/mango leaf/mango gall midge/mango gall midge (346).jpg,12639566304620119870,mango gall midge
multiple leaf dataset/mango leaf/mango gall midge/mango gall midge (347).jpg,12627973239562050574,mango gall midge
multiple leaf dataset/mango leaf/mango gall midge/mango gall midge (348).jpg,16839478442872451915,mango gall midge
multiple leaf dataset/mango leaf/mango gall midge/mango gall midge (349).jpg,12003163263843736420,mango gall midge
multiple leaf dataset/mango leaf/mango gall midge/mango gall midge (35).jpg,16587829204902714180,mango gall midge
multiple leaf dataset/mango leaf/mango gall midge/mango gall midge (350).jpg,16702042005956760978,mango gall midge
multiple leaf dataset/mango leaf/mango gall midge/mango gall midge (351).jpg,13313658871313322524,mango gall midge
multiple leaf dataset/mango leaf/mango gall midge/mango gall midge (352).jpg,13745198540819372004,mango gall midge
multiple leaf dataset/mango leaf/mango gall midge/mango gall midge (353).jpg,17185895879874243862,mango gall midge
multiple leaf dataset/mango leaf/mango gall midge/mango gall midge (354).jpg,16915403379209473476,mango gall midge
multiple leaf dataset/mango leaf/mango gall midge/mango gall midge (355).jpg,17197722849569803941,mango gall midge
multiple leaf dataset/mango leaf/mango gall midge/mango gall midge (356).jpg,17916312710141298746,mango gall midge
multiple leaf dataset/mango leaf/mango gall midge/mango gall midge (357).jpg,18066899520534073248,mango gall midge
multiple leaf dataset/mango leaf/mango gall midge/mango gall midge (358).jpg,17912930509296223410,mango gall midge
multiple leaf dataset/mango leaf/mango gall midge/mango gall midge (359).jpg,17413878589112683444,mango gall midge
multiple leaf dataset/mango leaf/mango gall midge/mango gall midge (36).jpg,18357940339882754420,mango gall midge
multiple leaf dataset/mango leaf/mango gall midge/mango gall midge (360).jpg,15252157382083861131,mango gall midge
multiple leaf dataset/mango leaf/mango gall midge/mango gall midge (361).jpg,16553150057509932130,mango gall midge
multiple leaf dataset/mango leaf/mango gall midge/mango gall midge (362).jpg,17200814099650846359,mango gall midge
multiple leaf dataset/mango leaf/mango gall midge/mango gall midge (363).jpg,16912056024885415076,mango gall midge
multiple leaf dataset/mango leaf/mango gall midge/mango gall midge (364).jpg,17056981492112659019,mango gall midge
multiple leaf dataset/mango leaf/mango gall midge/mango gall midge (365).jpg,17120876449144345253,mango gall midge
multiple leaf dataset/mango leaf/mango gall midge/mango gall midge (366).jpg,17121197201647834221,mango gall midge
multiple leaf dataset/mango leaf/mango gall midge/mango gall midge (367).jpg,17927637353624224564,mango gall midge
multiple leaf dataset/mango leaf/mango gall midge/mango gall midge (368).jpg,17914342828412804713,mango gall midge
multiple leaf dataset/mango leaf/mango gall midge/mango gall midge (369).jpg,18167115054104735028,mango gall midge
multiple leaf dataset/mango leaf/mango gall midge/mango gall midge (37).jpg,12351916464017184661,mango gall midge
multiple leaf dataset/mango leaf/mango gall midge/mango gall midge (370).jpg,17415574028475393331,mango gall midge
multiple leaf dataset/mango leaf/mango gall midge/mango gall midge (371).jpg,17415925974956803782,mango gall midge
multiple leaf dataset/mango leaf/mango gall midge/mango gall midge (372).jpg,13769122998321635376,mango gall midge
multiple leaf dataset/mango leaf/mango gall midge/mango gall midge (373).jpg,13771937704920835506,mango gall midge
multiple leaf dataset/mango leaf/mango gall midge/mango gall midge (374).jpg,16659828550555978788,mango gall midge
multiple leaf dataset/mango leaf/mango gall midge/mango gall midge (375).jpg,16601844705400101273,mango gall midge
multiple leaf dataset/mango leaf/mango gall midge/mango gall midge (376).jpg,16912307197280598332,mango gall midge
multiple leaf dataset/mango leaf/mango gall midge/mango gall midge (377).jpg,16912585366782240486,mango gall midge
multiple leaf dataset/mango leaf/mango gall midge/mango gall midge (378).jpg,16908929270259828972,mango gall midge
multiple leaf dataset/mango leaf/mango gall midge/mango gall midge (379).jpg,16878811640558074942,mango gall midge
multiple leaf dataset/mango leaf/mango gall midge/mango gall midge (38).jpg,13749983807972556908,mango gall midge
multiple leaf dataset/mango leaf/mango gall midge/mango gall midge (380).jpg,16877404310447809313,mango gall midge
multiple leaf dataset/mango leaf/mango gall midge/mango gall midge (381).jpg,13424320794370555562,mango gall midge
multiple leaf dataset/mango leaf/mango gall midge/mango gall midge (382).jpg,13436706664074932784,mango gall midge
multiple leaf dataset/mango leaf/mango gall midge/mango gall midge (383).jpg,12034982472400303254,mango gall midge
multiple leaf dataset/mango leaf/mango gall midge/mango gall midge (384).jpg,17609246750862965020,mango gall midge
multiple leaf dataset/mango leaf/mango gall midge/mango gall midge (385).jpg,17927570867553288648,mango gall midge
multiple leaf dataset/mango leaf/mango gall midge/mango gall midge (386).jpg,17051918237724941203,mango gall midge
multiple leaf dataset/mango leaf/mango gall midge/mango gall midge (387).jpg,17036437399754934682,mango gall midge
multiple leaf dataset/mango leaf/mango gall midge/mango gall midge (388).jpg,16820299784768457062,mango gall midge
multiple leaf dataset/mango leaf/mango gall midge/mango gall midge (389).jpg,12891210047338682569,mango gall midge
multiple leaf dataset/mango leaf/mango gall midge/mango gall midge (39).jpg,13587591838339208907,mango gall midge
multiple leaf dataset/mango leaf/mango gall midge/mango gall midge (390).jpg,13315907356491329352,mango gall midge
multiple leaf dataset/mango leaf/mango gall midge/mango gall midge (391).jpg,12127001058938051390,mango gall midge
multiple leaf dataset/mango leaf/mango gall midge/mango gall midge (392).jpg,12481606281803611678,mango gall midge
multiple leaf dataset/mango leaf/mango gall midge/mango gall midge (393).jpg,12938447437683661031,mango gall midge
multiple leaf dataset/mango leaf/mango gall midge/mango gall midge (394).jpg,13675692874548190064,mango gall midge
multiple leaf dataset/mango leaf/mango gall midge/mango gall midge (395).jpg,13793901789178117936,mango gall midge
multiple leaf dataset/mango leaf/mango gall midge/mango gall midge (396).jpg,12865601937475533113,mango gall midge
multiple leaf dataset/mango leaf/mango gall midge/mango gall midge (397).jpg,12938223144861342002,mango gall midge
multiple leaf dataset/mango leaf/mango gall midge/mango gall midge (398).jpg,12810432183625434929,mango gall midge
multiple leaf dataset/mango leaf/mango gall midge/mango gall midge (399).jpg,18060988469897708244,mango gall midge
multiple leaf dataset/mango leaf/mango gall midge/mango gall midge (4).jpg,13275642789131174855,mango gall midge
multiple leaf dataset/mango leaf/mango gall midge/mango gall midge (40).jpg,12191407792756077400,mango gall midge
multiple leaf dataset/mango leaf/mango gall midge/mango gall midge (400).jpg,16833495951624321332,mango gall midge
multiple leaf dataset/mango leaf/mango gall midge/mango gall midge (401).jpg,18197234642549226434,mango gall midge
multiple leaf dataset/mango leaf/mango gall midge/mango gall midge (402).jpg,12739782239259444961,mango gall midge
multiple leaf dataset/mango leaf/mango gall midge/mango gall midge (403).jpg,12926400967541056270,mango gall midge
multiple leaf dataset/mango leaf/mango gall midge/mango gall midge (404).jpg,12956743311172996291,mango gall midge
multiple leaf dataset/mango leaf/mango gall midge/mango gall midge (405).jpg,16688820477481488953,mango gall midge
multiple leaf dataset/mango leaf/mango gall midge/mango gall midge (406).jpg,17118625124263224973,mango gall midge
multiple leaf dataset/mango leaf/mango gall midge/mango gall midge (407).jpg,13230107641573920268,mango gall midge
multiple leaf dataset/mango leaf/mango gall midge/mango gall midge (408).jpg,12798329519744430988,mango gall midge
multiple leaf dataset/mango leaf/mango gall midge/mango gall midge (409).jpg,12963554596631359886,mango gall midge
multiple leaf dataset/mango leaf/mango gall midge/mango gall midge (41).jpg,17262508750963621354,mango gall midge
multiple leaf dataset/mango leaf/mango gall midge/mango gall midge (410).jpg,13035045946945059044,mango gall midge
multiple leaf dataset/mango leaf/mango gall midge/mango gall midge (411).jpg,12601583298268437298,mango gall midge
multiple leaf dataset/mango leaf/mango gall midge/mango gall midge (412).jpg,12594528800693866807,mango gall midge
multiple leaf dataset/mango leaf/mango gall midge/mango gall midge (413).jpg,13708822852033879627,mango gall midge
multiple leaf dataset/mango leaf/mango gall midge/mango gall midge (414).jpg,12803890762046724388,mango gall midge
multiple leaf dataset/mango leaf/mango gall midge/mango gall midge (415).jpg,16396651001400596939,mango gall midge
multiple leaf dataset/mango leaf/mango gall midge/mango gall midge (416).jpg,12811784037367335219,mango gall midge
multiple leaf dataset/mango leaf/mango gall midge/mango gall midge (417).jpg,13386895804765270065,mango gall midge
multiple leaf dataset/mango leaf/mango gall midge/mango gall midge (418).jpg,12956461625639094553,mango gall midge
multiple leaf dataset/mango leaf/mango gall midge/mango gall midge (419).jpg,16414656534561919606,mango gall midge
multiple leaf dataset/mango leaf/mango gall midge/mango gall midge (42).jpg,12652230107604484223,mango gall midge
multiple leaf dataset/mango leaf/mango gall midge/mango gall midge (420).jpg,18044446604226062347,mango gall midge
multiple leaf dataset/mango leaf/mango gall midge/mango gall midge (421).jpg,18044461975716875593,mango gall midge
multiple leaf dataset/mango leaf/mango gall midge/mango gall midge (422).jpg,18204895050233734732,mango gall midge
multiple leaf dataset/mango leaf/mango gall midge/mango gall midge (423).jpg,17895210930383112561,mango gall midge
multiple leaf dataset/mango leaf/mango gall midge/mango gall midge (424).jpg,18340839630754397858,mango gall midge
multiple leaf dataset/mango leaf/mango gall midge/mango gall midge (425).jpg,18330426275692473950,mango gall midge
multiple leaf dataset/mango leaf/mango gall midge/mango gall midge (426).jpg,18044449058041472957,mango gall midge
multiple leaf dataset/mango leaf/mango gall midge/mango gall midge (427).jpg,18428873978732971992,mango gall midge
multiple leaf dataset/mango leaf/mango gall midge/mango gall midge (428).jpg,18428901730526129153,mango gall midge
multiple leaf dataset/mango leaf/mango gall midge/mango gall midge (429).jpg,17351681277405117651,mango gall midge
multiple leaf dataset/mango leaf/mango gall midge/mango gall midge (43).jpg,12580069100455166001,mango gall midge
multiple leaf dataset/mango leaf/mango gall midge/mango gall midge (430).jpg,10693546874696025145,mango gall midge
multiple leaf dataset/mango leaf/mango gall midge/mango gall midge (431).jpg,15019450985135376189,mango gall midge
multiple leaf dataset/mango leaf/mango gall midge/mango gall midge (432).jpg,14800009715802062482,mango gall midge
multiple leaf dataset/mango leaf/mango gall midge/mango gall midge (433).jpg,17918634981771791641,mango gall midge
multiple leaf dataset/mango leaf/mango gall midge/mango gall midge (434).jpg,18071404014381898098,mango gall midge
multiple leaf dataset/mango leaf/mango gall midge/mango gall midge (435).jpg,17380947640576152035,mango gall midge
multiple leaf dataset/mango leaf/mango gall midge/mango gall midge (436).jpg,17918841539822006468,mango gall midge
multiple leaf dataset/mango leaf/mango gall midge/mango gall midge (437).jpg,17403490507607402550,mango gall midge
multiple leaf dataset/mango leaf/mango gall midge/mango gall midge (438).jpg,18430018515139825879,mango gall midge
multiple leaf dataset/mango leaf/mango gall midge/mango gall midge (439).jpg,17496914651851597199,mango gall midge
multiple leaf dataset/mango leaf/mango gall midge/mango gall midge (44).jpg,12669859459127353375,mango gall midge
multiple leaf dataset/mango leaf/mango gall midge/mango gall midge (440).jpg,16443655769344075459,mango gall midge
multiple leaf dataset/mango leaf/mango gall midge/mango gall midge (441).jpg,16515431479511883417,mango gall midge
multiple leaf dataset/mango leaf/mango gall midge/mango gall midge (442).jpg,16372159539558390564,mango gall midge
multiple leaf dataset/mango leaf/mango gall midge/mango gall midge (443).jpg,12725374075625326494,mango gall midge
multiple leaf dataset/mango leaf/mango gall midge/mango gall midge (444).jpg,16601283739617696140,mango gall midge
multiple leaf dataset/mango leaf/mango gall midge/mango gall midge (445).jpg,16692475550252651570,mango gall midge
multiple leaf dataset/mango leaf/mango gall midge/mango gall midge (446).jpg,16459688194010745895,mango gall midge
multiple leaf dataset/mango leaf/mango gall midge/mango gall midge (447).jpg,17179755702830428900,mango gall midge
multiple leaf dataset/mango leaf/mango gall midge/mango gall midge (448).jpg,17895200132814136106,mango gall midge
multiple leaf dataset/mango leaf/mango gall midge/mango gall midge (449).jpg,17908334397465572206,mango gall midge
multiple leaf dataset/mango leaf/mango gall midge/mango gall midge (45).jpg,13733093966164058087,mango gall midge
multiple leaf dataset/mango leaf/mango gall midge/mango gall midge (450).jpg,17332031048120059955,mango gall midge
multiple leaf dataset/mango leaf/mango gall midge/mango gall midge (451).jpg,17523939122464214259,mango gall midge
multiple leaf dataset/mango leaf/mango gall midge/mango gall midge (452).jpg,17523939122465262803,mango gall midge
multiple leaf dataset/mango leaf/mango gall midge/mango gall midge (453).jpg,18428888272779326625,mango gall midge
multiple leaf dataset/mango leaf/mango gall midge/mango gall midge (454).jpg,13817190166165412432,mango gall midge
multiple leaf dataset/mango leaf/mango gall midge/mango gall midge (455).jpg,13540292302008066958,mango gall midge
multiple leaf dataset/mango leaf/mango gall midge/mango gall midge (456).jpg,13611509993046787640,mango gall midge
multiple leaf dataset/mango leaf/mango gall midge/mango gall midge (457).jpg,13179727378705401400,mango gall midge
multiple leaf dataset/mango leaf/mango gall midge/mango gall midge (458).jpg,12884741620273617190,mango gall midge
multiple leaf dataset/mango leaf/mango gall midge/mango gall midge (459).jpg,16616474163729216334,mango gall midge
multiple leaf dataset/mango leaf/mango gall midge/mango gall midge (46).jpg,13799437316900512060,mango gall midge
multiple leaf dataset/mango leaf/mango gall midge/mango gall midge (460).jpg,13565860433298774419,mango gall midge
multiple leaf dataset/mango leaf/mango gall midge/mango gall midge (461).jpg,11622904103687202101,mango gall midge
multiple leaf dataset/mango leaf/mango gall midge/mango gall midge (462).jpg,16667216607265855026,mango gall midge
multiple leaf dataset/mango leaf/mango gall midge/mango gall midge (463).jpg,11839287442361520818,mango gall midge
multiple leaf dataset/mango leaf/mango gall midge/mango gall midge (464).jpg,11868845158181737353,mango gall midge
multiple leaf dataset/mango leaf/mango gall midge/mango gall midge (465).jpg,18071484690214536521,mango gall midge
multiple leaf dataset/mango leaf/mango gall midge/mango gall midge (466).jpg,16882476243112200615,mango gall midge
multiple leaf dataset/mango leaf/mango gall midge/mango gall midge (467).jpg,12198233473886643629,mango gall midge
multiple leaf dataset/mango leaf/mango gall midge/mango gall midge (468).jpg,12262129501925949407,mango gall midge
multiple leaf dataset/mango leaf/mango gall midge/mango gall midge (469).jpg,12479433689557703071,mango gall midge
multiple leaf dataset/mango leaf/mango gall midge/mango gall midge (47).jpg,13799303245033620339,mango gall midge
multiple leaf dataset/mango leaf/mango gall midge/mango gall midge (470).jpg,12324546595092310381,mango gall midge
multiple leaf dataset/mango leaf/mango gall midge/mango gall midge (471).jpg,12639863176851756837,mango gall midge
multiple leaf dataset/mango leaf/mango gall midge/mango gall midge (472).jpg,12277610371079656485,mango gall midge
multiple leaf dataset/mango leaf/mango gall midge/mango gall midge (473).jpg,10225934867849462342,mango gall midge
multiple leaf dataset/mango leaf/mango gall midge/mango gall midge (474).jpg,16634917600931222170,mango gall midge
multiple leaf dataset/mango leaf/mango gall midge/mango gall midge (475).jpg,17352255236562388660,mango gall midge
multiple leaf dataset/mango leaf/mango gall midge/mango gall midge (476).jpg,12890649922618772513,mango gall midge
multiple leaf dataset/mango leaf/mango gall midge/mango gall midge (477).jpg,13301604596443552968,mango gall midge
multiple leaf dataset/mango leaf/mango gall midge/mango gall midge (478).jpg,13230384868833592257,mango gall midge
multiple leaf dataset/mango leaf/mango gall midge/mango gall midge (479).jpg,13533001186759733496,mango gall midge
multiple leaf dataset/mango leaf/mango gall midge/mango gall midge (48).jpg,13799259603809902400,mango gall midge
multiple leaf dataset/mango leaf/mango gall midge/mango gall midge (480).jpg,13519180565632568835,mango gall midge
multiple leaf dataset/mango leaf/mango gall midge/mango gall midge (481).jpg,16892357109546641812,mango gall midge
multiple leaf dataset/mango leaf/mango gall midge/mango gall midge (482).jpg,17557226633265164484,mango gall midge
multiple leaf dataset/mango leaf/mango gall midge/mango gall midge (483).jpg,17556944745909570697,mango gall midge
multiple leaf dataset/mango leaf/mango gall midge/mango gall midge (484).jpg,18049466059570920846,mango gall midge
multiple leaf dataset/mango leaf/mango gall midge/mango gall midge (485).jpg,17599111382012731792,mango gall midge
multiple leaf dataset/mango leaf/mango gall midge/mango gall midge (486).jpg,16759247608171643360,mango gall midge
multiple leaf dataset/mango leaf/mango gall midge/mango gall midge (487).jpg,15287632622472606488,mango gall midge
multiple leaf dataset/mango leaf/mango gall midge/mango gall midge (488).jpg,16402550578682963923,mango gall midge
multiple leaf dataset/mango leaf/mango gall midge/mango gall midge (489).jpg,14602559311966746960,mango gall midge
multiple leaf dataset/mango leaf/mango gall midge/mango gall midge (49).jpg,18411982981376991352,mango gall midge
multiple leaf dataset/mango leaf/mango gall midge/mango gall midge (490).jpg,16912310510220133315,mango gall midge
multiple leaf dataset/mango leaf/mango gall midge/mango gall midge (491).jpg,17481087433004532162,mango gall midge
multiple leaf dataset/mango leaf/mango gall midge/mango gall midge (492).jpg,18244250096291244308,mango gall midge
multiple leaf dataset/mango leaf/mango gall midge/mango gall midge (493).jpg,18248263281425914124,mango gall midge
multiple leaf dataset/mango leaf/mango gall midge/mango gall midge (494).jpg,17032280501859049185,mango gall midge
multiple leaf dataset/mango leaf/mango gall midge/mango gall midge (495).jpg,17108562282285093504,mango gall midge
multiple leaf dataset/mango leaf/mango gall midge/mango gall midge (496).jpg,13781175647790405811,mango gall midge
multiple leaf dataset/mango leaf/mango gall midge/mango gall midge (497).jpg,16874589597612018389,mango gall midge
multiple leaf dataset/mango leaf/mango gall midge/mango gall midge (498).jpg,13519103220693046080,mango gall midge
multiple leaf dataset/mango leaf/mango gall midge/mango gall midge (499).jpg,14669672928353332441,mango gall midge
multiple leaf dataset/mango leaf/mango gall midge/mango gall midge (5).jpg,12906699439478987120,mango gall midge
multiple leaf dataset/mango leaf/mango gall midge/mango gall midge (50).jpg,17093023497963659922,mango gall midge
multiple leaf dataset/mango leaf/mango gall midge/mango gall midge (500).jpg,17351673598502452940,mango gall midge
multiple leaf dataset/mango leaf/mango gall midge/mango gall midge (51).jpg,16948626832759563922,mango gall midge
multiple leaf dataset/mango leaf/mango gall midge/mango gall midge (52).jpg,17056982724631632492,mango gall midge
multiple leaf dataset/mango leaf/mango gall midge/mango gall midge (53).jpg,16630836181355239734,mango gall midge
multiple leaf dataset/mango leaf/mango gall midge/mango gall midge (54).jpg,16856354488444137542,mango gall midge
multiple leaf dataset/mango leaf/mango gall midge/mango gall midge (55).jpg,17494405601962179210,mango gall midge
multiple leaf dataset/mango leaf/mango gall midge/mango gall midge (56).jpg,17356185917175202594,mango gall midge
multiple leaf dataset/mango leaf/mango gall midge/mango gall midge (57).jpg,13311663863221851955,mango gall midge
multiple leaf dataset/mango leaf/mango gall midge/mango gall midge (58).jpg,13587009779302607068,mango gall midge
multiple leaf dataset/mango leaf/mango gall midge/mango gall midge (59).jpg,16551456961622151622,mango gall midge
multiple leaf dataset/mango leaf/mango gall midge/mango gall midge (6).jpg,13129272478502895382,mango gall midge
multiple leaf dataset/mango leaf/mango gall midge/mango gall midge (60).jpg,16254497561567678049,mango gall midge
multiple leaf dataset/mango leaf/mango gall midge/mango gall midge (61).jpg,16624356819466490698,mango gall midge
multiple leaf dataset/mango leaf/mango gall midge/mango gall midge (62).jpg,12855398252720787763,mango gall midge
multiple leaf dataset/mango leaf/mango gall midge/mango gall midge (63).jpg,13502292840196616499,mango gall midge
multiple leaf dataset/mango leaf/mango gall midge/mango gall midge (64).jpg,18392020007223598478,mango gall midge
multiple leaf dataset/mango leaf/mango gall midge/mango gall midge (65).jpg,18337703949785849905,mango gall midge
multiple leaf dataset/mango leaf/mango gall midge/mango gall midge (66).jpg,17903081252806504579,mango gall midge
multiple leaf dataset/mango leaf/mango gall midge/mango gall midge (67).jpg,18398758914152641952,mango gall midge
multiple leaf dataset/mango leaf/mango gall midge/mango gall midge (68).jpg,18337673350815323568,mango gall midge
multiple leaf dataset/mango leaf/mango gall midge/mango gall midge (69).jpg,18410598203404609592,mango gall midge
multiple leaf dataset/mango leaf/mango gall midge/mango gall midge (7).jpg,16904109574688587798,mango gall midge
multiple leaf dataset/mango leaf/mango gall midge/mango gall midge (70).jpg,13337629343124539079,mango gall midge
multiple leaf dataset/mango leaf/mango gall midge/mango gall midge (71).jpg,13316800014459520706,mango gall midge
multiple leaf dataset/mango leaf/mango gall midge/mango gall midge (72).jpg,9522559912234398582,mango gall midge
multiple leaf dataset/mango leaf/mango gall midge/mango gall midge (73).jpg,10100988800031404598,mango gall midge
multiple leaf dataset/mango leaf/mango gall midge/mango gall midge (74).jpg,9883654998071588454,mango gall midge
multiple leaf dataset/mango leaf/mango gall midge/mango gall midge (75).jpg,10171885373076288869,mango gall midge
multiple leaf dataset/mango leaf/mango gall midge/mango gall midge (76).jpg,10191023435895025131,mango gall midge
multiple leaf dataset/mango leaf/mango gall midge/mango gall midge (77).jpg,12478852048753042855,mango gall midge
multiple leaf dataset/mango leaf/mango gall midge/mango gall midge (78).jpg,16616481508137645702,mango gall midge
multiple leaf dataset/mango leaf/mango gall midge/mango gall midge (79).jpg,17203979478898091275,mango gall midge
multiple leaf dataset/mango leaf/mango gall midge/mango gall midge (8).jpg,16903533414514873642,mango gall midge
multiple leaf dataset/mango leaf/mango gall midge/mango gall midge (80).jpg,12668784286866147798,mango gall midge
multiple leaf dataset/mango leaf/mango gall midge/mango gall midge (81).jpg,16436618662178427793,mango gall midge
multiple leaf dataset/mango leaf/mango gall midge/mango gall midge (82).jpg,12668789766973922610,mango gall midge
multiple leaf dataset/mango leaf/mango gall midge/mango gall midge (83).jpg,13458679145451484456,mango gall midge
multiple leaf dataset/mango leaf/mango gall midge/mango gall midge (84).jpg,12810432089186001720,mango gall midge
multiple leaf dataset/mango leaf/mango gall midge/mango gall midge (85).jpg,17482073040881989948,mango gall midge
multiple leaf dataset/mango leaf/mango gall midge/mango gall midge (86).jpg,12527837909942473396,mango gall midge
multiple leaf dataset/mango leaf/mango gall midge/mango gall midge (87).jpg,12019765668691627546,mango gall midge
multiple leaf dataset/mango leaf/mango gall midge/mango gall midge (88).jpg,13418903381808281630,mango gall midge
multiple leaf dataset/mango leaf/mango gall midge/mango gall midge (89).jpg,17095270892784738706,mango gall midge
multiple leaf dataset/mango leaf/mango gall midge/mango gall midge (9).jpg,18419933598275502281,mango gall midge
multiple leaf dataset/mango leaf/mango gall midge/mango gall midge (90).jpg,17483411214899056856,mango gall midge
multiple leaf dataset/mango leaf/mango gall midge/mango gall midge (91).jpg,16616251438169245475,mango gall midge
multiple leaf dataset/mango leaf/mango gall midge/mango gall midge (92).jpg,16616534012590869542,mango gall midge
multiple leaf dataset/mango leaf/mango gall midge/mango gall midge (93).jpg,17047490652358285604,mango gall midge
multiple leaf dataset/mango leaf/mango gall midge/mango gall midge (94).jpg,16592837287585671273,mango gall midge
multiple leaf dataset/mango leaf/mango gall midge/mango gall midge (95).jpg,16385121944119866832,mango gall midge
multiple leaf dataset/mango leaf/mango gall midge/mango gall midge (96).jpg,16471030108035126163,mango gall midge
multiple leaf dataset/mango leaf/mango gall midge/mango gall midge (97).jpg,13780899144214308998,mango gall midge
multiple leaf dataset/mango leaf/mango gall midge/mango gall midge (98).jpg,13492669686657114208,mango gall midge
multiple leaf dataset/mango leaf/mango gall midge/mango gall midge (99).jpg,12292442598165269109,mango gall midge
multiple leaf dataset/mango leaf/mango healthy/mango healthy (1).jpg,11542900458577418676,mango healthy
multiple leaf dataset/mango leaf/mango healthy/mango healthy (10).jpg,12567524378644433054,mango healthy
multiple leaf dataset/mango leaf/mango healthy/mango healthy (100).jpg,12745701034950643072,mango healthy
multiple leaf dataset/mango leaf/mango healthy/mango healthy (101).jpg,17203140668115131931,mango healthy
multiple leaf dataset/mango leaf/mango healthy/mango healthy (102).jpg,17549643245746539652,mango healthy
multiple leaf dataset/mango leaf/mango healthy/mango healthy (103).jpg,16912302214053485290,mango healthy
multiple leaf dataset/mango leaf/mango healthy/mango healthy (104).jpg,16270831120591259188,mango healthy
multiple leaf dataset/mango leaf/mango healthy/mango healthy (105).jpg,17551613695061232838,mango healthy
multiple leaf dataset/mango leaf/mango healthy/mango healthy (106).jpg,12580172696661346991,mango healthy
multiple leaf dataset/mango leaf/mango healthy/mango healthy (107).jpg,12293373072980192555,mango healthy
multiple leaf dataset/mango leaf/mango healthy/mango healthy (108).jpg,16918504484403058357,mango healthy
multiple leaf dataset/mango leaf/mango healthy/mango healthy (109).jpg,12673634699430171542,mango healthy
multiple leaf dataset/mango leaf/mango healthy/mango healthy (11).jpg,12219614786238976865,mango healthy
multiple leaf dataset/mango leaf/mango healthy/mango healthy (110).jpg,17138591500921479630,mango healthy
multiple leaf dataset/mango leaf/mango healthy/mango healthy (111).jpg,16270901377705939762,mango healthy
multiple leaf dataset/mango leaf/mango healthy/mango healthy (112).jpg,18067743249530689202,mango healthy
multiple leaf dataset/mango leaf/mango healthy/mango healthy (113).jpg,16918500108325611020,mango healthy
multiple leaf dataset/mango leaf/mango healthy/mango healthy (114).jpg,18124969982752243146,mango healthy
multiple leaf dataset/mango leaf/mango healthy/mango healthy (115).jpg,12508408137377853724,mango healthy
multiple leaf dataset/mango leaf/mango healthy/mango healthy (116).jpg,12291942279705703257,mango healthy
multiple leaf dataset/mango leaf/mango healthy/mango healthy (117).jpg,18320534722415471700,mango healthy
multiple leaf dataset/mango leaf/mango healthy/mango healthy (118).jpg,13037010477343214560,mango healthy
multiple leaf dataset/mango leaf/mango healthy/mango healthy (119).jpg,11939776457004062412,mango healthy
multiple leaf dataset/mango leaf/mango healthy/mango healthy (12).jpg,12429304754820959696,mango healthy
multiple leaf dataset/mango leaf/mango healthy/mango healthy (120).jpg,13555783514045859428,mango healthy
multiple leaf dataset/mango leaf/mango healthy/mango healthy (121).jpg,13825347865083175746,mango healthy
multiple leaf dataset/mango leaf/mango healthy/mango healthy (122).jpg,12722893135167277510,mango healthy
multiple leaf dataset/mango leaf/mango healthy/mango healthy (123).jpg,12959612933449239620,mango healthy
multiple leaf dataset/mango leaf/mango healthy/mango healthy (124).jpg,13818965639218707264,mango healthy
multiple leaf dataset/mango leaf/mango healthy/mango healthy (125).jpg,16631117445878654028,mango healthy
multiple leaf dataset/mango leaf/mango healthy/mango healthy (126).jpg,12937941106891496604,mango healthy
multiple leaf dataset/mango leaf/mango healthy/mango healthy (127).jpg,12646341284648375405,mango healthy
multiple leaf dataset/mango leaf/mango healthy/mango healthy (128).jpg,12794388608202270257,mango healthy
multiple leaf dataset/mango leaf/mango healthy/mango healthy (129).jpg,12376613327918409163,mango healthy
multiple leaf dataset/mango leaf/mango healthy/mango healthy (13).jpg,12725427518000497606,mango healthy
multiple leaf dataset/mango leaf/mango healthy/mango healthy (130).jpg,16903564044364882196,mango healthy
multiple leaf dataset/mango leaf/mango healthy/mango healthy (131).jpg,18075901480419162218,mango healthy
multiple leaf dataset/mango leaf/mango healthy/mango healthy (132).jpg,12378935864876218085,mango healthy
multiple leaf dataset/mango leaf/mango healthy/mango healthy (133).jpg,18274074451637232353,mango healthy
multiple leaf dataset/mango leaf/mango healthy/mango healthy (134).jpg,18355687744973267568,mango healthy
multiple leaf dataset/mango leaf/mango healthy/mango healthy (135).jpg,13727487863487217554,mango healthy
multiple leaf dataset/mango leaf/mango healthy/mango healthy (136).jpg,13013373108452712568,mango healthy
multiple leaf dataset/mango leaf/mango healthy/mango healthy (137).jpg,12747372288229035672,mango healthy
multiple leaf dataset/mango leaf/mango healthy/mango healthy (138).jpg,13746254616731895055,mango healthy
multiple leaf dataset/mango leaf/mango healthy/mango healthy (139).jpg,16378705301382833816,mango healthy
multiple leaf dataset/mango leaf/mango healthy/mango healthy (14).jpg,12162768169070011787,mango healthy
multiple leaf dataset/mango leaf/mango healthy/mango healthy (140).jpg,12797485656509420134,mango healthy
multiple leaf dataset/mango leaf/mango healthy/mango healthy (141).jpg,12510580719381302265,mango healthy
multiple leaf dataset/mango leaf/mango healthy/mango healthy (142).jpg,13459799374826053604,mango healthy
multiple leaf dataset/mango leaf/mango healthy/mango healthy (143).jpg,12164388885946836460,mango healthy
multiple leaf dataset/mango leaf/mango healthy/mango healthy (144).jpg,13132148485957651763,mango healthy
multiple leaf dataset/mango leaf/mango healthy/mango healthy (145).jpg,13761171056353452234,mango healthy
multiple leaf dataset/mango leaf/mango healthy/mango healthy (146).jpg,18392586256522980481,mango healthy
multiple leaf dataset/mango leaf/mango healthy/mango healthy (147).jpg,16407135476685524044,mango healthy
multiple leaf dataset/mango leaf/mango healthy/mango healthy (148).jpg,12292528359177795546,mango healthy
multiple leaf dataset/mango leaf/mango healthy/mango healthy (149).jpg,17634018286124603542,mango healthy
multiple leaf dataset/mango leaf/mango healthy/mango healthy (15).jpg,12091264759734880569,mango healthy
multiple leaf dataset/mango leaf/mango healthy/mango healthy (150).jpg,17891632197596848818,mango healthy
multiple leaf dataset/mango leaf/mango healthy/mango healthy (151).jpg,17359071140061430540,mango healthy
multiple leaf dataset/mango leaf/mango healthy/mango healthy (152).jpg,13702994432646400624,mango healthy
multiple leaf dataset/mango leaf/mango healthy/mango healthy (153).jpg,18270402888768394165,mango healthy
multiple leaf dataset/mango leaf/mango healthy/mango healthy (154).jpg,17697684065684822796,mango healthy
multiple leaf dataset/mango leaf/mango healthy/mango healthy (155).jpg,17574959140073672252,mango healthy
multiple leaf dataset/mango leaf/mango healthy/mango healthy (156).jpg,13627482081401947747,mango healthy
multiple leaf dataset/mango leaf/mango healthy/mango healthy (157).jpg,18428892675295942409,mango healthy
multiple leaf dataset/mango leaf/mango healthy/mango healthy (158).jpg,12291965410876929682,mango healthy
multiple leaf dataset/mango leaf/mango healthy/mango healthy (159).jpg,18348370648639303906,mango healthy
multiple leaf dataset/mango leaf/mango healthy/mango healthy (16).jpg,9577401407496898770,mango healthy
multiple leaf dataset/mango leaf/mango healthy/mango healthy (160).jpg,18411982373909970133,mango healthy
multiple leaf dataset/mango leaf/mango healthy/mango healthy (161).jpg,12529245705801923168,mango healthy
multiple leaf dataset/mango leaf/mango healthy/mango healthy (162).jpg,18271888622276326969,mango healthy
multiple leaf dataset/mango leaf/mango healthy/mango healthy (163).jpg,12256429059745871505,mango healthy
multiple leaf dataset/mango leaf/mango healthy/mango healthy (164).jpg,12266844151452056879,mango healthy
multiple leaf dataset/mango leaf/mango healthy/mango healthy (165).jpg,12711353433364075411,mango healthy
multiple leaf dataset/mango leaf/mango healthy/mango healthy (166).jpg,18428589765716451664,mango healthy
multiple leaf dataset/mango leaf/mango healthy/mango healthy (167).jpg,16927553896672026726,mango healthy
multiple leaf dataset/mango leaf/mango healthy/mango healthy (168).jpg,18281389951140109700,mango healthy
multiple leaf dataset/mango leaf/mango healthy/mango healthy (169).jpg,13708851445252534356,mango healthy
multiple leaf dataset/mango leaf/mango healthy/mango healthy (17).jpg,16875432395750854060,mango healthy
multiple leaf dataset/mango leaf/mango healthy/mango healthy (170).jpg,17406638946519516103,mango healthy
multiple leaf dataset/mango leaf/mango healthy/mango healthy (171).jpg,18187168202362568761,mango healthy
multiple leaf dataset/mango leaf/mango healthy/mango healthy (172).jpg,16927575886106603617,mango healthy
multiple leaf dataset/mango leaf/mango healthy/mango healthy (173).jpg,16987719353224160075,mango healthy
multiple leaf dataset/mango leaf/mango healthy/mango healthy (174).jpg,16951431995042469962,mango healthy
multiple leaf dataset/mango leaf/mango healthy/mango healthy (175).jpg,12279862170389460201,mango healthy
multiple leaf dataset/mango leaf/mango healthy/mango healthy (176).jpg,12610871654777599036,mango healthy
multiple leaf dataset/mango leaf/mango healthy/mango healthy (177).jpg,13122237415368725292,mango healthy
multiple leaf dataset/mango leaf/mango healthy/mango healthy (178).jpg,12840833226057868829,mango healthy
multiple leaf dataset/mango leaf/mango healthy/mango healthy (179).jpg,12155430672616545133,mango healthy
multiple leaf dataset/mango leaf/mango healthy/mango healthy (18).jpg,16695856802105566282,mango healthy
multiple leaf dataset/mango leaf/mango healthy/mango healthy (180).jpg,12955110543918838729,mango healthy
multiple leaf dataset/mango leaf/mango healthy/mango healthy (181).jpg,12891205623499376691,mango healthy
multiple leaf dataset/mango leaf/mango healthy/mango healthy (182).jpg,11644847715302950451,mango healthy
multiple leaf dataset/mango leaf/mango healthy/mango healthy (183).jpg,16927506548869742817,mango healthy
multiple leaf dataset/mango leaf/mango healthy/mango healthy (184).jpg,18353436674774843467,mango healthy
multiple leaf dataset/mango leaf/mango healthy/mango healthy (185).jpg,16918562071025904714,mango healthy
multiple leaf dataset/mango leaf/mango healthy/mango healthy (186).jpg,11905998217836456422,mango healthy
multiple leaf dataset/mango leaf/mango healthy/mango healthy (187).jpg,12812345888347546729,mango healthy
multiple leaf dataset/mango leaf/mango healthy/mango healthy (188).jpg,13563930319977463703,mango healthy
multiple leaf dataset/mango leaf/mango healthy/mango healthy (189).jpg,13492719339316622653,mango healthy
multiple leaf dataset/mango leaf/mango healthy/mango healthy (19).jpg,18056560801728607065,mango healthy
multiple leaf dataset/mango leaf/mango healthy/mango healthy (190).jpg,12496858474257149280,mango healthy
multiple leaf dataset/mango leaf/mango healthy/mango healthy (191).jpg,12351285940323493869,mango healthy
multiple leaf dataset/mango leaf/mango healthy/mango healthy (192).jpg,12330737893285103218,mango healthy
multiple leaf dataset/mango leaf/mango healthy/mango healthy (193).jpg,12639581290633901701,mango healthy
multiple leaf dataset/mango leaf/mango healthy/mango healthy (194).jpg,16739765678456874684,mango healthy
multiple leaf dataset/mango leaf/mango healthy/mango healthy (195).jpg,12261474345993859646,mango healthy
multiple leaf dataset/mango leaf/mango healthy/mango healthy (196).jpg,13432778865848767175,mango healthy
multiple leaf dataset/mango leaf/mango healthy/mango healthy (197).jpg,12315887666864143206,mango healthy
multiple leaf dataset/mango leaf/mango healthy/mango healthy (198).jpg,12507851766102286962,mango healthy
multiple leaf dataset/mango leaf/mango healthy/mango healthy (199).jpg,17180888253803839632,mango healthy
multiple leaf dataset/mango leaf/mango healthy/mango healthy (2).jpg,12546922229760287411,mango healthy
multiple leaf dataset/mango leaf/mango healthy/mango healthy (20).jpg,17598828247037822657,mango healthy
multiple leaf dataset/mango leaf/mango healthy/mango healthy (200).jpg,16569761755016239250,mango healthy
multiple leaf dataset/mango leaf/mango healthy/mango healthy (201).jpg,12963272546229406728,mango healthy
multiple leaf dataset/mango leaf/mango healthy/mango healthy (202).jpg,13744921469118624345,mango healthy
multiple leaf dataset/mango leaf/mango healthy/mango healthy (203).jpg,11651544303683803721,mango healthy
multiple leaf dataset/mango leaf/mango healthy/mango healthy (204).jpg,16534566250199422523,mango healthy
multiple leaf dataset/mango leaf/mango healthy/mango healthy (205).jpg,12855185467978259513,mango healthy
multiple leaf dataset/mango leaf/mango healthy/mango healthy (206).jpg,12119354065910884042,mango healthy
multiple leaf dataset/mango leaf/mango healthy/mango healthy (207).jpg,12955040200948880179,mango healthy
multiple leaf dataset/mango leaf/mango healthy/mango healthy (208).jpg,17200822339179717733,mango healthy
multiple leaf dataset/mango leaf/mango healthy/mango healthy (209).jpg,12523270948439626278,mango healthy
multiple leaf dataset/mango leaf/mango healthy/mango healthy (21).jpg,16912594167594525203,mango healthy
multiple leaf dataset/mango leaf/mango healthy/mango healthy (210).jpg,12891218138876156359,mango healthy
multiple leaf dataset/mango leaf/mango healthy/mango healthy (211).jpg,17145935273457890915,mango healthy
multiple leaf dataset/mango leaf/mango healthy/mango healthy (212).jpg,12101908922421270796,mango healthy
multiple leaf dataset/mango leaf/mango healthy/mango healthy (213).jpg,13178882829252874526,mango healthy
multiple leaf dataset/mango leaf/mango healthy/mango healthy (214).jpg,13455856027843211825,mango healthy
multiple leaf dataset/mango leaf/mango healthy/mango healthy (215).jpg,12953702996598929721,mango healthy
multiple leaf dataset/mango leaf/mango healthy/mango healthy (216).jpg,11795378694775289369,mango healthy
multiple leaf dataset/mango leaf/mango healthy/mango healthy (217).jpg,16906185211023663608,mango healthy
multiple leaf dataset/mango leaf/mango healthy/mango healthy (218).jpg,16623799753368833732,mango healthy
multiple leaf dataset/mango leaf/mango healthy/mango healthy (219).jpg,17907024019602249562,mango healthy
multiple leaf dataset/mango leaf/mango healthy/mango healthy (22).jpg,12362897105139088666,mango healthy
multiple leaf dataset/mango leaf/mango healthy/mango healthy (220).jpg,16978237307505051104,mango healthy
multiple leaf dataset/mango leaf/mango healthy/mango healthy (221).jpg,17547881891453570201,mango healthy
multiple leaf dataset/mango leaf/mango healthy/mango healthy (222).jpg,17910964612567845709,mango healthy
multiple leaf dataset/mango leaf/mango healthy/mango healthy (223).jpg,17984736336574335796,mango healthy
multiple leaf dataset/mango leaf/mango healthy/mango healthy (224).jpg,12637321693418551555,mango healthy
multiple leaf dataset/mango leaf/mango healthy/mango healthy (225).jpg,11831758003876187538,mango healthy
multiple leaf dataset/mango leaf/mango healthy/mango healthy (226).jpg,12568069457377423412,mango healthy
multiple leaf dataset/mango leaf/mango healthy/mango healthy (227).jpg,13629511637284187499,mango healthy
multiple leaf dataset/mango leaf/mango healthy/mango healthy (228).jpg,13780896938754115379,mango healthy
multiple leaf dataset/mango leaf/mango healthy/mango healthy (229).jpg,12622112648342501940,mango healthy
multiple leaf dataset/mango leaf/mango healthy/mango healthy (23).jpg,16905895520223269697,mango healthy
multiple leaf dataset/mango leaf/mango healthy/mango healthy (230).jpg,13771877646014243761,mango healthy
multiple leaf dataset/mango leaf/mango healthy/mango healthy (231).jpg,13178813000826722104,mango healthy
multiple leaf dataset/mango leaf/mango healthy/mango healthy (232).jpg,12351914263150510821,mango healthy
multiple leaf dataset/mango leaf/mango healthy/mango healthy (233).jpg,12980724101314667749,mango healthy
multiple leaf dataset/mango leaf/mango healthy/mango healthy (234).jpg,12338689544170472929,mango healthy
multiple leaf dataset/mango leaf/mango healthy/mango healthy (235).jpg,12263185049700704557,mango healthy
multiple leaf dataset/mango leaf/mango healthy/mango healthy (236).jpg,12291965478672348190,mango healthy
multiple leaf dataset/mango leaf/mango healthy/mango healthy (237).jpg,13708839344875210096,mango healthy
multiple leaf dataset/mango leaf/mango healthy/mango healthy (238).jpg,12622394398190821949,mango healthy
multiple leaf dataset/mango leaf/mango healthy/mango healthy (239).jpg,13411651385264382268,mango healthy
multiple leaf dataset/mango leaf/mango healthy/mango healthy (24).jpg,12941596597926086857,mango healthy
multiple leaf dataset/mango leaf/mango healthy/mango healthy (240).jpg,12912326351971080486,mango healthy
multiple leaf dataset/mango leaf/mango healthy/mango healthy (241).jpg,12309979533031625940,mango healthy
multiple leaf dataset/mango leaf/mango healthy/mango healthy (242).jpg,13420058152708900421,mango healthy
multiple leaf dataset/mango leaf/mango healthy/mango healthy (243).jpg,12160516334892266953,mango healthy
multiple leaf dataset/mango leaf/mango healthy/mango healthy (244).jpg,12614530811288064244,mango healthy
multiple leaf dataset/mango leaf/mango healthy/mango healthy (245).jpg,16407054667441876054,mango healthy
multiple leaf dataset/mango leaf/mango healthy/mango healthy (246).jpg,12954547397470578225,mango healthy
multiple leaf dataset/mango leaf/mango healthy/mango healthy (247).jpg,13780945316432810224,mango healthy
multiple leaf dataset/mango leaf/mango healthy/mango healthy (248).jpg,12812403831211148849,mango healthy
multiple leaf dataset/mango leaf/mango healthy/mango healthy (249).jpg,12280139242879314890,mango healthy
multiple leaf dataset/mango leaf/mango healthy/mango healthy (25).jpg,16903639881505974035,mango healthy
multiple leaf dataset/mango leaf/mango healthy/mango healthy (250).jpg,12962430165697743896,mango healthy
multiple leaf dataset/mango leaf/mango healthy/mango healthy (251).jpg,12287180408346678619,mango healthy
multiple leaf dataset/mango leaf/mango healthy/mango healthy (252).jpg,12725417506539095652,mango healthy
multiple leaf dataset/mango leaf/mango healthy/mango healthy (253).jpg,11615515505859547980,mango healthy
multiple leaf dataset/mango leaf/mango healthy/mango healthy (254).jpg,12834640878469434595,mango healthy
multiple leaf dataset/mango leaf/mango healthy/mango healthy (255).jpg,12884732342178716108,mango healthy
multiple leaf dataset/mango leaf/mango healthy/mango healthy (256).jpg,11833355775755147623,mango healthy
multiple leaf dataset/mango leaf/mango healthy/mango healthy (257).jpg,16515434735007929189,mango healthy
multiple leaf dataset/mango leaf/mango healthy/mango healthy (258).jpg,13683287087732947203,mango healthy
multiple leaf dataset/mango leaf/mango healthy/mango healthy (259).jpg,12327934114848334513,mango healthy
multiple leaf dataset/mango leaf/mango healthy/mango healthy (26).jpg,13826272539087835923,mango healthy
multiple leaf dataset/mango leaf/mango healthy/mango healthy (260).jpg,12258187864057939030,mango healthy
multiple leaf dataset/mango leaf/mango healthy/mango healthy (261).jpg,12882418292242566296,mango healthy
multiple leaf dataset/mango leaf/mango healthy/mango healthy (262).jpg,13563322336023201475,mango healthy
multiple leaf dataset/mango leaf/mango healthy/mango healthy (263).jpg,13035052925923920536,mango healthy
multiple leaf dataset/mango leaf/mango healthy/mango healthy (264).jpg,17266115162243085979,mango healthy
multiple leaf dataset/mango leaf/mango healthy/mango healthy (265).jpg,12479422702140753141,mango healthy
multiple leaf dataset/mango leaf/mango healthy/mango healthy (266).jpg,12470415623212470516,mango healthy
multiple leaf dataset/mango leaf/mango healthy/mango healthy (267).jpg,13394774621732914694,mango healthy
multiple leaf dataset/mango leaf/mango healthy/mango healthy (268).jpg,12496856275212945906,mango healthy
multiple leaf dataset/mango leaf/mango healthy/mango healthy (269).jpg,16659828138163672649,mango healthy
multiple leaf dataset/mango leaf/mango healthy/mango healthy (27).jpg,17266463292157729036,mango healthy
multiple leaf dataset/mango leaf/mango healthy/mango healthy (270).jpg,12812404712116178060,mango healthy
multiple leaf dataset/mango leaf/mango healthy/mango healthy (271).jpg,12261848046442313593,mango healthy
multiple leaf dataset/mango leaf/mango healthy/mango healthy (272).jpg,12882207666987387161,mango healthy
multiple leaf dataset/mango leaf/mango healthy/mango healthy (273).jpg,12962425836368612504,mango healthy
multiple leaf dataset/mango leaf/mango healthy/mango healthy (274).jpg,16702893972664850707,mango healthy
multiple leaf dataset/mango leaf/mango healthy/mango healthy (275).jpg,12767877350132467655,mango healthy
multiple leaf dataset/mango leaf/mango healthy/mango healthy (276).jpg,12891214427075103891,mango healthy
multiple leaf dataset/mango leaf/mango healthy/mango healthy (277).jpg,12391887640756650024,mango healthy
multiple leaf dataset/mango leaf/mango healthy/mango healthy (278).jpg,12743379128389781958,mango healthy
multiple leaf dataset/mango leaf/mango healthy/mango healthy (279).jpg,12255914033388612529,mango healthy
multiple leaf dataset/mango leaf/mango healthy/mango healthy (28).jpg,18336636250627925061,mango healthy
multiple leaf dataset/mango leaf/mango healthy/mango healthy (280).jpg,12956461841561904691,mango healthy
multiple leaf dataset/mango leaf/mango healthy/mango healthy (281).jpg,16989988153270803192,mango healthy
multiple leaf dataset/mango leaf/mango healthy/mango healthy (282).jpg,16558836689581218099,mango healthy
multiple leaf dataset/mango leaf/mango healthy/mango healthy (283).jpg,16633652052072110482,mango healthy
multiple leaf dataset/mango leaf/mango healthy/mango healthy (284).jpg,13035050211840058188,mango healthy
multiple leaf dataset/mango leaf/mango healthy/mango healthy (285).jpg,17923365868668192435,mango healthy
multiple leaf dataset/mango leaf/mango healthy/mango healthy (286).jpg,12005416390566202417,mango healthy
multiple leaf dataset/mango leaf/mango healthy/mango healthy (287).jpg,12725425890270825574,mango healthy
multiple leaf dataset/mango leaf/mango healthy/mango healthy (288).jpg,12761174277494392518,mango healthy
multiple leaf dataset/mango leaf/mango healthy/mango healthy (289).jpg,16515712924470514505,mango healthy
multiple leaf dataset/mango leaf/mango healthy/mango healthy (29).jpg,13491518677125582434,mango healthy
multiple leaf dataset/mango leaf/mango healthy/mango healthy (290).jpg,12746252629061519000,mango healthy
multiple leaf dataset/mango leaf/mango healthy/mango healthy (291).jpg,13805714702344339624,mango healthy
multiple leaf dataset/mango leaf/mango healthy/mango healthy (292).jpg,16487060965680585489,mango healthy
multiple leaf dataset/mango leaf/mango healthy/mango healthy (293).jpg,16227206420549310924,mango healthy
multiple leaf dataset/mango leaf/mango healthy/mango healthy (294).jpg,13322713243783644828,mango healthy
multiple leaf dataset/mango leaf/mango healthy/mango healthy (295).jpg,18347243633563895264,mango healthy
multiple leaf dataset/mango leaf/mango healthy/mango healthy (296).jpg,16945867358027571553,mango healthy
multiple leaf dataset/mango leaf/mango healthy/mango healthy (297).jpg,13492667662276920737,mango healthy
multiple leaf dataset/mango leaf/mango healthy/mango healthy (298).jpg,12337565860449560370,mango healthy
multiple leaf dataset/mango leaf/mango healthy/mango healthy (299).jpg,13272282715495880749,mango healthy
multiple leaf dataset/mango leaf/mango healthy/mango healthy (3).jpg,12019012126679599507,mango healthy
multiple leaf dataset/mango leaf/mango healthy/mango healthy (30).jpg,12328264101724174105,mango healthy
multiple leaf dataset/mango leaf/mango healthy/mango healthy (300).jpg,13629230141051095195,mango healthy
multiple leaf dataset/mango leaf/mango healthy/mango healthy (301).jpg,13627825265783571304,mango healthy
multiple leaf dataset/mango leaf/mango healthy/mango healthy (302).jpg,16414663733893491817,mango healthy
multiple leaf dataset/mango leaf/mango healthy/mango healthy (303).jpg,11947373829851898396,mango healthy
multiple leaf dataset/mango leaf/mango healthy/mango healthy (304).jpg,16262718627433592395,mango healthy
multiple leaf dataset/mango leaf/mango healthy/mango healthy (305).jpg,13799240833445589067,mango healthy
multiple leaf dataset/mango leaf/mango healthy/mango healthy (306).jpg,12474901425807135632,mango healthy
multiple leaf dataset/mango leaf/mango healthy/mango healthy (307).jpg,12631137040191797894,mango healthy
multiple leaf dataset/mango leaf/mango healthy/mango healthy (308).jpg,13807966501906369308,mango healthy
multiple leaf dataset/mango leaf/mango healthy/mango healthy (309).jpg,13708818454027806578,mango healthy
multiple leaf dataset/mango leaf/mango healthy/mango healthy (31).jpg,11759911747946649161,mango healthy
multiple leaf dataset/mango leaf/mango healthy/mango healthy (310).jpg,12631137440049651892,mango healthy
multiple leaf dataset/mango leaf/mango healthy/mango healthy (311).jpg,12941599471235943622,mango healthy
multiple leaf dataset/mango leaf/mango healthy/mango healthy (312).jpg,12286617449265413579,mango healthy
multiple leaf dataset/mango leaf/mango healthy/mango healthy (313).jpg,12075221004701584678,mango healthy
multiple leaf dataset/mango leaf/mango healthy/mango healthy (314).jpg,13170381534248134456,mango healthy
multiple leaf dataset/mango leaf/mango healthy/mango healthy (315).jpg,13308363843631102285,mango healthy
multiple leaf dataset/mango leaf/mango healthy/mango healthy (316).jpg,11659142903081899622,mango healthy
multiple leaf dataset/mango leaf/mango healthy/mango healthy (317).jpg,13773838163736682594,mango healthy
multiple leaf dataset/mango leaf/mango healthy/mango healthy (318).jpg,12738318519225345612,mango healthy
multiple leaf dataset/mango leaf/mango healthy/mango healthy (319).jpg,12117383185486693699,mango healthy
multiple leaf dataset/mango leaf/mango healthy/mango healthy (32).jpg,12330731821084242617,mango healthy
multiple leaf dataset/mango leaf/mango healthy/mango healthy (320).jpg,12364562855057784722,mango healthy
multiple leaf dataset/mango leaf/mango healthy/mango healthy (321).jpg,12146717027400577841,mango healthy
multiple leaf dataset/mango leaf/mango healthy/mango healthy (322).jpg,13673081568725278352,mango healthy
multiple leaf dataset/mango leaf/mango healthy/mango healthy (323).jpg,12121587412979453859,mango healthy
multiple leaf dataset/mango leaf/mango healthy/mango healthy (324).jpg,12270789686697387660,mango healthy
multiple leaf dataset/mango leaf/mango healthy/mango healthy (325).jpg,13826226437044135532,mango healthy
multiple leaf dataset/mango leaf/mango healthy/mango healthy (326).jpg,12523834581292582067,mango healthy
multiple leaf dataset/mango leaf/mango healthy/mango healthy (327).jpg,13771883839549891225,mango healthy
multiple leaf dataset/mango leaf/mango healthy/mango healthy (328).jpg,13682093013545117452,mango healthy
multiple leaf dataset/mango leaf/mango healthy/mango healthy (329).jpg,12279841288678902071,mango healthy
multiple leaf dataset/mango leaf/mango healthy/mango healthy (33).jpg,12270854424740131533,mango healthy
multiple leaf dataset/mango leaf/mango healthy/mango healthy (330).jpg,12287458603942907745,mango healthy
multiple leaf dataset/mango leaf/mango healthy/mango healthy (331).jpg,16543628645057010825,mango healthy
multiple leaf dataset/mango leaf/mango healthy/mango healthy (332).jpg,18322473594113220714,mango healthy
multiple leaf dataset/mango leaf/mango healthy/mango healthy (333).jpg,12378317530141129408,mango healthy
multiple leaf dataset/mango leaf/mango healthy/mango healthy (334).jpg,16407628624893351497,mango healthy
multiple leaf dataset/mango leaf/mango healthy/mango healthy (335).jpg,12111747037150549842,mango healthy
multiple leaf dataset/mango leaf/mango healthy/mango healthy (336).jpg,16587547304779946340,mango healthy
multiple leaf dataset/mango leaf/mango healthy/mango healthy (337).jpg,12666602874538217653,mango healthy
multiple leaf dataset/mango leaf/mango healthy/mango healthy (338).jpg,12941600158430697778,mango healthy
multiple leaf dataset/mango leaf/mango healthy/mango healthy (339).jpg,16630821677217244876,mango healthy
multiple leaf dataset/mango leaf/mango healthy/mango healthy (34).jpg,16953970910702053028,mango healthy
multiple leaf dataset/mango leaf/mango healthy/mango healthy (340).jpg,16915684290884285807,mango healthy
multiple leaf dataset/mango leaf/mango healthy/mango healthy (341).jpg,13179389257537144472,mango healthy
multiple leaf dataset/mango leaf/mango healthy/mango healthy (342).jpg,17406919875190624973,mango healthy
multiple leaf dataset/mango leaf/mango healthy/mango healthy (343).jpg,17406919321280353124,mango healthy
multiple leaf dataset/mango leaf/mango healthy/mango healthy (344).jpg,12887551267817426528,mango healthy
multiple leaf dataset/mango leaf/mango healthy/mango healthy (345).jpg,12883892101705157784,mango healthy
multiple leaf dataset/mango leaf/mango healthy/mango healthy (346).jpg,13735358054685781330,mango healthy
multiple leaf dataset/mango leaf/mango healthy/mango healthy (347).jpg,12797485932368791910,mango healthy
multiple leaf dataset/mango leaf/mango healthy/mango healthy (348).jpg,16975416533074844957,mango healthy
multiple leaf dataset/mango leaf/mango healthy/mango healthy (349).jpg,12797484557625009817,mango healthy
multiple leaf dataset/mango leaf/mango healthy/mango healthy (35).jpg,17103002561213010530,mango healthy
multiple leaf dataset/mango leaf/mango healthy/mango healthy (350).jpg,12376689150295462965,mango healthy
multiple leaf dataset/mango leaf/mango healthy/mango healthy (351).jpg,16398671552355013484,mango healthy
multiple leaf dataset/mango leaf/mango healthy/mango healthy (352).jpg,17051994253288904905,mango healthy
multiple leaf dataset/mango leaf/mango healthy/mango healthy (353).jpg,12959614582705787683,mango healthy
multiple leaf dataset/mango leaf/mango healthy/mango healthy (354).jpg,17203047715798222288,mango healthy
multiple leaf dataset/mango leaf/mango healthy/mango healthy (355).jpg,17174636209722745966,mango healthy
multiple leaf dataset/mango leaf/mango healthy/mango healthy (356).jpg,12306819031938340499,mango healthy
multiple leaf dataset/mango leaf/mango healthy/mango healthy (357).jpg,12673304949643388420,mango healthy
multiple leaf dataset/mango leaf/mango healthy/mango healthy (358).jpg,12531769636593714969,mango healthy
multiple leaf dataset/mango leaf/mango healthy/mango healthy (359).jpg,12385065782675203660,mango healthy
multiple leaf dataset/mango leaf/mango healthy/mango healthy (36).jpg,13370844112386814236,mango healthy
multiple leaf dataset/mango leaf/mango healthy/mango healthy (360).jpg,13457459646399837581,mango healthy
multiple leaf dataset/mango leaf/mango healthy/mango healthy (361).jpg,13456339801595650484,mango healthy
multiple leaf dataset/mango leaf/mango healthy/mango healthy (362).jpg,18428892662243237040,mango healthy
multiple leaf dataset/mango leaf/mango healthy/mango healthy (363).jpg,13026040804822599475,mango healthy
multiple leaf dataset/mango leaf/mango healthy/mango healthy (364).jpg,16920187826623065150,mango healthy
multiple leaf dataset/mango leaf/mango healthy/mango healthy (365).jpg,17914420362525320528,mango healthy
multiple leaf dataset/mango leaf/mango healthy/mango healthy (366).jpg,12966089628163032780,mango healthy
multiple leaf dataset/mango leaf/mango healthy/mango healthy (367).jpg,12891498102096773916,mango healthy
multiple leaf dataset/mango leaf/mango healthy/mango healthy (368).jpg,13590965819256943640,mango healthy
multiple leaf dataset/mango leaf/mango healthy/mango healthy (369).jpg,13733095257612996449,mango healthy
multiple leaf dataset/mango leaf/mango healthy/mango healthy (37).jpg,12291942917537504262,mango healthy
multiple leaf dataset/mango leaf/mango healthy/mango healthy (370).jpg,12869543249830951192,mango healthy
multiple leaf dataset/mango leaf/mango healthy/mango healthy (371).jpg,12387373559071240966,mango healthy
multiple leaf dataset/mango leaf/mango healthy/mango healthy (372).jpg,13447684040011828902,mango healthy
multiple leaf dataset/mango leaf/mango healthy/mango healthy (373).jpg,13601028346974526102,mango healthy
multiple leaf dataset/mango leaf/mango healthy/mango healthy (374).jpg,16629991545817439798,mango healthy
multiple leaf dataset/mango leaf/mango healthy/mango healthy (375).jpg,17782068626467669560,mango healthy
multiple leaf dataset/mango leaf/mango healthy/mango healthy (376).jpg,13826262648123172199,mango healthy
multiple leaf dataset/mango leaf/mango healthy/mango healthy (377).jpg,12338970738907084064,mango healthy
multiple leaf dataset/mango leaf/mango healthy/mango healthy (378).jpg,13610105783166905572,mango healthy
multiple leaf dataset/mango leaf/mango healthy/mango healthy (379).jpg,12589480195431314432,mango healthy
multiple leaf dataset/mango leaf/mango healthy/mango healthy (38).jpg,12843355160802608497,mango healthy
multiple leaf dataset/mango leaf/mango healthy/mango healthy (380).jpg,13682163922681377046,mango healthy
multiple leaf dataset/mango leaf/mango healthy/mango healthy (381).jpg,17336834807716990086,mango healthy
multiple leaf dataset/mango leaf/mango healthy/mango healthy (382).jpg,13590402850468161170,mango healthy
multiple leaf dataset/mango leaf/mango healthy/mango healthy (383).jpg,16630835963080461411,mango healthy
multiple leaf dataset/mango leaf/mango healthy/mango healthy (384).jpg,12725427517178420068,mango healthy
multiple leaf dataset/mango leaf/mango healthy/mango healthy (385).jpg,12305476020882970190,mango healthy
multiple leaf dataset/mango leaf/mango healthy/mango healthy (386).jpg,13626427810777182233,mango healthy
multiple leaf dataset/mango leaf/mango healthy/mango healthy (387).jpg,13708833851452705333,mango healthy
multiple leaf dataset/mango leaf/mango healthy/mango healthy (388).jpg,12366815755102540440,mango healthy
multiple leaf dataset/mango leaf/mango healthy/mango healthy (389).jpg,12155453768309589607,mango healthy
multiple leaf dataset/mango leaf/mango healthy/mango healthy (39).jpg,13303015797380520781,mango healthy
multiple leaf dataset/mango leaf/mango healthy/mango healthy (390).jpg,17921175761966377041,mango healthy
multiple leaf dataset/mango leaf/mango healthy/mango healthy (391).jpg,12955952083710561986,mango healthy
multiple leaf dataset/mango leaf/mango healthy/mango healthy (392).jpg,18419300676847780192,mango healthy
multiple leaf dataset/mango leaf/mango healthy/mango healthy (393).jpg,12891215944169866142,mango healthy
multiple leaf dataset/mango leaf/mango healthy/mango healthy (394).jpg,12955954755174360627,mango healthy
multiple leaf dataset/mango leaf/mango healthy/mango healthy (395).jpg,16916247206980918837,mango healthy
multiple leaf dataset/mango leaf/mango healthy/mango healthy (396).jpg,18419019201571165888,mango healthy
multiple leaf dataset/mango leaf/mango healthy/mango healthy (397).jpg,12364569969233121031,mango healthy
multiple leaf dataset/mango leaf/mango healthy/mango healthy (398).jpg,16833503571503801075,mango healthy
multiple leaf dataset/mango leaf/mango healthy/mango healthy (399).jpg,13034769277752676739,mango healthy
multiple leaf dataset/mango leaf/mango healthy/mango healthy (4).jpg,16630838719426022449,mango healthy
multiple leaf dataset/mango leaf/mango healthy/mango healthy (40).jpg,11666306771940394558,mango healthy
multiple leaf dataset/mango leaf/mango healthy/mango healthy (400).jpg,12941600158428614194,mango healthy
multiple leaf dataset/mango leaf/mango healthy/mango healthy (401).jpg,18347035274876833447,mango healthy
multiple leaf dataset/mango leaf/mango healthy/mango healthy (402).jpg,16253715800457130857,mango healthy
multiple leaf dataset/mango leaf/mango healthy/mango healthy (403).jpg,16918499006651965180,mango healthy
multiple leaf dataset/mango leaf/mango healthy/mango healthy (404).jpg,17423468404918766745,mango healthy
multiple leaf dataset/mango leaf/mango healthy/mango healthy (405).jpg,18346961471234989891,mango healthy
multiple leaf dataset/mango leaf/mango healthy/mango healthy (406).jpg,16903647030492957633,mango healthy
multiple leaf dataset/mango leaf/mango healthy/mango healthy (407).jpg,17568148301303041156,mango healthy
multiple leaf dataset/mango leaf/mango healthy/mango healthy (408).jpg,18416767265459166799,mango healthy
multiple leaf dataset/mango leaf/mango healthy/mango healthy (409).jpg,16630835970868405356,mango healthy
multiple leaf dataset/mango leaf/mango healthy/mango healthy (41).jpg,18069168713676430034,mango healthy
multiple leaf dataset/mango leaf/mango healthy/mango healthy (410).jpg,12637259019013097279,mango healthy
multiple leaf dataset/mango leaf/mango healthy/mango healthy (411).jpg,12313357187389883655,mango healthy
multiple leaf dataset/mango leaf/mango healthy/mango healthy (412).jpg,12650840254571725322,mango healthy
multiple leaf dataset/mango leaf/mango healthy/mango healthy (413).jpg,13311171298545275316,mango healthy
multiple leaf dataset/mango leaf/mango healthy/mango healthy (414).jpg,13013865585841718215,mango healthy
multiple leaf dataset/mango leaf/mango healthy/mango healthy (415).jpg,18428870611850787039,mango healthy
multiple leaf dataset/mango leaf/mango healthy/mango healthy (416).jpg,18323600627803866344,mango healthy
multiple leaf dataset/mango leaf/mango healthy/mango healthy (417).jpg,12664351122941580831,mango healthy
multiple leaf dataset/mango leaf/mango healthy/mango healthy (418).jpg,12673358184860123407,mango healthy
multiple leaf dataset/mango leaf/mango healthy/mango healthy (419).jpg,13459787268566971533,mango healthy
multiple leaf dataset/mango leaf/mango healthy/mango healthy (42).jpg,17550190854058593328,mango healthy
multiple leaf dataset/mango leaf/mango healthy/mango healthy (420).jpg,12292509590690101909,mango healthy
multiple leaf dataset/mango leaf/mango healthy/mango healthy (421).jpg,11872556511517711928,mango healthy
multiple leaf dataset/mango leaf/mango healthy/mango healthy (422).jpg,12362609879440232314,mango healthy
multiple leaf dataset/mango leaf/mango healthy/mango healthy (423).jpg,12001138852463090038,mango healthy
multiple leaf dataset/mango leaf/mango healthy/mango healthy (424).jpg,11976083812861123436,mango healthy
multiple leaf dataset/mango leaf/mango healthy/mango healthy (425).jpg,13516921423319321133,mango healthy
multiple leaf dataset/mango leaf/mango healthy/mango healthy (426).jpg,11759911743651558475,mango healthy
multiple leaf dataset/mango leaf/mango healthy/mango healthy (427).jpg,13754135233922340319,mango healthy
multiple leaf dataset/mango leaf/mango healthy/mango healthy (428).jpg,18400530176405419023,mango healthy
multiple leaf dataset/mango leaf/mango healthy/mango healthy (429).jpg,13444863825150245005,mango healthy
multiple leaf dataset/mango leaf/mango healthy/mango healthy (43).jpg,17278288760997415866,mango healthy
multiple leaf dataset/mango leaf/mango healthy/mango healthy (430).jpg,16918569786809177221,mango healthy
multiple leaf dataset/mango leaf/mango healthy/mango healthy (431).jpg,16876629143447786184,mango healthy
multiple leaf dataset/mango leaf/mango healthy/mango healthy (432).jpg,13528958654239744973,mango healthy
multiple leaf dataset/mango leaf/mango healthy/mango healthy (433).jpg,12358933168173327423,mango healthy
multiple leaf dataset/mango leaf/mango healthy/mango healthy (434).jpg,12954265922527389571,mango healthy
multiple leaf dataset/mango leaf/mango healthy/mango healthy (435).jpg,12959613916114295142,mango healthy
multiple leaf dataset/mango leaf/mango healthy/mango healthy (436).jpg,17567640759861208166,mango healthy
multiple leaf dataset/mango leaf/mango healthy/mango healthy (437).jpg,12666543512537078240,mango healthy
multiple leaf dataset/mango leaf/mango healthy/mango healthy (438).jpg,16630821698722306355,mango healthy
multiple leaf dataset/mango leaf/mango healthy/mango healthy (439).jpg,16630823902006974755,mango healthy
multiple leaf dataset/mango leaf/mango healthy/mango healthy (44).jpg,17547937546606044972,mango healthy
multiple leaf dataset/mango leaf/mango healthy/mango healthy (440).jpg,16999558173881076090,mango healthy
multiple leaf dataset/mango leaf/mango healthy/mango healthy (441).jpg,17567571937305248819,mango healthy
multiple leaf dataset/mango leaf/mango healthy/mango healthy (442).jpg,12291964310742485608,mango healthy
multiple leaf dataset/mango leaf/mango healthy/mango healthy (443).jpg,12882488721116023864,mango healthy
multiple leaf dataset/mango leaf/mango healthy/mango healthy (444).jpg,13805153987744967060,mango healthy
multiple leaf dataset/mango leaf/mango healthy/mango healthy (445).jpg,12612841703666800053,mango healthy
multiple leaf dataset/mango leaf/mango healthy/mango healthy (446).jpg,12284290934549444648,mango healthy
multiple leaf dataset/mango leaf/mango healthy/mango healthy (447).jpg,12333341595849627069,mango healthy
multiple leaf dataset/mango leaf/mango healthy/mango healthy (448).jpg,12664286251592433048,mango healthy
multiple leaf dataset/mango leaf/mango healthy/mango healthy (449).jpg,13766308428669244084,mango healthy
multiple leaf dataset/mango leaf/mango healthy/mango healthy (45).jpg,17358786775333875910,mango healthy
multiple leaf dataset/mango leaf/mango healthy/mango healthy (450).jpg,11976140368982219116,mango healthy
multiple leaf dataset/mango leaf/mango healthy/mango healthy (451).jpg,11976084706205948364,mango healthy
multiple leaf dataset/mango leaf/mango healthy/mango healthy (452).jpg,12012113288483346796,mango healthy
multiple leaf dataset/mango leaf/mango healthy/mango healthy (453).jpg,12842464917311638726,mango healthy
multiple leaf dataset/mango leaf/mango healthy/mango healthy (454).jpg,12376125136263353661,mango healthy
multiple leaf dataset/mango leaf/mango healthy/mango healthy (455).jpg,12119356392703039213,mango healthy
multiple leaf dataset/mango leaf/mango healthy/mango healthy (456).jpg,13826264291755925168,mango healthy
multiple leaf dataset/mango leaf/mango healthy/mango healthy (457).jpg,13033640656501774230,mango healthy
multiple leaf dataset/mango leaf/mango healthy/mango healthy (458).jpg,12677861715952567567,mango healthy
multiple leaf dataset/mango leaf/mango healthy/mango healthy (459).jpg,12495732565877836738,mango healthy
multiple leaf dataset/mango leaf/mango healthy/mango healthy (46).jpg,18275267420398161159,mango healthy
multiple leaf dataset/mango leaf/mango healthy/mango healthy (460).jpg,11992185967270892434,mango healthy
multiple leaf dataset/mango leaf/mango healthy/mango healthy (461).jpg,13456123882869568408,mango healthy
multiple leaf dataset/mango leaf/mango healthy/mango healthy (462).jpg,12291960874451957146,mango healthy
multiple leaf dataset/mango leaf/mango healthy/mango healthy (463).jpg,12390761619250319434,mango healthy
multiple leaf dataset/mango leaf/mango healthy/mango healthy (464).jpg,12955957520327979299,mango healthy
multiple leaf dataset/mango leaf/mango healthy/mango healthy (465).jpg,13323842978282120996,mango healthy
multiple leaf dataset/mango leaf/mango healthy/mango healthy (466).jpg,12738096438921763481,mango healthy
multiple leaf dataset/mango leaf/mango healthy/mango healthy (467).jpg,18416839969648291737,mango healthy
multiple leaf dataset/mango leaf/mango healthy/mango healthy (468).jpg,16702952272800879379,mango healthy
multiple leaf dataset/mango leaf/mango healthy/mango healthy (469).jpg,16616480305435820899,mango healthy
multiple leaf dataset/mango leaf/mango healthy/mango healthy (47).jpg,17547880793015700680,mango healthy
multiple leaf dataset/mango leaf/mango healthy/mango healthy (470).jpg,12955885863931660067,mango healthy
multiple leaf dataset/mango leaf/mango healthy/mango healthy (471).jpg,13735627984798772406,mango healthy
multiple leaf dataset/mango leaf/mango healthy/mango healthy (472).jpg,12882490902944794168,mango healthy
multiple leaf dataset/mango leaf/mango healthy/mango healthy (473).jpg,12882493101967510579,mango healthy
multiple leaf dataset/mango leaf/mango healthy/mango healthy (474).jpg,11954135268485685774,mango healthy
multiple leaf dataset/mango leaf/mango healthy/mango healthy (475).jpg,16542511733660227948,mango healthy
multiple leaf dataset/mango leaf/mango healthy/mango healthy (476).jpg,13179393131446853916,mango healthy
multiple leaf dataset/mango leaf/mango healthy/mango healthy (477).jpg,12725428062673318856,mango healthy
multiple leaf dataset/mango leaf/mango healthy/mango healthy (478).jpg,12891497964582482886,mango healthy
multiple leaf dataset/mango leaf/mango healthy/mango healthy (479).jpg,12956518825144296556,mango healthy
multiple leaf dataset/mango leaf/mango healthy/mango healthy (48).jpg,18428892675119859162,mango healthy
multiple leaf dataset/mango leaf/mango healthy/mango healthy (480).jpg,16414663187899436169,mango healthy
multiple leaf dataset/mango leaf/mango healthy/mango healthy (481).jpg,16551462887781864524,mango healthy
multiple leaf dataset/mango leaf/mango healthy/mango healthy (482).jpg,12019206474207172966,mango healthy
multiple leaf dataset/mango leaf/mango healthy/mango healthy (483).jpg,17567640766085542798,mango healthy
multiple leaf dataset/mango leaf/mango healthy/mango healthy (484).jpg,16190679038451987483,mango healthy
multiple leaf dataset/mango leaf/mango healthy/mango healthy (485).jpg,17481230793923402020,mango healthy
multiple leaf dataset/mango leaf/mango healthy/mango healthy (486).jpg,12869260677006737891,mango healthy
multiple leaf dataset/mango leaf/mango healthy/mango healthy (487).jpg,18416767402609451226,mango healthy
multiple leaf dataset/mango leaf/mango healthy/mango healthy (488).jpg,17136427674752913272,mango healthy
multiple leaf dataset/mango leaf/mango healthy/mango healthy (489).jpg,12300966974234915515,mango healthy
multiple leaf dataset/mango leaf/mango healthy/mango healthy (49).jpg,12806210741884183494,mango healthy
multiple leaf dataset/mango leaf/mango healthy/mango healthy (490).jpg,11642870904220584908,mango healthy
multiple leaf dataset/mango leaf/mango healthy/mango healthy (491).jpg,12121610807383921481,mango healthy
multiple leaf dataset/mango leaf/mango healthy/mango healthy (492).jpg,11930767467647070561,mango healthy
multiple leaf dataset/mango leaf/mango healthy/mango healthy (493).jpg,13456990154397888386,mango healthy
multiple leaf dataset/mango leaf/mango healthy/mango healthy (494).jpg,12316172438654853153,mango healthy
multiple leaf dataset/mango leaf/mango healthy/mango healthy (495).jpg,12176754558260647393,mango healthy
multiple leaf dataset/mango leaf/mango healthy/mango healthy (496).jpg,12410964882222102840,mango healthy
multiple leaf dataset/mango leaf/mango healthy/mango healthy (497).jpg,16271393520503541049,mango healthy
multiple leaf dataset/mango leaf/mango healthy/mango healthy (498).jpg,12472379835260220217,mango healthy
multiple leaf dataset/mango leaf/mango healthy/mango healthy (499).jpg,12537388691000815717,mango healthy
multiple leaf dataset/mango leaf/mango healthy/mango healthy (5).jpg,12954210208195333318,mango healthy
multiple leaf dataset/mango leaf/mango healthy/mango healthy (50).jpg,12315870087845315043,mango healthy
multiple leaf dataset/mango leaf/mango healthy/mango healthy (500).jpg,12363999914540075693,mango healthy
multiple leaf dataset/mango leaf/mango healthy/mango healthy (51).jpg,12267670421527879603,mango healthy
multiple leaf dataset/mango leaf/mango healthy/mango healthy (52).jpg,11707065176909655782,mango healthy
multiple leaf dataset/mango leaf/mango healthy/mango healthy (53).jpg,12869532333780552945,mango healthy
multiple leaf dataset/mango leaf/mango healthy/mango healthy (54).jpg,16371596662575523523,mango healthy
multiple leaf dataset/mango leaf/mango healthy/mango healthy (55).jpg,12738644605510535027,mango healthy
multiple leaf dataset/mango leaf/mango healthy/mango healthy (56).jpg,17167042053194933426,mango healthy
multiple leaf dataset/mango leaf/mango healthy/mango healthy (57).jpg,12710230419349489550,mango healthy
multiple leaf dataset/mango leaf/mango healthy/mango healthy (58).jpg,13034768728273699614,mango healthy
multiple leaf dataset/mango leaf/mango healthy/mango healthy (59).jpg,16910670878363795892,mango healthy
multiple leaf dataset/mango leaf/mango healthy/mango healthy (6).jpg,11588819563861103284,mango healthy
multiple leaf dataset/mango leaf/mango healthy/mango healthy (60).jpg,18056766547155650272,mango healthy
multiple leaf dataset/mango leaf/mango healthy/mango healthy (61).jpg,17118968769081345993,mango healthy
multiple leaf dataset/mango leaf/mango healthy/mango healthy (62).jpg,18317705701202126547,mango healthy
multiple leaf dataset/mango leaf/mango healthy/mango healthy (63).jpg,17625064507833761974,mango healthy
multiple leaf dataset/mango leaf/mango healthy/mango healthy (64).jpg,17272871101772144071,mango healthy
multiple leaf dataset/mango leaf/mango healthy/mango healthy (65).jpg,16616552653402180708,mango healthy
multiple leaf dataset/mango leaf/mango healthy/mango healthy (66).jpg,16469053136570146236,mango healthy
multiple leaf dataset/mango leaf/mango healthy/mango healthy (67).jpg,16558777827104835890,mango healthy
multiple leaf dataset/mango leaf/mango healthy/mango healthy (68).jpg,18058453283927392449,mango healthy
multiple leaf dataset/mango leaf/mango healthy/mango healthy (69).jpg,12936534098472848944,mango healthy
multiple leaf dataset/mango leaf/mango healthy/mango healthy (7).jpg,12219625245706057418,mango healthy
multiple leaf dataset/mango leaf/mango healthy/mango healthy (70).jpg,13590964157089682249,mango healthy
multiple leaf dataset/mango leaf/mango healthy/mango healthy (71).jpg,17548216156938619960,mango healthy
multiple leaf dataset/mango leaf/mango healthy/mango healthy (72).jpg,12890022428752334616,mango healthy
multiple leaf dataset/mango leaf/mango healthy/mango healthy (73).jpg,12673272422959747066,mango healthy
multiple leaf dataset/mango leaf/mango healthy/mango healthy (74).jpg,13817202258653879284,mango healthy
multiple leaf dataset/mango leaf/mango healthy/mango healthy (75).jpg,12882139059240685105,mango healthy
multiple leaf dataset/mango leaf/mango healthy/mango healthy (76).jpg,17996548169749164551,mango healthy
multiple leaf dataset/mango leaf/mango healthy/mango healthy (77).jpg,13301609543198389592,mango healthy
multiple leaf dataset/mango leaf/mango healthy/mango healthy (78).jpg,12387309342754510493,mango healthy
multiple leaf dataset/mango leaf/mango healthy/mango healthy (79).jpg,12279862170615477301,mango healthy
multiple leaf dataset/mango leaf/mango healthy/mango healthy (8).jpg,12267477547575033918,mango healthy
multiple leaf dataset/mango leaf/mango healthy/mango healthy (80).jpg,13034979843107601604,mango healthy
multiple leaf dataset/mango leaf/mango healthy/mango healthy (81).jpg,12950608048103525516,mango healthy
multiple leaf dataset/mango leaf/mango healthy/mango healthy (82).jpg,12956448868831151922,mango healthy
multiple leaf dataset/mango leaf/mango healthy/mango healthy (83).jpg,16400310547096848524,mango healthy
multiple leaf dataset/mango leaf/mango healthy/mango healthy (84).jpg,17200865871277312736,mango healthy
multiple leaf dataset/mango leaf/mango healthy/mango healthy (85).jpg,12720924627139217123,mango healthy
multiple leaf dataset/mango leaf/mango healthy/mango healthy (86).jpg,16897951303463974190,mango healthy
multiple leaf dataset/mango leaf/mango healthy/mango healthy (87).jpg,12725145492906405010,mango healthy
multiple leaf dataset/mango leaf/mango healthy/mango healthy (88).jpg,12720937924332801206,mango healthy
multiple leaf dataset/mango leaf/mango healthy/mango healthy (89).jpg,12287440422795837564,mango healthy
multiple leaf dataset/mango leaf/mango healthy/mango healthy (9).jpg,12652811374986494794,mango healthy
multiple leaf dataset/mango leaf/mango healthy/mango healthy (90).jpg,16559118817202572433,mango healthy
multiple leaf dataset/mango leaf/mango healthy/mango healthy (91).jpg,17553302471982730374,mango healthy
multiple leaf dataset/mango leaf/mango healthy/mango healthy (92).jpg,13085998057973626892,mango healthy
multiple leaf dataset/mango leaf/mango healthy/mango healthy (93).jpg,12793825660262118201,mango healthy
multiple leaf dataset/mango leaf/mango healthy/mango healthy (94).jpg,12937942774781777968,mango healthy
multiple leaf dataset/mango leaf/mango healthy/mango healthy (95).jpg,12279840317642077284,mango healthy
multiple leaf dataset/mango leaf/mango healthy/mango healthy (96).jpg,18069146205800132715,mango healthy
multiple leaf dataset/mango leaf/mango healthy/mango healthy (97).jpg,18433374542721245205,mango healthy
multiple leaf dataset/mango leaf/mango healthy/mango healthy (98).jpg,17892687741921306276,mango healthy
multiple leaf dataset/mango leaf/mango healthy/mango healthy (99).jpg,16587762843396446611,mango healthy
multiple leaf dataset/mango leaf/mango powdery mildew/mango powdery mildew (1).jpg,16918502855646022835,mango powdery mildew
multiple leaf dataset/mango leaf/mango powdery mildew/mango powdery mildew (10).jpg,12364303376353398210,mango powdery mildew
multiple leaf dataset/mango leaf/mango powdery mildew/mango powdery mildew (100).jpg,16559338462069234057,mango powdery mildew
multiple leaf dataset/mango leaf/mango powdery mildew/mango powdery mildew (101).jpg,11947376028868052633,mango powdery mildew
multiple leaf dataset/mango leaf/mango powdery mildew/mango powdery mildew (102).jpg,12236168254922176843,mango powdery mildew
multiple leaf dataset/mango leaf/mango powdery mildew/mango powdery mildew (103).jpg,13457482693043958501,mango powdery mildew
multiple leaf dataset/mango leaf/mango powdery mildew/mango powdery mildew (104).jpg,13444875900228777034,mango powdery mildew
multiple leaf dataset/mango leaf/mango powdery mildew/mango powdery mildew (105).jpg,12075234499486323300,mango powdery mildew
multiple leaf dataset/mango leaf/mango powdery mildew/mango powdery mildew (106).jpg,12022865846476249446,mango powdery mildew
multiple leaf dataset/mango leaf/mango powdery mildew/mango powdery mildew (107).jpg,16552082014948725267,mango powdery mildew
multiple leaf dataset/mango leaf/mango powdery mildew/mango powdery mildew (108).jpg,11870590137604217489,mango powdery mildew
multiple leaf dataset/mango leaf/mango powdery mildew/mango powdery mildew (109).jpg,13123083803122568739,mango powdery mildew
multiple leaf dataset/mango leaf/mango powdery mildew/mango powdery mildew (11).jpg,13166498789208437555,mango powdery mildew
multiple leaf dataset/mango leaf/mango powdery mildew/mango powdery mildew (110).jpg,13152711546755844132,mango powdery mildew
multiple leaf dataset/mango leaf/mango powdery mildew/mango powdery mildew (111).jpg,13182873442728461976,mango powdery mildew
multiple leaf dataset/mango leaf/mango powdery mildew/mango powdery mildew (112).jpg,12307745917050390600,mango powdery mildew
multiple leaf dataset/mango leaf/mango powdery mildew/mango powdery mildew (113).jpg,16926116828702687782,mango powdery mildew
multiple leaf dataset/mango leaf/mango powdery mildew/mango powdery mildew (114).jpg,18148908744643872040,mango powdery mildew
multiple leaf dataset/mango leaf/mango powdery mildew/mango powdery mildew (115).jpg,16839746701751331366,mango powdery mildew
multiple leaf dataset/mango leaf/mango powdery mildew/mango powdery mildew (116).jpg,16830178752606750754,mango powdery mildew
multiple leaf dataset/mango leaf/mango powdery mildew/mango powdery mildew (117).jpg,13151913063070220344,mango powdery mildew
multiple leaf dataset/mango leaf/mango powdery mildew/mango powdery mildew (118).jpg,18349776462132821358,mango powdery mildew
multiple leaf dataset/mango leaf/mango powdery mildew/mango powdery mildew (119).jpg,18099336764200329066,mango powdery mildew
multiple leaf dataset/mango leaf/mango powdery mildew/mango powdery mildew (12).jpg,12952007491209782833,mango powdery mildew
multiple leaf dataset/mango leaf/mango powdery mildew/mango powdery mildew (120).jpg,18026716203025014652,mango powdery mildew
multiple leaf dataset/mango leaf/mango powdery mildew/mango powdery mildew (121).jpg,18059964833358225258,mango powdery mildew
multiple leaf dataset/mango leaf/mango powdery mildew/mango powdery mildew (122).jpg,16981033525211799272,mango powdery mildew
multiple leaf dataset/mango leaf/mango powdery mildew/mango powdery mildew (123).jpg,18027279238880706410,mango powdery mildew
multiple leaf dataset/mango leaf/mango powdery mildew/mango powdery mildew (124).jpg,16379269089993133065,mango powdery mildew
multiple leaf dataset/mango leaf/mango powdery mildew/mango powdery mildew (125).jpg,13222806938483995190,mango powdery mildew
multiple leaf dataset/mango leaf/mango powdery mildew/mango powdery mildew (126).jpg,16397215578152398396,mango powdery mildew
multiple leaf dataset/mango leaf/mango powdery mildew/mango powdery mildew (127).jpg,16170895319663407411,mango powdery mildew
multiple leaf dataset/mango leaf/mango powdery mildew/mango powdery mildew (128).jpg,18331551438314437788,mango powdery mildew
multiple leaf dataset/mango leaf/mango powdery mildew/mango powdery mildew (129).jpg,16737786014916306789,mango powdery mildew
multiple leaf dataset/mango leaf/mango powdery mildew/mango powdery mildew (13).jpg,12339247537205362002,mango powdery mildew
multiple leaf dataset/mango leaf/mango powdery mildew/mango powdery mildew (130).jpg,17391089555602968786,mango powdery mildew
multiple leaf dataset/mango leaf/mango powdery mildew/mango powdery mildew (131).jpg,14882875823765081146,mango powdery mildew
multiple leaf dataset/mango leaf/mango powdery mildew/mango powdery mildew (132).jpg,18115871072541707960,mango powdery mildew
multiple leaf dataset/mango leaf/mango powdery mildew/mango powdery mildew (133).jpg,16975637416724787282,mango powdery mildew
multiple leaf dataset/mango leaf/mango powdery mildew/mango powdery mildew (134).jpg,17272026160623505610,mango powdery mildew
multiple leaf dataset/mango leaf/mango powdery mildew/mango powdery mildew (135).jpg,16873463692905885101,mango powdery mildew
multiple leaf dataset/mango leaf/mango powdery mildew/mango powdery mildew (136).jpg,16946927476416687584,mango powdery mildew
multiple leaf dataset/mango leaf/mango powdery mildew/mango powdery mildew (137).jpg,12255936612916395082,mango powdery mildew
multiple leaf dataset/mango leaf/mango powdery mildew/mango powdery mildew (138).jpg,12291683926773415386,mango powdery mildew
multiple leaf dataset/mango leaf/mango powdery mildew/mango powdery mildew (139).jpg,12309698063958925514,mango powdery mildew
multiple leaf dataset/mango leaf/mango powdery mildew/mango powdery mildew (14).jpg,11824160592339866969,mango powdery mildew
multiple leaf dataset/mango leaf/mango powdery mildew/mango powdery mildew (140).jpg,12166429486951507402,mango powdery mildew
multiple leaf dataset/mango leaf/mango powdery mildew/mango powdery mildew (141).jpg,12240385909294024372,mango powdery mildew
multiple leaf dataset/mango leaf/mango powdery mildew/mango powdery mildew (142).jpg,18408322775357997191,mango powdery mildew
multiple leaf dataset/mango leaf/mango powdery mildew/mango powdery mildew (143).jpg,18320504059357777824,mango powdery mildew
multiple leaf dataset/mango leaf/mango powdery mildew/mango powdery mildew (144).jpg,12093231305862204556,mango powdery mildew
multiple leaf dataset/mango leaf/mango powdery mildew/mango powdery mildew (145).jpg,13172071864972514195,mango powdery mildew
multiple leaf dataset/mango leaf/mango powdery mildew/mango powdery mildew (146).jpg,12235042904757077680,mango powdery mildew
multiple leaf dataset/mango leaf/mango powdery mildew/mango powdery mildew (147).jpg,16335077900781228841,mango powdery mildew
multiple leaf dataset/mango leaf/mango powdery mildew/mango powdery mildew (148).jpg,12003159300433693894,mango powdery mildew
multiple leaf dataset/mango leaf/mango powdery mildew/mango powdery mildew (149).jpg,12870106592389286278,mango powdery mildew
multiple leaf dataset/mango leaf/mango powdery mildew/mango powdery mildew (15).jpg,13452750495636982266,mango powdery mildew
multiple leaf dataset/mango leaf/mango powdery mildew/mango powdery mildew (150).jpg,11651614663049512649,mango powdery mildew
multiple leaf dataset/mango leaf/mango powdery mildew/mango powdery mildew (151).jpg,12029846658588724358,mango powdery mildew
multiple leaf dataset/mango leaf/mango powdery mildew/mango powdery mildew (152).jpg,12030183974683304908,mango powdery mildew
multiple leaf dataset/mango leaf/mango powdery mildew/mango powdery mildew (153).jpg,12966373026215594182,mango powdery mildew
multiple leaf dataset/mango leaf/mango powdery mildew/mango powdery mildew (154).jpg,12878550230995732934,mango powdery mildew
multiple leaf dataset/mango leaf/mango powdery mildew/mango powdery mildew (155).jpg,12941602817021560067,mango powdery mildew
multiple leaf dataset/mango leaf/mango powdery mildew/mango powdery mildew (156).jpg,12075217786767658115,mango powdery mildew
multiple leaf dataset/mango leaf/mango powdery mildew/mango powdery mildew (157).jpg,13360143200928450353,mango powdery mildew
multiple leaf dataset/mango leaf/mango powdery mildew/mango powdery mildew (158).jpg,16310567158217017510,mango powdery mildew
multiple leaf dataset/mango leaf/mango powdery mildew/mango powdery mildew (159).jpg,16235150881414355987,mango powdery mildew
multiple leaf dataset/mango leaf/mango powdery mildew/mango powdery mildew (16).jpg,12590060486963480875,mango powdery mildew
multiple leaf dataset/mango leaf/mango powdery mildew/mango powdery mildew (160).jpg,13733947398146175627,mango powdery mildew
multiple leaf dataset/mango leaf/mango powdery mildew/mango powdery mildew (161).jpg,16551461895644418761,mango powdery mildew
multiple leaf dataset/mango leaf/mango powdery mildew/mango powdery mildew (162).jpg,16329380931620968611,mango powdery mildew
multiple leaf dataset/mango leaf/mango powdery mildew/mango powdery mildew (163).jpg,12531535276947990437,mango powdery mildew
multiple leaf dataset/mango leaf/mango powdery mildew/mango powdery mildew (164).jpg,12051551955585253448,mango powdery mildew
multiple leaf dataset/mango leaf/mango powdery mildew/mango powdery mildew (165).jpg,12384569284508262683,mango powdery mildew
multiple leaf dataset/mango leaf/mango powdery mildew/mango powdery mildew (166).jpg,12407904447255626950,mango powdery mildew
multiple leaf dataset/mango leaf/mango powdery mildew/mango powdery mildew (167).jpg,12151474202726552066,mango powdery mildew
multiple leaf dataset/mango leaf/mango powdery mildew/mango powdery mildew (168).jpg,12301253468366912804,mango powdery mildew
multiple leaf dataset/mango leaf/mango powdery mildew/mango powdery mildew (169).jpg,12186326270183203290,mango powdery mildew
multiple leaf dataset/mango leaf/mango powdery mildew/mango powdery mildew (17).jpg,12114635034841393110,mango powdery mildew
multiple leaf dataset/mango leaf/mango powdery mildew/mango powdery mildew (170).jpg,11831150090976349677,mango powdery mildew
multiple leaf dataset/mango leaf/mango powdery mildew/mango powdery mildew (171).jpg,16806736445616925537,mango powdery mildew
multiple leaf dataset/mango leaf/mango powdery mildew/mango powdery mildew (172).jpg,12620652247192927636,mango powdery mildew
multiple leaf dataset/mango leaf/mango powdery mildew/mango powdery mildew (173).jpg,17134444276730141985,mango powdery mildew
multiple leaf dataset/mango leaf/mango powdery mildew/mango powdery mildew (174).jpg,12623453967277857643,mango powdery mildew
multiple leaf dataset/mango leaf/mango powdery mildew/mango powdery mildew (175).jpg,12678978213157834963,mango powdery mildew
multiple leaf dataset/mango leaf/mango powdery mildew/mango powdery mildew (176).jpg,13416673101220695213,mango powdery mildew
multiple leaf dataset/mango leaf/mango powdery mildew/mango powdery mildew (177).jpg,11858909844857285958,mango powdery mildew
multiple leaf dataset/mango leaf/mango powdery mildew/mango powdery mildew (178).jpg,12257625176092287235,mango powdery mildew
multiple leaf dataset/mango leaf/mango powdery mildew/mango powdery mildew (179).jpg,12253051242415161647,mango powdery mildew
multiple leaf dataset/mango leaf/mango powdery mildew/mango powdery mildew (18).jpg,12233613454394300771,mango powdery mildew
multiple leaf dataset/mango leaf/mango powdery mildew/mango powdery mildew (180).jpg,12290769158818979845,mango powdery mildew
multiple leaf dataset/mango leaf/mango powdery mildew/mango powdery mildew (181).jpg,16569478132504762774,mango powdery mildew
multiple leaf dataset/mango leaf/mango powdery mildew/mango powdery mildew (182).jpg,12030126789344266700,mango powdery mildew
multiple leaf dataset/mango leaf/mango powdery mildew/mango powdery mildew (183).jpg,12894872000027984777,mango powdery mildew
multiple leaf dataset/mango leaf/mango powdery mildew/mango powdery mildew (184).jpg,12351896670264847962,mango powdery mildew
multiple leaf dataset/mango leaf/mango powdery mildew/mango powdery mildew (185).jpg,12520801005980761034,mango powdery mildew
multiple leaf dataset/mango leaf/mango powdery mildew/mango powdery mildew (186).jpg,18410926894711873344,mango powdery mildew
multiple leaf dataset/mango leaf/mango powdery mildew/mango powdery mildew (187).jpg,18266811500858560742,mango powdery mildew
multiple leaf dataset/mango leaf/mango powdery mildew/mango powdery mildew (188).jpg,18421059830052451809,mango powdery mildew
multiple leaf dataset/mango leaf/mango powdery mildew/mango powdery mildew (189).jpg,18130864691107804124,mango powdery mildew
multiple leaf dataset/mango leaf/mango powdery mildew/mango powdery mildew (19).jpg,13420306349692989857,mango powdery mildew
multiple leaf dataset/mango leaf/mango powdery mildew/mango powdery mildew (190).jpg,12647744356970141585,mango powdery mildew
multiple leaf dataset/mango leaf/mango powdery mildew/mango powdery mildew (191).jpg,12207503102516053891,mango powdery mildew
multiple leaf dataset/mango leaf/mango powdery mildew/mango powdery mildew (192).jpg,13288937462062237388,mango powdery mildew
multiple leaf dataset/mango leaf/mango powdery mildew/mango powdery mildew (193).jpg,13468249592673502361,mango powdery mildew
multiple leaf dataset/mango leaf/mango powdery mildew/mango powdery mildew (194).jpg,12280969310466937137,mango powdery mildew
multiple leaf dataset/mango leaf/mango powdery mildew/mango powdery mildew (195).jpg,17687195405792132190,mango powdery mildew
multiple leaf dataset/mango leaf/mango powdery mildew/mango powdery mildew (196).jpg,13069945138863544417,mango powdery mildew
multiple leaf dataset/mango leaf/mango powdery mildew/mango powdery mildew (197).jpg,12279850116994866481,mango powdery mildew
multiple leaf dataset/mango leaf/mango powdery mildew/mango powdery mildew (198).jpg,16891737357040326078,mango powdery mildew
multiple leaf dataset/mango leaf/mango powdery mildew/mango powdery mildew (199).jpg,13827401613625443470,mango powdery mildew
multiple leaf dataset/mango leaf/mango powdery mildew/mango powdery mildew (2).jpg,16918494059754327349,mango powdery mildew
multiple leaf dataset/mango leaf/mango powdery mildew/mango powdery mildew (20).jpg,13275659814887796407,mango powdery mildew
multiple leaf dataset/mango leaf/mango powdery mildew/mango powdery mildew (200).jpg,12352113212782943914,mango powdery mildew
multiple leaf dataset/mango leaf/mango powdery mildew/mango powdery mildew (201).jpg,16873745167753591565,mango powdery mildew
multiple leaf dataset/mango leaf/mango powdery mildew/mango powdery mildew (202).jpg,16873498608771707480,mango powdery mildew
multiple leaf dataset/mango leaf/mango powdery mildew/mango powdery mildew (203).jpg,13437281777218341394,mango powdery mildew
multiple leaf dataset/mango leaf/mango powdery mildew/mango powdery mildew (204).jpg,12265788491648341543,mango powdery mildew
multiple leaf dataset/mango leaf/mango powdery mildew/mango powdery mildew (205).jpg,12188029720104991135,mango powdery mildew
multiple leaf dataset/mango leaf/mango powdery mildew/mango powdery mildew (206).jpg,16774455941718120728,mango powdery mildew
multiple leaf dataset/mango leaf/mango powdery mildew/mango powdery mildew (207).jpg,16918498079783295890,mango powdery mildew
multiple leaf dataset/mango leaf/mango powdery mildew/mango powdery mildew (208).jpg,12641270658966904375,mango powdery mildew
multiple leaf dataset/mango leaf/mango powdery mildew/mango powdery mildew (209).jpg,12484776607558284744,mango powdery mildew
multiple leaf dataset/mango leaf/mango powdery mildew/mango powdery mildew (21).jpg,13348623531313243985,mango powdery mildew
multiple leaf dataset/mango leaf/mango powdery mildew/mango powdery mildew (210).jpg,12379481003638772335,mango powdery mildew
multiple leaf dataset/mango leaf/mango powdery mildew/mango powdery mildew (211).jpg,13662458260544369674,mango powdery mildew
multiple leaf dataset/mango leaf/mango powdery mildew/mango powdery mildew (212).jpg,12883841527569272371,mango powdery mildew
multiple leaf dataset/mango leaf/mango powdery mildew/mango powdery mildew (213).jpg,12887555617510427750,mango powdery mildew
multiple leaf dataset/mango leaf/mango powdery mildew/mango powdery mildew (214).jpg,13181406874176685600,mango powdery mildew
multiple leaf dataset/mango leaf/mango powdery mildew/mango powdery mildew (215).jpg,11876997830727551449,mango powdery mildew
multiple leaf dataset/mango leaf/mango powdery mildew/mango powdery mildew (216).jpg,11930813401260084115,mango powdery mildew
multiple leaf dataset/mango leaf/mango powdery mildew/mango powdery mildew (217).jpg,12506727696489485251,mango powdery mildew
multiple leaf dataset/mango leaf/mango powdery mildew/mango powdery mildew (218).jpg,12300971684294547083,mango powdery mildew
multiple leaf dataset/mango leaf/mango powdery mildew/mango powdery mildew (219).jpg,16912588724473595594,mango powdery mildew
multiple leaf dataset/mango leaf/mango powdery mildew/mango powdery mildew (22).jpg,13516923577220117337,mango powdery mildew
multiple leaf dataset/mango leaf/mango powdery mildew/mango powdery mildew (220).jpg,16963910684273054853,mango powdery mildew
multiple leaf dataset/mango leaf/mango powdery mildew/mango powdery mildew (221).jpg,18433972166596430330,mango powdery mildew
multiple leaf dataset/mango leaf/mango powdery mildew/mango powdery mildew (222).jpg,9401534169149374638,mango powdery mildew
multiple leaf dataset/mango leaf/mango powdery mildew/mango powdery mildew (223).jpg,12531769103856210870,mango powdery mildew
multiple leaf dataset/mango leaf/mango powdery mildew/mango powdery mildew (224).jpg,12387303172141590438,mango powdery mildew
multiple leaf dataset/mango leaf/mango powdery mildew/mango powdery mildew (225).jpg,18037712643056341748,mango powdery mildew
multiple leaf dataset/mango leaf/mango powdery mildew/mango powdery mildew (226).jpg,15480160778591407593,mango powdery mildew
multiple leaf dataset/mango leaf/mango powdery mildew/mango powdery mildew (227).jpg,13107108358694933394,mango powdery mildew
multiple leaf dataset/mango leaf/mango powdery mildew/mango powdery mildew (228).jpg,18350622298630734050,mango powdery mildew
multiple leaf dataset/mango leaf/mango powdery mildew/mango powdery mildew (229).jpg,18427463863849930592,mango powdery mildew
multiple leaf dataset/mango leaf/mango powdery mildew/mango powdery mildew (23).jpg,12306819032408106540,mango powdery mildew
multiple leaf dataset/mango leaf/mango powdery mildew/mango powdery mildew (230).jpg,18351255135788906652,mango powdery mildew
multiple leaf dataset/mango leaf/mango powdery mildew/mango powdery mildew (231).jpg,18320253788075264548,mango powdery mildew
multiple leaf dataset/mango leaf/mango powdery mildew/mango powdery mildew (232).jpg,16989730424560071972,mango powdery mildew
multiple leaf dataset/mango leaf/mango powdery mildew/mango powdery mildew (233).jpg,13395836337859625782,mango powdery mildew
multiple leaf dataset/mango leaf/mango powdery mildew/mango powdery mildew (234).jpg,12810432157855237937,mango powdery mildew
multiple leaf dataset/mango leaf/mango powdery mildew/mango powdery mildew (235).jpg,12746202017158123033,mango powdery mildew
multiple leaf dataset/mango leaf/mango powdery mildew/mango powdery mildew (236).jpg,12126679306045311806,mango powdery mildew
multiple leaf dataset/mango leaf/mango powdery mildew/mango powdery mildew (237).jpg,12966929414532925060,mango powdery mildew
multiple leaf dataset/mango leaf/mango powdery mildew/mango powdery mildew (238).jpg,11882073834738627270,mango powdery mildew
multiple leaf dataset/mango leaf/mango powdery mildew/mango powdery mildew (239).jpg,18113700483663238067,mango powdery mildew
multiple leaf dataset/mango leaf/mango powdery mildew/mango powdery mildew (24).jpg,16883665380531686514,mango powdery mildew
multiple leaf dataset/mango leaf/mango powdery mildew/mango powdery mildew (240).jpg,18044446606378967203,mango powdery mildew
multiple leaf dataset/mango leaf/mango powdery mildew/mango powdery mildew (241).jpg,16891527308846307507,mango powdery mildew
multiple leaf dataset/mango leaf/mango powdery mildew/mango powdery mildew (242).jpg,16891526686915221533,mango powdery mildew
multiple leaf dataset/mango leaf/mango powdery mildew/mango powdery mildew (243).jpg,16920188450557226572,mango powdery mildew
multiple leaf dataset/mango leaf/mango powdery mildew/mango powdery mildew (244).jpg,16993362575855930449,mango powdery mildew
multiple leaf dataset/mango leaf/mango powdery mildew/mango powdery mildew (245).jpg,18044465228583177368,mango powdery mildew
multiple leaf dataset/mango leaf/mango powdery mildew/mango powdery mildew (246).jpg,18439003578936625235,mango powdery mildew
multiple leaf dataset/mango leaf/mango powdery mildew/mango powdery mildew (247).jpg,12959615682227898508,mango powdery mildew
multiple leaf dataset/mango leaf/mango powdery mildew/mango powdery mildew (248).jpg,16242696298156889707,mango powdery mildew
multiple leaf dataset/mango leaf/mango powdery mildew/mango powdery mildew (249).jpg,12496840377627349708,mango powdery mildew
multiple leaf dataset/mango leaf/mango powdery mildew/mango powdery mildew (25).jpg,16739551291968227001,mango powdery mildew
multiple leaf dataset/mango leaf/mango powdery mildew/mango powdery mildew (250).jpg,12327361309739378805,mango powdery mildew
multiple leaf dataset/mango leaf/mango powdery mildew/mango powdery mildew (251).jpg,12506725327075285786,mango powdery mildew
multiple leaf dataset/mango leaf/mango powdery mildew/mango powdery mildew (252).jpg,13027466100782793933,mango powdery mildew
multiple leaf dataset/mango leaf/mango powdery mildew/mango powdery mildew (253).jpg,13099240839802186825,mango powdery mildew
multiple leaf dataset/mango leaf/mango powdery mildew/mango powdery mildew (254).jpg,17136918057096103323,mango powdery mildew
multiple leaf dataset/mango leaf/mango powdery mildew/mango powdery mildew (255).jpg,12387934291817147873,mango powdery mildew
multiple leaf dataset/mango leaf/mango powdery mildew/mango powdery mildew (256).jpg,12387872286186371654,mango powdery mildew
multiple leaf dataset/mango leaf/mango powdery mildew/mango powdery mildew (257).jpg,12529449117041662361,mango powdery mildew
multiple leaf dataset/mango leaf/mango powdery mildew/mango powdery mildew (258).jpg,13107123318938584076,mango powdery mildew
multiple leaf dataset/mango leaf/mango powdery mildew/mango powdery mildew (259).jpg,13178803298682575250,mango powdery mildew
multiple leaf dataset/mango leaf/mango powdery mildew/mango powdery mildew (26).jpg,12532826971449690000,mango powdery mildew
multiple leaf dataset/mango leaf/mango powdery mildew/mango powdery mildew (260).jpg,13178829615989300099,mango powdery mildew
multiple leaf dataset/mango leaf/mango powdery mildew/mango powdery mildew (261).jpg,13179442579356894905,mango powdery mildew
multiple leaf dataset/mango leaf/mango powdery mildew/mango powdery mildew (262).jpg,13408484697029162771,mango powdery mildew
multiple leaf dataset/mango leaf/mango powdery mildew/mango powdery mildew (263).jpg,12263254050983821521,mango powdery mildew
multiple leaf dataset/mango leaf/mango powdery mildew/mango powdery mildew (264).jpg,12267407092947522725,mango powdery mildew
multiple leaf dataset/mango leaf/mango powdery mildew/mango powdery mildew (265).jpg,17198263812192397892,mango powdery mildew
multiple leaf dataset/mango leaf/mango powdery mildew/mango powdery mildew (266).jpg,18351184517948661889,mango powdery mildew
multiple leaf dataset/mango leaf/mango powdery mildew/mango powdery mildew (267).jpg,16707952512395217252,mango powdery mildew
multiple leaf dataset/mango leaf/mango powdery mildew/mango powdery mildew (268).jpg,12097964590895802825,mango powdery mildew
multiple leaf dataset/mango leaf/mango powdery mildew/mango powdery mildew (269).jpg,12017463878006951044,mango powdery mildew
multiple leaf dataset/mango leaf/mango powdery mildew/mango powdery mildew (27).jpg,12338878238817631358,mango powdery mildew
multiple leaf dataset/mango leaf/mango powdery mildew/mango powdery mildew (270).jpg,12308783267736570422,mango powdery mildew
multiple leaf dataset/mango leaf/mango powdery mildew/mango powdery mildew (271).jpg,12376090971534125718,mango powdery mildew
multiple leaf dataset/mango leaf/mango powdery mildew/mango powdery mildew (272).jpg,12956463708799028422,mango powdery mildew
multiple leaf dataset/mango leaf/mango powdery mildew/mango powdery mildew (273).jpg,16772994664089695410,mango powdery mildew
multiple leaf dataset/mango leaf/mango powdery mildew/mango powdery mildew (274).jpg,16916261042622547802,mango powdery mildew
multiple leaf dataset/mango leaf/mango powdery mildew/mango powdery mildew (275).jpg,16305994288547093156,mango powdery mildew
multiple leaf dataset/mango leaf/mango powdery mildew/mango powdery mildew (276).jpg,16378051882517907878,mango powdery mildew
multiple leaf dataset/mango leaf/mango powdery mildew/mango powdery mildew (277).jpg,11945400892796947273,mango powdery mildew
multiple leaf dataset/mango leaf/mango powdery mildew/mango powdery mildew (278).jpg,17765794311609031121,mango powdery mildew
multiple leaf dataset/mango leaf/mango powdery mildew/mango powdery mildew (279).jpg,13826209422686408217,mango powdery mildew
multiple leaf dataset/mango leaf/mango powdery mildew/mango powdery mildew (28).jpg,12267126758122213047,mango powdery mildew
multiple leaf dataset/mango leaf/mango powdery mildew/mango powdery mildew (280).jpg,12676454292525901504,mango powdery mildew
multiple leaf dataset/mango leaf/mango powdery mildew/mango powdery mildew (281).jpg,11955247379841666195,mango powdery mildew
multiple leaf dataset/mango leaf/mango powdery mildew/mango powdery mildew (282).jpg,12955942168152193852,mango powdery mildew
multiple leaf dataset/mango leaf/mango powdery mildew/mango powdery mildew (283).jpg,13175775508345860209,mango powdery mildew
multiple leaf dataset/mango leaf/mango powdery mildew/mango powdery mildew (284).jpg,12741699061804745742,mango powdery mildew
multiple leaf dataset/mango leaf/mango powdery mildew/mango powdery mildew (285).jpg,16255351744202420859,mango powdery mildew
multiple leaf dataset/mango leaf/mango powdery mildew/mango powdery mildew (286).jpg,16988859389343140689,mango powdery mildew
multiple leaf dataset/mango leaf/mango powdery mildew/mango powdery mildew (287).jpg,12030130100757646468,mango powdery mildew
multiple leaf dataset/mango leaf/mango powdery mildew/mango powdery mildew (288).jpg,12026469001915058577,mango powdery mildew
multiple leaf dataset/mango leaf/mango powdery mildew/mango powdery mildew (289).jpg,11875315590811062678,mango powdery mildew
multiple leaf dataset/mango leaf/mango powdery mildew/mango powdery mildew (29).jpg,12529519503602889510,mango powdery mildew
multiple leaf dataset/mango leaf/mango powdery mildew/mango powdery mildew (290).jpg,12378595288706879891,mango powdery mildew
multiple leaf dataset/mango leaf/mango powdery mildew/mango powdery mildew (291).jpg,12279858874219634229,mango powdery mildew
multiple leaf dataset/mango leaf/mango powdery mildew/mango powdery mildew (292).jpg,12235036217319658405,mango powdery mildew
multiple leaf dataset/mango leaf/mango powdery mildew/mango powdery mildew (293).jpg,12315878330931475206,mango powdery mildew
multiple leaf dataset/mango leaf/mango powdery mildew/mango powdery mildew (294).jpg,12207236127109528242,mango powdery mildew
multiple leaf dataset/mango leaf/mango powdery mildew/mango powdery mildew (295).jpg,18357657815876591682,mango powdery mildew
multiple leaf dataset/mango leaf/mango powdery mildew/mango powdery mildew (296).jpg,13808207778844041381,mango powdery mildew
multiple leaf dataset/mango leaf/mango powdery mildew/mango powdery mildew (297).jpg,18243414406265602097,mango powdery mildew
multiple leaf dataset/mango leaf/mango powdery mildew/mango powdery mildew (298).jpg,18063799123052958356,mango powdery mildew
multiple leaf dataset/mango leaf/mango powdery mildew/mango powdery mildew (299).jpg,13035050206764610434,mango powdery mildew
multiple leaf dataset/mango leaf/mango powdery mildew/mango powdery mildew (3).jpg,16918502855847349553,mango powdery mildew
multiple leaf dataset/mango leaf/mango powdery mildew/mango powdery mildew (30).jpg,12522711438713070772,mango powdery mildew
multiple leaf dataset/mango leaf/mango powdery mildew/mango powdery mildew (300).jpg,13683287079185166483,mango powdery mildew
multiple leaf dataset/mango leaf/mango powdery mildew/mango powdery mildew (301).jpg,13538037209704489351,mango powdery mildew
multiple leaf dataset/mango leaf/mango powdery mildew/mango powdery mildew (302).jpg,18122504033498349414,mango powdery mildew
multiple leaf dataset/mango leaf/mango powdery mildew/mango powdery mildew (303).jpg,17140922948614827112,mango powdery mildew
multiple leaf dataset/mango leaf/mango powdery mildew/mango powdery mildew (304).jpg,17285326188551716998,mango powdery mildew
multiple leaf dataset/mango leaf/mango powdery mildew/mango powdery mildew (305).jpg,17269211737545687197,mango powdery mildew
multiple leaf dataset/mango leaf/mango powdery mildew/mango powdery mildew (306).jpg,16990274991397332365,mango powdery mildew
multiple leaf dataset/mango leaf/mango powdery mildew/mango powdery mildew (307).jpg,16976747478108679441,mango powdery mildew
multiple leaf dataset/mango leaf/mango powdery mildew/mango powdery mildew (308).jpg,16986052516015581738,mango powdery mildew
multiple leaf dataset/mango leaf/mango powdery mildew/mango powdery mildew (309).jpg,13583560701999625675,mango powdery mildew
multiple leaf dataset/mango leaf/mango powdery mildew/mango powdery mildew (31).jpg,12531718509236033072,mango powdery mildew
multiple leaf dataset/mango leaf/mango powdery mildew/mango powdery mildew (310).jpg,12882207177404698009,mango powdery mildew
multiple leaf dataset/mango leaf/mango powdery mildew/mango powdery mildew (311).jpg,12870106089911848012,mango powdery mildew
multiple leaf dataset/mango leaf/mango powdery mildew/mango powdery mildew (312).jpg,13169602590438506650,mango powdery mildew
multiple leaf dataset/mango leaf/mango powdery mildew/mango powdery mildew (313).jpg,12956236857226333234,mango powdery mildew
multiple leaf dataset/mango leaf/mango powdery mildew/mango powdery mildew (314).jpg,13817206589621644618,mango powdery mildew
multiple leaf dataset/mango leaf/mango powdery mildew/mango powdery mildew (315).jpg,17124256515388754797,mango powdery mildew
multiple leaf dataset/mango leaf/mango powdery mildew/mango powdery mildew (316).jpg,16439178063202864493,mango powdery mildew
multiple leaf dataset/mango leaf/mango powdery mildew/mango powdery mildew (317).jpg,13749638360174482326,mango powdery mildew
multiple leaf dataset/mango leaf/mango powdery mildew/mango powdery mildew (318).jpg,12594480420467881780,mango powdery mildew
multiple leaf dataset/mango leaf/mango powdery mildew/mango powdery mildew (319).jpg,12594764360764274212,mango powdery mildew
multiple leaf dataset/mango leaf/mango powdery mildew/mango powdery mildew (32).jpg,16918500845763727072,mango powdery mildew
multiple leaf dataset/mango leaf/mango powdery mildew/mango powdery mildew (320).jpg,12022379506657124879,mango powdery mildew
multiple leaf dataset/mango leaf/mango powdery mildew/mango powdery mildew (321).jpg,13673102398898123318,mango powdery mildew
multiple leaf dataset/mango leaf/mango powdery mildew/mango powdery mildew (322).jpg,13682386690060694308,mango powdery mildew
multiple leaf dataset/mango leaf/mango powdery mildew/mango powdery mildew (323).jpg,16917443449883469259,mango powdery mildew
multiple leaf dataset/mango leaf/mango powdery mildew/mango powdery mildew (324).jpg,16920258718809271786,mango powdery mildew
multiple leaf dataset/mango leaf/mango powdery mildew/mango powdery mildew (325).jpg,16918568682967938797,mango powdery mildew
multiple leaf dataset/mango leaf/mango powdery mildew/mango powdery mildew (326).jpg,16989218515291036096,mango powdery mildew
multiple leaf dataset/mango leaf/mango powdery mildew/mango powdery mildew (327).jpg,18377458373204230489,mango powdery mildew
multiple leaf dataset/mango leaf/mango powdery mildew/mango powdery mildew (328).jpg,12305195015798614362,mango powdery mildew
multiple leaf dataset/mango leaf/mango powdery mildew/mango powdery mildew (329).jpg,16854394542727897450,mango powdery mildew
multiple leaf dataset/mango leaf/mango powdery mildew/mango powdery mildew (33).jpg,16922479708042007446,mango powdery mildew
multiple leaf dataset/mango leaf/mango powdery mildew/mango powdery mildew (330).jpg,16927277855246921449,mango powdery mildew
multiple leaf dataset/mango leaf/mango powdery mildew/mango powdery mildew (331).jpg,12237011663904922217,mango powdery mildew
multiple leaf dataset/mango leaf/mango powdery mildew/mango powdery mildew (332).jpg,18335491922784663600,mango powdery mildew
multiple leaf dataset/mango leaf/mango powdery mildew/mango powdery mildew (333).jpg,17004700091212432234,mango powdery mildew
multiple leaf dataset/mango leaf/mango powdery mildew/mango powdery mildew (334).jpg,18442381396889352864,mango powdery mildew
multiple leaf dataset/mango leaf/mango powdery mildew/mango powdery mildew (335).jpg,16876911778014410064,mango powdery mildew
multiple leaf dataset/mango leaf/mango powdery mildew/mango powdery mildew (336).jpg,18120374407283986626,mango powdery mildew
multiple leaf dataset/mango leaf/mango powdery mildew/mango powdery mildew (337).jpg,16993348822124292990,mango powdery mildew
multiple leaf dataset/mango leaf/mango powdery mildew/mango powdery mildew (338).jpg,18364976555568752760,mango powdery mildew
multiple leaf dataset/mango leaf/mango powdery mildew/mango powdery mildew (339).jpg,16927575886550146229,mango powdery mildew
multiple leaf dataset/mango leaf/mango powdery mildew/mango powdery mildew (34).jpg,16988290065451760685,mango powdery mildew
multiple leaf dataset/mango leaf/mango powdery mildew/mango powdery mildew (340).jpg,16564744200414661522,mango powdery mildew
multiple leaf dataset/mango leaf/mango powdery mildew/mango powdery mildew (341).jpg,13165372775229451417,mango powdery mildew
multiple leaf dataset/mango leaf/mango powdery mildew/mango powdery mildew (342).jpg,12286617536789880107,mango powdery mildew
multiple leaf dataset/mango leaf/mango powdery mildew/mango powdery mildew (343).jpg,12093525470381155541,mango powdery mildew
multiple leaf dataset/mango leaf/mango powdery mildew/mango powdery mildew (344).jpg,18362812235485575892,mango powdery mildew
multiple leaf dataset/mango leaf/mango powdery mildew/mango powdery mildew (345).jpg,12527850488438277202,mango powdery mildew
multiple leaf dataset/mango leaf/mango powdery mildew/mango powdery mildew (346).jpg,16399748428570073246,mango powdery mildew
multiple leaf dataset/mango leaf/mango powdery mildew/mango powdery mildew (347).jpg,16890975586144012528,mango powdery mildew
multiple leaf dataset/mango leaf/mango powdery mildew/mango powdery mildew (348).jpg,17235470004511916760,mango powdery mildew
multiple leaf dataset/mango leaf/mango powdery mildew/mango powdery mildew (349).jpg,17984141508903238551,mango powdery mildew
multiple leaf dataset/mango leaf/mango powdery mildew/mango powdery mildew (35).jpg,16920200838432679384,mango powdery mildew
multiple leaf dataset/mango leaf/mango powdery mildew/mango powdery mildew (350).jpg,18433959640405562797,mango powdery mildew
multiple leaf dataset/mango leaf/mango powdery mildew/mango powdery mildew (351).jpg,17187285914309946523,mango powdery mildew
multiple leaf dataset/mango leaf/mango powdery mildew/mango powdery mildew (352).jpg,16903844905129526204,mango powdery mildew
multiple leaf dataset/mango leaf/mango powdery mildew/mango powdery mildew (353).jpg,17191530239957968299,mango powdery mildew
multiple leaf dataset/mango leaf/mango powdery mildew/mango powdery mildew (354).jpg,16902173689029911915,mango powdery mildew
multiple leaf dataset/mango leaf/mango powdery mildew/mango powdery mildew (355).jpg,18150303181052761989,mango powdery mildew
multiple leaf dataset/mango leaf/mango powdery mildew/mango powdery mildew (356).jpg,18074493942581534782,mango powdery mildew
multiple leaf dataset/mango leaf/mango powdery mildew/mango powdery mildew (357).jpg,16343736561729834631,mango powdery mildew
multiple leaf dataset/mango leaf/mango powdery mildew/mango powdery mildew (358).jpg,17287296508085944170,mango powdery mildew
multiple leaf dataset/mango leaf/mango powdery mildew/mango powdery mildew (359).jpg,17252662044961902626,mango powdery mildew
multiple leaf dataset/mango leaf/mango powdery mildew/mango powdery mildew (36).jpg,13612572040350654950,mango powdery mildew
multiple leaf dataset/mango leaf/mango powdery mildew/mango powdery mildew (360).jpg,18097944718102645310,mango powdery mildew
multiple leaf dataset/mango leaf/mango powdery mildew/mango powdery mildew (361).jpg,18359439176148265588,mango powdery mildew
multiple leaf dataset/mango leaf/mango powdery mildew/mango powdery mildew (362).jpg,18091105866244974712,mango powdery mildew
multiple leaf dataset/mango leaf/mango powdery mildew/mango powdery mildew (363).jpg,18383272436009206164,mango powdery mildew
multiple leaf dataset/mango leaf/mango powdery mildew/mango powdery mildew (364).jpg,12306883909086880843,mango powdery mildew
multiple leaf dataset/mango leaf/mango powdery mildew/mango powdery mildew (365).jpg,18058732421364474254,mango powdery mildew
multiple leaf dataset/mango leaf/mango powdery mildew/mango powdery mildew (366).jpg,17884870166426528783,mango powdery mildew
multiple leaf dataset/mango leaf/mango powdery mildew/mango powdery mildew (367).jpg,17363786174949772387,mango powdery mildew
multiple leaf dataset/mango leaf/mango powdery mildew/mango powdery mildew (368).jpg,18264577543476844335,mango powdery mildew
multiple leaf dataset/mango leaf/mango powdery mildew/mango powdery mildew (369).jpg,18434588562505023320,mango powdery mildew
multiple leaf dataset/mango leaf/mango powdery mildew/mango powdery mildew (37).jpg,13791607667663252936,mango powdery mildew
multiple leaf dataset/mango leaf/mango powdery mildew/mango powdery mildew (370).jpg,12317578858640077837,mango powdery mildew
multiple leaf dataset/mango leaf/mango powdery mildew/mango powdery mildew (371).jpg,17552388573470017172,mango powdery mildew
multiple leaf dataset/mango leaf/mango powdery mildew/mango powdery mildew (372).jpg,13775601537363661460,mango powdery mildew
multiple leaf dataset/mango leaf/mango powdery mildew/mango powdery mildew (373).jpg,18409185745429342015,mango powdery mildew
multiple leaf dataset/mango leaf/mango powdery mildew/mango powdery mildew (374).jpg,12355859320270230069,mango powdery mildew
multiple leaf dataset/mango leaf/mango powdery mildew/mango powdery mildew (375).jpg,18120954950226056301,mango powdery mildew
multiple leaf dataset/mango leaf/mango powdery mildew/mango powdery mildew (376).jpg,18337128971441456133,mango powdery mildew
multiple leaf dataset/mango leaf/mango powdery mildew/mango powdery mildew (377).jpg,17352544940294046272,mango powdery mildew
multiple leaf dataset/mango leaf/mango powdery mildew/mango powdery mildew (378).jpg,18074216933790673478,mango powdery mildew
multiple leaf dataset/mango leaf/mango powdery mildew/mango powdery mildew (379).jpg,17997958234644857193,mango powdery mildew
multiple leaf dataset/mango leaf/mango powdery mildew/mango powdery mildew (38).jpg,12385078679984066074,mango powdery mildew
multiple leaf dataset/mango leaf/mango powdery mildew/mango powdery mildew (380).jpg,16315087576296469813,mango powdery mildew
multiple leaf dataset/mango leaf/mango powdery mildew/mango powdery mildew (381).jpg,18408675150976063792,mango powdery mildew
multiple leaf dataset/mango leaf/mango powdery mildew/mango powdery mildew (382).jpg,17255683394742963076,mango powdery mildew
multiple leaf dataset/mango leaf/mango powdery mildew/mango powdery mildew (383).jpg,17899432165775721838,mango powdery mildew
multiple leaf dataset/mango leaf/mango powdery mildew/mango powdery mildew (384).jpg,18326507671848679018,mango powdery mildew
multiple leaf dataset/mango leaf/mango powdery mildew/mango powdery mildew (385).jpg,18155559070337032816,mango powdery mildew
multiple leaf dataset/mango leaf/mango powdery mildew/mango powdery mildew (386).jpg,16918564289299149415,mango powdery mildew
multiple leaf dataset/mango leaf/mango powdery mildew/mango powdery mildew (387).jpg,12333905506980762117,mango powdery mildew
multiple leaf dataset/mango leaf/mango powdery mildew/mango powdery mildew (388).jpg,18114538515500668985,mango powdery mildew
multiple leaf dataset/mango leaf/mango powdery mildew/mango powdery mildew (389).jpg,16954866025144423990,mango powdery mildew
multiple leaf dataset/mango leaf/mango powdery mildew/mango powdery mildew (39).jpg,12220435644793020805,mango powdery mildew
multiple leaf dataset/mango leaf/mango powdery mildew/mango powdery mildew (390).jpg,17840307200577185072,mango powdery mildew
multiple leaf dataset/mango leaf/mango powdery mildew/mango powdery mildew (391).jpg,17180040525353360157,mango powdery mildew
multiple leaf dataset/mango leaf/mango powdery mildew/mango powdery mildew (392).jpg,16891548259394393485,mango powdery mildew
multiple leaf dataset/mango leaf/mango powdery mildew/mango powdery mildew (393).jpg,16885637310502248202,mango powdery mildew
multiple leaf dataset/mango leaf/mango powdery mildew/mango powdery mildew (394).jpg,13577752223811146628,mango powdery mildew
multiple leaf dataset/mango leaf/mango powdery mildew/mango powdery mildew (395).jpg,18429539021257383664,mango powdery mildew
multiple leaf dataset/mango leaf/mango powdery mildew/mango powdery mildew (396).jpg,13749937888557294859,mango powdery mildew
multiple leaf dataset/mango leaf/mango powdery mildew/mango powdery mildew (397).jpg,18391808835129102379,mango powdery mildew
multiple leaf dataset/mango leaf/mango powdery mildew/mango powdery mildew (398).jpg,16993440981076286133,mango powdery mildew
multiple leaf dataset/mango leaf/mango powdery mildew/mango powdery mildew (399).jpg,13784065685763294349,mango powdery mildew
multiple leaf dataset/mango leaf/mango powdery mildew/mango powdery mildew (4).jpg,16923033862171964577,mango powdery mildew
multiple leaf dataset/mango leaf/mango powdery mildew/mango powdery mildew (40).jpg,16926181385385597008,mango powdery mildew
multiple leaf dataset/mango leaf/mango powdery mildew/mango powdery mildew (400).jpg,18362724525539343487,mango powdery mildew
multiple leaf dataset/mango leaf/mango powdery mildew/mango powdery mildew (401).jpg,16915683740666416458,mango powdery mildew
multiple leaf dataset/mango leaf/mango powdery mildew/mango powdery mildew (402).jpg,16916247789947710794,mango powdery mildew
multiple leaf dataset/mango leaf/mango powdery mildew/mango powdery mildew (403).jpg,18421834570640875576,mango powdery mildew
multiple leaf dataset/mango leaf/mango powdery mildew/mango powdery mildew (404).jpg,16052435608979325909,mango powdery mildew
multiple leaf dataset/mango leaf/mango powdery mildew/mango powdery mildew (405).jpg,15745853079765940830,mango powdery mildew
multiple leaf dataset/mango leaf/mango powdery mildew/mango powdery mildew (406).jpg,15745857409092975198,mango powdery mildew
multiple leaf dataset/mango leaf/mango powdery mildew/mango powdery mildew (407).jpg,17922220708985334967,mango powdery mildew
multiple leaf dataset/mango leaf/mango powdery mildew/mango powdery mildew (408).jpg,17205039454652427996,mango powdery mildew
multiple leaf dataset/mango leaf/mango powdery mildew/mango powdery mildew (409).jpg,17004136458493802180,mango powdery mildew
multiple leaf dataset/mango leaf/mango powdery mildew/mango powdery mildew (41).jpg,15822775742581059948,mango powdery mildew
multiple leaf dataset/mango leaf/mango powdery mildew/mango powdery mildew (410).jpg,17275972226805034724,mango powdery mildew
multiple leaf dataset/mango leaf/mango powdery mildew/mango powdery mildew (411).jpg,17642171429825103252,mango powdery mildew
multiple leaf dataset/mango leaf/mango powdery mildew/mango powdery mildew (412).jpg,18382445410651481413,mango powdery mildew
multiple leaf dataset/mango leaf/mango powdery mildew/mango powdery mildew (413).jpg,12085073594234083588,mango powdery mildew
multiple leaf dataset/mango leaf/mango powdery mildew/mango powdery mildew (414).jpg,16984641877511345865,mango powdery mildew
multiple leaf dataset/mango leaf/mango powdery mildew/mango powdery mildew (415).jpg,18416767952894255312,mango powdery mildew
multiple leaf dataset/mango leaf/mango powdery mildew/mango powdery mildew (416).jpg,18431496822782829232,mango powdery mildew
multiple leaf dataset/mango leaf/mango powdery mildew/mango powdery mildew (417).jpg,16916247133867152874,mango powdery mildew
multiple leaf dataset/mango leaf/mango powdery mildew/mango powdery mildew (418).jpg,18149724301143085846,mango powdery mildew
multiple leaf dataset/mango leaf/mango powdery mildew/mango powdery mildew (419).jpg,16902183031768911558,mango powdery mildew
multiple leaf dataset/mango leaf/mango powdery mildew/mango powdery mildew (42).jpg,11953664053381990345,mango powdery mildew
multiple leaf dataset/mango leaf/mango powdery mildew/mango powdery mildew (420).jpg,18434805241618131656,mango powdery mildew
multiple leaf dataset/mango leaf/mango powdery mildew/mango powdery mildew (421).jpg,16401720792034304394,mango powdery mildew
multiple leaf dataset/mango leaf/mango powdery mildew/mango powdery mildew (422).jpg,18428893733968286436,mango powdery mildew
multiple leaf dataset/mango leaf/mango powdery mildew/mango powdery mildew (423).jpg,14944851622970929179,mango powdery mildew
multiple leaf dataset/mango leaf/mango powdery mildew/mango powdery mildew (424).jpg,16097242543234009824,mango powdery mildew
multiple leaf dataset/mango leaf/mango powdery mildew/mango powdery mildew (425).jpg,17833248200402708103,mango powdery mildew
multiple leaf dataset/mango leaf/mango powdery mildew/mango powdery mildew (426).jpg,18393405167018278506,mango powdery mildew
multiple leaf dataset/mango leaf/mango powdery mildew/mango powdery mildew (427).jpg,18044381664238355360,mango powdery mildew
multiple leaf dataset/mango leaf/mango powdery mildew/mango powdery mildew (428).jpg,18440217467980124324,mango powdery mildew
multiple leaf dataset/mango leaf/mango powdery mildew/mango powdery mildew (429).jpg,17212917477470785392,mango powdery mildew
multiple leaf dataset/mango leaf/mango powdery mildew/mango powdery mildew (43).jpg,12444802704576709528,mango powdery mildew
multiple leaf dataset/mango leaf/mango powdery mildew/mango powdery mildew (430).jpg,17287859441533595808,mango powdery mildew
multiple leaf dataset/mango leaf/mango powdery mildew/mango powdery mildew (431).jpg,16983510931059674418,mango powdery mildew
multiple leaf dataset/mango leaf/mango powdery mildew/mango powdery mildew (432).jpg,13344612729313024041,mango powdery mildew
multiple leaf dataset/mango leaf/mango powdery mildew/mango powdery mildew (433).jpg,18393477262655697894,mango powdery mildew
multiple leaf dataset/mango leaf/mango powdery mildew/mango powdery mildew (434).jpg,18386737767637344053,mango powdery mildew
multiple leaf dataset/mango leaf/mango powdery mildew/mango powdery mildew (435).jpg,17807748409473198874,mango powdery mildew
multiple leaf dataset/mango leaf/mango powdery mildew/mango powdery mildew (436).jpg,18434787608096587968,mango powdery mildew
multiple leaf dataset/mango leaf/mango powdery mildew/mango powdery mildew (437).jpg,18157317978738409342,mango powdery mildew
multiple leaf dataset/mango leaf/mango powdery mildew/mango powdery mildew (438).jpg,16105336459511815122,mango powdery mildew
multiple leaf dataset/mango leaf/mango powdery mildew/mango powdery mildew (439).jpg,15821890586895896795,mango powdery mildew
multiple leaf dataset/mango leaf/mango powdery mildew/mango powdery mildew (44).jpg,12352193026742614146,mango powdery mildew
multiple leaf dataset/mango leaf/mango powdery mildew/mango powdery mildew (440).jpg,18419951819219876566,mango powdery mildew
multiple leaf dataset/mango leaf/mango powdery mildew/mango powdery mildew (441).jpg,18275469713358130992,mango powdery mildew
multiple leaf dataset/mango leaf/mango powdery mildew/mango powdery mildew (442).jpg,16995129794827872864,mango powdery mildew
multiple leaf dataset/mango leaf/mango powdery mildew/mango powdery mildew (443).jpg,18332700065338709301,mango powdery mildew
multiple leaf dataset/mango leaf/mango powdery mildew/mango powdery mildew (444).jpg,18074499469679632736,mango powdery mildew
multiple leaf dataset/mango leaf/mango powdery mildew/mango powdery mildew (445).jpg,18154155792045797986,mango powdery mildew
multiple leaf dataset/mango leaf/mango powdery mildew/mango powdery mildew (446).jpg,18328192118684597612,mango powdery mildew
multiple leaf dataset/mango leaf/mango powdery mildew/mango powdery mildew (447).jpg,16997310883604128973,mango powdery mildew
multiple leaf dataset/mango leaf/mango powdery mildew/mango powdery mildew (448).jpg,18261478501183960583,mango powdery mildew
multiple leaf dataset/mango leaf/mango powdery mildew/mango powdery mildew (449).jpg,16895400799911624571,mango powdery mildew
multiple leaf dataset/mango leaf/mango powdery mildew/mango powdery mildew (45).jpg,12311066132037315105,mango powdery mildew
multiple leaf dataset/mango leaf/mango powdery mildew/mango powdery mildew (450).jpg,18347244461237321818,mango powdery mildew
multiple leaf dataset/mango leaf/mango powdery mildew/mango powdery mildew (451).jpg,18069163797148529733,mango powdery mildew
multiple leaf dataset/mango leaf/mango powdery mildew/mango powdery mildew (452).jpg,17287295968633045701,mango powdery mildew
multiple leaf dataset/mango leaf/mango powdery mildew/mango powdery mildew (453).jpg,18411137756513198239,mango powdery mildew
multiple leaf dataset/mango leaf/mango powdery mildew/mango powdery mildew (454).jpg,18358594828527282761,mango powdery mildew
multiple leaf dataset/mango leaf/mango powdery mildew/mango powdery mildew (455).jpg,18411142602033778747,mango powdery mildew
multiple leaf dataset/mango leaf/mango powdery mildew/mango powdery mildew (456).jpg,18399052418276573428,mango powdery mildew
multiple leaf dataset/mango leaf/mango powdery mildew/mango powdery mildew (457).jpg,16898866702452077864,mango powdery mildew
multiple leaf dataset/mango leaf/mango powdery mildew/mango powdery mildew (458).jpg,16907028527588588075,mango powdery mildew
multiple leaf dataset/mango leaf/mango powdery mildew/mango powdery mildew (459).jpg,12143342158664275578,mango powdery mildew
multiple leaf dataset/mango leaf/mango powdery mildew/mango powdery mildew (46).jpg,16691330417616440270,mango powdery mildew
multiple leaf dataset/mango leaf/mango powdery mildew/mango powdery mildew (460).jpg,12143060821130712666,mango powdery mildew
multiple leaf dataset/mango leaf/mango powdery mildew/mango powdery mildew (461).jpg,18097931114453711708,mango powdery mildew
multiple leaf dataset/mango leaf/mango powdery mildew/mango powdery mildew (462).jpg,14837340626304294249,mango powdery mildew
multiple leaf dataset/mango leaf/mango powdery mildew/mango powdery mildew (463).jpg,18337762144027423848,mango powdery mildew
multiple leaf dataset/mango leaf/mango powdery mildew/mango powdery mildew (464).jpg,17287300890646681445,mango powdery mildew
multiple leaf dataset/mango leaf/mango powdery mildew/mango powdery mildew (465).jpg,18410857062671153406,mango powdery mildew
multiple leaf dataset/mango leaf/mango powdery mildew/mango powdery mildew (466).jpg,16125297010838167497,mango powdery mildew
multiple leaf dataset/mango leaf/mango powdery mildew/mango powdery mildew (467).jpg,18116508782288346301,mango powdery mildew
multiple leaf dataset/mango leaf/mango powdery mildew/mango powdery mildew (468).jpg,18410104501205736847,mango powdery mildew
multiple leaf dataset/mango leaf/mango powdery mildew/mango powdery mildew (469).jpg,18335513632385809823,mango powdery mildew
multiple leaf dataset/mango leaf/mango powdery mildew/mango powdery mildew (47).jpg,17924807715533002374,mango powdery mildew
multiple leaf dataset/mango leaf/mango powdery mildew/mango powdery mildew (470).jpg,12376618162529398139,mango powdery mildew
multiple leaf dataset/mango leaf/mango powdery mildew/mango powdery mildew (471).jpg,16969798048521590725,mango powdery mildew
multiple leaf dataset/mango leaf/mango powdery mildew/mango powdery mildew (472).jpg,18424109254080231468,mango powdery mildew
multiple leaf dataset/mango leaf/mango powdery mildew/mango powdery mildew (473).jpg,18428962864740049101,mango powdery mildew
multiple leaf dataset/mango leaf/mango powdery mildew/mango powdery mildew (474).jpg,18424706212140223824,mango powdery mildew
multiple leaf dataset/mango leaf/mango powdery mildew/mango powdery mildew (475).jpg,18386737767689820726,mango powdery mildew
multiple leaf dataset/mango leaf/mango powdery mildew/mango powdery mildew (476).jpg,16981619356807612951,mango powdery mildew
multiple leaf dataset/mango leaf/mango powdery mildew/mango powdery mildew (477).jpg,18117071912629997883,mango powdery mildew
multiple leaf dataset/mango leaf/mango powdery mildew/mango powdery mildew (478).jpg,18409730666680785328,mango powdery mildew
multiple leaf dataset/mango leaf/mango powdery mildew/mango powdery mildew (479).jpg,16891525287215011477,mango powdery mildew
multiple leaf dataset/mango leaf/mango powdery mildew/mango powdery mildew (48).jpg,13313088230653412999,mango powdery mildew
multiple leaf dataset/mango leaf/mango powdery mildew/mango powdery mildew (480).jpg,18388057231390642488,mango powdery mildew
multiple leaf dataset/mango leaf/mango powdery mildew/mango powdery mildew (481).jpg,16981620319667366698,mango powdery mildew
multiple leaf dataset/mango leaf/mango powdery mildew/mango powdery mildew (482).jpg,17217496142939780720,mango powdery mildew
multiple leaf dataset/mango leaf/mango powdery mildew/mango powdery mildew (483).jpg,16969793161286033285,mango powdery mildew
multiple leaf dataset/mango leaf/mango powdery mildew/mango powdery mildew (484).jpg,14586873872133752197,mango powdery mildew
multiple leaf dataset/mango leaf/mango powdery mildew/mango powdery mildew (485).jpg,18409520728207889726,mango powdery mildew
multiple leaf dataset/mango leaf/mango powdery mildew/mango powdery mildew (486).jpg,12243269462657741965,mango powdery mildew
multiple leaf dataset/mango leaf/mango powdery mildew/mango powdery mildew (487).jpg,12369934166291780197,mango powdery mildew
multiple leaf dataset/mango leaf/mango powdery mildew/mango powdery mildew (488).jpg,17161759043032774714,mango powdery mildew
multiple leaf dataset/mango leaf/mango powdery mildew/mango powdery mildew (489).jpg,12278085410613040458,mango powdery mildew
multiple leaf dataset/mango leaf/mango powdery mildew/mango powdery mildew (49).jpg,17638232271122667929,mango powdery mildew
multiple leaf dataset/mango leaf/mango powdery mildew/mango powdery mildew (490).jpg,18315718300956329408,mango powdery mildew
multiple leaf dataset/mango leaf/mango powdery mildew/mango powdery mildew (491).jpg,18145237700955485376,mango powdery mildew
multiple leaf dataset/mango leaf/mango powdery mildew/mango powdery mildew (492).jpg,12288869419810434347,mango powdery mildew
multiple leaf dataset/mango leaf/mango powdery mildew/mango powdery mildew (493).jpg,18433374707151941394,mango powdery mildew
multiple leaf dataset/mango leaf/mango powdery mildew/mango powdery mildew (494).jpg,17267069876222830719,mango powdery mildew
multiple leaf dataset/mango leaf/mango powdery mildew/mango powdery mildew (495).jpg,17278293879301355364,mango powdery mildew
multiple leaf dataset/mango leaf/mango powdery mildew/mango powdery mildew (496).jpg,12370210139419646582,mango powdery mildew
multiple leaf dataset/mango leaf/mango powdery mildew/mango powdery mildew (497).jpg,17275972217179107012,mango powdery mildew
multiple leaf dataset/mango leaf/mango powdery mildew/mango powdery mildew (498).jpg,17930105289940160337,mango powdery mildew
multiple leaf dataset/mango leaf/mango powdery mildew/mango powdery mildew (499).jpg,12549546110367151530,mango powdery mildew
multiple leaf dataset/mango leaf/mango powdery mildew/mango powdery mildew (5).jpg,12569992024521894921,mango powdery mildew
multiple leaf dataset/mango leaf/mango powdery mildew/mango powdery mildew (50).jpg,18149718254123769895,mango powdery mildew
multiple leaf dataset/mango leaf/mango powdery mildew/mango powdery mildew (500).jpg,13182107594211721455,mango powdery mildew
multiple leaf dataset/mango leaf/mango powdery mildew/mango powdery mildew (51).jpg,18428893774630577804,mango powdery mildew
multiple leaf dataset/mango leaf/mango powdery mildew/mango powdery mildew (52).jpg,18437948665606718436,mango powdery mildew
multiple leaf dataset/mango leaf/mango powdery mildew/mango powdery mildew (53).jpg,12869546000265756961,mango powdery mildew
multiple leaf dataset/mango leaf/mango powdery mildew/mango powdery mildew (54).jpg,11644846066437927737,mango powdery mildew
multiple leaf dataset/mango leaf/mango powdery mildew/mango powdery mildew (55).jpg,12508345928642370630,mango powdery mildew
multiple leaf dataset/mango leaf/mango powdery mildew/mango powdery mildew (56).jpg,12294143754517712076,mango powdery mildew
multiple leaf dataset/mango leaf/mango powdery mildew/mango powdery mildew (57).jpg,13445438180493288001,mango powdery mildew
multiple leaf dataset/mango leaf/mango powdery mildew/mango powdery mildew (58).jpg,12963273537293490329,mango powdery mildew
multiple leaf dataset/mango leaf/mango powdery mildew/mango powdery mildew (59).jpg,12028159372034477104,mango powdery mildew
multiple leaf dataset/mango leaf/mango powdery mildew/mango powdery mildew (6).jpg,12497932768322919629,mango powdery mildew
multiple leaf dataset/mango leaf/mango powdery mildew/mango powdery mildew (60).jpg,11623749503616992658,mango powdery mildew
multiple leaf dataset/mango leaf/mango powdery mildew/mango powdery mildew (61).jpg,16414094200249945236,mango powdery mildew
multiple leaf dataset/mango leaf/mango powdery mildew/mango powdery mildew (62).jpg,13733024730715670657,mango powdery mildew
multiple leaf dataset/mango leaf/mango powdery mildew/mango powdery mildew (63).jpg,13417776944321625792,mango powdery mildew
multiple leaf dataset/mango leaf/mango powdery mildew/mango powdery mildew (64).jpg,12251714571148602244,mango powdery mildew
multiple leaf dataset/mango leaf/mango powdery mildew/mango powdery mildew (65).jpg,12291952866683109997,mango powdery mildew
multiple leaf dataset/mango leaf/mango powdery mildew/mango powdery mildew (66).jpg,12963273537494817176,mango powdery mildew
multiple leaf dataset/mango leaf/mango powdery mildew/mango powdery mildew (67).jpg,12963273537498159512,mango powdery mildew
multiple leaf dataset/mango leaf/mango powdery mildew/mango powdery mildew (68).jpg,16634489042421164490,mango powdery mildew
multiple leaf dataset/mango leaf/mango powdery mildew/mango powdery mildew (69).jpg,18320243707270050193,mango powdery mildew
multiple leaf dataset/mango leaf/mango powdery mildew/mango powdery mildew (7).jpg,17203941456455374505,mango powdery mildew
multiple leaf dataset/mango leaf/mango powdery mildew/mango powdery mildew (70).jpg,11631054988788541073,mango powdery mildew
multiple leaf dataset/mango leaf/mango powdery mildew/mango powdery mildew (71).jpg,18201790991414973635,mango powdery mildew
multiple leaf dataset/mango leaf/mango powdery mildew/mango powdery mildew (72).jpg,18099897566937234527,mango powdery mildew
multiple leaf dataset/mango leaf/mango powdery mildew/mango powdery mildew (73).jpg,11947471498095546558,mango powdery mildew
multiple leaf dataset/mango leaf/mango powdery mildew/mango powdery mildew (74).jpg,16751919611651709382,mango powdery mildew
multiple leaf dataset/mango leaf/mango powdery mildew/mango powdery mildew (75).jpg,12483282065490850457,mango powdery mildew
multiple leaf dataset/mango leaf/mango powdery mildew/mango powdery mildew (76).jpg,16309090517418481253,mango powdery mildew
multiple leaf dataset/mango leaf/mango powdery mildew/mango powdery mildew (77).jpg,12304583682585638218,mango powdery mildew
multiple leaf dataset/mango leaf/mango powdery mildew/mango powdery mildew (78).jpg,12030128807978895692,mango powdery mildew
multiple leaf dataset/mango leaf/mango powdery mildew/mango powdery mildew (79).jpg,12028158264139238451,mango powdery mildew
multiple leaf dataset/mango leaf/mango powdery mildew/mango powdery mildew (8).jpg,12019152139649784217,mango powdery mildew
multiple leaf dataset/mango leaf/mango powdery mildew/mango powdery mildew (80).jpg,11945119392183129702,mango powdery mildew
multiple leaf dataset/mango leaf/mango powdery mildew/mango powdery mildew (81).jpg,12529531765016924772,mango powdery mildew
multiple leaf dataset/mango leaf/mango powdery mildew/mango powdery mildew (82).jpg,12391023813781537434,mango powdery mildew
multiple leaf dataset/mango leaf/mango powdery mildew/mango powdery mildew (83).jpg,16415220650105014936,mango powdery mildew
multiple leaf dataset/mango leaf/mango powdery mildew/mango powdery mildew (84).jpg,17999646038325535374,mango powdery mildew
multiple leaf dataset/mango leaf/mango powdery mildew/mango powdery mildew (85).jpg,11885164564808178275,mango powdery mildew
multiple leaf dataset/mango leaf/mango powdery mildew/mango powdery mildew (86).jpg,12228582037538838234,mango powdery mildew
multiple leaf dataset/mango leaf/mango powdery mildew/mango powdery mildew (87).jpg,13648672309264158774,mango powdery mildew
multiple leaf dataset/mango leaf/mango powdery mildew/mango powdery mildew (88).jpg,13142868476127002940,mango powdery mildew
multiple leaf dataset/mango leaf/mango powdery mildew/mango powdery mildew (89).jpg,12022810887862930630,mango powdery mildew
multiple leaf dataset/mango leaf/mango powdery mildew/mango powdery mildew (9).jpg,13603375930039714158,mango powdery mildew
multiple leaf dataset/mango leaf/mango powdery mildew/mango powdery mildew (90).jpg,16398623134909762636,mango powdery mildew
multiple leaf dataset/mango leaf/mango powdery mildew/mango powdery mildew (91).jpg,16407620949920815565,mango powdery mildew
multiple leaf dataset/mango leaf/mango powdery mildew/mango powdery mildew (92).jpg,12377181687270197278,mango powdery mildew
multiple leaf dataset/mango leaf/mango powdery mildew/mango powdery mildew (93).jpg,12306320372283139483,mango powdery mildew
multiple leaf dataset/mango leaf/mango powdery mildew/mango powdery mildew (94).jpg,18068588075262445454,mango powdery mildew
multiple leaf dataset/mango leaf/mango powdery mildew/mango powdery mildew (95).jpg,12308572436122422802,mango powdery mildew
multiple leaf dataset/mango leaf/mango powdery mildew/mango powdery mildew (96).jpg,11878756595113846803,mango powdery mildew
multiple leaf dataset/mango leaf/mango powdery mildew/mango powdery mildew (97).jpg,12238202313249156058,mango powdery mildew
multiple leaf dataset/mango leaf/mango powdery mildew/mango powdery mildew (98).jpg,11949906721630689356,mango powdery mildew
multiple leaf dataset/mango leaf/mango powdery mildew/mango powdery mildew (99).jpg,16561590266151668121,mango powdery mildew
multiple leaf dataset/mango leaf/mango sooty mould/mango sooty mould (1).jpg,16265197227363172710,mango sooty mould
multiple leaf dataset/mango leaf/mango sooty mould/mango sooty mould (10).jpg,16401140837374412937,mango sooty mould
multiple leaf dataset/mango leaf/mango sooty mould/mango sooty mould (100).jpg,17381813957514461849,mango sooty mould
multiple leaf dataset/mango leaf/mango sooty mould/mango sooty mould (101).jpg,18332676979880145056,mango sooty mould
multiple leaf dataset/mango leaf/mango sooty mould/mango sooty mould (102).jpg,17060091929696651033,mango sooty mould
multiple leaf dataset/mango leaf/mango sooty mould/mango sooty mould (103).jpg,16414654907937100710,mango sooty mould
multiple leaf dataset/mango leaf/mango sooty mould/mango sooty mould (104).jpg,16739825100493767576,mango sooty mould
multiple leaf dataset/mango leaf/mango sooty mould/mango sooty mould (105).jpg,12351896675125414514,mango sooty mould
multiple leaf dataset/mango leaf/mango sooty mould/mango sooty mould (106).jpg,12558520750461040357,mango sooty mould
multiple leaf dataset/mango leaf/mango sooty mould/mango sooty mould (107).jpg,16544760214719881841,mango sooty mould
multiple leaf dataset/mango leaf/mango sooty mould/mango sooty mould (108).jpg,13227012512050202118,mango sooty mould
multiple leaf dataset/mango leaf/mango sooty mould/mango sooty mould (109).jpg,13154620657895785574,mango sooty mould
multiple leaf dataset/mango leaf/mango sooty mould/mango sooty mould (11).jpg,13489852923215963698,mango sooty mould
multiple leaf dataset/mango leaf/mango sooty mould/mango sooty mould (110).jpg,13798396490085538484,mango sooty mould
multiple leaf dataset/mango leaf/mango sooty mould/mango sooty mould (111).jpg,13793067380412946998,mango sooty mould
multiple leaf dataset/mango leaf/mango sooty mould/mango sooty mould (112).jpg,13351977434732704111,mango sooty mould
multiple leaf dataset/mango leaf/mango sooty mould/mango sooty mould (113).jpg,13620715395773444255,mango sooty mould
multiple leaf dataset/mango leaf/mango sooty mould/mango sooty mould (114).jpg,17192141147684629233,mango sooty mould
multiple leaf dataset/mango leaf/mango sooty mould/mango sooty mould (115).jpg,17264197775354962929,mango sooty mould
multiple leaf dataset/mango leaf/mango sooty mould/mango sooty mould (116).jpg,16901079037320506730,mango sooty mould
multiple leaf dataset/mango leaf/mango sooty mould/mango sooty mould (117).jpg,14815596695909739602,mango sooty mould
multiple leaf dataset/mango leaf/mango sooty mould/mango sooty mould (118).jpg,14760998112800707350,mango sooty mould
multiple leaf dataset/mango leaf/mango sooty mould/mango sooty mould (119).jpg,14761561058451034774,mango sooty mould
multiple leaf dataset/mango leaf/mango sooty mould/mango sooty mould (12).jpg,12986865440416107724,mango sooty mould
multiple leaf dataset/mango leaf/mango sooty mould/mango sooty mould (120).jpg,14324149361391735588,mango sooty mould
multiple leaf dataset/mango leaf/mango sooty mould/mango sooty mould (121).jpg,12745639612617313331,mango sooty mould
multiple leaf dataset/mango leaf/mango sooty mould/mango sooty mould (122).jpg,13177694819081819030,mango sooty mould
multiple leaf dataset/mango leaf/mango sooty mould/mango sooty mould (123).jpg,12532893356199101198,mango sooty mould
multiple leaf dataset/mango leaf/mango sooty mould/mango sooty mould (124).jpg,13766801414947168314,mango sooty mould
multiple leaf dataset/mango leaf/mango sooty mould/mango sooty mould (125).jpg,13765393919242986339,mango sooty mould
multiple leaf dataset/mango leaf/mango sooty mould/mango sooty mould (126).jpg,12330997141599137641,mango sooty mould
multiple leaf dataset/mango leaf/mango sooty mould/mango sooty mould (127).jpg,12334116750577289920,mango sooty mould
multiple leaf dataset/mango leaf/mango sooty mould/mango sooty mould (128).jpg,13049896687879217969,mango sooty mould
multiple leaf dataset/mango leaf/mango sooty mould/mango sooty mould (129).jpg,18037059080117231992,mango sooty mould
multiple leaf dataset/mango leaf/mango sooty mould/mango sooty mould (13).jpg,12737265852194737164,mango sooty mould
multiple leaf dataset/mango leaf/mango sooty mould/mango sooty mould (130).jpg,12252770342885049833,mango sooty mould
multiple leaf dataset/mango leaf/mango sooty mould/mango sooty mould (131).jpg,16950851230337142546,mango sooty mould
multiple leaf dataset/mango leaf/mango sooty mould/mango sooty mould (132).jpg,16711897882224138523,mango sooty mould
multiple leaf dataset/mango leaf/mango sooty mould/mango sooty mould (133).jpg,13035051842493073945,mango sooty mould
multiple leaf dataset/mango leaf/mango sooty mould/mango sooty mould (134).jpg,12531768022095409542,mango sooty mould
multiple leaf dataset/mango leaf/mango sooty mould/mango sooty mould (135).jpg,12306860681112134374,mango sooty mould
multiple leaf dataset/mango leaf/mango sooty mould/mango sooty mould (136).jpg,16683257768883690138,mango sooty mould
multiple leaf dataset/mango leaf/mango sooty mould/mango sooty mould (137).jpg,12529524012750181010,mango sooty mould
multiple leaf dataset/mango leaf/mango sooty mould/mango sooty mould (138).jpg,13683569649094071174,mango sooty mould
multiple leaf dataset/mango leaf/mango sooty mould/mango sooty mould (139).jpg,12531761422811608038,mango sooty mould
multiple leaf dataset/mango leaf/mango sooty mould/mango sooty mould (14).jpg,16487283068103203123,mango sooty mould
multiple leaf dataset/mango leaf/mango sooty mould/mango sooty mould (140).jpg,13745778386488434725,mango sooty mould
multiple leaf dataset/mango leaf/mango sooty mould/mango sooty mould (141).jpg,13798326120813647740,mango sooty mould
multiple leaf dataset/mango leaf/mango sooty mould/mango sooty mould (142).jpg,12626845153549558900,mango sooty mould
multiple leaf dataset/mango leaf/mango sooty mould/mango sooty mould (143).jpg,12746822703292664978,mango sooty mould
multiple leaf dataset/mango leaf/mango sooty mould/mango sooty mould (144).jpg,16903913038655306823,mango sooty mould
multiple leaf dataset/mango leaf/mango sooty mould/mango sooty mould (145).jpg,17200515002607137242,mango sooty mould
multiple leaf dataset/mango leaf/mango sooty mould/mango sooty mould (146).jpg,16903356759560086217,mango sooty mould
multiple leaf dataset/mango leaf/mango sooty mould/mango sooty mould (147).jpg,18317995392792857997,mango sooty mould
multiple leaf dataset/mango leaf/mango sooty mould/mango sooty mould (148).jpg,18317993193769651589,mango sooty mould
multiple leaf dataset/mango leaf/mango sooty mould/mango sooty mould (149).jpg,18317992165542300101,mango sooty mould
multiple leaf dataset/mango leaf/mango sooty mould/mango sooty mould (15).jpg,13177687672301912987,mango sooty mould
multiple leaf dataset/mango leaf/mango sooty mould/mango sooty mould (150).jpg,16916239112190268069,mango sooty mould
multiple leaf dataset/mango leaf/mango sooty mould/mango sooty mould (151).jpg,16772136989421381269,mango sooty mould
multiple leaf dataset/mango leaf/mango sooty mould/mango sooty mould (152).jpg,12388265548918820126,mango sooty mould
multiple leaf dataset/mango leaf/mango sooty mould/mango sooty mould (153).jpg,17924481954893510410,mango sooty mould
multiple leaf dataset/mango leaf/mango sooty mould/mango sooty mould (154).jpg,16774673433470604595,mango sooty mould
multiple leaf dataset/mango leaf/mango sooty mould/mango sooty mould (155).jpg,13826545217711911826,mango sooty mould
multiple leaf dataset/mango leaf/mango sooty mould/mango sooty mould (156).jpg,13601326710698251827,mango sooty mould
multiple leaf dataset/mango leaf/mango sooty mould/mango sooty mould (157).jpg,13035321223942773656,mango sooty mould
multiple leaf dataset/mango leaf/mango sooty mould/mango sooty mould (158).jpg,16902525381958727475,mango sooty mould
multiple leaf dataset/mango leaf/mango sooty mould/mango sooty mould (159).jpg,18390327893316011190,mango sooty mould
multiple leaf dataset/mango leaf/mango sooty mould/mango sooty mould (16).jpg,13826274310022980684,mango sooty mould
multiple leaf dataset/mango leaf/mango sooty mould/mango sooty mould (160).jpg,18030044286821404470,mango sooty mould
multiple leaf dataset/mango leaf/mango sooty mould/mango sooty mould (161).jpg,18415993350023701488,mango sooty mould
multiple leaf dataset/mango leaf/mango sooty mould/mango sooty mould (162).jpg,18368143386092384352,mango sooty mould
multiple leaf dataset/mango leaf/mango sooty mould/mango sooty mould (163).jpg,18294327079440627808,mango sooty mould
multiple leaf dataset/mango leaf/mango sooty mould/mango sooty mould (164).jpg,18431139925390946241,mango sooty mould
multiple leaf dataset/mango leaf/mango sooty mould/mango sooty mould (165).jpg,17278201486346708109,mango sooty mould
multiple leaf dataset/mango leaf/mango sooty mould/mango sooty mould (166).jpg,17251250119246508607,mango sooty mould
multiple leaf dataset/mango leaf/mango sooty mould/mango sooty mould (167).jpg,18332678021094879873,mango sooty mould
multiple leaf dataset/mango leaf/mango sooty mould/mango sooty mould (168).jpg,17553003589438326566,mango sooty mould
multiple leaf dataset/mango leaf/mango sooty mould/mango sooty mould (169).jpg,16566377295837236417,mango sooty mould
multiple leaf dataset/mango leaf/mango sooty mould/mango sooty mould (17).jpg,12666539105842092051,mango sooty mould
multiple leaf dataset/mango leaf/mango sooty mould/mango sooty mould (170).jpg,16999615284698067395,mango sooty mould
multiple leaf dataset/mango leaf/mango sooty mould/mango sooty mould (171).jpg,17161952598498029626,mango sooty mould
multiple leaf dataset/mango leaf/mango sooty mould/mango sooty mould (172).jpg,18067761978273473604,mango sooty mould
multiple leaf dataset/mango leaf/mango sooty mould/mango sooty mould (173).jpg,16748833791774104019,mango sooty mould
multiple leaf dataset/mango leaf/mango sooty mould/mango sooty mould (174).jpg,18428870681103967627,mango sooty mould
multiple leaf dataset/mango leaf/mango sooty mould/mango sooty mould (175).jpg,18401919833265025060,mango sooty mould
multiple leaf dataset/mango leaf/mango sooty mould/mango sooty mould (176).jpg,18428893776775882444,mango sooty mould
multiple leaf dataset/mango leaf/mango sooty mould/mango sooty mould (177).jpg,13590959764319683392,mango sooty mould
multiple leaf dataset/mango leaf/mango sooty mould/mango sooty mould (178).jpg,17048055002840715304,mango sooty mould
multiple leaf dataset/mango leaf/mango sooty mould/mango sooty mould (179).jpg,12734151918422138051,mango sooty mould
multiple leaf dataset/mango leaf/mango sooty mould/mango sooty mould (18).jpg,17886210635514075436,mango sooty mould
multiple leaf dataset/mango leaf/mango sooty mould/mango sooty mould (180).jpg,12749912207488990414,mango sooty mould
multiple leaf dataset/mango leaf/mango sooty mould/mango sooty mould (181).jpg,11810283970343147675,mango sooty mould
multiple leaf dataset/mango leaf/mango sooty mould/mango sooty mould (182).jpg,11651329777928968582,mango sooty mould
multiple leaf dataset/mango leaf/mango sooty mould/mango sooty mould (183).jpg,13167612374794964111,mango sooty mould
multiple leaf dataset/mango leaf/mango sooty mould/mango sooty mould (184).jpg,16631121182452849042,mango sooty mould
multiple leaf dataset/mango leaf/mango sooty mould/mango sooty mould (185).jpg,13488145439908677988,mango sooty mould
multiple leaf dataset/mango leaf/mango sooty mould/mango sooty mould (186).jpg,12255924516725108845,mango sooty mould
multiple leaf dataset/mango leaf/mango sooty mould/mango sooty mould (187).jpg,16993441527167440003,mango sooty mould
multiple leaf dataset/mango leaf/mango sooty mould/mango sooty mould (188).jpg,18344797802349247179,mango sooty mould
multiple leaf dataset/mango leaf/mango sooty mould/mango sooty mould (189).jpg,18417401309004444185,mango sooty mould
multiple leaf dataset/mango leaf/mango sooty mould/mango sooty mould (19).jpg,17921396636831731363,mango sooty mould
multiple leaf dataset/mango leaf/mango sooty mould/mango sooty mould (190).jpg,13792485050518731015,mango sooty mould
multiple leaf dataset/mango leaf/mango sooty mould/mango sooty mould (191).jpg,16918483648795296658,mango sooty mould
multiple leaf dataset/mango leaf/mango sooty mould/mango sooty mould (192).jpg,13682377837428263363,mango sooty mould
multiple leaf dataset/mango leaf/mango sooty mould/mango sooty mould (193).jpg,12885796673800669896,mango sooty mould
multiple leaf dataset/mango leaf/mango sooty mould/mango sooty mould (194).jpg,13026550648587424755,mango sooty mould
multiple leaf dataset/mango leaf/mango sooty mould/mango sooty mould (195).jpg,16847848116189341350,mango sooty mould
multiple leaf dataset/mango leaf/mango sooty mould/mango sooty mould (196).jpg,13026549826101408643,mango sooty mould
multiple leaf dataset/mango leaf/mango sooty mould/mango sooty mould (197).jpg,13254324883439382150,mango sooty mould
multiple leaf dataset/mango leaf/mango sooty mould/mango sooty mould (198).jpg,12304563388694285401,mango sooty mould
multiple leaf dataset/mango leaf/mango sooty mould/mango sooty mould (199).jpg,12531426721322914503,mango sooty mould
multiple leaf dataset/mango leaf/mango sooty mould/mango sooty mould (2).jpg,12746833681129391713,mango sooty mould
multiple leaf dataset/mango leaf/mango sooty mould/mango sooty mould (20).jpg,17167604957637524814,mango sooty mould
multiple leaf dataset/mango leaf/mango sooty mould/mango sooty mould (200).jpg,12219814762115425267,mango sooty mould
multiple leaf dataset/mango leaf/mango sooty mould/mango sooty mould (201).jpg,13013955869573695144,mango sooty mould
multiple leaf dataset/mango leaf/mango sooty mould/mango sooty mould (202).jpg,13590682669133726503,mango sooty mould
multiple leaf dataset/mango leaf/mango sooty mould/mango sooty mould (203).jpg,12519099672004761928,mango sooty mould
multiple leaf dataset/mango leaf/mango sooty mould/mango sooty mould (204).jpg,18332044868065982576,mango sooty mould
multiple leaf dataset/mango leaf/mango sooty mould/mango sooty mould (205).jpg,16984363144744597264,mango sooty mould
multiple leaf dataset/mango leaf/mango sooty mould/mango sooty mould (206).jpg,17272870594151276656,mango sooty mould
multiple leaf dataset/mango leaf/mango sooty mould/mango sooty mould (207).jpg,16399460400411286169,mango sooty mould
multiple leaf dataset/mango leaf/mango sooty mould/mango sooty mould (208).jpg,17051918318322751890,mango sooty mould
multiple leaf dataset/mango leaf/mango sooty mould/mango sooty mould (209).jpg,17431626030399114860,mango sooty mould
multiple leaf dataset/mango leaf/mango sooty mould/mango sooty mould (21).jpg,17181092667158661244,mango sooty mould
multiple leaf dataset/mango leaf/mango sooty mould/mango sooty mould (22).jpg,16741436287338504535,mango sooty mould
multiple leaf dataset/mango leaf/mango sooty mould/mango sooty mould (23).jpg,18321066730868727863,mango sooty mould
multiple leaf dataset/mango leaf/mango sooty mould/mango sooty mould (24).jpg,17924756960580952725,mango sooty mould
multiple leaf dataset/mango leaf/mango sooty mould/mango sooty mould (25).jpg,17554077397149305785,mango sooty mould
multiple leaf dataset/mango leaf/mango sooty mould/mango sooty mould (26).jpg,17917438386774722456,mango sooty mould
multiple leaf dataset/mango leaf/mango sooty mould/mango sooty mould (27).jpg,18349214378301941232,mango sooty mould
multiple leaf dataset/mango leaf/mango sooty mould/mango sooty mould (28).jpg,17178582309996276589,mango sooty mould
multiple leaf dataset/mango leaf/mango sooty mould/mango sooty mould (29).jpg,16984653431493920395,mango sooty mould
multiple leaf dataset/mango leaf/mango sooty mould/mango sooty mould (3).jpg,17625551711545353459,mango sooty mould
multiple leaf dataset/mango leaf/mango sooty mould/mango sooty mould (30).jpg,16403689095440288917,mango sooty mould
multiple leaf dataset/mango leaf/mango sooty mould/mango sooty mould (31).jpg,13529024575675876047,mango sooty mould
multiple leaf dataset/mango leaf/mango sooty mould/mango sooty mould (32).jpg,16973087440584807987,mango sooty mould
multiple leaf dataset/mango leaf/mango sooty mould/mango sooty mould (33).jpg,16684878617340202547,mango sooty mould
multiple leaf dataset/mango leaf/mango sooty mould/mango sooty mould (34).jpg,12738320739304328292,mango sooty mould
multiple leaf dataset/mango leaf/mango sooty mould/mango sooty mould (35).jpg,13107108913476113212,mango sooty mould
multiple leaf dataset/mango leaf/mango sooty mould/mango sooty mould (36).jpg,16850718994521753702,mango sooty mould
multiple leaf dataset/mango leaf/mango sooty mould/mango sooty mould (37).jpg,17924783608194828066,mango sooty mould
multiple leaf dataset/mango leaf/mango sooty mould/mango sooty mould (38).jpg,13035052949087394567,mango sooty mould
multiple leaf dataset/mango leaf/mango sooty mould/mango sooty mould (39).jpg,12640129288916473638,mango sooty mould
multiple leaf dataset/mango leaf/mango sooty mould/mango sooty mould (4).jpg,17625626348672565990,mango sooty mould
multiple leaf dataset/mango leaf/mango sooty mould/mango sooty mould (40).jpg,12676155886928986982,mango sooty mould
multiple leaf dataset/mango leaf/mango sooty mould/mango sooty mould (41).jpg,12595109746814108741,mango sooty mould
multiple leaf dataset/mango leaf/mango sooty mould/mango sooty mould (42).jpg,12738096877001611569,mango sooty mould
multiple leaf dataset/mango leaf/mango sooty mould/mango sooty mould (43).jpg,12747385525461619095,mango sooty mould
multiple leaf dataset/mango leaf/mango sooty mould/mango sooty mould (44).jpg,13754769645805593444,mango sooty mould
multiple leaf dataset/mango leaf/mango sooty mould/mango sooty mould (45).jpg,13708044151564231740,mango sooty mould
multiple leaf dataset/mango leaf/mango sooty mould/mango sooty mould (46).jpg,12266851631548112076,mango sooty mould
multiple leaf dataset/mango leaf/mango sooty mould/mango sooty mould (47).jpg,17815053634251721509,mango sooty mould
multiple leaf dataset/mango leaf/mango sooty mould/mango sooty mould (48).jpg,17897523304263850003,mango sooty mould
multiple leaf dataset/mango leaf/mango sooty mould/mango sooty mould (49).jpg,18384679788018861429,mango sooty mould
multiple leaf dataset/mango leaf/mango sooty mould/mango sooty mould (5).jpg,17841799123269871297,mango sooty mould
multiple leaf dataset/mango leaf/mango sooty mould/mango sooty mould (50).jpg,17200815743268611186,mango sooty mould
multiple leaf dataset/mango leaf/mango sooty mould/mango sooty mould (51).jpg,12287461895723572775,mango sooty mould
multiple leaf dataset/mango leaf/mango sooty mould/mango sooty mould (52).jpg,16343172385172800921,mango sooty mould
multiple leaf dataset/mango leaf/mango sooty mould/mango sooty mould (53).jpg,12529438707911615372,mango sooty mould
multiple leaf dataset/mango leaf/mango sooty mould/mango sooty mould (54).jpg,17135241873396393548,mango sooty mould
multiple leaf dataset/mango leaf/mango sooty mould/mango sooty mould (55).jpg,17062619677334462799,mango sooty mould
multiple leaf dataset/mango leaf/mango sooty mould/mango sooty mould (56).jpg,16559059293263046201,mango sooty mould
multiple leaf dataset/mango leaf/mango sooty mould/mango sooty mould (57).jpg,16551459594556458564,mango sooty mould
multiple leaf dataset/mango leaf/mango sooty mould/mango sooty mould (58).jpg,17553232884901792902,mango sooty mould
multiple leaf dataset/mango leaf/mango sooty mould/mango sooty mould (59).jpg,16731038961790379859,mango sooty mould
multiple leaf dataset/mango leaf/mango sooty mould/mango sooty mould (6).jpg,18029177919283974240,mango sooty mould
multiple leaf dataset/mango leaf/mango sooty mould/mango sooty mould (60).jpg,16878512573806110064,mango sooty mould
multiple leaf dataset/mango leaf/mango sooty mould/mango sooty mould (61).jpg,18123757582639243156,mango sooty mould
multiple leaf dataset/mango leaf/mango sooty mould/mango sooty mould (62).jpg,16878811640958363957,mango sooty mould
multiple leaf dataset/mango leaf/mango sooty mould/mango sooty mould (63).jpg,16975632984359925150,mango sooty mould
multiple leaf dataset/mango leaf/mango sooty mould/mango sooty mould (64).jpg,17229594460952101353,mango sooty mould
multiple leaf dataset/mango leaf/mango sooty mould/mango sooty mould (65).jpg,18195532590365056867,mango sooty mould
multiple leaf dataset/mango leaf/mango sooty mould/mango sooty mould (66).jpg,18338800062859069341,mango sooty mould
multiple leaf dataset/mango leaf/mango sooty mould/mango sooty mould (67).jpg,18387212942900686128,mango sooty mould
multiple leaf dataset/mango leaf/mango sooty mould/mango sooty mould (68).jpg,18330074200169080965,mango sooty mould
multiple leaf dataset/mango leaf/mango sooty mould/mango sooty mould (69).jpg,13807333226911752408,mango sooty mould
multiple leaf dataset/mango leaf/mango sooty mould/mango sooty mould (7).jpg,17048856956970945098,mango sooty mould
multiple leaf dataset/mango leaf/mango sooty mould/mango sooty mould (70).jpg,12559090299805180646,mango sooty mould
multiple leaf dataset/mango leaf/mango sooty mould/mango sooty mould (71).jpg,13249805160491303452,mango sooty mould
multiple leaf dataset/mango leaf/mango sooty mould/mango sooty mould (72).jpg,16277010385433314972,mango sooty mould
multiple leaf dataset/mango leaf/mango sooty mould/mango sooty mould (73).jpg,12268603342813560139,mango sooty mould
multiple leaf dataset/mango leaf/mango sooty mould/mango sooty mould (74).jpg,12291969396784473115,mango sooty mould
multiple leaf dataset/mango leaf/mango sooty mould/mango sooty mould (75).jpg,12262604087597685407,mango sooty mould
multiple leaf dataset/mango leaf/mango sooty mould/mango sooty mould (76).jpg,12377813895926855114,mango sooty mould
multiple leaf dataset/mango leaf/mango sooty mould/mango sooty mould (77).jpg,12292246883429133268,mango sooty mould
multiple leaf dataset/mango leaf/mango sooty mould/mango sooty mould (78).jpg,12256130055827055037,mango sooty mould
multiple leaf dataset/mango leaf/mango sooty mould/mango sooty mould (79).jpg,12327641269972332702,mango sooty mould
multiple leaf dataset/mango leaf/mango sooty mould/mango sooty mould (8).jpg,16418607643769671972,mango sooty mould
multiple leaf dataset/mango leaf/mango sooty mould/mango sooty mould (80).jpg,12285701791232951688,mango sooty mould
multiple leaf dataset/mango leaf/mango sooty mould/mango sooty mould (81).jpg,12292000459680235829,mango sooty mould
multiple leaf dataset/mango leaf/mango sooty mould/mango sooty mould (82).jpg,12377252025645508442,mango sooty mould
multiple leaf dataset/mango leaf/mango sooty mould/mango sooty mould (83).jpg,12275638500322324266,mango sooty mould
multiple leaf dataset/mango leaf/mango sooty mould/mango sooty mould (84).jpg,12326515451592011230,mango sooty mould
multiple leaf dataset/mango leaf/mango sooty mould/mango sooty mould (85).jpg,13446849532173361993,mango sooty mould
multiple leaf dataset/mango leaf/mango sooty mould/mango sooty mould (86).jpg,11759347698473128685,mango sooty mould
multiple leaf dataset/mango leaf/mango sooty mould/mango sooty mould (87).jpg,12266851346683191641,mango sooty mould
multiple leaf dataset/mango leaf/mango sooty mould/mango sooty mould (88).jpg,12221870433569939785,mango sooty mould
multiple leaf dataset/mango leaf/mango sooty mould/mango sooty mould (89).jpg,13646126007732586574,mango sooty mould
multiple leaf dataset/mango leaf/mango sooty mould/mango sooty mould (9).jpg,16901900093308965443,mango sooty mould
multiple leaf dataset/mango leaf/mango sooty mould/mango sooty mould (90).jpg,17625052413205777614,mango sooty mould
multiple leaf dataset/mango leaf/mango sooty mould/mango sooty mould (91).jpg,11668209467255264153,mango sooty mould
multiple leaf dataset/mango leaf/mango sooty mould/mango sooty mould (92).jpg,12279839091263379763,mango sooty mould
multiple leaf dataset/mango leaf/mango sooty mould/mango sooty mould (93).jpg,13035052959184552729,mango sooty mould
multiple leaf dataset/mango leaf/mango sooty mould/mango sooty mould (94).jpg,12279850116963144627,mango sooty mould
multiple leaf dataset/mango leaf/mango sooty mould/mango sooty mould (95).jpg,16687550322601237019,mango sooty mould
multiple leaf dataset/mango leaf/mango sooty mould/mango sooty mould (96).jpg,12306871714920002198,mango sooty mould
multiple leaf dataset/mango leaf/mango sooty mould/mango sooty mould (97).jpg,12279861070592636013,mango sooty mould
multiple leaf dataset/mango leaf/mango sooty mould/mango sooty mould (98).jpg,12267688571688242503,mango sooty mould
multiple leaf dataset/mango leaf/mango sooty mould/mango sooty mould (99).jpg,16242397420294949283,mango sooty mould
multiple leaf dataset/tomato leaf/tomato bacterial spot/tomato bacterial spot (1).jpg,16612803980169537085,tomato bacterial spot
multiple leaf dataset/tomato leaf/tomato bacterial spot/tomato bacterial spot (10).jpg,16619576318850866067,tomato bacterial spot
multiple leaf dataset/tomato leaf/tomato bacterial spot/tomato bacterial spot (100).jpg,16583617880392309555,tomato bacterial spot
multiple leaf dataset/tomato leaf/tomato bacterial spot/tomato bacterial spot (101).jpg,16620196433216772403,tomato bacterial spot
multiple leaf dataset/tomato leaf/tomato bacterial spot/tomato bacterial spot (102).jpg,12873201491813980465,tomato bacterial spot
multiple leaf dataset/tomato leaf/tomato bacterial spot/tomato bacterial spot (103).jpg,12873201543222866726,tomato bacterial spot
multiple leaf dataset/tomato leaf/tomato bacterial spot/tomato bacterial spot (104).jpg,12873201543255893646,tomato bacterial spot
multiple leaf dataset/tomato leaf/tomato bacterial spot/tomato bacterial spot (105).jpg,16621899688391878284,tomato bacterial spot
multiple leaf dataset/tomato leaf/tomato bacterial spot/tomato bacterial spot (106).jpg,16685229905462193289,tomato bacterial spot
multiple leaf dataset/tomato leaf/tomato bacterial spot/tomato bacterial spot (107).jpg,16547857368485225831,tomato bacterial spot
multiple leaf dataset/tomato leaf/tomato bacterial spot/tomato bacterial spot (108).jpg,16223601498141255011,tomato bacterial spot
multiple leaf dataset/tomato leaf/tomato bacterial spot/tomato bacterial spot (109).jpg,12695875839992818785,tomato bacterial spot
multiple leaf dataset/tomato leaf/tomato bacterial spot/tomato bacterial spot (11).jpg,16549770488676391526,tomato bacterial spot
multiple leaf dataset/tomato leaf/tomato bacterial spot/tomato bacterial spot (110).jpg,12695875566191275113,tomato bacterial spot
multiple leaf dataset/tomato leaf/tomato bacterial spot/tomato bacterial spot (111).jpg,12768226777011416076,tomato bacterial spot
multiple leaf dataset/tomato leaf/tomato bacterial spot/tomato bacterial spot (112).jpg,16407683045673546601,tomato bacterial spot
multiple leaf dataset/tomato leaf/tomato bacterial spot/tomato bacterial spot (113).jpg,16547872762570720804,tomato bacterial spot
multiple leaf dataset/tomato leaf/tomato bacterial spot/tomato bacterial spot (114).jpg,16474689285803028710,tomato bacterial spot
multiple leaf dataset/tomato leaf/tomato bacterial spot/tomato bacterial spot (115).jpg,16478911615605421670,tomato bacterial spot
multiple leaf dataset/tomato leaf/tomato bacterial spot/tomato bacterial spot (116).jpg,16478912716039796326,tomato bacterial spot
multiple leaf dataset/tomato leaf/tomato bacterial spot/tomato bacterial spot (117).jpg,16469905521096275651,tomato bacterial spot
multiple leaf dataset/tomato leaf/tomato bacterial spot/tomato bacterial spot (118).jpg,16472421168250894027,tomato bacterial spot
multiple leaf dataset/tomato leaf/tomato bacterial spot/tomato bacterial spot (119).jpg,16623309379108614195,tomato bacterial spot
multiple leaf dataset/tomato leaf/tomato bacterial spot/tomato bacterial spot (12).jpg,16620196428899651378,tomato bacterial spot
multiple leaf dataset/tomato leaf/tomato bacterial spot/tomato bacterial spot (120).jpg,16691355722391047268,tomato bacterial spot
multiple leaf dataset/tomato leaf/tomato bacterial spot/tomato bacterial spot (121).jpg,16623872045184797734,tomato bacterial spot
multiple leaf dataset/tomato leaf/tomato bacterial spot/tomato bacterial spot (122).jpg,16623869846698419238,tomato bacterial spot
multiple leaf dataset/tomato leaf/tomato bacterial spot/tomato bacterial spot (123).jpg,16619087026364966054,tomato bacterial spot
multiple leaf dataset/tomato leaf/tomato bacterial spot/tomato bacterial spot (124).jpg,16620210736375334537,tomato bacterial spot
multiple leaf dataset/tomato leaf/tomato bacterial spot/tomato bacterial spot (125).jpg,16619647751119525481,tomato bacterial spot
multiple leaf dataset/tomato leaf/tomato bacterial spot/tomato bacterial spot (126).jpg,16612821983803827812,tomato bacterial spot
multiple leaf dataset/tomato leaf/tomato bacterial spot/tomato bacterial spot (127).jpg,16621829183075345956,tomato bacterial spot
multiple leaf dataset/tomato leaf/tomato bacterial spot/tomato bacterial spot (128).jpg,16619646685996149094,tomato bacterial spot
multiple leaf dataset/tomato leaf/tomato bacterial spot/tomato bacterial spot (129).jpg,16404023651114699059,tomato bacterial spot
multiple leaf dataset/tomato leaf/tomato bacterial spot/tomato bacterial spot (13).jpg,16547855168921783246,tomato bacterial spot
multiple leaf dataset/tomato leaf/tomato bacterial spot/tomato bacterial spot (130).jpg,16692254027259603235,tomato bacterial spot
multiple leaf dataset/tomato leaf/tomato bacterial spot/tomato bacterial spot (131).jpg,16404023651107892518,tomato bacterial spot
multiple leaf dataset/tomato leaf/tomato bacterial spot/tomato bacterial spot (132).jpg,16691704280889713446,tomato bacterial spot
multiple leaf dataset/tomato leaf/tomato bacterial spot/tomato bacterial spot (133).jpg,16549840858284583206,tomato bacterial spot
multiple leaf dataset/tomato leaf/tomato bacterial spot/tomato bacterial spot (134).jpg,16549840857414256998,tomato bacterial spot
multiple leaf dataset/tomato leaf/tomato bacterial spot/tomato bacterial spot (135).jpg,16547591286688009513,tomato bacterial spot
multiple leaf dataset/tomato leaf/tomato bacterial spot/tomato bacterial spot (136).jpg,16547591286688271652,tomato bacterial spot
multiple leaf dataset/tomato leaf/tomato bacterial spot/tomato bacterial spot (137).jpg,16476378109762309684,tomato bacterial spot
multiple leaf dataset/tomato leaf/tomato bacterial spot/tomato bacterial spot (138).jpg,16476378109762324020,tomato bacterial spot
multiple leaf dataset/tomato leaf/tomato bacterial spot/tomato bacterial spot (139).jpg,17540545226034721494,tomato bacterial spot
multiple leaf dataset/tomato leaf/tomato bacterial spot/tomato bacterial spot (14).jpg,16475521874491107779,tomato bacterial spot
multiple leaf dataset/tomato leaf/tomato bacterial spot/tomato bacterial spot (140).jpg,17541108201766335170,tomato bacterial spot
multiple leaf dataset/tomato leaf/tomato bacterial spot/tomato bacterial spot (141).jpg,16379198433484022993,tomato bacterial spot
multiple leaf dataset/tomato leaf/tomato bacterial spot/tomato bacterial spot (142).jpg,17395024062301418196,tomato bacterial spot
multiple leaf dataset/tomato leaf/tomato bacterial spot/tomato bacterial spot (143).jpg,17321916314395882182,tomato bacterial spot
multiple leaf dataset/tomato leaf/tomato bacterial spot/tomato bacterial spot (144).jpg,17321911916353630660,tomato bacterial spot
multiple leaf dataset/tomato leaf/tomato bacterial spot/tomato bacterial spot (145).jpg,17753967214878865743,tomato bacterial spot
multiple leaf dataset/tomato leaf/tomato bacterial spot/tomato bacterial spot (146).jpg,13146783151408552206,tomato bacterial spot
multiple leaf dataset/tomato leaf/tomato bacterial spot/tomato bacterial spot (147).jpg,17755091452952080436,tomato bacterial spot
multiple leaf dataset/tomato leaf/tomato bacterial spot/tomato bacterial spot (148).jpg,17759595215784357940,tomato bacterial spot
multiple leaf dataset/tomato leaf/tomato bacterial spot/tomato bacterial spot (149).jpg,12001205921937515673,tomato bacterial spot
multiple leaf dataset/tomato leaf/tomato bacterial spot/tomato bacterial spot (15).jpg,16475447106055555046,tomato bacterial spot
multiple leaf dataset/tomato leaf/tomato bacterial spot/tomato bacterial spot (150).jpg,12001135553059186380,tomato bacterial spot
multiple leaf dataset/tomato leaf/tomato bacterial spot/tomato bacterial spot (151).jpg,16612891940230751876,tomato bacterial spot
multiple leaf dataset/tomato leaf/tomato bacterial spot/tomato bacterial spot (152).jpg,16506429775664670611,tomato bacterial spot
multiple leaf dataset/tomato leaf/tomato bacterial spot/tomato bacterial spot (153).jpg,16506483651734049740,tomato bacterial spot
multiple leaf dataset/tomato leaf/tomato bacterial spot/tomato bacterial spot (154).jpg,16454692221659550661,tomato bacterial spot
multiple leaf dataset/tomato leaf/tomato bacterial spot/tomato bacterial spot (155).jpg,17607895201243083588,tomato bacterial spot
multiple leaf dataset/tomato leaf/tomato bacterial spot/tomato bacterial spot (156).jpg,16598525934775472964,tomato bacterial spot
multiple leaf dataset/tomato leaf/tomato bacterial spot/tomato bacterial spot (157).jpg,16598524846001238308,tomato bacterial spot
multiple leaf dataset/tomato leaf/tomato bacterial spot/tomato bacterial spot (158).jpg,16598524845997044006,tomato bacterial spot
multiple leaf dataset/tomato leaf/tomato bacterial spot/tomato bacterial spot (159).jpg,17751446345223655698,tomato bacterial spot
multiple leaf dataset/tomato leaf/tomato bacterial spot/tomato bacterial spot (16).jpg,16616199271338108057,tomato bacterial spot
multiple leaf dataset/tomato leaf/tomato bacterial spot/tomato bacterial spot (160).jpg,17499174388215564739,tomato bacterial spot
multiple leaf dataset/tomato leaf/tomato bacterial spot/tomato bacterial spot (161).jpg,17567573907134957777,tomato bacterial spot
multiple leaf dataset/tomato leaf/tomato bacterial spot/tomato bacterial spot (162).jpg,17567573915993313491,tomato bacterial spot
multiple leaf dataset/tomato leaf/tomato bacterial spot/tomato bacterial spot (163).jpg,17531559412625519315,tomato bacterial spot
multiple leaf dataset/tomato leaf/tomato bacterial spot/tomato bacterial spot (164).jpg,16387641313747739347,tomato bacterial spot
multiple leaf dataset/tomato leaf/tomato bacterial spot/tomato bacterial spot (165).jpg,16827583703234169909,tomato bacterial spot
multiple leaf dataset/tomato leaf/tomato bacterial spot/tomato bacterial spot (166).jpg,16675027004533990924,tomato bacterial spot
multiple leaf dataset/tomato leaf/tomato bacterial spot/tomato bacterial spot (167).jpg,16387366027841466976,tomato bacterial spot
multiple leaf dataset/tomato leaf/tomato bacterial spot/tomato bacterial spot (168).jpg,16385114228027716449,tomato bacterial spot
multiple leaf dataset/tomato leaf/tomato bacterial spot/tomato bacterial spot (169).jpg,16385958654492947301,tomato bacterial spot
multiple leaf dataset/tomato leaf/tomato bacterial spot/tomato bacterial spot (17).jpg,17126516009975067172,tomato bacterial spot
multiple leaf dataset/tomato leaf/tomato bacterial spot/tomato bacterial spot (170).jpg,16385956442585835365,tomato bacterial spot
multiple leaf dataset/tomato leaf/tomato bacterial spot/tomato bacterial spot (171).jpg,16386231624890459429,tomato bacterial spot
multiple leaf dataset/tomato leaf/tomato bacterial spot/tomato bacterial spot (172).jpg,16241843277425747834,tomato bacterial spot
multiple leaf dataset/tomato leaf/tomato bacterial spot/tomato bacterial spot (173).jpg,16246619968254011250,tomato bacterial spot
multiple leaf dataset/tomato leaf/tomato bacterial spot/tomato bacterial spot (174).jpg,16246620517740865402,tomato bacterial spot
multiple leaf dataset/tomato leaf/tomato bacterial spot/tomato bacterial spot (175).jpg,16246619422524204922,tomato bacterial spot
multiple leaf dataset/tomato leaf/tomato bacterial spot/tomato bacterial spot (176).jpg,16245212047659001459,tomato bacterial spot
multiple leaf dataset/tomato leaf/tomato bacterial spot/tomato bacterial spot (177).jpg,16227207020499723363,tomato bacterial spot
multiple leaf dataset/tomato leaf/tomato bacterial spot/tomato bacterial spot (178).jpg,16659828937149918617,tomato bacterial spot
multiple leaf dataset/tomato leaf/tomato bacterial spot/tomato bacterial spot (179).jpg,16601557020991972507,tomato bacterial spot
multiple leaf dataset/tomato leaf/tomato bacterial spot/tomato bacterial spot (18).jpg,16841933355053754787,tomato bacterial spot
multiple leaf dataset/tomato leaf/tomato bacterial spot/tomato bacterial spot (180).jpg,17036433104938552475,tomato bacterial spot
multiple leaf dataset/tomato leaf/tomato bacterial spot/tomato bacterial spot (181).jpg,16882747222982618774,tomato bacterial spot
multiple leaf dataset/tomato leaf/tomato bacterial spot/tomato bacterial spot (182).jpg,14597210295205827147,tomato bacterial spot
multiple leaf dataset/tomato leaf/tomato bacterial spot/tomato bacterial spot (183).jpg,16567843835172565657,tomato bacterial spot
multiple leaf dataset/tomato leaf/tomato bacterial spot/tomato bacterial spot (184).jpg,16568068694292440729,tomato bacterial spot
multiple leaf dataset/tomato leaf/tomato bacterial spot/tomato bacterial spot (185).jpg,16280398948811904676,tomato bacterial spot
multiple leaf dataset/tomato leaf/tomato bacterial spot/tomato bacterial spot (186).jpg,16279273186344003145,tomato bacterial spot
multiple leaf dataset/tomato leaf/tomato bacterial spot/tomato bacterial spot (187).jpg,16279277446750614115,tomato bacterial spot
multiple leaf dataset/tomato leaf/tomato bacterial spot/tomato bacterial spot (188).jpg,16315306235183977059,tomato bacterial spot
multiple leaf dataset/tomato leaf/tomato bacterial spot/tomato bacterial spot (189).jpg,16224673505831569461,tomato bacterial spot
multiple leaf dataset/tomato leaf/tomato bacterial spot/tomato bacterial spot (19).jpg,16904988689042000234,tomato bacterial spot
multiple leaf dataset/tomato leaf/tomato bacterial spot/tomato bacterial spot (190).jpg,16829835503315864260,tomato bacterial spot
multiple leaf dataset/tomato leaf/tomato bacterial spot/tomato bacterial spot (191).jpg,16280394696408376172,tomato bacterial spot
multiple leaf dataset/tomato leaf/tomato bacterial spot/tomato bacterial spot (192).jpg,16854605298667839854,tomato bacterial spot
multiple leaf dataset/tomato leaf/tomato bacterial spot/tomato bacterial spot (193).jpg,11940945622470647921,tomato bacterial spot
multiple leaf dataset/tomato leaf/tomato bacterial spot/tomato bacterial spot (194).jpg,11906623250251009833,tomato bacterial spot
multiple leaf dataset/tomato leaf/tomato bacterial spot/tomato bacterial spot (195).jpg,12987417890634911629,tomato bacterial spot
multiple leaf dataset/tomato leaf/tomato bacterial spot/tomato bacterial spot (196).jpg,11834505185895959853,tomato bacterial spot
multiple leaf dataset/tomato leaf/tomato bacterial spot/tomato bacterial spot (197).jpg,12987425603875095759,tomato bacterial spot
multiple leaf dataset/tomato leaf/tomato bacterial spot/tomato bacterial spot (198).jpg,16481097417274713777,tomato bacterial spot
multiple leaf dataset/tomato leaf/tomato bacterial spot/tomato bacterial spot (199).jpg,16445064222218151559,tomato bacterial spot
multiple leaf dataset/tomato leaf/tomato bacterial spot/tomato bacterial spot (2).jpg,17765800111989008076,tomato bacterial spot
multiple leaf dataset/tomato leaf/tomato bacterial spot/tomato bacterial spot (20).jpg,11866645476894785168,tomato bacterial spot
multiple leaf dataset/tomato leaf/tomato bacterial spot/tomato bacterial spot (200).jpg,16229172910786110924,tomato bacterial spot
multiple leaf dataset/tomato leaf/tomato bacterial spot/tomato bacterial spot (201).jpg,16226921149618758862,tomato bacterial spot
multiple leaf dataset/tomato leaf/tomato bacterial spot/tomato bacterial spot (202).jpg,16226920599871333582,tomato bacterial spot
multiple leaf dataset/tomato leaf/tomato bacterial spot/tomato bacterial spot (203).jpg,16612823079892274540,tomato bacterial spot
multiple leaf dataset/tomato leaf/tomato bacterial spot/tomato bacterial spot (204).jpg,16684027606217410957,tomato bacterial spot
multiple leaf dataset/tomato leaf/tomato bacterial spot/tomato bacterial spot (205).jpg,16401148205248973235,tomato bacterial spot
multiple leaf dataset/tomato leaf/tomato bacterial spot/tomato bacterial spot (206).jpg,18005887872410589410,tomato bacterial spot
multiple leaf dataset/tomato leaf/tomato bacterial spot/tomato bacterial spot (207).jpg,17403765156549846924,tomato bacterial spot
multiple leaf dataset/tomato leaf/tomato bacterial spot/tomato bacterial spot (208).jpg,16835518215706194788,tomato bacterial spot
multiple leaf dataset/tomato leaf/tomato bacterial spot/tomato bacterial spot (209).jpg,16472357865922522521,tomato bacterial spot
multiple leaf dataset/tomato leaf/tomato bacterial spot/tomato bacterial spot (21).jpg,16396652079383230108,tomato bacterial spot
multiple leaf dataset/tomato leaf/tomato bacterial spot/tomato bacterial spot (210).jpg,16472921030623795603,tomato bacterial spot
multiple leaf dataset/tomato leaf/tomato bacterial spot/tomato bacterial spot (211).jpg,16684878014608475289,tomato bacterial spot
multiple leaf dataset/tomato leaf/tomato bacterial spot/tomato bacterial spot (212).jpg,11641409708198397660,tomato bacterial spot
multiple leaf dataset/tomato leaf/tomato bacterial spot/tomato bacterial spot (213).jpg,16271110124061464265,tomato bacterial spot
multiple leaf dataset/tomato leaf/tomato bacterial spot/tomato bacterial spot (214).jpg,11659424097593888473,tomato bacterial spot
multiple leaf dataset/tomato leaf/tomato bacterial spot/tomato bacterial spot (215).jpg,16415220633387017677,tomato bacterial spot
multiple leaf dataset/tomato leaf/tomato bacterial spot/tomato bacterial spot (216).jpg,16271105445325907436,tomato bacterial spot
multiple leaf dataset/tomato leaf/tomato bacterial spot/tomato bacterial spot (217).jpg,16470454820764828569,tomato bacterial spot
multiple leaf dataset/tomato leaf/tomato bacterial spot/tomato bacterial spot (218).jpg,17631761658844046387,tomato bacterial spot
multiple leaf dataset/tomato leaf/tomato bacterial spot/tomato bacterial spot (219).jpg,16616532644001649509,tomato bacterial spot
multiple leaf dataset/tomato leaf/tomato bacterial spot/tomato bacterial spot (22).jpg,17403473120281342898,tomato bacterial spot
multiple leaf dataset/tomato leaf/tomato bacterial spot/tomato bacterial spot (220).jpg,16616483178808756534,tomato bacterial spot
multiple leaf dataset/tomato leaf/tomato bacterial spot/tomato bacterial spot (221).jpg,16568066362125816588,tomato bacterial spot
multiple leaf dataset/tomato leaf/tomato bacterial spot/tomato bacterial spot (222).jpg,17628722374293664550,tomato bacterial spot
multiple leaf dataset/tomato leaf/tomato bacterial spot/tomato bacterial spot (223).jpg,16188694164365206382,tomato bacterial spot
multiple leaf dataset/tomato leaf/tomato bacterial spot/tomato bacterial spot (224).jpg,16191460476381189669,tomato bacterial spot
multiple leaf dataset/tomato leaf/tomato bacterial spot/tomato bacterial spot (225).jpg,17336826011774773704,tomato bacterial spot
multiple leaf dataset/tomato leaf/tomato bacterial spot/tomato bacterial spot (226).jpg,17343532371970147943,tomato bacterial spot
multiple leaf dataset/tomato leaf/tomato bacterial spot/tomato bacterial spot (227).jpg,16695575872631785097,tomato bacterial spot
multiple leaf dataset/tomato leaf/tomato bacterial spot/tomato bacterial spot (228).jpg,16481935021029562764,tomato bacterial spot
multiple leaf dataset/tomato leaf/tomato bacterial spot/tomato bacterial spot (229).jpg,13592078215152153223,tomato bacterial spot
multiple leaf dataset/tomato leaf/tomato bacterial spot/tomato bacterial spot (23).jpg,17330360698623201644,tomato bacterial spot
multiple leaf dataset/tomato leaf/tomato bacterial spot/tomato bacterial spot (230).jpg,13815003805669014329,tomato bacterial spot
multiple leaf dataset/tomato leaf/tomato bacterial spot/tomato bacterial spot (231).jpg,13239397357743138610,tomato bacterial spot
multiple leaf dataset/tomato leaf/tomato bacterial spot/tomato bacterial spot (232).jpg,17553285763580703628,tomato bacterial spot
multiple leaf dataset/tomato leaf/tomato bacterial spot/tomato bacterial spot (233).jpg,16623799753583987849,tomato bacterial spot
multiple leaf dataset/tomato leaf/tomato bacterial spot/tomato bacterial spot (234).jpg,17556383306963340390,tomato bacterial spot
multiple leaf dataset/tomato leaf/tomato bacterial spot/tomato bacterial spot (235).jpg,17556948456014620748,tomato bacterial spot
multiple leaf dataset/tomato leaf/tomato bacterial spot/tomato bacterial spot (236).jpg,17340775672131629511,tomato bacterial spot
multiple leaf dataset/tomato leaf/tomato bacterial spot/tomato bacterial spot (237).jpg,16260192133582238310,tomato bacterial spot
multiple leaf dataset/tomato leaf/tomato bacterial spot/tomato bacterial spot (238).jpg,17632652256358482034,tomato bacterial spot
multiple leaf dataset/tomato leaf/tomato bacterial spot/tomato bacterial spot (239).jpg,16550099289445065486,tomato bacterial spot
multiple leaf dataset/tomato leaf/tomato bacterial spot/tomato bacterial spot (24).jpg,17338523627028703644,tomato bacterial spot
multiple leaf dataset/tomato leaf/tomato bacterial spot/tomato bacterial spot (240).jpg,16550098139041325191,tomato bacterial spot
multiple leaf dataset/tomato leaf/tomato bacterial spot/tomato bacterial spot (241).jpg,16841658043262055985,tomato bacterial spot
multiple leaf dataset/tomato leaf/tomato bacterial spot/tomato bacterial spot (242).jpg,16253718034356803980,tomato bacterial spot
multiple leaf dataset/tomato leaf/tomato bacterial spot/tomato bacterial spot (243).jpg,16255914849488757651,tomato bacterial spot
multiple leaf dataset/tomato leaf/tomato bacterial spot/tomato bacterial spot (244).jpg,16614509554636264300,tomato bacterial spot
multiple leaf dataset/tomato leaf/tomato bacterial spot/tomato bacterial spot (245).jpg,16621832044374432563,tomato bacterial spot
multiple leaf dataset/tomato leaf/tomato bacterial spot/tomato bacterial spot (246).jpg,17351469523935675954,tomato bacterial spot
multiple leaf dataset/tomato leaf/tomato bacterial spot/tomato bacterial spot (247).jpg,16400018801269722163,tomato bacterial spot
multiple leaf dataset/tomato leaf/tomato bacterial spot/tomato bacterial spot (248).jpg,16270888149116466407,tomato bacterial spot
multiple leaf dataset/tomato leaf/tomato bacterial spot/tomato bacterial spot (249).jpg,16423447586516578710,tomato bacterial spot
multiple leaf dataset/tomato leaf/tomato bacterial spot/tomato bacterial spot (25).jpg,17415643842319772451,tomato bacterial spot
multiple leaf dataset/tomato leaf/tomato bacterial spot/tomato bacterial spot (250).jpg,17323605721828594072,tomato bacterial spot
multiple leaf dataset/tomato leaf/tomato bacterial spot/tomato bacterial spot (251).jpg,18359421112718204721,tomato bacterial spot
multiple leaf dataset/tomato leaf/tomato bacterial spot/tomato bacterial spot (252).jpg,17625909596034547852,tomato bacterial spot
multiple leaf dataset/tomato leaf/tomato bacterial spot/tomato bacterial spot (253).jpg,16550898839192849446,tomato bacterial spot
multiple leaf dataset/tomato leaf/tomato bacterial spot/tomato bacterial spot (254).jpg,17489897132349245123,tomato bacterial spot
multiple leaf dataset/tomato leaf/tomato bacterial spot/tomato bacterial spot (255).jpg,16623798654948101172,tomato bacterial spot
multiple leaf dataset/tomato leaf/tomato bacterial spot/tomato bacterial spot (256).jpg,17051915277569856404,tomato bacterial spot
multiple leaf dataset/tomato leaf/tomato bacterial spot/tomato bacterial spot (257).jpg,16619576434731108761,tomato bacterial spot
multiple leaf dataset/tomato leaf/tomato bacterial spot/tomato bacterial spot (258).jpg,17116374271153046630,tomato bacterial spot
multiple leaf dataset/tomato leaf/tomato bacterial spot/tomato bacterial spot (259).jpg,17062331075624477750,tomato bacterial spot
multiple leaf dataset/tomato leaf/tomato bacterial spot/tomato bacterial spot (26).jpg,17489955404895063142,tomato bacterial spot
multiple leaf dataset/tomato leaf/tomato bacterial spot/tomato bacterial spot (260).jpg,16559060942631363659,tomato bacterial spot
multiple leaf dataset/tomato leaf/tomato bacterial spot/tomato bacterial spot (261).jpg,16691691048905814835,tomato bacterial spot
multiple leaf dataset/tomato leaf/tomato bacterial spot/tomato bacterial spot (262).jpg,16259363077797540646,tomato bacterial spot
multiple leaf dataset/tomato leaf/tomato bacterial spot/tomato bacterial spot (263).jpg,16406222228624663629,tomato bacterial spot
multiple leaf dataset/tomato leaf/tomato bacterial spot/tomato bacterial spot (264).jpg,16250850549749394584,tomato bacterial spot
multiple leaf dataset/tomato leaf/tomato bacterial spot/tomato bacterial spot (265).jpg,16543581157317746328,tomato bacterial spot
multiple leaf dataset/tomato leaf/tomato bacterial spot/tomato bacterial spot (266).jpg,16547798220759767084,tomato bacterial spot
multiple leaf dataset/tomato leaf/tomato bacterial spot/tomato bacterial spot (267).jpg,16551171513849687340,tomato bacterial spot
multiple leaf dataset/tomato leaf/tomato bacterial spot/tomato bacterial spot (268).jpg,16551180035114124621,tomato bacterial spot
multiple leaf dataset/tomato leaf/tomato bacterial spot/tomato bacterial spot (269).jpg,16551180035114495174,tomato bacterial spot
multiple leaf dataset/tomato leaf/tomato bacterial spot/tomato bacterial spot (27).jpg,17411706216923686501,tomato bacterial spot
multiple leaf dataset/tomato leaf/tomato bacterial spot/tomato bacterial spot (270).jpg,17623644361492459853,tomato bacterial spot
multiple leaf dataset/tomato leaf/tomato bacterial spot/tomato bacterial spot (271).jpg,17632113463978100294,tomato bacterial spot
multiple leaf dataset/tomato leaf/tomato bacterial spot/tomato bacterial spot (272).jpg,16619297047312976265,tomato bacterial spot
multiple leaf dataset/tomato leaf/tomato bacterial spot/tomato bacterial spot (273).jpg,16477987778581928339,tomato bacterial spot
multiple leaf dataset/tomato leaf/tomato bacterial spot/tomato bacterial spot (274).jpg,16477987778581928339,tomato bacterial spot
multiple leaf dataset/tomato leaf/tomato bacterial spot/tomato bacterial spot (275).jpg,16709648411155602072,tomato bacterial spot
multiple leaf dataset/tomato leaf/tomato bacterial spot/tomato bacterial spot (276).jpg,17619712568012777164,tomato bacterial spot
multiple leaf dataset/tomato leaf/tomato bacterial spot/tomato bacterial spot (277).jpg,13591515547628089549,tomato bacterial spot
multiple leaf dataset/tomato leaf/tomato bacterial spot/tomato bacterial spot (278).jpg,17337116280126124312,tomato bacterial spot
multiple leaf dataset/tomato leaf/tomato bacterial spot/tomato bacterial spot (279).jpg,12876294669948733123,tomato bacterial spot
multiple leaf dataset/tomato leaf/tomato bacterial spot/tomato bacterial spot (28).jpg,17411987752013292645,tomato bacterial spot
multiple leaf dataset/tomato leaf/tomato bacterial spot/tomato bacterial spot (280).jpg,16619295853342464153,tomato bacterial spot
multiple leaf dataset/tomato leaf/tomato bacterial spot/tomato bacterial spot (281).jpg,17484324587668330908,tomato bacterial spot
multiple leaf dataset/tomato leaf/tomato bacterial spot/tomato bacterial spot (282).jpg,16619633454935088025,tomato bacterial spot
multiple leaf dataset/tomato leaf/tomato bacterial spot/tomato bacterial spot (283).jpg,16263510272319579035,tomato bacterial spot
multiple leaf dataset/tomato leaf/tomato bacterial spot/tomato bacterial spot (284).jpg,16686567165843485644,tomato bacterial spot
multiple leaf dataset/tomato leaf/tomato bacterial spot/tomato bacterial spot (285).jpg,16623521130464700313,tomato bacterial spot
multiple leaf dataset/tomato leaf/tomato bacterial spot/tomato bacterial spot (286).jpg,17790568941422347162,tomato bacterial spot
multiple leaf dataset/tomato leaf/tomato bacterial spot/tomato bacterial spot (287).jpg,17484889968623499713,tomato bacterial spot
multiple leaf dataset/tomato leaf/tomato bacterial spot/tomato bacterial spot (288).jpg,17432477799672932044,tomato bacterial spot
multiple leaf dataset/tomato leaf/tomato bacterial spot/tomato bacterial spot (289).jpg,16396649880428924053,tomato bacterial spot
multiple leaf dataset/tomato leaf/tomato bacterial spot/tomato bacterial spot (29).jpg,17343580759706381420,tomato bacterial spot
multiple leaf dataset/tomato leaf/tomato bacterial spot/tomato bacterial spot (290).jpg,16397215579092182413,tomato bacterial spot
multiple leaf dataset/tomato leaf/tomato bacterial spot/tomato bacterial spot (291).jpg,17404035657925637274,tomato bacterial spot
multiple leaf dataset/tomato leaf/tomato bacterial spot/tomato bacterial spot (292).jpg,17344421855517520499,tomato bacterial spot
multiple leaf dataset/tomato leaf/tomato bacterial spot/tomato bacterial spot (293).jpg,17632652235955279458,tomato bacterial spot
multiple leaf dataset/tomato leaf/tomato bacterial spot/tomato bacterial spot (294).jpg,17632379573051600435,tomato bacterial spot
multiple leaf dataset/tomato leaf/tomato bacterial spot/tomato bacterial spot (295).jpg,17632326799228210210,tomato bacterial spot
multiple leaf dataset/tomato leaf/tomato bacterial spot/tomato bacterial spot (296).jpg,12807336581560469255,tomato bacterial spot
multiple leaf dataset/tomato leaf/tomato bacterial spot/tomato bacterial spot (297).jpg,13308636939503978374,tomato bacterial spot
multiple leaf dataset/tomato leaf/tomato bacterial spot/tomato bacterial spot (298).jpg,13304697406521508238,tomato bacterial spot
multiple leaf dataset/tomato leaf/tomato bacterial spot/tomato bacterial spot (299).jpg,12728244900531548478,tomato bacterial spot
multiple leaf dataset/tomato leaf/tomato bacterial spot/tomato bacterial spot (3).jpg,16684861984804660940,tomato bacterial spot
multiple leaf dataset/tomato leaf/tomato bacterial spot/tomato bacterial spot (30).jpg,11940898903059253868,tomato bacterial spot
multiple leaf dataset/tomato leaf/tomato bacterial spot/tomato bacterial spot (300).jpg,12728244900538915174,tomato bacterial spot
multiple leaf dataset/tomato leaf/tomato bacterial spot/tomato bacterial spot (301).jpg,12728244694373118822,tomato bacterial spot
multiple leaf dataset/tomato leaf/tomato bacterial spot/tomato bacterial spot (302).jpg,12944417476930449763,tomato bacterial spot
multiple leaf dataset/tomato leaf/tomato bacterial spot/tomato bacterial spot (303).jpg,16476026954886638788,tomato bacterial spot
multiple leaf dataset/tomato leaf/tomato bacterial spot/tomato bacterial spot (304).jpg,16476378761798052924,tomato bacterial spot
multiple leaf dataset/tomato leaf/tomato bacterial spot/tomato bacterial spot (305).jpg,16475798640693208732,tomato bacterial spot
multiple leaf dataset/tomato leaf/tomato bacterial spot/tomato bacterial spot (306).jpg,17635194280198547168,tomato bacterial spot
multiple leaf dataset/tomato leaf/tomato bacterial spot/tomato bacterial spot (307).jpg,16472156307365574281,tomato bacterial spot
multiple leaf dataset/tomato leaf/tomato bacterial spot/tomato bacterial spot (308).jpg,16255917021851695513,tomato bacterial spot
multiple leaf dataset/tomato leaf/tomato bacterial spot/tomato bacterial spot (309).jpg,17560605462562878604,tomato bacterial spot
multiple leaf dataset/tomato leaf/tomato bacterial spot/tomato bacterial spot (31).jpg,16548075068482466379,tomato bacterial spot
multiple leaf dataset/tomato leaf/tomato bacterial spot/tomato bacterial spot (310).jpg,16620209182401044879,tomato bacterial spot
multiple leaf dataset/tomato leaf/tomato bacterial spot/tomato bacterial spot (311).jpg,16619646649057883033,tomato bacterial spot
multiple leaf dataset/tomato leaf/tomato bacterial spot/tomato bacterial spot (312).jpg,16619633587793376206,tomato bacterial spot
multiple leaf dataset/tomato leaf/tomato bacterial spot/tomato bacterial spot (313).jpg,17413060826510223156,tomato bacterial spot
multiple leaf dataset/tomato leaf/tomato bacterial spot/tomato bacterial spot (314).jpg,17411425887884981042,tomato bacterial spot
multiple leaf dataset/tomato leaf/tomato bacterial spot/tomato bacterial spot (315).jpg,18208547816902988152,tomato bacterial spot
multiple leaf dataset/tomato leaf/tomato bacterial spot/tomato bacterial spot (316).jpg,13780391162706893112,tomato bacterial spot
multiple leaf dataset/tomato leaf/tomato bacterial spot/tomato bacterial spot (317).jpg,13743227832897318968,tomato bacterial spot
multiple leaf dataset/tomato leaf/tomato bacterial spot/tomato bacterial spot (318).jpg,12869543798337581848,tomato bacterial spot
multiple leaf dataset/tomato leaf/tomato bacterial spot/tomato bacterial spot (319).jpg,17481230371335082444,tomato bacterial spot
multiple leaf dataset/tomato leaf/tomato bacterial spot/tomato bacterial spot (32).jpg,16476027371638895465,tomato bacterial spot
multiple leaf dataset/tomato leaf/tomato bacterial spot/tomato bacterial spot (320).jpg,12950325869689583410,tomato bacterial spot
multiple leaf dataset/tomato leaf/tomato bacterial spot/tomato bacterial spot (321).jpg,12948356661685131288,tomato bacterial spot
multiple leaf dataset/tomato leaf/tomato bacterial spot/tomato bacterial spot (322).jpg,17549627920206738483,tomato bacterial spot
multiple leaf dataset/tomato leaf/tomato bacterial spot/tomato bacterial spot (323).jpg,12945260239360976433,tomato bacterial spot
multiple leaf dataset/tomato leaf/tomato bacterial spot/tomato bacterial spot (324).jpg,17341053846846793510,tomato bacterial spot
multiple leaf dataset/tomato leaf/tomato bacterial spot/tomato bacterial spot (325).jpg,17340775669407758695,tomato bacterial spot
multiple leaf dataset/tomato leaf/tomato bacterial spot/tomato bacterial spot (326).jpg,17627312809129816375,tomato bacterial spot
multiple leaf dataset/tomato leaf/tomato bacterial spot/tomato bacterial spot (327).jpg,16468216022839795352,tomato bacterial spot
multiple leaf dataset/tomato leaf/tomato bacterial spot/tomato bacterial spot (328).jpg,17621401391732082830,tomato bacterial spot
multiple leaf dataset/tomato leaf/tomato bacterial spot/tomato bacterial spot (329).jpg,17625905197943263692,tomato bacterial spot
multiple leaf dataset/tomato leaf/tomato bacterial spot/tomato bacterial spot (33).jpg,16476017476055112553,tomato bacterial spot
multiple leaf dataset/tomato leaf/tomato bacterial spot/tomato bacterial spot (330).jpg,16472706330298403174,tomato bacterial spot
multiple leaf dataset/tomato leaf/tomato bacterial spot/tomato bacterial spot (331).jpg,16551180307832357990,tomato bacterial spot
multiple leaf dataset/tomato leaf/tomato bacterial spot/tomato bacterial spot (332).jpg,17481230368456978745,tomato bacterial spot
multiple leaf dataset/tomato leaf/tomato bacterial spot/tomato bacterial spot (333).jpg,17562294475626522248,tomato bacterial spot
multiple leaf dataset/tomato leaf/tomato bacterial spot/tomato bacterial spot (334).jpg,17560042538374276748,tomato bacterial spot
multiple leaf dataset/tomato leaf/tomato bacterial spot/tomato bacterial spot (335).jpg,16540765069281276614,tomato bacterial spot
multiple leaf dataset/tomato leaf/tomato bacterial spot/tomato bacterial spot (336).jpg,16540766165230996601,tomato bacterial spot
multiple leaf dataset/tomato leaf/tomato bacterial spot/tomato bacterial spot (337).jpg,16261880956842500967,tomato bacterial spot
multiple leaf dataset/tomato leaf/tomato bacterial spot/tomato bacterial spot (338).jpg,16261247646802076519,tomato bacterial spot
multiple leaf dataset/tomato leaf/tomato bacterial spot/tomato bacterial spot (339).jpg,17307834295360538980,tomato bacterial spot
multiple leaf dataset/tomato leaf/tomato bacterial spot/tomato bacterial spot (34).jpg,12012183829871835428,tomato bacterial spot
multiple leaf dataset/tomato leaf/tomato bacterial spot/tomato bacterial spot (340).jpg,17334295800121104028,tomato bacterial spot
multiple leaf dataset/tomato leaf/tomato bacterial spot/tomato bacterial spot (341).jpg,17412550661570653042,tomato bacterial spot
multiple leaf dataset/tomato leaf/tomato bacterial spot/tomato bacterial spot (342).jpg,17339086797462614706,tomato bacterial spot
multiple leaf dataset/tomato leaf/tomato bacterial spot/tomato bacterial spot (343).jpg,17344149145488634600,tomato bacterial spot
multiple leaf dataset/tomato leaf/tomato bacterial spot/tomato bacterial spot (344).jpg,17343586205213561449,tomato bacterial spot
multiple leaf dataset/tomato leaf/tomato bacterial spot/tomato bacterial spot (345).jpg,16253665255642915737,tomato bacterial spot
multiple leaf dataset/tomato leaf/tomato bacterial spot/tomato bacterial spot (346).jpg,17344153560880538513,tomato bacterial spot
multiple leaf dataset/tomato leaf/tomato bacterial spot/tomato bacterial spot (347).jpg,12725428612422841241,tomato bacterial spot
multiple leaf dataset/tomato leaf/tomato bacterial spot/tomato bacterial spot (348).jpg,12734154204407801752,tomato bacterial spot
multiple leaf dataset/tomato leaf/tomato bacterial spot/tomato bacterial spot (349).jpg,12944697298004855972,tomato bacterial spot
multiple leaf dataset/tomato leaf/tomato bacterial spot/tomato bacterial spot (35).jpg,16620142559722309988,tomato bacterial spot
multiple leaf dataset/tomato leaf/tomato bacterial spot/tomato bacterial spot (350).jpg,12945260239368539174,tomato bacterial spot
multiple leaf dataset/tomato leaf/tomato bacterial spot/tomato bacterial spot (351).jpg,16476025858083612358,tomato bacterial spot
multiple leaf dataset/tomato leaf/tomato bacterial spot/tomato bacterial spot (352).jpg,16541319430164236595,tomato bacterial spot
multiple leaf dataset/tomato leaf/tomato bacterial spot/tomato bacterial spot (353).jpg,16541609489078828185,tomato bacterial spot
multiple leaf dataset/tomato leaf/tomato bacterial spot/tomato bacterial spot (354).jpg,16546676475932829477,tomato bacterial spot
multiple leaf dataset/tomato leaf/tomato bacterial spot/tomato bacterial spot (355).jpg,13157769751291720128,tomato bacterial spot
multiple leaf dataset/tomato leaf/tomato bacterial spot/tomato bacterial spot (356).jpg,17631763821852368438,tomato bacterial spot
multiple leaf dataset/tomato leaf/tomato bacterial spot/tomato bacterial spot (357).jpg,13022382379808363059,tomato bacterial spot
multiple leaf dataset/tomato leaf/tomato bacterial spot/tomato bacterial spot (358).jpg,16551177902650658022,tomato bacterial spot
multiple leaf dataset/tomato leaf/tomato bacterial spot/tomato bacterial spot (359).jpg,16551178108806129350,tomato bacterial spot
multiple leaf dataset/tomato leaf/tomato bacterial spot/tomato bacterial spot (36).jpg,12008526909233793417,tomato bacterial spot
multiple leaf dataset/tomato leaf/tomato bacterial spot/tomato bacterial spot (360).jpg,16695855835511547546,tomato bacterial spot
multiple leaf dataset/tomato leaf/tomato bacterial spot/tomato bacterial spot (361).jpg,17553848431026804838,tomato bacterial spot
multiple leaf dataset/tomato leaf/tomato bacterial spot/tomato bacterial spot (362).jpg,16620198619450716825,tomato bacterial spot
multiple leaf dataset/tomato leaf/tomato bacterial spot/tomato bacterial spot (363).jpg,16686567164123719577,tomato bacterial spot
multiple leaf dataset/tomato leaf/tomato bacterial spot/tomato bacterial spot (364).jpg,16686905775052370889,tomato bacterial spot
multiple leaf dataset/tomato leaf/tomato bacterial spot/tomato bacterial spot (365).jpg,17481791109380420044,tomato bacterial spot
multiple leaf dataset/tomato leaf/tomato bacterial spot/tomato bacterial spot (366).jpg,16689157574828110797,tomato bacterial spot
multiple leaf dataset/tomato leaf/tomato bacterial spot/tomato bacterial spot (367).jpg,17490236880519050032,tomato bacterial spot
multiple leaf dataset/tomato leaf/tomato bacterial spot/tomato bacterial spot (368).jpg,16623310264754135334,tomato bacterial spot
multiple leaf dataset/tomato leaf/tomato bacterial spot/tomato bacterial spot (369).jpg,16618784670666771556,tomato bacterial spot
multiple leaf dataset/tomato leaf/tomato bacterial spot/tomato bacterial spot (37).jpg,12008524710184537481,tomato bacterial spot
multiple leaf dataset/tomato leaf/tomato bacterial spot/tomato bacterial spot (370).jpg,16691897794069542758,tomato bacterial spot
multiple leaf dataset/tomato leaf/tomato bacterial spot/tomato bacterial spot (371).jpg,16546676512660338980,tomato bacterial spot
multiple leaf dataset/tomato leaf/tomato bacterial spot/tomato bacterial spot (372).jpg,16551180316851646518,tomato bacterial spot
multiple leaf dataset/tomato leaf/tomato bacterial spot/tomato bacterial spot (373).jpg,16551743258178564658,tomato bacterial spot
multiple leaf dataset/tomato leaf/tomato bacterial spot/tomato bacterial spot (374).jpg,17848214801907593779,tomato bacterial spot
multiple leaf dataset/tomato leaf/tomato bacterial spot/tomato bacterial spot (375).jpg,16686848634877518745,tomato bacterial spot
multiple leaf dataset/tomato leaf/tomato bacterial spot/tomato bacterial spot (376).jpg,16621884975558649625,tomato bacterial spot
multiple leaf dataset/tomato leaf/tomato bacterial spot/tomato bacterial spot (38).jpg,12948920729349311640,tomato bacterial spot
multiple leaf dataset/tomato leaf/tomato bacterial spot/tomato bacterial spot (39).jpg,17336833707936986009,tomato bacterial spot
multiple leaf dataset/tomato leaf/tomato bacterial spot/tomato bacterial spot (4).jpg,16691691085882471270,tomato bacterial spot
multiple leaf dataset/tomato leaf/tomato bacterial spot/tomato bacterial spot (40).jpg,17345841320582198041,tomato bacterial spot
multiple leaf dataset/tomato leaf/tomato bacterial spot/tomato bacterial spot (41).jpg,17346045859859441203,tomato bacterial spot
multiple leaf dataset/tomato leaf/tomato bacterial spot/tomato bacterial spot (42).jpg,12734153097816765233,tomato bacterial spot
multiple leaf dataset/tomato leaf/tomato bacterial spot/tomato bacterial spot (43).jpg,12806492171126358832,tomato bacterial spot
multiple leaf dataset/tomato leaf/tomato bacterial spot/tomato bacterial spot (44).jpg,17562293372898259768,tomato bacterial spot
multiple leaf dataset/tomato leaf/tomato bacterial spot/tomato bacterial spot (45).jpg,12804233808736852016,tomato bacterial spot
multiple leaf dataset/tomato leaf/tomato bacterial spot/tomato bacterial spot (46).jpg,12804796745503251633,tomato bacterial spot
multiple leaf dataset/tomato leaf/tomato bacterial spot/tomato bacterial spot (47).jpg,12804796747580479801,tomato bacterial spot
multiple leaf dataset/tomato leaf/tomato bacterial spot/tomato bacterial spot (48).jpg,12804796745449584945,tomato bacterial spot
multiple leaf dataset/tomato leaf/tomato bacterial spot/tomato bacterial spot (49).jpg,12727962879336375860,tomato bacterial spot
multiple leaf dataset/tomato leaf/tomato bacterial spot/tomato bacterial spot (5).jpg,16551744357279140196,tomato bacterial spot
multiple leaf dataset/tomato leaf/tomato bacterial spot/tomato bacterial spot (50).jpg,16476027383407270345,tomato bacterial spot
multiple leaf dataset/tomato leaf/tomato bacterial spot/tomato bacterial spot (51).jpg,16619579611866165641,tomato bacterial spot
multiple leaf dataset/tomato leaf/tomato bacterial spot/tomato bacterial spot (52).jpg,16833213664611035482,tomato bacterial spot
multiple leaf dataset/tomato leaf/tomato bacterial spot/tomato bacterial spot (53).jpg,12873204837579462969,tomato bacterial spot
multiple leaf dataset/tomato leaf/tomato bacterial spot/tomato bacterial spot (54).jpg,13161435213596802854,tomato bacterial spot
multiple leaf dataset/tomato leaf/tomato bacterial spot/tomato bacterial spot (55).jpg,13016752896589184099,tomato bacterial spot
multiple leaf dataset/tomato leaf/tomato bacterial spot/tomato bacterial spot (56).jpg,12735282284352773683,tomato bacterial spot
multiple leaf dataset/tomato leaf/tomato bacterial spot/tomato bacterial spot (57).jpg,12734150904175538993,tomato bacterial spot
multiple leaf dataset/tomato leaf/tomato bacterial spot/tomato bacterial spot (58).jpg,11796011320896966182,tomato bacterial spot
multiple leaf dataset/tomato leaf/tomato bacterial spot/tomato bacterial spot (59).jpg,16619298128903375948,tomato bacterial spot
multiple leaf dataset/tomato leaf/tomato bacterial spot/tomato bacterial spot (6).jpg,16623799752185160822,tomato bacterial spot
multiple leaf dataset/tomato leaf/tomato bacterial spot/tomato bacterial spot (60).jpg,16476026270507420966,tomato bacterial spot
multiple leaf dataset/tomato leaf/tomato bacterial spot/tomato bacterial spot (61).jpg,16470465852029023113,tomato bacterial spot
multiple leaf dataset/tomato leaf/tomato bacterial spot/tomato bacterial spot (62).jpg,12948920708461543722,tomato bacterial spot
multiple leaf dataset/tomato leaf/tomato bacterial spot/tomato bacterial spot (63).jpg,16619577408984147045,tomato bacterial spot
multiple leaf dataset/tomato leaf/tomato bacterial spot/tomato bacterial spot (64).jpg,17126516010242971172,tomato bacterial spot
multiple leaf dataset/tomato leaf/tomato bacterial spot/tomato bacterial spot (65).jpg,16583601389464359579,tomato bacterial spot
multiple leaf dataset/tomato leaf/tomato bacterial spot/tomato bacterial spot (66).jpg,16691686687853929573,tomato bacterial spot
multiple leaf dataset/tomato leaf/tomato bacterial spot/tomato bacterial spot (67).jpg,16253102035997012636,tomato bacterial spot
multiple leaf dataset/tomato leaf/tomato bacterial spot/tomato bacterial spot (68).jpg,16252539498360976948,tomato bacterial spot
multiple leaf dataset/tomato leaf/tomato bacterial spot/tomato bacterial spot (69).jpg,16250287741473765170,tomato bacterial spot
multiple leaf dataset/tomato leaf/tomato bacterial spot/tomato bacterial spot (7).jpg,16623799763028675788,tomato bacterial spot
multiple leaf dataset/tomato leaf/tomato bacterial spot/tomato bacterial spot (70).jpg,16259294940741084771,tomato bacterial spot
multiple leaf dataset/tomato leaf/tomato bacterial spot/tomato bacterial spot (71).jpg,16259295151194936931,tomato bacterial spot
multiple leaf dataset/tomato leaf/tomato bacterial spot/tomato bacterial spot (72).jpg,16262668452402404506,tomato bacterial spot
multiple leaf dataset/tomato leaf/tomato bacterial spot/tomato bacterial spot (73).jpg,17343533473073437132,tomato bacterial spot
multiple leaf dataset/tomato leaf/tomato bacterial spot/tomato bacterial spot (74).jpg,12869264527212819224,tomato bacterial spot
multiple leaf dataset/tomato leaf/tomato bacterial spot/tomato bacterial spot (75).jpg,16623799752341414950,tomato bacterial spot
multiple leaf dataset/tomato leaf/tomato bacterial spot/tomato bacterial spot (76).jpg,16539921060384589510,tomato bacterial spot
multiple leaf dataset/tomato leaf/tomato bacterial spot/tomato bacterial spot (77).jpg,16553431807324423879,tomato bacterial spot
multiple leaf dataset/tomato leaf/tomato bacterial spot/tomato bacterial spot (78).jpg,16551180316781392998,tomato bacterial spot
multiple leaf dataset/tomato leaf/tomato bacterial spot/tomato bacterial spot (79).jpg,16551180110693218356,tomato bacterial spot
multiple leaf dataset/tomato leaf/tomato bacterial spot/tomato bacterial spot (8).jpg,16620140640143509832,tomato bacterial spot
multiple leaf dataset/tomato leaf/tomato bacterial spot/tomato bacterial spot (80).jpg,16550898843485550646,tomato bacterial spot
multiple leaf dataset/tomato leaf/tomato bacterial spot/tomato bacterial spot (81).jpg,17343600550308321330,tomato bacterial spot
multiple leaf dataset/tomato leaf/tomato bacterial spot/tomato bacterial spot (82).jpg,16695294396805727782,tomato bacterial spot
multiple leaf dataset/tomato leaf/tomato bacterial spot/tomato bacterial spot (83).jpg,17560055894010922531,tomato bacterial spot
multiple leaf dataset/tomato leaf/tomato bacterial spot/tomato bacterial spot (84).jpg,17562293374404010801,tomato bacterial spot
multiple leaf dataset/tomato leaf/tomato bacterial spot/tomato bacterial spot (85).jpg,16407697339324354082,tomato bacterial spot
multiple leaf dataset/tomato leaf/tomato bacterial spot/tomato bacterial spot (86).jpg,16623869915297287206,tomato bacterial spot
multiple leaf dataset/tomato leaf/tomato bacterial spot/tomato bacterial spot (87).jpg,11796014619432203113,tomato bacterial spot
multiple leaf dataset/tomato leaf/tomato bacterial spot/tomato bacterial spot (88).jpg,16659897818979394339,tomato bacterial spot
multiple leaf dataset/tomato leaf/tomato bacterial spot/tomato bacterial spot (89).jpg,16623869846787155475,tomato bacterial spot
multiple leaf dataset/tomato leaf/tomato bacterial spot/tomato bacterial spot (9).jpg,16619577692351181584,tomato bacterial spot
multiple leaf dataset/tomato leaf/tomato bacterial spot/tomato bacterial spot (90).jpg,16587841049357542502,tomato bacterial spot
multiple leaf dataset/tomato leaf/tomato bacterial spot/tomato bacterial spot (91).jpg,16407682826436896307,tomato bacterial spot
multiple leaf dataset/tomato leaf/tomato bacterial spot/tomato bacterial spot (92).jpg,16583618990087678311,tomato bacterial spot
multiple leaf dataset/tomato leaf/tomato bacterial spot/tomato bacterial spot (93).jpg,11972481619523635673,tomato bacterial spot
multiple leaf dataset/tomato leaf/tomato bacterial spot/tomato bacterial spot (94).jpg,11756308836328957299,tomato bacterial spot
multiple leaf dataset/tomato leaf/tomato bacterial spot/tomato bacterial spot (95).jpg,12909230341337932659,tomato bacterial spot
multiple leaf dataset/tomato leaf/tomato bacterial spot/tomato bacterial spot (96).jpg,16539920914164102297,tomato bacterial spot
multiple leaf dataset/tomato leaf/tomato bacterial spot/tomato bacterial spot (97).jpg,16544142974386057627,tomato bacterial spot
multiple leaf dataset/tomato leaf/tomato bacterial spot/tomato bacterial spot (98).jpg,16974231245185430478,tomato bacterial spot
multiple leaf dataset/tomato leaf/tomato bacterial spot/tomato bacterial spot (99).jpg,16539921214610457753,tomato bacterial spot
multiple leaf dataset/tomato leaf/tomato blight/tomato blight (1).jpg,17331768472864319943,tomato blight
multiple leaf dataset/tomato leaf/tomato blight/tomato blight (10).jpg,12732744649424425777,tomato blight
multiple leaf dataset/tomato leaf/tomato blight/tomato blight (100).jpg,11863833384873059878,tomato blight
multiple leaf dataset/tomato leaf/tomato blight/tomato blight (101).jpg,12980726092451079987,tomato blight
multiple leaf dataset/tomato leaf/tomato blight/tomato blight (102).jpg,17592412110861690663,tomato blight
multiple leaf dataset/tomato leaf/tomato blight/tomato blight (103).jpg,11828088261827389287,tomato blight
multiple leaf dataset/tomato leaf/tomato blight/tomato blight (104).jpg,16439774245894252391,tomato blight
multiple leaf dataset/tomato leaf/tomato blight/tomato blight (105).jpg,16510705935735155043,tomato blight
multiple leaf dataset/tomato leaf/tomato blight/tomato blight (106).jpg,11610806052117375858,tomato blight
multiple leaf dataset/tomato leaf/tomato blight/tomato blight (107).jpg,16366607258352184114,tomato blight
multiple leaf dataset/tomato leaf/tomato blight/tomato blight (108).jpg,16366605093722224690,tomato blight
multiple leaf dataset/tomato leaf/tomato blight/tomato blight (109).jpg,16226993505408129202,tomato blight
multiple leaf dataset/tomato leaf/tomato blight/tomato blight (11).jpg,12732463178600727395,tomato blight
multiple leaf dataset/tomato leaf/tomato blight/tomato blight (110).jpg,16217988165725598571,tomato blight
multiple leaf dataset/tomato leaf/tomato blight/tomato blight (111).jpg,11606302284737164139,tomato blight
multiple leaf dataset/tomato leaf/tomato blight/tomato blight (112).jpg,16217988165725598571,tomato blight
multiple leaf dataset/tomato leaf/tomato blight/tomato blight (113).jpg,17907102927946305476,tomato blight
multiple leaf dataset/tomato leaf/tomato blight/tomato blight (114).jpg,17911606527573626822,tomato blight
multiple leaf dataset/tomato leaf/tomato blight/tomato blight (115).jpg,18199260701688077766,tomato blight
multiple leaf dataset/tomato leaf/tomato blight/tomato blight (116).jpg,18201513179903850553,tomato blight
multiple leaf dataset/tomato leaf/tomato blight/tomato blight (117).jpg,17634341101978960432,tomato blight
multiple leaf dataset/tomato leaf/tomato blight/tomato blight (118).jpg,17307777336289824455,tomato blight
multiple leaf dataset/tomato leaf/tomato blight/tomato blight (119).jpg,17344140401208903472,tomato blight
multiple leaf dataset/tomato leaf/tomato blight/tomato blight (12).jpg,13020711147877964838,tomato blight
multiple leaf dataset/tomato leaf/tomato blight/tomato blight (120).jpg,17344087608268738246,tomato blight
multiple leaf dataset/tomato leaf/tomato blight/tomato blight (121).jpg,17632379539086386801,tomato blight
multiple leaf dataset/tomato leaf/tomato blight/tomato blight (122).jpg,13167339783238487585,tomato blight
multiple leaf dataset/tomato leaf/tomato blight/tomato blight (123).jpg,13131258252394348736,tomato blight
multiple leaf dataset/tomato leaf/tomato blight/tomato blight (124).jpg,17776492538971606212,tomato blight
multiple leaf dataset/tomato leaf/tomato blight/tomato blight (125).jpg,12878271565932146995,tomato blight
multiple leaf dataset/tomato leaf/tomato blight/tomato blight (126).jpg,16478891831351626976,tomato blight
multiple leaf dataset/tomato leaf/tomato blight/tomato blight (127).jpg,16478891796991888612,tomato blight
multiple leaf dataset/tomato leaf/tomato blight/tomato blight (128).jpg,17489954294169257158,tomato blight
multiple leaf dataset/tomato leaf/tomato blight/tomato blight (129).jpg,17489950995634375814,tomato blight
multiple leaf dataset/tomato leaf/tomato blight/tomato blight (13).jpg,13020711147877702758,tomato blight
multiple leaf dataset/tomato leaf/tomato blight/tomato blight (130).jpg,17559774382044531846,tomato blight
multiple leaf dataset/tomato leaf/tomato blight/tomato blight (131).jpg,17559776649787264004,tomato blight
multiple leaf dataset/tomato leaf/tomato blight/tomato blight (132).jpg,17562028410996575264,tomato blight
multiple leaf dataset/tomato leaf/tomato blight/tomato blight (133).jpg,17415641601835191396,tomato blight
multiple leaf dataset/tomato leaf/tomato blight/tomato blight (134).jpg,12804518627850372804,tomato blight
multiple leaf dataset/tomato leaf/tomato blight/tomato blight (135).jpg,12732746906735003268,tomato blight
multiple leaf dataset/tomato leaf/tomato blight/tomato blight (136).jpg,17344428527113782924,tomato blight
multiple leaf dataset/tomato leaf/tomato blight/tomato blight (137).jpg,12732746906733430284,tomato blight
multiple leaf dataset/tomato leaf/tomato blight/tomato blight (138).jpg,11573344389385336269,tomato blight
multiple leaf dataset/tomato leaf/tomato blight/tomato blight (139).jpg,11645401983423264204,tomato blight
multiple leaf dataset/tomato leaf/tomato blight/tomato blight (14).jpg,12876859842626067506,tomato blight
multiple leaf dataset/tomato leaf/tomato blight/tomato blight (140).jpg,11645050130307173838,tomato blight
multiple leaf dataset/tomato leaf/tomato blight/tomato blight (141).jpg,11642244168045251534,tomato blight
multiple leaf dataset/tomato leaf/tomato blight/tomato blight (142).jpg,11642244178648460236,tomato blight
multiple leaf dataset/tomato leaf/tomato blight/tomato blight (143).jpg,11642244220321162073,tomato blight
multiple leaf dataset/tomato leaf/tomato blight/tomato blight (144).jpg,12731904052147151673,tomato blight
multiple leaf dataset/tomato leaf/tomato blight/tomato blight (145).jpg,12734156393125667641,tomato blight
multiple leaf dataset/tomato leaf/tomato blight/tomato blight (146).jpg,12734156393125667641,tomato blight
multiple leaf dataset/tomato leaf/tomato blight/tomato blight (147).jpg,12731900228518440755,tomato blight
multiple leaf dataset/tomato leaf/tomato blight/tomato blight (148).jpg,17415643842866996784,tomato blight
multiple leaf dataset/tomato leaf/tomato blight/tomato blight (149).jpg,12804802245208843825,tomato blight
multiple leaf dataset/tomato leaf/tomato blight/tomato blight (15).jpg,12878550861392395315,tomato blight
multiple leaf dataset/tomato leaf/tomato blight/tomato blight (150).jpg,11651885138581431905,tomato blight
multiple leaf dataset/tomato leaf/tomato blight/tomato blight (151).jpg,11795995928610776643,tomato blight
multiple leaf dataset/tomato leaf/tomato blight/tomato blight (152).jpg,16695648440399201411,tomato blight
multiple leaf dataset/tomato leaf/tomato blight/tomato blight (153).jpg,16479404198532320409,tomato blight
multiple leaf dataset/tomato leaf/tomato blight/tomato blight (154).jpg,16623589720992615561,tomato blight
multiple leaf dataset/tomato leaf/tomato blight/tomato blight (155).jpg,16623854703293864073,tomato blight
multiple leaf dataset/tomato leaf/tomato blight/tomato blight (156).jpg,16623853603782236313,tomato blight
multiple leaf dataset/tomato leaf/tomato blight/tomato blight (157).jpg,17776216556582771081,tomato blight
multiple leaf dataset/tomato leaf/tomato blight/tomato blight (158).jpg,16618791452349602201,tomato blight
multiple leaf dataset/tomato leaf/tomato blight/tomato blight (159).jpg,16619914878388050329,tomato blight
multiple leaf dataset/tomato leaf/tomato blight/tomato blight (16).jpg,12878549764028251187,tomato blight
multiple leaf dataset/tomato leaf/tomato blight/tomato blight (160).jpg,16622168928731894051,tomato blight
multiple leaf dataset/tomato leaf/tomato blight/tomato blight (161).jpg,16622179941027648290,tomato blight
multiple leaf dataset/tomato leaf/tomato blight/tomato blight (162).jpg,16693942848753210147,tomato blight
multiple leaf dataset/tomato leaf/tomato blight/tomato blight (163).jpg,16403460986353783187,tomato blight
multiple leaf dataset/tomato leaf/tomato blight/tomato blight (164).jpg,12734154187221664711,tomato blight
multiple leaf dataset/tomato leaf/tomato blight/tomato blight (165).jpg,12726275222101137468,tomato blight
multiple leaf dataset/tomato leaf/tomato blight/tomato blight (166).jpg,13515233144243035663,tomato blight
multiple leaf dataset/tomato leaf/tomato blight/tomato blight (167).jpg,13519741075968833695,tomato blight
multiple leaf dataset/tomato leaf/tomato blight/tomato blight (168).jpg,12916270683633797346,tomato blight
multiple leaf dataset/tomato leaf/tomato blight/tomato blight (169).jpg,13158332168133816792,tomato blight
multiple leaf dataset/tomato leaf/tomato blight/tomato blight (17).jpg,12876297998116391974,tomato blight
multiple leaf dataset/tomato leaf/tomato blight/tomato blight (170).jpg,13158323406407647694,tomato blight
multiple leaf dataset/tomato leaf/tomato blight/tomato blight (171).jpg,13013935335239945590,tomato blight
multiple leaf dataset/tomato leaf/tomato blight/tomato blight (172).jpg,11854258436560821740,tomato blight
multiple leaf dataset/tomato leaf/tomato blight/tomato blight (173).jpg,16465937856140031647,tomato blight
multiple leaf dataset/tomato leaf/tomato blight/tomato blight (174).jpg,16177658001981912794,tomato blight
multiple leaf dataset/tomato leaf/tomato blight/tomato blight (175).jpg,16177939455475662554,tomato blight
multiple leaf dataset/tomato leaf/tomato blight/tomato blight (176).jpg,16179071956643389082,tomato blight
multiple leaf dataset/tomato leaf/tomato blight/tomato blight (177).jpg,16181323756524178586,tomato blight
multiple leaf dataset/tomato leaf/tomato blight/tomato blight (178).jpg,16253383544820671642,tomato blight
multiple leaf dataset/tomato leaf/tomato blight/tomato blight (179).jpg,16253383544887469253,tomato blight
multiple leaf dataset/tomato leaf/tomato blight/tomato blight (18).jpg,12950325916991243302,tomato blight
multiple leaf dataset/tomato leaf/tomato blight/tomato blight (180).jpg,16541895326939072410,tomato blight
multiple leaf dataset/tomato leaf/tomato blight/tomato blight (181).jpg,16541895606100354962,tomato blight
multiple leaf dataset/tomato leaf/tomato blight/tomato blight (182).jpg,17625060073019421331,tomato blight
multiple leaf dataset/tomato leaf/tomato blight/tomato blight (183).jpg,13157769752199762713,tomato blight
multiple leaf dataset/tomato leaf/tomato blight/tomato blight (184).jpg,17625065175221942681,tomato blight
multiple leaf dataset/tomato leaf/tomato blight/tomato blight (185).jpg,17624989730656891705,tomato blight
multiple leaf dataset/tomato leaf/tomato blight/tomato blight (186).jpg,12734154200007763909,tomato blight
multiple leaf dataset/tomato leaf/tomato blight/tomato blight (187).jpg,12806493258285606854,tomato blight
multiple leaf dataset/tomato leaf/tomato blight/tomato blight (188).jpg,16400364248774187468,tomato blight
multiple leaf dataset/tomato leaf/tomato blight/tomato blight (189).jpg,16611115152924855699,tomato blight
multiple leaf dataset/tomato leaf/tomato blight/tomato blight (19).jpg,12948074117177560102,tomato blight
multiple leaf dataset/tomato leaf/tomato blight/tomato blight (190).jpg,16620125616093084109,tomato blight
multiple leaf dataset/tomato leaf/tomato blight/tomato blight (191).jpg,17484887013689473480,tomato blight
multiple leaf dataset/tomato leaf/tomato blight/tomato blight (192).jpg,17484888113133335494,tomato blight
multiple leaf dataset/tomato leaf/tomato blight/tomato blight (193).jpg,17340772924956816358,tomato blight
multiple leaf dataset/tomato leaf/tomato blight/tomato blight (194).jpg,17340212722171851622,tomato blight
multiple leaf dataset/tomato leaf/tomato blight/tomato blight (195).jpg,17340494201479258470,tomato blight
multiple leaf dataset/tomato leaf/tomato blight/tomato blight (196).jpg,17304465408709126515,tomato blight
multiple leaf dataset/tomato leaf/tomato blight/tomato blight (197).jpg,17592401390153256313,tomato blight
multiple leaf dataset/tomato leaf/tomato blight/tomato blight (198).jpg,17306435694929734002,tomato blight
multiple leaf dataset/tomato leaf/tomato blight/tomato blight (199).jpg,18199260967889940633,tomato blight
multiple leaf dataset/tomato leaf/tomato blight/tomato blight (2).jpg,17332049943613184451,tomato blight
multiple leaf dataset/tomato leaf/tomato blight/tomato blight (20).jpg,12948074108721876036,tomato blight
multiple leaf dataset/tomato leaf/tomato blight/tomato blight (200).jpg,17624982068634460729,tomato blight
multiple leaf dataset/tomato leaf/tomato blight/tomato blight (201).jpg,16190611975595910754,tomato blight
multiple leaf dataset/tomato leaf/tomato blight/tomato blight (202).jpg,16190610860514581582,tomato blight
multiple leaf dataset/tomato leaf/tomato blight/tomato blight (203).jpg,16263513985286696082,tomato blight
multiple leaf dataset/tomato leaf/tomato blight/tomato blight (204).jpg,17337116277972636012,tomato blight
multiple leaf dataset/tomato leaf/tomato blight/tomato blight (205).jpg,12869543801339124620,tomato blight
multiple leaf dataset/tomato leaf/tomato blight/tomato blight (206).jpg,17481228582815938876,tomato blight
multiple leaf dataset/tomato leaf/tomato blight/tomato blight (207).jpg,17562011905437341752,tomato blight
multiple leaf dataset/tomato leaf/tomato blight/tomato blight (208).jpg,17560323138456947592,tomato blight
multiple leaf dataset/tomato leaf/tomato blight/tomato blight (209).jpg,12912610515419433420,tomato blight
multiple leaf dataset/tomato leaf/tomato blight/tomato blight (21).jpg,12948773450496543197,tomato blight
multiple leaf dataset/tomato leaf/tomato blight/tomato blight (210).jpg,12768776802559367364,tomato blight
multiple leaf dataset/tomato leaf/tomato blight/tomato blight (211).jpg,17341057144531458247,tomato blight
multiple leaf dataset/tomato leaf/tomato blight/tomato blight (212).jpg,12728245226201430215,tomato blight
multiple leaf dataset/tomato leaf/tomato blight/tomato blight (213).jpg,17304746872942827873,tomato blight
multiple leaf dataset/tomato leaf/tomato blight/tomato blight (214).jpg,16439773176423238427,tomato blight
multiple leaf dataset/tomato leaf/tomato blight/tomato blight (215).jpg,16225852194118421298,tomato blight
multiple leaf dataset/tomato leaf/tomato blight/tomato blight (216).jpg,16260702281409480236,tomato blight
multiple leaf dataset/tomato leaf/tomato blight/tomato blight (217).jpg,16257597114409248536,tomato blight
multiple leaf dataset/tomato leaf/tomato blight/tomato blight (218).jpg,16264986183910352737,tomato blight
multiple leaf dataset/tomato leaf/tomato blight/tomato blight (219).jpg,16803096027287010406,tomato blight
multiple leaf dataset/tomato leaf/tomato blight/tomato blight (22).jpg,12948777848543054297,tomato blight
multiple leaf dataset/tomato leaf/tomato blight/tomato blight (220).jpg,16948053410758224228,tomato blight
multiple leaf dataset/tomato leaf/tomato blight/tomato blight (221).jpg,16371588329127529932,tomato blight
multiple leaf dataset/tomato leaf/tomato blight/tomato blight (222).jpg,16515704550344707526,tomato blight
multiple leaf dataset/tomato leaf/tomato blight/tomato blight (223).jpg,16659821951418721307,tomato blight
multiple leaf dataset/tomato leaf/tomato blight/tomato blight (224).jpg,16614861260918135142,tomato blight
multiple leaf dataset/tomato leaf/tomato blight/tomato blight (225).jpg,16616831585754650982,tomato blight
multiple leaf dataset/tomato leaf/tomato blight/tomato blight (226).jpg,16468707483794709302,tomato blight
multiple leaf dataset/tomato leaf/tomato blight/tomato blight (227).jpg,16539919553424405396,tomato blight
multiple leaf dataset/tomato leaf/tomato blight/tomato blight (228).jpg,16541046552842876038,tomato blight
multiple leaf dataset/tomato leaf/tomato blight/tomato blight (229).jpg,16684036384702751789,tomato blight
multiple leaf dataset/tomato leaf/tomato blight/tomato blight (23).jpg,12948073829525501489,tomato blight
multiple leaf dataset/tomato leaf/tomato blight/tomato blight (230).jpg,16253098737388441305,tomato blight
multiple leaf dataset/tomato leaf/tomato blight/tomato blight (231).jpg,16257605846091337034,tomato blight
multiple leaf dataset/tomato leaf/tomato blight/tomato blight (232).jpg,16255354046276543962,tomato blight
multiple leaf dataset/tomato leaf/tomato blight/tomato blight (233).jpg,16255351889313749645,tomato blight
multiple leaf dataset/tomato leaf/tomato blight/tomato blight (234).jpg,12734149803573667633,tomato blight
multiple leaf dataset/tomato leaf/tomato blight/tomato blight (235).jpg,12725428060925211609,tomato blight
multiple leaf dataset/tomato leaf/tomato blight/tomato blight (236).jpg,16614849703139619687,tomato blight
multiple leaf dataset/tomato leaf/tomato blight/tomato blight (237).jpg,13165087991427504280,tomato blight
multiple leaf dataset/tomato leaf/tomato blight/tomato blight (238).jpg,12912045271924262860,tomato blight
multiple leaf dataset/tomato leaf/tomato blight/tomato blight (239).jpg,16367995104898096076,tomato blight
multiple leaf dataset/tomato leaf/tomato blight/tomato blight (24).jpg,12949762677636739641,tomato blight
multiple leaf dataset/tomato leaf/tomato blight/tomato blight (240).jpg,16367994864443921356,tomato blight
multiple leaf dataset/tomato leaf/tomato blight/tomato blight (241).jpg,16584167636206000441,tomato blight
multiple leaf dataset/tomato leaf/tomato blight/tomato blight (242).jpg,16484193045149598007,tomato blight
multiple leaf dataset/tomato leaf/tomato blight/tomato blight (243).jpg,16493270613150614052,tomato blight
multiple leaf dataset/tomato leaf/tomato blight/tomato blight (244).jpg,16492704364794438432,tomato blight
multiple leaf dataset/tomato leaf/tomato blight/tomato blight (245).jpg,13160023468182932417,tomato blight
multiple leaf dataset/tomato leaf/tomato blight/tomato blight (246).jpg,13160023056931956644,tomato blight
multiple leaf dataset/tomato leaf/tomato blight/tomato blight (247).jpg,17773960735318157284,tomato blight
multiple leaf dataset/tomato leaf/tomato blight/tomato blight (248).jpg,13162292446511572946,tomato blight
multiple leaf dataset/tomato leaf/tomato blight/tomato blight (249).jpg,16621055861093115844,tomato blight
multiple leaf dataset/tomato leaf/tomato blight/tomato blight (25).jpg,12948918314457654820,tomato blight
multiple leaf dataset/tomato leaf/tomato blight/tomato blight (250).jpg,16476931879088500612,tomato blight
multiple leaf dataset/tomato leaf/tomato blight/tomato blight (251).jpg,12000283481002643192,tomato blight
multiple leaf dataset/tomato leaf/tomato blight/tomato blight (252).jpg,12072129964372561904,tomato blight
multiple leaf dataset/tomato leaf/tomato blight/tomato blight (253).jpg,12073537288466034831,tomato blight
multiple leaf dataset/tomato leaf/tomato blight/tomato blight (254).jpg,12082243908726124780,tomato blight
multiple leaf dataset/tomato leaf/tomato blight/tomato blight (255).jpg,12082545174908973676,tomato blight
multiple leaf dataset/tomato leaf/tomato blight/tomato blight (256).jpg,13087111840622130716,tomato blight
multiple leaf dataset/tomato leaf/tomato blight/tomato blight (257).jpg,13636506879215067942,tomato blight
multiple leaf dataset/tomato leaf/tomato blight/tomato blight (258).jpg,13636511110579931521,tomato blight
multiple leaf dataset/tomato leaf/tomato blight/tomato blight (259).jpg,13564454540086134370,tomato blight
multiple leaf dataset/tomato leaf/tomato blight/tomato blight (26).jpg,12008295193454058988,tomato blight
multiple leaf dataset/tomato leaf/tomato blight/tomato blight (260).jpg,13022878939683906499,tomato blight
multiple leaf dataset/tomato leaf/tomato blight/tomato blight (261).jpg,13013379155025617859,tomato blight
multiple leaf dataset/tomato leaf/tomato blight/tomato blight (262).jpg,12734154877677523910,tomato blight
multiple leaf dataset/tomato leaf/tomato blight/tomato blight (263).jpg,12734380314790225048,tomato blight
multiple leaf dataset/tomato leaf/tomato blight/tomato blight (264).jpg,11651826970242082195,tomato blight
multiple leaf dataset/tomato leaf/tomato blight/tomato blight (265).jpg,16695580919100904201,tomato blight
multiple leaf dataset/tomato leaf/tomato blight/tomato blight (266).jpg,16476030484544787209,tomato blight
multiple leaf dataset/tomato leaf/tomato blight/tomato blight (267).jpg,16541044903429696146,tomato blight
multiple leaf dataset/tomato leaf/tomato blight/tomato blight (268).jpg,16541044353808099986,tomato blight
multiple leaf dataset/tomato leaf/tomato blight/tomato blight (269).jpg,16619653251227914633,tomato blight
multiple leaf dataset/tomato leaf/tomato blight/tomato blight (27).jpg,12008454347745216973,tomato blight
multiple leaf dataset/tomato leaf/tomato blight/tomato blight (270).jpg,16620198606898172300,tomato blight
multiple leaf dataset/tomato leaf/tomato blight/tomato blight (271).jpg,12948916081171994828,tomato blight
multiple leaf dataset/tomato leaf/tomato blight/tomato blight (272).jpg,12948358628775464134,tomato blight
multiple leaf dataset/tomato leaf/tomato blight/tomato blight (273).jpg,12948356438342143174,tomato blight
multiple leaf dataset/tomato leaf/tomato blight/tomato blight (274).jpg,12866440478676524070,tomato blight
multiple leaf dataset/tomato leaf/tomato blight/tomato blight (275).jpg,16478138606550606870,tomato blight
multiple leaf dataset/tomato leaf/tomato blight/tomato blight (276).jpg,16482642206179025938,tomato blight
multiple leaf dataset/tomato leaf/tomato blight/tomato blight (277).jpg,16626755195198317078,tomato blight
multiple leaf dataset/tomato leaf/tomato blight/tomato blight (278).jpg,16617468866018546188,tomato blight
multiple leaf dataset/tomato leaf/tomato blight/tomato blight (279).jpg,16482360877197296188,tomato blight
multiple leaf dataset/tomato leaf/tomato blight/tomato blight (28).jpg,12008365287303584237,tomato blight
multiple leaf dataset/tomato leaf/tomato blight/tomato blight (280).jpg,16481375452388410445,tomato blight
multiple leaf dataset/tomato leaf/tomato blight/tomato blight (281).jpg,16472227240885455250,tomato blight
multiple leaf dataset/tomato leaf/tomato blight/tomato blight (282).jpg,16396510201499732121,tomato blight
multiple leaf dataset/tomato leaf/tomato blight/tomato blight (283).jpg,16252392865982433433,tomato blight
multiple leaf dataset/tomato leaf/tomato blight/tomato blight (284).jpg,16180902619942259672,tomato blight
multiple leaf dataset/tomato leaf/tomato blight/tomato blight (285).jpg,16186672889192516555,tomato blight
multiple leaf dataset/tomato leaf/tomato blight/tomato blight (286).jpg,16204196758673632906,tomato blight
multiple leaf dataset/tomato leaf/tomato blight/tomato blight (287).jpg,16186109939231331214,tomato blight
multiple leaf dataset/tomato leaf/tomato blight/tomato blight (288).jpg,17405507882478587033,tomato blight
multiple leaf dataset/tomato leaf/tomato blight/tomato blight (289).jpg,17405511593297268620,tomato blight
multiple leaf dataset/tomato leaf/tomato blight/tomato blight (29).jpg,12008369672483687545,tomato blight
multiple leaf dataset/tomato leaf/tomato blight/tomato blight (290).jpg,17340775672119060934,tomato blight
multiple leaf dataset/tomato leaf/tomato blight/tomato blight (3).jpg,17341057142800792003,tomato blight
multiple leaf dataset/tomato leaf/tomato blight/tomato blight (30).jpg,12008369674731637961,tomato blight
multiple leaf dataset/tomato leaf/tomato blight/tomato blight (31).jpg,11972343091759924685,tomato blight
multiple leaf dataset/tomato leaf/tomato blight/tomato blight (32).jpg,12008510414894910745,tomato blight
multiple leaf dataset/tomato leaf/tomato blight/tomato blight (33).jpg,11863845480306651878,tomato blight
multiple leaf dataset/tomato leaf/tomato blight/tomato blight (34).jpg,12008506017560082534,tomato blight
multiple leaf dataset/tomato leaf/tomato blight/tomato blight (35).jpg,12008511514278567730,tomato blight
multiple leaf dataset/tomato leaf/tomato blight/tomato blight (36).jpg,13161433018885413682,tomato blight
multiple leaf dataset/tomato leaf/tomato blight/tomato blight (37).jpg,12008511514278599474,tomato blight
multiple leaf dataset/tomato leaf/tomato blight/tomato blight (38).jpg,13161433019010105747,tomato blight
multiple leaf dataset/tomato leaf/tomato blight/tomato blight (39).jpg,11828369728331826067,tomato blight
multiple leaf dataset/tomato leaf/tomato blight/tomato blight (4).jpg,17341057142767237555,tomato blight
multiple leaf dataset/tomato leaf/tomato blight/tomato blight (40).jpg,11863831185823352678,tomato blight
multiple leaf dataset/tomato leaf/tomato blight/tomato blight (41).jpg,11863831185823352678,tomato blight
multiple leaf dataset/tomato leaf/tomato blight/tomato blight (42).jpg,11863831185823352684,tomato blight
multiple leaf dataset/tomato leaf/tomato blight/tomato blight (43).jpg,11864130248690984805,tomato blight
multiple leaf dataset/tomato leaf/tomato blight/tomato blight (44).jpg,11864130248690985295,tomato blight
multiple leaf dataset/tomato leaf/tomato blight/tomato blight (45).jpg,11863848773714275687,tomato blight
multiple leaf dataset/tomato leaf/tomato blight/tomato blight (46).jpg,11863831185823198567,tomato blight
multiple leaf dataset/tomato leaf/tomato blight/tomato blight (47).jpg,11900159045777045865,tomato blight
multiple leaf dataset/tomato leaf/tomato blight/tomato blight (48).jpg,11826975554251614585,tomato blight
multiple leaf dataset/tomato leaf/tomato blight/tomato blight (49).jpg,16510718082774821172,tomato blight
multiple leaf dataset/tomato leaf/tomato blight/tomato blight (5).jpg,17340494193954730291,tomato blight
multiple leaf dataset/tomato leaf/tomato blight/tomato blight (50).jpg,16515149106195935540,tomato blight
multiple leaf dataset/tomato leaf/tomato blight/tomato blight (51).jpg,16511208456505221925,tomato blight
multiple leaf dataset/tomato leaf/tomato blight/tomato blight (52).jpg,16261610477015888742,tomato blight
multiple leaf dataset/tomato leaf/tomato blight/tomato blight (53).jpg,16259363075248714598,tomato blight
multiple leaf dataset/tomato leaf/tomato blight/tomato blight (54).jpg,16259363074982376294,tomato blight
multiple leaf dataset/tomato leaf/tomato blight/tomato blight (55).jpg,16261610481042420582,tomato blight
multiple leaf dataset/tomato leaf/tomato blight/tomato blight (56).jpg,16261610481042420582,tomato blight
multiple leaf dataset/tomato leaf/tomato blight/tomato blight (57).jpg,16261610468442731366,tomato blight
multiple leaf dataset/tomato leaf/tomato blight/tomato blight (58).jpg,16261610468442731366,tomato blight
multiple leaf dataset/tomato leaf/tomato blight/tomato blight (59).jpg,16549840844527335782,tomato blight
multiple leaf dataset/tomato leaf/tomato blight/tomato blight (6).jpg,12800301719831950130,tomato blight
multiple leaf dataset/tomato leaf/tomato blight/tomato blight (60).jpg,16549840844527335782,tomato blight
multiple leaf dataset/tomato leaf/tomato blight/tomato blight (61).jpg,16550410391516961122,tomato blight
multiple leaf dataset/tomato leaf/tomato blight/tomato blight (62).jpg,16550410391516961122,tomato blight
multiple leaf dataset/tomato leaf/tomato blight/tomato blight (63).jpg,16548158626063141666,tomato blight
multiple leaf dataset/tomato leaf/tomato blight/tomato blight (64).jpg,16548158626063141666,tomato blight
multiple leaf dataset/tomato leaf/tomato blight/tomato blight (65).jpg,16550410391516830308,tomato blight
multiple leaf dataset/tomato leaf/tomato blight/tomato blight (66).jpg,16550410392590568996,tomato blight
multiple leaf dataset/tomato leaf/tomato blight/tomato blight (67).jpg,16549847442637180452,tomato blight
multiple leaf dataset/tomato leaf/tomato blight/tomato blight (68).jpg,16547595676245804580,tomato blight
multiple leaf dataset/tomato leaf/tomato blight/tomato blight (69).jpg,16548154228152583718,tomato blight
multiple leaf dataset/tomato leaf/tomato blight/tomato blight (7).jpg,17411987738259329842,tomato blight
multiple leaf dataset/tomato leaf/tomato blight/tomato blight (70).jpg,11863549715262596646,tomato blight
multiple leaf dataset/tomato leaf/tomato blight/tomato blight (71).jpg,11863549715260106294,tomato blight
multiple leaf dataset/tomato leaf/tomato blight/tomato blight (72).jpg,16474970739308742182,tomato blight
multiple leaf dataset/tomato leaf/tomato blight/tomato blight (73).jpg,16478911337439274598,tomato blight
multiple leaf dataset/tomato leaf/tomato blight/tomato blight (74).jpg,16442883648588953638,tomato blight
multiple leaf dataset/tomato leaf/tomato blight/tomato blight (75).jpg,16442883701781664028,tomato blight
multiple leaf dataset/tomato leaf/tomato blight/tomato blight (76).jpg,16442883650242187556,tomato blight
multiple leaf dataset/tomato leaf/tomato blight/tomato blight (77).jpg,11831197902397739364,tomato blight
multiple leaf dataset/tomato leaf/tomato blight/tomato blight (78).jpg,13164260922358870116,tomato blight
multiple leaf dataset/tomato leaf/tomato blight/tomato blight (79).jpg,13164261195626131494,tomato blight
multiple leaf dataset/tomato leaf/tomato blight/tomato blight (8).jpg,12732749047331722033,tomato blight
multiple leaf dataset/tomato leaf/tomato blight/tomato blight (80).jpg,12011339686724330598,tomato blight
multiple leaf dataset/tomato leaf/tomato blight/tomato blight (81).jpg,12011621161684395058,tomato blight
multiple leaf dataset/tomato leaf/tomato blight/tomato blight (82).jpg,12011621153220290098,tomato blight
multiple leaf dataset/tomato leaf/tomato blight/tomato blight (83).jpg,12011620877781001875,tomato blight
multiple leaf dataset/tomato leaf/tomato blight/tomato blight (84).jpg,11976155099434935846,tomato blight
multiple leaf dataset/tomato leaf/tomato blight/tomato blight (85).jpg,16587841117862323842,tomato blight
multiple leaf dataset/tomato leaf/tomato blight/tomato blight (86).jpg,16583339700094854198,tomato blight
multiple leaf dataset/tomato leaf/tomato blight/tomato blight (87).jpg,16584465608591615014,tomato blight
multiple leaf dataset/tomato leaf/tomato blight/tomato blight (88).jpg,16584184099725977123,tomato blight
multiple leaf dataset/tomato leaf/tomato blight/tomato blight (89).jpg,16584184099721786917,tomato blight
multiple leaf dataset/tomato leaf/tomato blight/tomato blight (9).jpg,17344153590912422713,tomato blight
multiple leaf dataset/tomato leaf/tomato blight/tomato blight (90).jpg,16584183000214377062,tomato blight
multiple leaf dataset/tomato leaf/tomato blight/tomato blight (91).jpg,16475534763006441033,tomato blight
multiple leaf dataset/tomato leaf/tomato blight/tomato blight (92).jpg,16619647888961250889,tomato blight
multiple leaf dataset/tomato leaf/tomato blight/tomato blight (93).jpg,12010213112068908745,tomato blight
multiple leaf dataset/tomato leaf/tomato blight/tomato blight (94).jpg,12001205921403594441,tomato blight
multiple leaf dataset/tomato leaf/tomato blight/tomato blight (95).jpg,16612891940301203017,tomato blight
multiple leaf dataset/tomato leaf/tomato blight/tomato blight (96).jpg,16477783951379424905,tomato blight
multiple leaf dataset/tomato leaf/tomato blight/tomato blight (97).jpg,16439503767132137060,tomato blight
multiple leaf dataset/tomato leaf/tomato blight/tomato blight (98).jpg,16477784501402609196,tomato blight
multiple leaf dataset/tomato leaf/tomato blight/tomato blight (99).jpg,16477784362890192484,tomato blight
multiple leaf dataset/tomato leaf/tomato curl virus/tomato curl virus (1).jpg,16477715782564516243,tomato curl virus
multiple leaf dataset/tomato leaf/tomato curl virus/tomato curl virus (10).jpg,12077471558587134916,tomato curl virus
multiple leaf dataset/tomato leaf/tomato curl virus/tomato curl virus (100).jpg,16639843582325987721,tomato curl virus
multiple leaf dataset/tomato leaf/tomato curl virus/tomato curl virus (101).jpg,16623799203814755494,tomato curl virus
multiple leaf dataset/tomato leaf/tomato curl virus/tomato curl virus (102).jpg,16623799203832319116,tomato curl virus
multiple leaf dataset/tomato leaf/tomato curl virus/tomato curl virus (103).jpg,16623799203828190348,tomato curl virus
multiple leaf dataset/tomato leaf/tomato curl virus/tomato curl virus (104).jpg,16620140033426002329,tomato curl virus
multiple leaf dataset/tomato leaf/tomato curl virus/tomato curl virus (105).jpg,16619576825801317321,tomato curl virus
multiple leaf dataset/tomato leaf/tomato curl virus/tomato curl virus (106).jpg,16620196207323265433,tomato curl virus
multiple leaf dataset/tomato leaf/tomato curl virus/tomato curl virus (107).jpg,16619633484982293401,tomato curl virus
multiple leaf dataset/tomato leaf/tomato curl virus/tomato curl virus (108).jpg,16637647881344963481,tomato curl virus
multiple leaf dataset/tomato leaf/tomato curl virus/tomato curl virus (109).jpg,16566940597542594108,tomato curl virus
multiple leaf dataset/tomato leaf/tomato curl virus/tomato curl virus (11).jpg,12011902628803670819,tomato curl virus
multiple leaf dataset/tomato leaf/tomato curl virus/tomato curl virus (110).jpg,16350767677992961734,tomato curl virus
multiple leaf dataset/tomato leaf/tomato curl virus/tomato curl virus (111).jpg,16351330645150352974,tomato curl virus
multiple leaf dataset/tomato leaf/tomato curl virus/tomato curl virus (112).jpg,16351335032464034380,tomato curl virus
multiple leaf dataset/tomato leaf/tomato curl virus/tomato curl virus (113).jpg,16829272524998952780,tomato curl virus
multiple leaf dataset/tomato leaf/tomato curl virus/tomato curl virus (114).jpg,16903582125826756248,tomato curl virus
multiple leaf dataset/tomato leaf/tomato curl virus/tomato curl virus (115).jpg,16903579960224696217,tomato curl virus
multiple leaf dataset/tomato leaf/tomato curl virus/tomato curl virus (116).jpg,16831524565210023825,tomato curl virus
multiple leaf dataset/tomato leaf/tomato curl virus/tomato curl virus (117).jpg,12510650546213668818,tomato curl virus
multiple leaf dataset/tomato leaf/tomato curl virus/tomato curl virus (118).jpg,12517925345430084662,tomato curl virus
multiple leaf dataset/tomato leaf/tomato curl virus/tomato curl virus (119).jpg,11644793953401191963,tomato curl virus
multiple leaf dataset/tomato leaf/tomato curl virus/tomato curl virus (12).jpg,12004865921352217380,tomato curl virus
multiple leaf dataset/tomato leaf/tomato curl virus/tomato curl virus (120).jpg,11644846729162406729,tomato curl virus
multiple leaf dataset/tomato leaf/tomato curl virus/tomato curl virus (121).jpg,11642539983833742137,tomato curl virus
multiple leaf dataset/tomato leaf/tomato curl virus/tomato curl virus (122).jpg,16263510133270983291,tomato curl virus
multiple leaf dataset/tomato leaf/tomato curl virus/tomato curl virus (123).jpg,11642803868769860409,tomato curl virus
multiple leaf dataset/tomato leaf/tomato curl virus/tomato curl virus (124).jpg,12084169679876017970,tomato curl virus
multiple leaf dataset/tomato leaf/tomato curl virus/tomato curl virus (125).jpg,16261546705392595812,tomato curl virus
multiple leaf dataset/tomato leaf/tomato curl virus/tomato curl virus (126).jpg,16261546723410404644,tomato curl virus
multiple leaf dataset/tomato leaf/tomato curl virus/tomato curl virus (127).jpg,11648453347253761586,tomato curl virus
multiple leaf dataset/tomato leaf/tomato curl virus/tomato curl virus (128).jpg,12731900238316205617,tomato curl virus
multiple leaf dataset/tomato leaf/tomato curl virus/tomato curl virus (129).jpg,12731900237243639346,tomato curl virus
multiple leaf dataset/tomato leaf/tomato curl virus/tomato curl virus (13).jpg,12945259138976933836,tomato curl virus
multiple leaf dataset/tomato leaf/tomato curl virus/tomato curl virus (130).jpg,12734433477664846745,tomato curl virus
multiple leaf dataset/tomato leaf/tomato curl virus/tomato curl virus (131).jpg,12869543775475022620,tomato curl virus
multiple leaf dataset/tomato leaf/tomato curl virus/tomato curl virus (132).jpg,12798321810403440691,tomato curl virus
multiple leaf dataset/tomato leaf/tomato curl virus/tomato curl virus (133).jpg,13298784341426125873,tomato curl virus
multiple leaf dataset/tomato leaf/tomato curl virus/tomato curl virus (134).jpg,12722615236309432497,tomato curl virus
multiple leaf dataset/tomato leaf/tomato curl virus/tomato curl virus (135).jpg,16775230429820323436,tomato curl virus
multiple leaf dataset/tomato leaf/tomato curl virus/tomato curl virus (136).jpg,16757214931812035801,tomato curl virus
multiple leaf dataset/tomato leaf/tomato curl virus/tomato curl virus (137).jpg,16827020760366542488,tomato curl virus
multiple leaf dataset/tomato leaf/tomato curl virus/tomato curl virus (138).jpg,16421132066421903977,tomato curl virus
multiple leaf dataset/tomato leaf/tomato curl virus/tomato curl virus (139).jpg,13022399692821589044,tomato curl virus
multiple leaf dataset/tomato leaf/tomato curl virus/tomato curl virus (14).jpg,11791792285113999820,tomato curl virus
multiple leaf dataset/tomato leaf/tomato curl virus/tomato curl virus (140).jpg,12734151986477123122,tomato curl virus
multiple leaf dataset/tomato leaf/tomato curl virus/tomato curl virus (141).jpg,12729595627605209657,tomato curl virus
multiple leaf dataset/tomato leaf/tomato curl virus/tomato curl virus (142).jpg,12806155755044873777,tomato curl virus
multiple leaf dataset/tomato leaf/tomato curl virus/tomato curl virus (143).jpg,12734099260502320737,tomato curl virus
multiple leaf dataset/tomato leaf/tomato curl virus/tomato curl virus (144).jpg,12084172432799982664,tomato curl virus
multiple leaf dataset/tomato leaf/tomato curl virus/tomato curl virus (145).jpg,16620141659071016393,tomato curl virus
multiple leaf dataset/tomato leaf/tomato curl virus/tomato curl virus (146).jpg,12008455393418751321,tomato curl virus
multiple leaf dataset/tomato leaf/tomato curl virus/tomato curl virus (147).jpg,16620211772263578009,tomato curl virus
multiple leaf dataset/tomato leaf/tomato curl virus/tomato curl virus (148).jpg,16622111754125981238,tomato curl virus
multiple leaf dataset/tomato leaf/tomato curl virus/tomato curl virus (149).jpg,12873204843548547480,tomato curl virus
multiple leaf dataset/tomato leaf/tomato curl virus/tomato curl virus (15).jpg,11956085676212953550,tomato curl virus
multiple leaf dataset/tomato leaf/tomato curl virus/tomato curl virus (150).jpg,12728526711954174311,tomato curl virus
multiple leaf dataset/tomato leaf/tomato curl virus/tomato curl virus (151).jpg,11867788554049173041,tomato curl virus
multiple leaf dataset/tomato leaf/tomato curl virus/tomato curl virus (152).jpg,12875960448080268425,tomato curl virus
multiple leaf dataset/tomato leaf/tomato curl virus/tomato curl virus (153).jpg,12011549695090150553,tomato curl virus
multiple leaf dataset/tomato leaf/tomato curl virus/tomato curl virus (154).jpg,16690791699984337929,tomato curl virus
multiple leaf dataset/tomato leaf/tomato curl virus/tomato curl virus (155).jpg,16692548668009057932,tomato curl virus
multiple leaf dataset/tomato leaf/tomato curl virus/tomato curl virus (156).jpg,16692267193032363209,tomato curl virus
multiple leaf dataset/tomato leaf/tomato curl virus/tomato curl virus (157).jpg,16692271590978132425,tomato curl virus
multiple leaf dataset/tomato leaf/tomato curl virus/tomato curl virus (158).jpg,16692199023328184777,tomato curl virus
multiple leaf dataset/tomato leaf/tomato curl virus/tomato curl virus (159).jpg,16439491718762060089,tomato curl virus
multiple leaf dataset/tomato leaf/tomato curl virus/tomato curl virus (16).jpg,11647943164362451763,tomato curl virus
multiple leaf dataset/tomato leaf/tomato curl virus/tomato curl virus (160).jpg,16547806791074001436,tomato curl virus
multiple leaf dataset/tomato leaf/tomato curl virus/tomato curl virus (161).jpg,11938368140054062700,tomato curl virus
multiple leaf dataset/tomato leaf/tomato curl virus/tomato curl virus (162).jpg,16550058573679846245,tomato curl virus
multiple leaf dataset/tomato leaf/tomato curl virus/tomato curl virus (163).jpg,16276464899227916899,tomato curl virus
multiple leaf dataset/tomato leaf/tomato curl virus/tomato curl virus (164).jpg,16544142778438044107,tomato curl virus
multiple leaf dataset/tomato leaf/tomato curl virus/tomato curl virus (165).jpg,16539920651660961997,tomato curl virus
multiple leaf dataset/tomato leaf/tomato curl virus/tomato curl virus (166).jpg,11947094543803296921,tomato curl virus
multiple leaf dataset/tomato leaf/tomato curl virus/tomato curl virus (167).jpg,16559342411596655769,tomato curl virus
multiple leaf dataset/tomato leaf/tomato curl virus/tomato curl virus (168).jpg,11874478409919325126,tomato curl virus
multiple leaf dataset/tomato leaf/tomato curl virus/tomato curl virus (169).jpg,13027382390809244358,tomato curl virus
multiple leaf dataset/tomato leaf/tomato curl virus/tomato curl virus (17).jpg,11936173549198467890,tomato curl virus
multiple leaf dataset/tomato leaf/tomato curl virus/tomato curl virus (170).jpg,12721489653121364687,tomato curl virus
multiple leaf dataset/tomato leaf/tomato curl virus/tomato curl virus (171).jpg,12734156401816777265,tomato curl virus
multiple leaf dataset/tomato leaf/tomato curl virus/tomato curl virus (172).jpg,11645128197676407196,tomato curl virus
multiple leaf dataset/tomato leaf/tomato curl virus/tomato curl virus (173).jpg,11950914807349441225,tomato curl virus
multiple leaf dataset/tomato leaf/tomato curl virus/tomato curl virus (174).jpg,16544763115228009420,tomato curl virus
multiple leaf dataset/tomato leaf/tomato curl virus/tomato curl virus (175).jpg,16551461786758964882,tomato curl virus
multiple leaf dataset/tomato leaf/tomato curl virus/tomato curl virus (176).jpg,16551461786756851379,tomato curl virus
multiple leaf dataset/tomato leaf/tomato curl virus/tomato curl virus (177).jpg,11934713397753964391,tomato curl virus
multiple leaf dataset/tomato leaf/tomato curl virus/tomato curl virus (178).jpg,16511773545298664557,tomato curl virus
multiple leaf dataset/tomato leaf/tomato curl virus/tomato curl virus (179).jpg,11903183757464132652,tomato curl virus
multiple leaf dataset/tomato leaf/tomato curl virus/tomato curl virus (18).jpg,11575885570419156790,tomato curl virus
multiple leaf dataset/tomato leaf/tomato curl virus/tomato curl virus (180).jpg,16551461510112176420,tomato curl virus
multiple leaf dataset/tomato leaf/tomato curl virus/tomato curl virus (181).jpg,16547230655856733478,tomato curl virus
multiple leaf dataset/tomato leaf/tomato curl virus/tomato curl virus (182).jpg,16695856247330842163,tomato curl virus
multiple leaf dataset/tomato leaf/tomato curl virus/tomato curl virus (183).jpg,12876030814744004227,tomato curl virus
multiple leaf dataset/tomato leaf/tomato curl virus/tomato curl virus (184).jpg,16695293296881968717,tomato curl virus
multiple leaf dataset/tomato leaf/tomato curl virus/tomato curl virus (185).jpg,16616198421675920566,tomato curl virus
multiple leaf dataset/tomato leaf/tomato curl virus/tomato curl virus (186).jpg,16617326194188570006,tomato curl virus
multiple leaf dataset/tomato leaf/tomato curl virus/tomato curl virus (187).jpg,16616200569159666866,tomato curl virus
multiple leaf dataset/tomato leaf/tomato curl virus/tomato curl virus (188).jpg,16477712485132232332,tomato curl virus
multiple leaf dataset/tomato leaf/tomato curl virus/tomato curl virus (189).jpg,16540765078671468236,tomato curl virus
multiple leaf dataset/tomato leaf/tomato curl virus/tomato curl virus (19).jpg,11647881600396216163,tomato curl virus
multiple leaf dataset/tomato leaf/tomato curl virus/tomato curl virus (190).jpg,16551463983132545817,tomato curl virus
multiple leaf dataset/tomato leaf/tomato curl virus/tomato curl virus (191).jpg,16529227185098889881,tomato curl virus
multiple leaf dataset/tomato leaf/tomato curl virus/tomato curl virus (192).jpg,11844711690808381324,tomato curl virus
multiple leaf dataset/tomato leaf/tomato curl virus/tomato curl virus (193).jpg,11919790810378965657,tomato curl virus
multiple leaf dataset/tomato leaf/tomato curl virus/tomato curl virus (194).jpg,12063340849477686937,tomato curl virus
multiple leaf dataset/tomato leaf/tomato curl virus/tomato curl virus (195).jpg,17062891822274209354,tomato curl virus
multiple leaf dataset/tomato leaf/tomato curl virus/tomato curl virus (196).jpg,16665738189781824106,tomato curl virus
multiple leaf dataset/tomato leaf/tomato curl virus/tomato curl virus (197).jpg,17179149646880739938,tomato curl virus
multiple leaf dataset/tomato leaf/tomato curl virus/tomato curl virus (198).jpg,17179149646611780214,tomato curl virus
multiple leaf dataset/tomato leaf/tomato curl virus/tomato curl virus (199).jpg,12747104047803741158,tomato curl virus
multiple leaf dataset/tomato leaf/tomato curl virus/tomato curl virus (2).jpg,16585800524253246099,tomato curl virus
multiple leaf dataset/tomato leaf/tomato curl virus/tomato curl virus (20).jpg,11647600130519778919,tomato curl virus
multiple leaf dataset/tomato leaf/tomato curl virus/tomato curl virus (200).jpg,16259576414922683188,tomato curl virus
multiple leaf dataset/tomato leaf/tomato curl virus/tomato curl virus (201).jpg,16547806792147609188,tomato curl virus
multiple leaf dataset/tomato leaf/tomato curl virus/tomato curl virus (202).jpg,12095148195266328713,tomato curl virus
multiple leaf dataset/tomato leaf/tomato curl virus/tomato curl virus (203).jpg,11951034583464428729,tomato curl virus
multiple leaf dataset/tomato leaf/tomato curl virus/tomato curl virus (204).jpg,11946528716092196540,tomato curl virus
multiple leaf dataset/tomato leaf/tomato curl virus/tomato curl virus (205).jpg,11946528578655471256,tomato curl virus
multiple leaf dataset/tomato leaf/tomato curl virus/tomato curl virus (206).jpg,16544703733772752525,tomato curl virus
multiple leaf dataset/tomato leaf/tomato curl virus/tomato curl virus (207).jpg,16544703781016868553,tomato curl virus
multiple leaf dataset/tomato leaf/tomato curl virus/tomato curl virus (208).jpg,16686567160655521499,tomato curl virus
multiple leaf dataset/tomato leaf/tomato curl virus/tomato curl virus (209).jpg,16686567160722629851,tomato curl virus
multiple leaf dataset/tomato leaf/tomato curl virus/tomato curl virus (21).jpg,11652103936335256966,tomato curl virus
multiple leaf dataset/tomato leaf/tomato curl virus/tomato curl virus (210).jpg,16686848634558506905,tomato curl virus
multiple leaf dataset/tomato leaf/tomato curl virus/tomato curl virus (211).jpg,16695855697481590323,tomato curl virus
multiple leaf dataset/tomato leaf/tomato curl virus/tomato curl virus (212).jpg,16614509569906206355,tomato curl virus
multiple leaf dataset/tomato leaf/tomato curl virus/tomato curl virus (213).jpg,16552591527980601672,tomato curl virus
multiple leaf dataset/tomato leaf/tomato curl virus/tomato curl virus (214).jpg,16552592090618990873,tomato curl virus
multiple leaf dataset/tomato leaf/tomato curl virus/tomato curl virus (215).jpg,16617049864579058834,tomato curl virus
multiple leaf dataset/tomato leaf/tomato curl virus/tomato curl virus (216).jpg,16617049864579058834,tomato curl virus
multiple leaf dataset/tomato leaf/tomato curl virus/tomato curl virus (217).jpg,16616205439648995729,tomato curl virus
multiple leaf dataset/tomato leaf/tomato curl virus/tomato curl virus (218).jpg,16616205439648995729,tomato curl virus
multiple leaf dataset/tomato leaf/tomato curl virus/tomato curl virus (219).jpg,16611701840021633425,tomato curl virus
multiple leaf dataset/tomato leaf/tomato curl virus/tomato curl virus (22).jpg,11651818071414748470,tomato curl virus
multiple leaf dataset/tomato leaf/tomato curl virus/tomato curl virus (220).jpg,16616205435354036499,tomato curl virus
multiple leaf dataset/tomato leaf/tomato curl virus/tomato curl virus (221).jpg,16616480970172176679,tomato curl virus
multiple leaf dataset/tomato leaf/tomato curl virus/tomato curl virus (222).jpg,16611695894519504025,tomato curl virus
multiple leaf dataset/tomato leaf/tomato curl virus/tomato curl virus (223).jpg,12000009876628987033,tomato curl virus
multiple leaf dataset/tomato leaf/tomato curl virus/tomato curl virus (224).jpg,12000009876092116377,tomato curl virus
multiple leaf dataset/tomato leaf/tomato curl virus/tomato curl virus (225).jpg,11860400486650109337,tomato curl virus
multiple leaf dataset/tomato leaf/tomato curl virus/tomato curl virus (226).jpg,11873909138468402381,tomato curl virus
multiple leaf dataset/tomato leaf/tomato curl virus/tomato curl virus (227).jpg,12023090601230495945,tomato curl virus
multiple leaf dataset/tomato leaf/tomato curl virus/tomato curl virus (228).jpg,16263224805792691502,tomato curl virus
multiple leaf dataset/tomato leaf/tomato curl virus/tomato curl virus (229).jpg,11651549782448289066,tomato curl virus
multiple leaf dataset/tomato leaf/tomato curl virus/tomato curl virus (23).jpg,11939775751481751154,tomato curl virus
multiple leaf dataset/tomato leaf/tomato curl virus/tomato curl virus (230).jpg,11615520985427836216,tomato curl virus
multiple leaf dataset/tomato leaf/tomato curl virus/tomato curl virus (231).jpg,11651549798687141176,tomato curl virus
multiple leaf dataset/tomato leaf/tomato curl virus/tomato curl virus (232).jpg,11615520999119572259,tomato curl virus
multiple leaf dataset/tomato leaf/tomato curl virus/tomato curl virus (233).jpg,11903184018685609923,tomato curl virus
multiple leaf dataset/tomato leaf/tomato curl virus/tomato curl virus (234).jpg,11867437796150791363,tomato curl virus
multiple leaf dataset/tomato leaf/tomato curl virus/tomato curl virus (235).jpg,16551743259049266381,tomato curl virus
multiple leaf dataset/tomato leaf/tomato curl virus/tomato curl virus (236).jpg,16551743267639205004,tomato curl virus
multiple leaf dataset/tomato leaf/tomato curl virus/tomato curl virus (237).jpg,12012114843251784780,tomato curl virus
multiple leaf dataset/tomato leaf/tomato curl virus/tomato curl virus (238).jpg,16623800828126836844,tomato curl virus
multiple leaf dataset/tomato leaf/tomato curl virus/tomato curl virus (239).jpg,12011622267142813772,tomato curl virus
multiple leaf dataset/tomato leaf/tomato curl virus/tomato curl virus (24).jpg,16476017750064319832,tomato curl virus
multiple leaf dataset/tomato leaf/tomato curl virus/tomato curl virus (240).jpg,12076911266845199490,tomato curl virus
multiple leaf dataset/tomato leaf/tomato curl virus/tomato curl virus (241).jpg,12004853672807271555,tomato curl virus
multiple leaf dataset/tomato leaf/tomato curl virus/tomato curl virus (242).jpg,11918158052673993075,tomato curl virus
multiple leaf dataset/tomato leaf/tomato curl virus/tomato curl virus (243).jpg,11956386937008910691,tomato curl virus
multiple leaf dataset/tomato leaf/tomato curl virus/tomato curl virus (244).jpg,16675596404592822072,tomato curl virus
multiple leaf dataset/tomato leaf/tomato curl virus/tomato curl virus (245).jpg,16224954975666135868,tomato curl virus
multiple leaf dataset/tomato leaf/tomato curl virus/tomato curl virus (246).jpg,16224954975666266924,tomato curl virus
multiple leaf dataset/tomato leaf/tomato curl virus/tomato curl virus (247).jpg,11649297754257842988,tomato curl virus
multiple leaf dataset/tomato leaf/tomato curl virus/tomato curl virus (248).jpg,16260975010884838188,tomato curl virus
multiple leaf dataset/tomato leaf/tomato curl virus/tomato curl virus (249).jpg,16251967790157358892,tomato curl virus
multiple leaf dataset/tomato leaf/tomato curl virus/tomato curl virus (25).jpg,16540766173821029475,tomato curl virus
multiple leaf dataset/tomato leaf/tomato curl virus/tomato curl virus (250).jpg,16251965462268831652,tomato curl virus
multiple leaf dataset/tomato leaf/tomato curl virus/tomato curl virus (251).jpg,16397206413882058660,tomato curl virus
multiple leaf dataset/tomato leaf/tomato curl virus/tomato curl virus (252).jpg,16223820576753988967,tomato curl virus
multiple leaf dataset/tomato leaf/tomato curl virus/tomato curl virus (253).jpg,16223820508068066663,tomato curl virus
multiple leaf dataset/tomato leaf/tomato curl virus/tomato curl virus (254).jpg,11615512189369596989,tomato curl virus
multiple leaf dataset/tomato leaf/tomato curl virus/tomato curl virus (255).jpg,16530062778489877425,tomato curl virus
multiple leaf dataset/tomato leaf/tomato curl virus/tomato curl virus (256).jpg,16530062924533830546,tomato curl virus
multiple leaf dataset/tomato leaf/tomato curl virus/tomato curl virus (257).jpg,16548077323043312530,tomato curl virus
multiple leaf dataset/tomato leaf/tomato curl virus/tomato curl virus (258).jpg,16476028422017160089,tomato curl virus
multiple leaf dataset/tomato leaf/tomato curl virus/tomato curl virus (259).jpg,12008455530047773081,tomato curl virus
multiple leaf dataset/tomato leaf/tomato curl virus/tomato curl virus (26).jpg,16252817271016877212,tomato curl virus
multiple leaf dataset/tomato leaf/tomato curl virus/tomato curl virus (260).jpg,11972479341882479513,tomato curl virus
multiple leaf dataset/tomato leaf/tomato curl virus/tomato curl virus (261).jpg,11972483739912213425,tomato curl virus
multiple leaf dataset/tomato leaf/tomato curl virus/tomato curl virus (262).jpg,12008512532904121145,tomato curl virus
multiple leaf dataset/tomato leaf/tomato curl virus/tomato curl virus (263).jpg,12062555728432992939,tomato curl virus
multiple leaf dataset/tomato leaf/tomato curl virus/tomato curl virus (264).jpg,16565603403113837225,tomato curl virus
multiple leaf dataset/tomato leaf/tomato curl virus/tomato curl virus (265).jpg,16558777823841707779,tomato curl virus
multiple leaf dataset/tomato leaf/tomato curl virus/tomato curl virus (266).jpg,11863832283865166827,tomato curl virus
multiple leaf dataset/tomato leaf/tomato curl virus/tomato curl virus (267).jpg,11900143655305361763,tomato curl virus
multiple leaf dataset/tomato leaf/tomato curl virus/tomato curl virus (268).jpg,16545264485031764428,tomato curl virus
multiple leaf dataset/tomato leaf/tomato curl virus/tomato curl virus (269).jpg,16256189546510967755,tomato curl virus
multiple leaf dataset/tomato leaf/tomato curl virus/tomato curl virus (27).jpg,16253093244199212441,tomato curl virus
multiple leaf dataset/tomato leaf/tomato curl virus/tomato curl virus (270).jpg,16256190096266781545,tomato curl virus
multiple leaf dataset/tomato leaf/tomato curl virus/tomato curl virus (271).jpg,16265197311904473443,tomato curl virus
multiple leaf dataset/tomato leaf/tomato curl virus/tomato curl virus (272).jpg,16264924633085275185,tomato curl virus
multiple leaf dataset/tomato leaf/tomato curl virus/tomato curl virus (273).jpg,16262668471736495152,tomato curl virus
multiple leaf dataset/tomato leaf/tomato curl virus/tomato curl virus (274).jpg,16262668437376756788,tomato curl virus
multiple leaf dataset/tomato leaf/tomato curl virus/tomato curl virus (275).jpg,16264915813357569204,tomato curl virus
multiple leaf dataset/tomato leaf/tomato curl virus/tomato curl virus (276).jpg,16226635361706167757,tomato curl virus
multiple leaf dataset/tomato leaf/tomato curl virus/tomato curl virus (277).jpg,16263226284028054989,tomato curl virus
multiple leaf dataset/tomato leaf/tomato curl virus/tomato curl virus (278).jpg,16407339445961723268,tomato curl virus
multiple leaf dataset/tomato leaf/tomato curl virus/tomato curl virus (279).jpg,16551456659138517394,tomato curl virus
multiple leaf dataset/tomato leaf/tomato curl virus/tomato curl virus (28).jpg,17922505255001101852,tomato curl virus
multiple leaf dataset/tomato leaf/tomato curl virus/tomato curl virus (280).jpg,16530344390905456953,tomato curl virus
multiple leaf dataset/tomato leaf/tomato curl virus/tomato curl virus (281).jpg,16587770548621986834,tomato curl virus
multiple leaf dataset/tomato leaf/tomato curl virus/tomato curl virus (282).jpg,16578763349285461028,tomato curl virus
multiple leaf dataset/tomato leaf/tomato curl virus/tomato curl virus (283).jpg,16587770578606017560,tomato curl virus
multiple leaf dataset/tomato leaf/tomato curl virus/tomato curl virus (284).jpg,16575174568834222476,tomato curl virus
multiple leaf dataset/tomato leaf/tomato curl virus/tomato curl virus (285).jpg,17538930312019036558,tomato curl virus
multiple leaf dataset/tomato leaf/tomato curl virus/tomato curl virus (286).jpg,17457865554008851395,tomato curl virus
multiple leaf dataset/tomato leaf/tomato curl virus/tomato curl virus (287).jpg,17898367170245041347,tomato curl virus
multiple leaf dataset/tomato leaf/tomato curl virus/tomato curl virus (288).jpg,17323040136715776806,tomato curl virus
multiple leaf dataset/tomato leaf/tomato curl virus/tomato curl virus (289).jpg,16251686440304534925,tomato curl virus
multiple leaf dataset/tomato leaf/tomato curl virus/tomato curl virus (29).jpg,17415585576676266593,tomato curl virus
multiple leaf dataset/tomato leaf/tomato curl virus/tomato curl virus (290).jpg,16251686440288069068,tomato curl virus
multiple leaf dataset/tomato leaf/tomato curl virus/tomato curl virus (291).jpg,16540760679245096396,tomato curl virus
multiple leaf dataset/tomato leaf/tomato curl virus/tomato curl virus (292).jpg,16468703119566775758,tomato curl virus
multiple leaf dataset/tomato leaf/tomato curl virus/tomato curl virus (293).jpg,16473272621173335246,tomato curl virus
multiple leaf dataset/tomato leaf/tomato curl virus/tomato curl virus (294).jpg,16172600598626512948,tomato curl virus
multiple leaf dataset/tomato leaf/tomato curl virus/tomato curl virus (295).jpg,16172596195723023716,tomato curl virus
multiple leaf dataset/tomato leaf/tomato curl virus/tomato curl virus (296).jpg,16172877739417110340,tomato curl virus
multiple leaf dataset/tomato leaf/tomato curl virus/tomato curl virus (297).jpg,16244934438387343411,tomato curl virus
multiple leaf dataset/tomato leaf/tomato curl virus/tomato curl virus (298).jpg,16245497390437909618,tomato curl virus
multiple leaf dataset/tomato leaf/tomato curl virus/tomato curl virus (299).jpg,16462789183415061708,tomato curl virus
multiple leaf dataset/tomato leaf/tomato curl virus/tomato curl virus (3).jpg,16477713583427711692,tomato curl virus
multiple leaf dataset/tomato leaf/tomato curl virus/tomato curl virus (30).jpg,16263517283284445843,tomato curl virus
multiple leaf dataset/tomato leaf/tomato curl virus/tomato curl virus (300).jpg,16453509030188240022,tomato curl virus
multiple leaf dataset/tomato leaf/tomato curl virus/tomato curl virus (301).jpg,16517104248152538211,tomato curl virus
multiple leaf dataset/tomato leaf/tomato curl virus/tomato curl virus (302).jpg,16226635274883251250,tomato curl virus
multiple leaf dataset/tomato leaf/tomato curl virus/tomato curl virus (303).jpg,16514870040566182974,tomato curl virus
multiple leaf dataset/tomato leaf/tomato curl virus/tomato curl virus (304).jpg,16514870040029783090,tomato curl virus
multiple leaf dataset/tomato leaf/tomato curl virus/tomato curl virus (305).jpg,16515714447877524806,tomato curl virus
multiple leaf dataset/tomato leaf/tomato curl virus/tomato curl virus (306).jpg,16515712817824189586,tomato curl virus
multiple leaf dataset/tomato leaf/tomato curl virus/tomato curl virus (307).jpg,16659828142265648658,tomato curl virus
multiple leaf dataset/tomato leaf/tomato curl virus/tomato curl virus (308).jpg,16315584819490977829,tomato curl virus
multiple leaf dataset/tomato leaf/tomato curl virus/tomato curl virus (309).jpg,16385939124559516006,tomato curl virus
multiple leaf dataset/tomato leaf/tomato curl virus/tomato curl virus (31).jpg,16620132870276077878,tomato curl virus
multiple leaf dataset/tomato leaf/tomato curl virus/tomato curl virus (310).jpg,16387645291526855014,tomato curl virus
multiple leaf dataset/tomato leaf/tomato curl virus/tomato curl virus (311).jpg,16243530103450999654,tomato curl virus
multiple leaf dataset/tomato leaf/tomato curl virus/tomato curl virus (312).jpg,16532027691002940427,tomato curl virus
multiple leaf dataset/tomato leaf/tomato curl virus/tomato curl virus (313).jpg,16244359135232396646,tomato curl virus
multiple leaf dataset/tomato leaf/tomato curl virus/tomato curl virus (314).jpg,16532590640960572450,tomato curl virus
multiple leaf dataset/tomato leaf/tomato curl virus/tomato curl virus (315).jpg,16244359165297282084,tomato curl virus
multiple leaf dataset/tomato leaf/tomato curl virus/tomato curl virus (316).jpg,16244359130937543732,tomato curl virus
multiple leaf dataset/tomato leaf/tomato curl virus/tomato curl virus (317).jpg,16244359165263466036,tomato curl virus
multiple leaf dataset/tomato leaf/tomato curl virus/tomato curl virus (318).jpg,16244360264758185742,tomato curl virus
multiple leaf dataset/tomato leaf/tomato curl virus/tomato curl virus (319).jpg,16212007101573861020,tomato curl virus
multiple leaf dataset/tomato leaf/tomato curl virus/tomato curl virus (32).jpg,12948351159681074825,tomato curl virus
multiple leaf dataset/tomato leaf/tomato curl virus/tomato curl virus (320).jpg,16212570103051125446,tomato curl virus
multiple leaf dataset/tomato leaf/tomato curl virus/tomato curl virus (321).jpg,16208630561075048820,tomato curl virus
multiple leaf dataset/tomato leaf/tomato curl virus/tomato curl virus (322).jpg,17542888690246305998,tomato curl virus
multiple leaf dataset/tomato leaf/tomato curl virus/tomato curl virus (323).jpg,17543451674421041358,tomato curl virus
multiple leaf dataset/tomato leaf/tomato curl virus/tomato curl virus (324).jpg,17543451673313745358,tomato curl virus
multiple leaf dataset/tomato leaf/tomato curl virus/tomato curl virus (325).jpg,17826616052064719251,tomato curl virus
multiple leaf dataset/tomato leaf/tomato curl virus/tomato curl virus (326).jpg,16601636951288486195,tomato curl virus
multiple leaf dataset/tomato leaf/tomato curl virus/tomato curl virus (327).jpg,17682500586967013683,tomato curl virus
multiple leaf dataset/tomato leaf/tomato curl virus/tomato curl virus (328).jpg,17682482991039223859,tomato curl virus
multiple leaf dataset/tomato leaf/tomato curl virus/tomato curl virus (329).jpg,17673492833946712423,tomato curl virus
multiple leaf dataset/tomato leaf/tomato curl virus/tomato curl virus (33).jpg,11723939434101393713,tomato curl virus
multiple leaf dataset/tomato leaf/tomato curl virus/tomato curl virus (330).jpg,16556878955702859812,tomato curl virus
multiple leaf dataset/tomato leaf/tomato curl virus/tomato curl virus (331).jpg,16269977344721959993,tomato curl virus
multiple leaf dataset/tomato leaf/tomato curl virus/tomato curl virus (332).jpg,16568067461456083044,tomato curl virus
multiple leaf dataset/tomato leaf/tomato curl virus/tomato curl virus (333).jpg,16608318790928896707,tomato curl virus
multiple leaf dataset/tomato leaf/tomato curl virus/tomato curl virus (334).jpg,16603815191301560963,tomato curl virus
multiple leaf dataset/tomato leaf/tomato curl virus/tomato curl virus (335).jpg,16244095248170314566,tomato curl virus
multiple leaf dataset/tomato leaf/tomato curl virus/tomato curl virus (336).jpg,17325013034735717170,tomato curl virus
multiple leaf dataset/tomato leaf/tomato curl virus/tomato curl virus (337).jpg,17325576306673095602,tomato curl virus
multiple leaf dataset/tomato leaf/tomato curl virus/tomato curl virus (338).jpg,17325523461337301859,tomato curl virus
multiple leaf dataset/tomato leaf/tomato curl virus/tomato curl virus (339).jpg,17325522380087630435,tomato curl virus
multiple leaf dataset/tomato leaf/tomato curl virus/tomato curl virus (34).jpg,12876297988754819377,tomato curl virus
multiple leaf dataset/tomato leaf/tomato curl virus/tomato curl virus (340).jpg,17686367793023904818,tomato curl virus
multiple leaf dataset/tomato leaf/tomato curl virus/tomato curl virus (341).jpg,16533446284122225714,tomato curl virus
multiple leaf dataset/tomato leaf/tomato curl virus/tomato curl virus (342).jpg,17668634866805980211,tomato curl virus
multiple leaf dataset/tomato leaf/tomato curl virus/tomato curl virus (343).jpg,17742366991237004857,tomato curl virus
multiple leaf dataset/tomato leaf/tomato curl virus/tomato curl virus (344).jpg,17454136615185600316,tomato curl virus
multiple leaf dataset/tomato leaf/tomato curl virus/tomato curl virus (345).jpg,17580237404802307376,tomato curl virus
multiple leaf dataset/tomato leaf/tomato curl virus/tomato curl virus (346).jpg,16605222404915741916,tomato curl virus
multiple leaf dataset/tomato leaf/tomato curl virus/tomato curl virus (347).jpg,17542888716016042190,tomato curl virus
multiple leaf dataset/tomato leaf/tomato curl virus/tomato curl virus (348).jpg,16462516857125563792,tomato curl virus
multiple leaf dataset/tomato leaf/tomato curl virus/tomato curl virus (349).jpg,16606069538033963737,tomato curl virus
multiple leaf dataset/tomato leaf/tomato curl virus/tomato curl virus (35).jpg,12000291567121622374,tomato curl virus
multiple leaf dataset/tomato leaf/tomato curl virus/tomato curl virus (350).jpg,16592274691478808219,tomato curl virus
multiple leaf dataset/tomato leaf/tomato curl virus/tomato curl virus (351).jpg,16592555527579571929,tomato curl virus
multiple leaf dataset/tomato leaf/tomato curl virus/tomato curl virus (352).jpg,16608599309926147788,tomato curl virus
multiple leaf dataset/tomato leaf/tomato curl virus/tomato curl virus (353).jpg,16675942232692568772,tomato curl virus
multiple leaf dataset/tomato leaf/tomato curl virus/tomato curl virus (354).jpg,17397065167289135460,tomato curl virus
multiple leaf dataset/tomato leaf/tomato curl virus/tomato curl virus (355).jpg,16459981488941367443,tomato curl virus
multiple leaf dataset/tomato leaf/tomato curl virus/tomato curl virus (356).jpg,16449850597413627033,tomato curl virus
multiple leaf dataset/tomato leaf/tomato curl virus/tomato curl virus (357).jpg,16459981480296588813,tomato curl virus
multiple leaf dataset/tomato leaf/tomato curl virus/tomato curl virus (358).jpg,16667146243089375692,tomato curl virus
multiple leaf dataset/tomato leaf/tomato curl virus/tomato curl virus (359).jpg,16676433813777496396,tomato curl virus
multiple leaf dataset/tomato leaf/tomato curl virus/tomato curl virus (36).jpg,11791774693025082469,tomato curl virus
multiple leaf dataset/tomato leaf/tomato curl virus/tomato curl virus (360).jpg,16532882235755586662,tomato curl virus
multiple leaf dataset/tomato leaf/tomato curl virus/tomato curl virus (361).jpg,16532882240033745971,tomato curl virus
multiple leaf dataset/tomato leaf/tomato curl virus/tomato curl virus (362).jpg,16524437574389034137,tomato curl virus
multiple leaf dataset/tomato leaf/tomato curl virus/tomato curl virus (363).jpg,16533726110913293411,tomato curl virus
multiple leaf dataset/tomato leaf/tomato curl virus/tomato curl virus (364).jpg,16533726110913293411,tomato curl virus
multiple leaf dataset/tomato leaf/tomato curl virus/tomato curl virus (365).jpg,16533726115174706278,tomato curl virus
multiple leaf dataset/tomato leaf/tomato curl virus/tomato curl virus (366).jpg,16533727764444218470,tomato curl virus
multiple leaf dataset/tomato leaf/tomato curl virus/tomato curl virus (367).jpg,16677842125770222738,tomato curl virus
multiple leaf dataset/tomato leaf/tomato curl virus/tomato curl virus (368).jpg,16605786735017225362,tomato curl virus
multiple leaf dataset/tomato leaf/tomato curl virus/tomato curl virus (369).jpg,16605505260367735954,tomato curl virus
multiple leaf dataset/tomato leaf/tomato curl virus/tomato curl virus (37).jpg,11580881755550737976,tomato curl virus
multiple leaf dataset/tomato leaf/tomato curl virus/tomato curl virus (370).jpg,16461390347039010962,tomato curl virus
multiple leaf dataset/tomato leaf/tomato curl virus/tomato curl virus (371).jpg,16462516792684277138,tomato curl virus
multiple leaf dataset/tomato leaf/tomato curl virus/tomato curl virus (372).jpg,16532013371683866598,tomato curl virus
multiple leaf dataset/tomato leaf/tomato curl virus/tomato curl virus (373).jpg,16536253020606406310,tomato curl virus
multiple leaf dataset/tomato leaf/tomato curl virus/tomato curl virus (374).jpg,16536235707593230054,tomato curl virus
multiple leaf dataset/tomato leaf/tomato curl virus/tomato curl virus (375).jpg,16535136195831176806,tomato curl virus
multiple leaf dataset/tomato leaf/tomato curl virus/tomato curl virus (376).jpg,16535136195831176775,tomato curl virus
multiple leaf dataset/tomato leaf/tomato curl virus/tomato curl virus (377).jpg,16535140593944272422,tomato curl virus
multiple leaf dataset/tomato leaf/tomato curl virus/tomato curl virus (378).jpg,16536262112917364262,tomato curl virus
multiple leaf dataset/tomato leaf/tomato curl virus/tomato curl virus (379).jpg,16536825062870750759,tomato curl virus
multiple leaf dataset/tomato leaf/tomato curl virus/tomato curl virus (38).jpg,11578629964192761522,tomato curl virus
multiple leaf dataset/tomato leaf/tomato curl virus/tomato curl virus (380).jpg,16536825054287117835,tomato curl virus
multiple leaf dataset/tomato leaf/tomato curl virus/tomato curl virus (381).jpg,16535136247412175910,tomato curl virus
multiple leaf dataset/tomato leaf/tomato curl virus/tomato curl virus (382).jpg,16532884439075860518,tomato curl virus
multiple leaf dataset/tomato leaf/tomato curl virus/tomato curl virus (383).jpg,16532884439073796194,tomato curl virus
multiple leaf dataset/tomato leaf/tomato curl virus/tomato curl virus (384).jpg,16603814919692063384,tomato curl virus
multiple leaf dataset/tomato leaf/tomato curl virus/tomato curl virus (385).jpg,16532022185010250534,tomato curl virus
multiple leaf dataset/tomato leaf/tomato curl virus/tomato curl virus (386).jpg,16532030981034198836,tomato curl virus
multiple leaf dataset/tomato leaf/tomato curl virus/tomato curl virus (387).jpg,16532013371754136422,tomato curl virus
multiple leaf dataset/tomato leaf/tomato curl virus/tomato curl virus (388).jpg,16532013371682834406,tomato curl virus
multiple leaf dataset/tomato leaf/tomato curl virus/tomato curl virus (389).jpg,16621829317074308201,tomato curl virus
multiple leaf dataset/tomato leaf/tomato curl virus/tomato curl virus (39).jpg,11647890396354537166,tomato curl virus
multiple leaf dataset/tomato leaf/tomato curl virus/tomato curl virus (390).jpg,12728536703311898254,tomato curl virus
multiple leaf dataset/tomato leaf/tomato curl virus/tomato curl virus (391).jpg,11929642276421650867,tomato curl virus
multiple leaf dataset/tomato leaf/tomato curl virus/tomato curl virus (392).jpg,11641411848724080434,tomato curl virus
multiple leaf dataset/tomato leaf/tomato curl virus/tomato curl virus (393).jpg,11641411848730370867,tomato curl virus
multiple leaf dataset/tomato leaf/tomato curl virus/tomato curl virus (394).jpg,16479405276666862468,tomato curl virus
multiple leaf dataset/tomato leaf/tomato curl virus/tomato curl virus (4).jpg,16549770488659240556,tomato curl virus
multiple leaf dataset/tomato leaf/tomato curl virus/tomato curl virus (40).jpg,11647890400380806863,tomato curl virus
multiple leaf dataset/tomato leaf/tomato curl virus/tomato curl virus (41).jpg,11611852795592259485,tomato curl virus
multiple leaf dataset/tomato leaf/tomato curl virus/tomato curl virus (42).jpg,11900500987840652855,tomato curl virus
multiple leaf dataset/tomato leaf/tomato curl virus/tomato curl virus (43).jpg,11940058064505680435,tomato curl virus
multiple leaf dataset/tomato leaf/tomato curl virus/tomato curl virus (44).jpg,11831971952618514019,tomato curl virus
multiple leaf dataset/tomato leaf/tomato curl virus/tomato curl virus (45).jpg,11867719256960820883,tomato curl virus
multiple leaf dataset/tomato leaf/tomato curl virus/tomato curl virus (46).jpg,11864332145028916406,tomato curl virus
multiple leaf dataset/tomato leaf/tomato curl virus/tomato curl virus (47).jpg,11863777860438943398,tomato curl virus
multiple leaf dataset/tomato leaf/tomato curl virus/tomato curl virus (48).jpg,16612821598997809955,tomato curl virus
multiple leaf dataset/tomato leaf/tomato curl virus/tomato curl virus (49).jpg,16612821573261511780,tomato curl virus
multiple leaf dataset/tomato leaf/tomato curl virus/tomato curl virus (5).jpg,16260695700523534958,tomato curl virus
multiple leaf dataset/tomato leaf/tomato curl virus/tomato curl virus (50).jpg,16612823772150778977,tomato curl virus
multiple leaf dataset/tomato leaf/tomato curl virus/tomato curl virus (51).jpg,11888827444593708384,tomato curl virus
multiple leaf dataset/tomato leaf/tomato curl virus/tomato curl virus (52).jpg,11601142460557184329,tomato curl virus
multiple leaf dataset/tomato leaf/tomato curl virus/tomato curl virus (53).jpg,11578640955030851021,tomato curl virus
multiple leaf dataset/tomato leaf/tomato curl virus/tomato curl virus (54).jpg,11647872804201786782,tomato curl virus
multiple leaf dataset/tomato leaf/tomato curl virus/tomato curl virus (55).jpg,11654645813780978322,tomato curl virus
multiple leaf dataset/tomato leaf/tomato curl virus/tomato curl virus (56).jpg,11651830986768095821,tomato curl virus
multiple leaf dataset/tomato leaf/tomato curl virus/tomato curl virus (57).jpg,12804184327348000813,tomato curl virus
multiple leaf dataset/tomato leaf/tomato curl virus/tomato curl virus (58).jpg,12084171328332181795,tomato curl virus
multiple leaf dataset/tomato leaf/tomato curl virus/tomato curl virus (59).jpg,12003092240531142451,tomato curl virus
multiple leaf dataset/tomato leaf/tomato curl virus/tomato curl virus (6).jpg,13017596690335896214,tomato curl virus
multiple leaf dataset/tomato leaf/tomato curl virus/tomato curl virus (60).jpg,12007609589960173159,tomato curl virus
multiple leaf dataset/tomato leaf/tomato curl virus/tomato curl virus (61).jpg,12001416891502847181,tomato curl virus
multiple leaf dataset/tomato leaf/tomato curl virus/tomato curl virus (62).jpg,12010424775452992732,tomato curl virus
multiple leaf dataset/tomato leaf/tomato curl virus/tomato curl virus (63).jpg,12945188768274854111,tomato curl virus
multiple leaf dataset/tomato leaf/tomato curl virus/tomato curl virus (64).jpg,16495991177545658939,tomato curl virus
multiple leaf dataset/tomato leaf/tomato curl virus/tomato curl virus (65).jpg,16261821720672750697,tomato curl virus
multiple leaf dataset/tomato leaf/tomato curl virus/tomato curl virus (66).jpg,16260420822532451022,tomato curl virus
multiple leaf dataset/tomato leaf/tomato curl virus/tomato curl virus (67).jpg,11647591300201265590,tomato curl virus
multiple leaf dataset/tomato leaf/tomato curl virus/tomato curl virus (68).jpg,11650986574857156152,tomato curl virus
multiple leaf dataset/tomato leaf/tomato curl virus/tomato curl virus (69).jpg,10202653636695855457,tomato curl virus
multiple leaf dataset/tomato leaf/tomato curl virus/tomato curl virus (7).jpg,12734142833214804589,tomato curl virus
multiple leaf dataset/tomato leaf/tomato curl virus/tomato curl virus (70).jpg,10346767596276322635,tomato curl virus
multiple leaf dataset/tomato leaf/tomato curl virus/tomato curl virus (71).jpg,9914140668987088506,tomato curl virus
multiple leaf dataset/tomato leaf/tomato curl virus/tomato curl virus (72).jpg,12003105984210213787,tomato curl virus
multiple leaf dataset/tomato leaf/tomato curl virus/tomato curl virus (73).jpg,12011833638662858291,tomato curl virus
multiple leaf dataset/tomato leaf/tomato curl virus/tomato curl virus (74).jpg,12000009594764486302,tomato curl virus
multiple leaf dataset/tomato leaf/tomato curl virus/tomato curl virus (75).jpg,12010143163929421350,tomato curl virus
multiple leaf dataset/tomato leaf/tomato curl virus/tomato curl virus (76).jpg,11866309583559271549,tomato curl virus
multiple leaf dataset/tomato leaf/tomato curl virus/tomato curl virus (77).jpg,16559060399606487881,tomato curl virus
multiple leaf dataset/tomato leaf/tomato curl virus/tomato curl virus (78).jpg,16990271280719221357,tomato curl virus
multiple leaf dataset/tomato leaf/tomato curl virus/tomato curl virus (79).jpg,16972255788100393005,tomato curl virus
multiple leaf dataset/tomato leaf/tomato curl virus/tomato curl virus (8).jpg,11653291004183341529,tomato curl virus
multiple leaf dataset/tomato leaf/tomato curl virus/tomato curl virus (80).jpg,16252811773551129705,tomato curl virus
multiple leaf dataset/tomato leaf/tomato curl virus/tomato curl virus (81).jpg,16829272525816843576,tomato curl virus
multiple leaf dataset/tomato leaf/tomato curl virus/tomato curl virus (82).jpg,16264920235435891815,tomato curl virus
multiple leaf dataset/tomato leaf/tomato curl virus/tomato curl virus (83).jpg,16262945542633634100,tomato curl virus
multiple leaf dataset/tomato leaf/tomato curl virus/tomato curl virus (84).jpg,16398618121020207739,tomato curl virus
multiple leaf dataset/tomato leaf/tomato curl virus/tomato curl virus (85).jpg,11644563053015103793,tomato curl virus
multiple leaf dataset/tomato leaf/tomato curl virus/tomato curl virus (86).jpg,12941599745273374003,tomato curl virus
multiple leaf dataset/tomato leaf/tomato curl virus/tomato curl virus (87).jpg,16616832702446406694,tomato curl virus
multiple leaf dataset/tomato leaf/tomato curl virus/tomato curl virus (88).jpg,16621829183967400844,tomato curl virus
multiple leaf dataset/tomato leaf/tomato curl virus/tomato curl virus (89).jpg,16609444430263821992,tomato curl virus
multiple leaf dataset/tomato leaf/tomato curl virus/tomato curl virus (9).jpg,11651617543224388499,tomato curl virus
multiple leaf dataset/tomato leaf/tomato curl virus/tomato curl virus (90).jpg,16609998480524095076,tomato curl virus
multiple leaf dataset/tomato leaf/tomato curl virus/tomato curl virus (91).jpg,12720073247022289603,tomato curl virus
multiple leaf dataset/tomato leaf/tomato curl virus/tomato curl virus (92).jpg,11642525549553940793,tomato curl virus
multiple leaf dataset/tomato leaf/tomato curl virus/tomato curl virus (93).jpg,13013376962114839992,tomato curl virus
multiple leaf dataset/tomato leaf/tomato curl virus/tomato curl virus (94).jpg,16551460684750757018,tomato curl virus
multiple leaf dataset/tomato leaf/tomato curl virus/tomato curl virus (95).jpg,16614792554322891622,tomato curl virus
multiple leaf dataset/tomato leaf/tomato curl virus/tomato curl virus (96).jpg,16623518278604133161,tomato curl virus
multiple leaf dataset/tomato leaf/tomato curl virus/tomato curl virus (97).jpg,16616481198024307558,tomato curl virus
multiple leaf dataset/tomato leaf/tomato curl virus/tomato curl virus (98).jpg,16467864566394940780,tomato curl virus
multiple leaf dataset/tomato leaf/tomato curl virus/tomato curl virus (99).jpg,16639843582426650977,tomato curl virus
multiple leaf dataset/tomato leaf/tomato healthy/tomato healthy (1).jpeg,16378639330699294412,tomato healthy
multiple leaf dataset/tomato leaf/tomato healthy/tomato healthy (1).jpg,17066834605315083667,tomato healthy
multiple leaf dataset/tomato leaf/tomato healthy/tomato healthy (10).jpeg,12999293462022328012,tomato healthy
multiple leaf dataset/tomato leaf/tomato healthy/tomato healthy (104).jpg,16876278384581758007,tomato healthy
multiple leaf dataset/tomato leaf/tomato healthy/tomato healthy (105).jpg,12746259629706365324,tomato healthy
multiple leaf dataset/tomato leaf/tomato healthy/tomato healthy (106).jpg,12819158357706902424,tomato healthy
multiple leaf dataset/tomato leaf/tomato healthy/tomato healthy (107).jpg,13215470177459123042,tomato healthy
multiple leaf dataset/tomato leaf/tomato healthy/tomato healthy (108).jpg,16196807076615546650,tomato healthy
multiple leaf dataset/tomato leaf/tomato healthy/tomato healthy (109).jpg,16927506734464338552,tomato healthy
multiple leaf dataset/tomato leaf/tomato healthy/tomato healthy (11).jpeg,16955100084093200010,tomato healthy
multiple leaf dataset/tomato leaf/tomato healthy/tomato healthy (110).jpg,13171842726509031567,tomato healthy
multiple leaf dataset/tomato leaf/tomato healthy/tomato healthy (111).jpg,12869543776913077144,tomato healthy
multiple leaf dataset/tomato leaf/tomato healthy/tomato healthy (112).jpg,16911469920008324324,tomato healthy
multiple leaf dataset/tomato leaf/tomato healthy/tomato healthy (113).jpg,13790251408334388368,tomato healthy
multiple leaf dataset/tomato leaf/tomato healthy/tomato healthy (114).jpg,13447691075498460035,tomato healthy
multiple leaf dataset/tomato leaf/tomato healthy/tomato healthy (115).jpg,16253718438345099203,tomato healthy
multiple leaf dataset/tomato leaf/tomato healthy/tomato healthy (116).jpg,13277622872242295993,tomato healthy
multiple leaf dataset/tomato leaf/tomato healthy/tomato healthy (117).jpg,13720357652068315116,tomato healthy
multiple leaf dataset/tomato leaf/tomato healthy/tomato healthy (118).jpg,16559680977767026064,tomato healthy
multiple leaf dataset/tomato leaf/tomato healthy/tomato healthy (119).jpg,16876278366851944103,tomato healthy
multiple leaf dataset/tomato leaf/tomato healthy/tomato healthy (12).jpeg,13432764023117585528,tomato healthy
multiple leaf dataset/tomato leaf/tomato healthy/tomato healthy (120).jpg,16876612616034659184,tomato healthy
multiple leaf dataset/tomato leaf/tomato healthy/tomato healthy (121).jpg,16351617611184891476,tomato healthy
multiple leaf dataset/tomato leaf/tomato healthy/tomato healthy (122).jpg,16780840182836590278,tomato healthy
multiple leaf dataset/tomato leaf/tomato healthy/tomato healthy (123).jpg,13821481714145411192,tomato healthy
multiple leaf dataset/tomato leaf/tomato healthy/tomato healthy (124).jpg,13515246830902903569,tomato healthy
multiple leaf dataset/tomato leaf/tomato healthy/tomato healthy (125).jpg,13123080028619727809,tomato healthy
multiple leaf dataset/tomato leaf/tomato healthy/tomato healthy (126).jpg,12287439213433222370,tomato healthy
multiple leaf dataset/tomato leaf/tomato healthy/tomato healthy (127).jpg,16914825037671607141,tomato healthy
multiple leaf dataset/tomato leaf/tomato healthy/tomato healthy (128).jpg,12517406346805451070,tomato healthy
multiple leaf dataset/tomato leaf/tomato healthy/tomato healthy (129).jpg,17285806163481342339,tomato healthy
multiple leaf dataset/tomato leaf/tomato healthy/tomato healthy (13).jpeg,12160737918135690029,tomato healthy
multiple leaf dataset/tomato leaf/tomato healthy/tomato healthy (130).jpg,12097444922728673507,tomato healthy
multiple leaf dataset/tomato leaf/tomato healthy/tomato healthy (131).jpg,18128610181524140088,tomato healthy
multiple leaf dataset/tomato leaf/tomato healthy/tomato healthy (132).jpg,17200813620268210249,tomato healthy
multiple leaf dataset/tomato leaf/tomato healthy/tomato healthy (133).jpg,18202082003889932486,tomato healthy
multiple leaf dataset/tomato leaf/tomato healthy/tomato healthy (134).jpg,13591521919594830947,tomato healthy
multiple leaf dataset/tomato leaf/tomato healthy/tomato healthy (135).jpg,17345774947871976646,tomato healthy
multiple leaf dataset/tomato leaf/tomato healthy/tomato healthy (136).jpg,12002884395948677528,tomato healthy
multiple leaf dataset/tomato leaf/tomato healthy/tomato healthy (137).jpg,16270884335269417906,tomato healthy
multiple leaf dataset/tomato leaf/tomato healthy/tomato healthy (138).jpg,11795382946331682450,tomato healthy
multiple leaf dataset/tomato leaf/tomato healthy/tomato healthy (139).jpg,11615230710097988839,tomato healthy
multiple leaf dataset/tomato leaf/tomato healthy/tomato healthy (14).jpeg,12303998720482147441,tomato healthy
multiple leaf dataset/tomato leaf/tomato healthy/tomato healthy (140).jpg,16559060938330117302,tomato healthy
multiple leaf dataset/tomato leaf/tomato healthy/tomato healthy (141).jpg,16198210585231602852,tomato healthy
multiple leaf dataset/tomato leaf/tomato healthy/tomato healthy (142).jpg,13339312420451042553,tomato healthy
multiple leaf dataset/tomato leaf/tomato healthy/tomato healthy (143).jpg,11832296418931828376,tomato healthy
multiple leaf dataset/tomato leaf/tomato healthy/tomato healthy (144).jpg,11930821981339825121,tomato healthy
multiple leaf dataset/tomato leaf/tomato healthy/tomato healthy (145).jpg,12725711740840128920,tomato healthy
multiple leaf dataset/tomato leaf/tomato healthy/tomato healthy (146).jpg,11558381467227758233,tomato healthy
multiple leaf dataset/tomato leaf/tomato healthy/tomato healthy (147).jpg,12696642852536228716,tomato healthy
multiple leaf dataset/tomato leaf/tomato healthy/tomato healthy (148).jpg,12950607482237127830,tomato healthy
multiple leaf dataset/tomato leaf/tomato healthy/tomato healthy (149).jpg,12529179226866725827,tomato healthy
multiple leaf dataset/tomato leaf/tomato healthy/tomato healthy (15).jpeg,18428589336141269859,tomato healthy
multiple leaf dataset/tomato leaf/tomato healthy/tomato healthy (150).jpg,18214739081934091397,tomato healthy
multiple leaf dataset/tomato leaf/tomato healthy/tomato healthy (151).jpg,13014219718941618969,tomato healthy
multiple leaf dataset/tomato leaf/tomato healthy/tomato healthy (152).jpg,16227203164830223571,tomato healthy
multiple leaf dataset/tomato leaf/tomato healthy/tomato healthy (153).jpg,16515715127652946457,tomato healthy
multiple leaf dataset/tomato leaf/tomato healthy/tomato healthy (154).jpg,16686850135531755724,tomato healthy
multiple leaf dataset/tomato leaf/tomato healthy/tomato healthy (155).jpg,16568123336608225586,tomato healthy
multiple leaf dataset/tomato leaf/tomato healthy/tomato healthy (156).jpg,16387132925131961283,tomato healthy
multiple leaf dataset/tomato leaf/tomato healthy/tomato healthy (157).jpg,13459730645831475788,tomato healthy
multiple leaf dataset/tomato leaf/tomato healthy/tomato healthy (158).jpg,13610374601231580002,tomato healthy
multiple leaf dataset/tomato leaf/tomato healthy/tomato healthy (159).jpg,13817256100427961036,tomato healthy
multiple leaf dataset/tomato leaf/tomato healthy/tomato healthy (16).jpeg,12646336981575679450,tomato healthy
multiple leaf dataset/tomato leaf/tomato healthy/tomato healthy (160).jpg,13670906227092468794,tomato healthy
multiple leaf dataset/tomato leaf/tomato healthy/tomato healthy (161).jpg,16217636873468929842,tomato healthy
multiple leaf dataset/tomato leaf/tomato healthy/tomato healthy (162).jpg,13034981062499487256,tomato healthy
multiple leaf dataset/tomato leaf/tomato healthy/tomato healthy (163).jpg,13013940459292471664,tomato healthy
multiple leaf dataset/tomato leaf/tomato healthy/tomato healthy (164).jpg,13013379554558329958,tomato healthy
multiple leaf dataset/tomato leaf/tomato healthy/tomato healthy (165).jpg,12306813022022820366,tomato healthy
multiple leaf dataset/tomato leaf/tomato healthy/tomato healthy (166).jpg,16895981353744735854,tomato healthy
multiple leaf dataset/tomato leaf/tomato healthy/tomato healthy (167).jpg,18128609629605900619,tomato healthy
multiple leaf dataset/tomato leaf/tomato healthy/tomato healthy (168).jpg,12194787794345533003,tomato healthy
multiple leaf dataset/tomato leaf/tomato healthy/tomato healthy (169).jpg,13070786560407696006,tomato healthy
multiple leaf dataset/tomato leaf/tomato healthy/tomato healthy (17).jpeg,12902181678631605233,tomato healthy
multiple leaf dataset/tomato leaf/tomato healthy/tomato healthy (170).jpg,17143447026104574930,tomato healthy
multiple leaf dataset/tomato leaf/tomato healthy/tomato healthy (171).jpg,12522771268832363317,tomato healthy
multiple leaf dataset/tomato leaf/tomato healthy/tomato healthy (172).jpg,12522769583879339362,tomato healthy
multiple leaf dataset/tomato leaf/tomato healthy/tomato healthy (173).jpg,12999305225097548057,tomato healthy
multiple leaf dataset/tomato leaf/tomato healthy/tomato healthy (174).jpg,11947366123075049939,tomato healthy
multiple leaf dataset/tomato leaf/tomato healthy/tomato healthy (175).jpg,12955041811019346587,tomato healthy
multiple leaf dataset/tomato leaf/tomato healthy/tomato healthy (176).jpg,13122306109939826884,tomato healthy
multiple leaf dataset/tomato leaf/tomato healthy/tomato healthy (177).jpg,13826266487330861091,tomato healthy
multiple leaf dataset/tomato leaf/tomato healthy/tomato healthy (178).jpg,13178882829621707193,tomato healthy
multiple leaf dataset/tomato leaf/tomato healthy/tomato healthy (179).jpg,13175788023645221769,tomato healthy
multiple leaf dataset/tomato leaf/tomato healthy/tomato healthy (18).jpeg,16551743009983207816,tomato healthy
multiple leaf dataset/tomato leaf/tomato healthy/tomato healthy (180).jpg,12520458016749217484,tomato healthy
multiple leaf dataset/tomato leaf/tomato healthy/tomato healthy (181).jpg,17632377341509121657,tomato healthy
multiple leaf dataset/tomato leaf/tomato healthy/tomato healthy (182).jpg,17344148767806202769,tomato healthy
multiple leaf dataset/tomato leaf/tomato healthy/tomato healthy (183).jpg,16984092096003052105,tomato healthy
multiple leaf dataset/tomato leaf/tomato healthy/tomato healthy (184).jpg,18213266891082311145,tomato healthy
multiple leaf dataset/tomato leaf/tomato healthy/tomato healthy (185).jpg,13817255542228938949,tomato healthy
multiple leaf dataset/tomato leaf/tomato healthy/tomato healthy (186).jpg,18071418309096621676,tomato healthy
multiple leaf dataset/tomato leaf/tomato healthy/tomato healthy (187).jpg,17493824940430034673,tomato healthy
multiple leaf dataset/tomato leaf/tomato healthy/tomato healthy (188).jpg,17344148769144675532,tomato healthy
multiple leaf dataset/tomato leaf/tomato healthy/tomato healthy (189).jpg,16406783633212216430,tomato healthy
multiple leaf dataset/tomato leaf/tomato healthy/tomato healthy (19).jpeg,17921097704633967182,tomato healthy
multiple leaf dataset/tomato leaf/tomato healthy/tomato healthy (190).jpg,17345788123801897574,tomato healthy
multiple leaf dataset/tomato leaf/tomato healthy/tomato healthy (191).jpg,13755332025238319203,tomato healthy
multiple leaf dataset/tomato leaf/tomato healthy/tomato healthy (192).jpg,16235081053395100909,tomato healthy
multiple leaf dataset/tomato leaf/tomato healthy/tomato healthy (193).jpg,13035332228900549390,tomato healthy
multiple leaf dataset/tomato leaf/tomato healthy/tomato healthy (194).jpg,11615793677174871399,tomato healthy
multiple leaf dataset/tomato leaf/tomato healthy/tomato healthy (195).jpg,11615793737303435107,tomato healthy
multiple leaf dataset/tomato leaf/tomato healthy/tomato healthy (196).jpg,12876301259154269756,tomato healthy
multiple leaf dataset/tomato leaf/tomato healthy/tomato healthy (197).jpg,12734437871327781689,tomato healthy
multiple leaf dataset/tomato leaf/tomato healthy/tomato healthy (198).jpg,13735347066167180302,tomato healthy
multiple leaf dataset/tomato leaf/tomato healthy/tomato healthy (199).jpg,13591515547779673484,tomato healthy
multiple leaf dataset/tomato leaf/tomato healthy/tomato healthy (2).jpeg,16263582594513410948,tomato healthy
multiple leaf dataset/tomato leaf/tomato healthy/tomato healthy (20).jpeg,17134723501012290535,tomato healthy
multiple leaf dataset/tomato leaf/tomato healthy/tomato healthy (200).jpg,12458014420553666742,tomato healthy
multiple leaf dataset/tomato leaf/tomato healthy/tomato healthy (201).jpg,11947436551920753302,tomato healthy
multiple leaf dataset/tomato leaf/tomato healthy/tomato healthy (202).jpg,13240804174318345110,tomato healthy
multiple leaf dataset/tomato leaf/tomato healthy/tomato healthy (203).jpg,12889523253262950350,tomato healthy
multiple leaf dataset/tomato leaf/tomato healthy/tomato healthy (204).jpg,12890653541519277766,tomato healthy
multiple leaf dataset/tomato leaf/tomato healthy/tomato healthy (205).jpg,16254228196971300499,tomato healthy
multiple leaf dataset/tomato leaf/tomato healthy/tomato healthy (206).jpg,13805714735757728472,tomato healthy
multiple leaf dataset/tomato leaf/tomato healthy/tomato healthy (207).jpg,16684881910138571921,tomato healthy
multiple leaf dataset/tomato leaf/tomato healthy/tomato healthy (208).jpg,16494886179228230758,tomato healthy
multiple leaf dataset/tomato leaf/tomato healthy/tomato healthy (209).jpg,16479402882658838116,tomato healthy
multiple leaf dataset/tomato leaf/tomato healthy/tomato healthy (21).jpeg,12749916605908924723,tomato healthy
multiple leaf dataset/tomato leaf/tomato healthy/tomato healthy (210).jpg,16840246363700170105,tomato healthy
multiple leaf dataset/tomato leaf/tomato healthy/tomato healthy (211).jpg,17056991927230596198,tomato healthy
multiple leaf dataset/tomato leaf/tomato healthy/tomato healthy (212).jpg,14746354570410421430,tomato healthy
multiple leaf dataset/tomato leaf/tomato healthy/tomato healthy (213).jpg,17407203543288078744,tomato healthy
multiple leaf dataset/tomato leaf/tomato healthy/tomato healthy (214).jpg,16253665247067532185,tomato healthy
multiple leaf dataset/tomato leaf/tomato healthy/tomato healthy (215).jpg,17345841981084308425,tomato healthy
multiple leaf dataset/tomato leaf/tomato healthy/tomato healthy (216).jpg,16278716696018633638,tomato healthy
multiple leaf dataset/tomato leaf/tomato healthy/tomato healthy (217).jpg,16278710236192992841,tomato healthy
multiple leaf dataset/tomato leaf/tomato healthy/tomato healthy (218).jpg,16568067461670409776,tomato healthy
multiple leaf dataset/tomato leaf/tomato healthy/tomato healthy (219).jpg,16568066495353333292,tomato healthy
multiple leaf dataset/tomato leaf/tomato healthy/tomato healthy (22).jpeg,16271393942140069412,tomato healthy
multiple leaf dataset/tomato leaf/tomato healthy/tomato healthy (220).jpg,16539911872712563099,tomato healthy
multiple leaf dataset/tomato leaf/tomato healthy/tomato healthy (221).jpg,16400583880929612183,tomato healthy
multiple leaf dataset/tomato leaf/tomato healthy/tomato healthy (222).jpg,16614233548163724100,tomato healthy
multiple leaf dataset/tomato leaf/tomato healthy/tomato healthy (223).jpg,17345762155843858609,tomato healthy
multiple leaf dataset/tomato leaf/tomato healthy/tomato healthy (224).jpg,17345842547885480809,tomato healthy
multiple leaf dataset/tomato leaf/tomato healthy/tomato healthy (225).jpg,12734156436076120865,tomato healthy
multiple leaf dataset/tomato leaf/tomato healthy/tomato healthy (226).jpg,12734154334981940120,tomato healthy
multiple leaf dataset/tomato leaf/tomato healthy/tomato healthy (227).jpg,12734434710848955281,tomato healthy
multiple leaf dataset/tomato leaf/tomato healthy/tomato healthy (228).jpg,12950607492106580897,tomato healthy
multiple leaf dataset/tomato leaf/tomato healthy/tomato healthy (229).jpg,17488546931363558212,tomato healthy
multiple leaf dataset/tomato leaf/tomato healthy/tomato healthy (23).jpeg,11875369038176701875,tomato healthy
multiple leaf dataset/tomato leaf/tomato healthy/tomato healthy (230).jpg,16619070556504404393,tomato healthy
multiple leaf dataset/tomato leaf/tomato healthy/tomato healthy (231).jpg,17556945165735768929,tomato healthy
multiple leaf dataset/tomato leaf/tomato healthy/tomato healthy (232).jpg,12945259139018862950,tomato healthy
multiple leaf dataset/tomato leaf/tomato healthy/tomato healthy (233).jpg,12963273537414248707,tomato healthy
multiple leaf dataset/tomato leaf/tomato healthy/tomato healthy (234).jpg,12783413496999283737,tomato healthy
multiple leaf dataset/tomato leaf/tomato healthy/tomato healthy (235).jpg,11629928775993773529,tomato healthy
multiple leaf dataset/tomato leaf/tomato healthy/tomato healthy (236).jpg,16277867881631815222,tomato healthy
multiple leaf dataset/tomato leaf/tomato healthy/tomato healthy (237).jpg,13016189744948953662,tomato healthy
multiple leaf dataset/tomato leaf/tomato healthy/tomato healthy (238).jpg,13164806526625127154,tomato healthy
multiple leaf dataset/tomato leaf/tomato healthy/tomato healthy (239).jpg,12878827936164093494,tomato healthy
multiple leaf dataset/tomato leaf/tomato healthy/tomato healthy (24).jpeg,16903897719437308199,tomato healthy
multiple leaf dataset/tomato leaf/tomato healthy/tomato healthy (240).jpg,16550898835036520804,tomato healthy
multiple leaf dataset/tomato leaf/tomato healthy/tomato healthy (241).jpg,16479121616329466930,tomato healthy
multiple leaf dataset/tomato leaf/tomato healthy/tomato healthy (242).jpg,16551744084550192262,tomato healthy
multiple leaf dataset/tomato leaf/tomato healthy/tomato healthy (243).jpg,16623799753320441446,tomato healthy
multiple leaf dataset/tomato leaf/tomato healthy/tomato healthy (244).jpg,17116381967737459556,tomato healthy
multiple leaf dataset/tomato leaf/tomato healthy/tomato healthy (245).jpg,17206724436294913353,tomato healthy
multiple leaf dataset/tomato leaf/tomato healthy/tomato healthy (246).jpg,16630263683989793993,tomato healthy
multiple leaf dataset/tomato leaf/tomato healthy/tomato healthy (247).jpg,12727392016529647931,tomato healthy
multiple leaf dataset/tomato leaf/tomato healthy/tomato healthy (248).jpg,13596582552740880410,tomato healthy
multiple leaf dataset/tomato leaf/tomato healthy/tomato healthy (249).jpg,11575033259982582601,tomato healthy
multiple leaf dataset/tomato leaf/tomato healthy/tomato healthy (25).jpeg,18356814673029156442,tomato healthy
multiple leaf dataset/tomato leaf/tomato healthy/tomato healthy (250).jpg,12725992926040667342,tomato healthy
multiple leaf dataset/tomato leaf/tomato healthy/tomato healthy (251).jpg,16263231410521271987,tomato healthy
multiple leaf dataset/tomato leaf/tomato healthy/tomato healthy (252).jpg,16551461788591924274,tomato healthy
multiple leaf dataset/tomato leaf/tomato healthy/tomato healthy (253).jpg,16626104339347550768,tomato healthy
multiple leaf dataset/tomato leaf/tomato healthy/tomato healthy (254).jpg,16619295956388055500,tomato healthy
multiple leaf dataset/tomato leaf/tomato healthy/tomato healthy (255).jpg,16637592895009495449,tomato healthy
multiple leaf dataset/tomato leaf/tomato healthy/tomato healthy (256).jpg,16702894115462022832,tomato healthy
multiple leaf dataset/tomato leaf/tomato healthy/tomato healthy (257).jpg,12747118348347192102,tomato healthy
multiple leaf dataset/tomato leaf/tomato healthy/tomato healthy (258).jpg,11864398529504189235,tomato healthy
multiple leaf dataset/tomato leaf/tomato healthy/tomato healthy (259).jpg,16550124527074633324,tomato healthy
multiple leaf dataset/tomato leaf/tomato healthy/tomato healthy (26).jpeg,12530868002531105588,tomato healthy
multiple leaf dataset/tomato leaf/tomato healthy/tomato healthy (260).jpg,12513484206791975717,tomato healthy
multiple leaf dataset/tomato leaf/tomato healthy/tomato healthy (261).jpg,12225186760429856613,tomato healthy
multiple leaf dataset/tomato leaf/tomato healthy/tomato healthy (262).jpg,12149188315978671251,tomato healthy
multiple leaf dataset/tomato leaf/tomato healthy/tomato healthy (263).jpg,16769600500796568626,tomato healthy
multiple leaf dataset/tomato leaf/tomato healthy/tomato healthy (264).jpg,16192867039454443059,tomato healthy
multiple leaf dataset/tomato leaf/tomato healthy/tomato healthy (265).jpg,16262947733191363686,tomato healthy
multiple leaf dataset/tomato leaf/tomato healthy/tomato healthy (266).jpg,16407619050208337260,tomato healthy
multiple leaf dataset/tomato leaf/tomato healthy/tomato healthy (267).jpg,16407617057410870470,tomato healthy
multiple leaf dataset/tomato leaf/tomato healthy/tomato healthy (268).jpg,16695856939599143576,tomato healthy
multiple leaf dataset/tomato leaf/tomato healthy/tomato healthy (269).jpg,17056426376070533833,tomato healthy
multiple leaf dataset/tomato leaf/tomato healthy/tomato healthy (27).jpeg,16250848236869924196,tomato healthy
multiple leaf dataset/tomato leaf/tomato healthy/tomato healthy (270).jpg,17134395816503840822,tomato healthy
multiple leaf dataset/tomato leaf/tomato healthy/tomato healthy (271).jpg,16279894261818299266,tomato healthy
multiple leaf dataset/tomato leaf/tomato healthy/tomato healthy (272).jpg,17413060586820047374,tomato healthy
multiple leaf dataset/tomato leaf/tomato healthy/tomato healthy (273).jpg,17429440259751766370,tomato healthy
multiple leaf dataset/tomato leaf/tomato healthy/tomato healthy (274).jpg,17358227122827568070,tomato healthy
multiple leaf dataset/tomato leaf/tomato healthy/tomato healthy (275).jpg,17502902511639665299,tomato healthy
multiple leaf dataset/tomato leaf/tomato healthy/tomato healthy (276).jpg,17405742069847134868,tomato healthy
multiple leaf dataset/tomato leaf/tomato healthy/tomato healthy (277).jpg,16623782161293587123,tomato healthy
multiple leaf dataset/tomato leaf/tomato healthy/tomato healthy (278).jpg,17632663242985268355,tomato healthy
multiple leaf dataset/tomato leaf/tomato healthy/tomato healthy (279).jpg,17409734614243173532,tomato healthy
multiple leaf dataset/tomato leaf/tomato healthy/tomato healthy (28).jpeg,13660201537966908315,tomato healthy
multiple leaf dataset/tomato leaf/tomato healthy/tomato healthy (280).jpg,16414104077678557100,tomato healthy
multiple leaf dataset/tomato leaf/tomato healthy/tomato healthy (281).jpg,16414104094857377708,tomato healthy
multiple leaf dataset/tomato leaf/tomato healthy/tomato healthy (282).jpg,16414104094908761289,tomato healthy
multiple leaf dataset/tomato leaf/tomato healthy/tomato healthy (283).jpg,16634204264946108779,tomato healthy
multiple leaf dataset/tomato leaf/tomato healthy/tomato healthy (284).jpg,16630838170642451558,tomato healthy
multiple leaf dataset/tomato leaf/tomato healthy/tomato healthy (285).jpg,16407626941404571288,tomato healthy
multiple leaf dataset/tomato leaf/tomato healthy/tomato healthy (286).jpg,16400364250572690225,tomato healthy
multiple leaf dataset/tomato leaf/tomato healthy/tomato healthy (287).jpg,17336834260882043161,tomato healthy
multiple leaf dataset/tomato leaf/tomato healthy/tomato healthy (288).jpg,17625056363694362054,tomato healthy
multiple leaf dataset/tomato leaf/tomato healthy/tomato healthy (289).jpg,17625065175354583500,tomato healthy
multiple leaf dataset/tomato leaf/tomato healthy/tomato healthy (29).jpeg,18284780764107632016,tomato healthy
multiple leaf dataset/tomato leaf/tomato healthy/tomato healthy (290).jpg,17625333439028679625,tomato healthy
multiple leaf dataset/tomato leaf/tomato healthy/tomato healthy (291).jpg,17625333451988582605,tomato healthy
multiple leaf dataset/tomato leaf/tomato healthy/tomato healthy (292).jpg,17625333185699377353,tomato healthy
multiple leaf dataset/tomato leaf/tomato healthy/tomato healthy (293).jpg,17638844044446570143,tomato healthy
multiple leaf dataset/tomato leaf/tomato healthy/tomato healthy (294).jpg,17636601075958234776,tomato healthy
multiple leaf dataset/tomato leaf/tomato healthy/tomato healthy (295).jpg,16486440399638663571,tomato healthy
multiple leaf dataset/tomato leaf/tomato healthy/tomato healthy (296).jpg,16559342414312793289,tomato healthy
multiple leaf dataset/tomato leaf/tomato healthy/tomato healthy (297).jpg,16689083393969097138,tomato healthy
multiple leaf dataset/tomato leaf/tomato healthy/tomato healthy (298).jpg,16542733859580982131,tomato healthy
multiple leaf dataset/tomato leaf/tomato healthy/tomato healthy (299).jpg,16542733446731438937,tomato healthy
multiple leaf dataset/tomato leaf/tomato healthy/tomato healthy (3).jpeg,13456915904591324749,tomato healthy
multiple leaf dataset/tomato leaf/tomato healthy/tomato healthy (30).jpeg,16255969789090142652,tomato healthy
multiple leaf dataset/tomato leaf/tomato healthy/tomato healthy (300).jpg,16542509116308364109,tomato healthy
multiple leaf dataset/tomato leaf/tomato healthy/tomato healthy (301).jpg,16542511315321391049,tomato healthy
multiple leaf dataset/tomato leaf/tomato healthy/tomato healthy (302).jpg,16254228196971300499,tomato healthy
multiple leaf dataset/tomato leaf/tomato healthy/tomato healthy (303).jpg,16542507759158369080,tomato healthy
multiple leaf dataset/tomato leaf/tomato healthy/tomato healthy (304).jpg,16255354149288630426,tomato healthy
multiple leaf dataset/tomato leaf/tomato healthy/tomato healthy (305).jpg,16905551350698947542,tomato healthy
multiple leaf dataset/tomato leaf/tomato healthy/tomato healthy (306).jpg,14596629598543732075,tomato healthy
multiple leaf dataset/tomato leaf/tomato healthy/tomato healthy (307).jpg,13875792137580436533,tomato healthy
multiple leaf dataset/tomato leaf/tomato healthy/tomato healthy (308).jpg,17048824321384290774,tomato healthy
multiple leaf dataset/tomato leaf/tomato healthy/tomato healthy (31).jpeg,12963274641032976689,tomato healthy
multiple leaf dataset/tomato leaf/tomato healthy/tomato healthy (32).jpeg,16751296205575026900,tomato healthy
multiple leaf dataset/tomato leaf/tomato healthy/tomato healthy (33).jpeg,12723539695162213925,tomato healthy
multiple leaf dataset/tomato leaf/tomato healthy/tomato healthy (34).jpeg,16263006690746995276,tomato healthy
multiple leaf dataset/tomato leaf/tomato healthy/tomato healthy (35).jpeg,16810396155022249426,tomato healthy
multiple leaf dataset/tomato leaf/tomato healthy/tomato healthy (36).jpeg,12858552314224305036,tomato healthy
multiple leaf dataset/tomato leaf/tomato healthy/tomato healthy (37).jpeg,16759467040022172828,tomato healthy
multiple leaf dataset/tomato leaf/tomato healthy/tomato healthy (38).jpeg,12725986422145732201,tomato healthy
multiple leaf dataset/tomato leaf/tomato healthy/tomato healthy (39).jpeg,17911039373322141806,tomato healthy
multiple leaf dataset/tomato leaf/tomato healthy/tomato healthy (4).jpeg,16275610655181352104,tomato healthy
multiple leaf dataset/tomato leaf/tomato healthy/tomato healthy (40).jpeg,17201100043143715081,tomato healthy
multiple leaf dataset/tomato leaf/tomato healthy/tomato healthy (41).jpeg,12736689696511267684,tomato healthy
multiple leaf dataset/tomato leaf/tomato healthy/tomato healthy (42).jpeg,17416153449460680348,tomato healthy
multiple leaf dataset/tomato leaf/tomato healthy/tomato healthy (43).jpeg,12122166022411005733,tomato healthy
multiple leaf dataset/tomato leaf/tomato healthy/tomato healthy (44).jpeg,13807967052601177176,tomato healthy
multiple leaf dataset/tomato leaf/tomato healthy/tomato healthy (45).jpeg,12880790877426862910,tomato healthy
multiple leaf dataset/tomato leaf/tomato healthy/tomato healthy (46).jpeg,11809731883331853161,tomato healthy
multiple leaf dataset/tomato leaf/tomato healthy/tomato healthy (47).jpeg,16767125041409608132,tomato healthy
multiple leaf dataset/tomato leaf/tomato healthy/tomato healthy (48).jpeg,13457196858349768075,tomato healthy
multiple leaf dataset/tomato leaf/tomato healthy/tomato healthy (49).jpeg,13300120696692519634,tomato healthy
multiple leaf dataset/tomato leaf/tomato healthy/tomato healthy (5).jpeg,13563928108858328502,tomato healthy
multiple leaf dataset/tomato leaf/tomato healthy/tomato healthy (50).jpeg,12521306967369814323,tomato healthy
multiple leaf dataset/tomato leaf/tomato healthy/tomato healthy (51).jpeg,12725709529797598051,tomato healthy
multiple leaf dataset/tomato leaf/tomato healthy/tomato healthy (52).jpeg,13159458603404611809,tomato healthy
multiple leaf dataset/tomato leaf/tomato healthy/tomato healthy (53).jpeg,12639572886936721823,tomato healthy
multiple leaf dataset/tomato leaf/tomato healthy/tomato healthy (54).jpeg,16903561785732198472,tomato healthy
multiple leaf dataset/tomato leaf/tomato healthy/tomato healthy (55).jpeg,13323831989920949094,tomato healthy
multiple leaf dataset/tomato leaf/tomato healthy/tomato healthy (56).jpeg,12531778356416018737,tomato healthy
multiple leaf dataset/tomato leaf/tomato healthy/tomato healthy (57).jpeg,16403126648788652633,tomato healthy
multiple leaf dataset/tomato leaf/tomato healthy/tomato healthy (58).jpeg,12122729549495321958,tomato healthy
multiple leaf dataset/tomato leaf/tomato healthy/tomato healthy (59).jpeg,18341613417713995629,tomato healthy
multiple leaf dataset/tomato leaf/tomato healthy/tomato healthy (6).jpeg,12148120699334964072,tomato healthy
multiple leaf dataset/tomato leaf/tomato healthy/tomato healthy (60).jpeg,16414097498340239013,tomato healthy
multiple leaf dataset/tomato leaf/tomato healthy/tomato healthy (61).jpeg,13231506851356023822,tomato healthy
multiple leaf dataset/tomato leaf/tomato healthy/tomato healthy (62).jpeg,13820956762841816592,tomato healthy
multiple leaf dataset/tomato leaf/tomato healthy/tomato healthy (63).jpeg,13178882776781851065,tomato healthy
multiple leaf dataset/tomato leaf/tomato healthy/tomato healthy (64).jpeg,16250848218478015970,tomato healthy
multiple leaf dataset/tomato leaf/tomato healthy/tomato healthy (65).jpeg,16760592844366033692,tomato healthy
multiple leaf dataset/tomato leaf/tomato healthy/tomato healthy (66).jpeg,17249509422580729477,tomato healthy
multiple leaf dataset/tomato leaf/tomato healthy/tomato healthy (67).jpeg,16253944929278379575,tomato healthy
multiple leaf dataset/tomato leaf/tomato healthy/tomato healthy (68).jpeg,16271387482934892659,tomato healthy
multiple leaf dataset/tomato leaf/tomato healthy/tomato healthy (69).jpeg,16197999341560107446,tomato healthy
multiple leaf dataset/tomato leaf/tomato healthy/tomato healthy (7).jpeg,16515148625814074316,tomato healthy
multiple leaf dataset/tomato leaf/tomato healthy/tomato healthy (70).jpeg,16891471429560189875,tomato healthy
multiple leaf dataset/tomato leaf/tomato healthy/tomato healthy (71).jpeg,12695820193765290860,tomato healthy
multiple leaf dataset/tomato leaf/tomato healthy/tomato healthy (72).jpeg,16257035241962955218,tomato healthy
multiple leaf dataset/tomato leaf/tomato healthy/tomato healthy (8).jpeg,16496012970336634918,tomato healthy
multiple leaf dataset/tomato leaf/tomato healthy/tomato healthy (9).jpeg,16263284188777320292,tomato healthy
multiple leaf dataset/tomato leaf/tomato insect damage/tomato insect damage (1).jpg,17529941940694513482,tomato insect damage
multiple leaf dataset/tomato leaf/tomato insect damage/tomato insect damage (10).jpg,11687854287967211078,tomato insect damage
multiple leaf dataset/tomato leaf/tomato insect damage/tomato insect damage (100).jpg,16541048198002520740,tomato insect damage
multiple leaf dataset/tomato leaf/tomato insect damage/tomato insect damage (101).jpg,17261623036693262441,tomato insect damage
multiple leaf dataset/tomato leaf/tomato insect damage/tomato insect damage (102).jpg,12514887097627471201,tomato insect damage
multiple leaf dataset/tomato leaf/tomato insect damage/tomato insect damage (103).jpg,17126501665770870966,tomato insect damage
multiple leaf dataset/tomato leaf/tomato insect damage/tomato insect damage (104).jpg,12080235909953458274,tomato insect damage
multiple leaf dataset/tomato leaf/tomato insect damage/tomato insect damage (105).jpg,16695857347839543590,tomato insect damage
multiple leaf dataset/tomato leaf/tomato insect damage/tomato insect damage (106).jpg,12806421799643195063,tomato insect damage
multiple leaf dataset/tomato leaf/tomato insect damage/tomato insect damage (107).jpg,13017601519436139585,tomato insect damage
multiple leaf dataset/tomato leaf/tomato insect damage/tomato insect damage (108).jpg,13089657996632608105,tomato insect damage
multiple leaf dataset/tomato leaf/tomato insect damage/tomato insect damage (109).jpg,11900135974865324875,tomato insect damage
multiple leaf dataset/tomato leaf/tomato insect damage/tomato insect damage (11).jpg,11687854287832862407,tomato insect damage
multiple leaf dataset/tomato leaf/tomato insect damage/tomato insect damage (110).jpg,13089087307342438851,tomato insect damage
multiple leaf dataset/tomato leaf/tomato insect damage/tomato insect damage (111).jpg,13665543663762661510,tomato insect damage
multiple leaf dataset/tomato leaf/tomato insect damage/tomato insect damage (112).jpg,17124821681476089905,tomato insect damage
multiple leaf dataset/tomato leaf/tomato insect damage/tomato insect damage (113).jpg,12517634831324820524,tomato insect damage
multiple leaf dataset/tomato leaf/tomato insect damage/tomato insect damage (114).jpg,13168465682931785475,tomato insect damage
multiple leaf dataset/tomato leaf/tomato insect damage/tomato insect damage (115).jpg,11940902495263858992,tomato insect damage
multiple leaf dataset/tomato leaf/tomato insect damage/tomato insect damage (116).jpg,12014365535744762418,tomato insect damage
multiple leaf dataset/tomato leaf/tomato insect damage/tomato insect damage (117).jpg,12014365260950963907,tomato insect damage
multiple leaf dataset/tomato leaf/tomato insect damage/tomato insect damage (118).jpg,17415644500496770993,tomato insect damage
multiple leaf dataset/tomato leaf/tomato insect damage/tomato insect damage (119).jpg,17415925974935627443,tomato insect damage
multiple leaf dataset/tomato leaf/tomato insect damage/tomato insect damage (12).jpg,11685092323343890013,tomato insect damage
multiple leaf dataset/tomato leaf/tomato insect damage/tomato insect damage (120).jpg,12806492306094696099,tomato insect damage
multiple leaf dataset/tomato leaf/tomato insect damage/tomato insect damage (121).jpg,12948356656563758630,tomato insect damage
multiple leaf dataset/tomato leaf/tomato insect damage/tomato insect damage (122).jpg,16407679722291305504,tomato insect damage
multiple leaf dataset/tomato leaf/tomato insect damage/tomato insect damage (123).jpg,12948355556787916340,tomato insect damage
multiple leaf dataset/tomato leaf/tomato insect damage/tomato insect damage (124).jpg,12948357485245140020,tomato insect damage
multiple leaf dataset/tomato leaf/tomato insect damage/tomato insect damage (125).jpg,12950046335101095044,tomato insect damage
multiple leaf dataset/tomato leaf/tomato insect damage/tomato insect damage (126).jpg,12945259138984286643,tomato insect damage
multiple leaf dataset/tomato leaf/tomato insect damage/tomato insect damage (127).jpg,12765117369891474587,tomato insect damage
multiple leaf dataset/tomato leaf/tomato insect damage/tomato insect damage (128).jpg,12729362278472521931,tomato insect damage
multiple leaf dataset/tomato leaf/tomato insect damage/tomato insect damage (129).jpg,12729371143284889731,tomato insect damage
multiple leaf dataset/tomato leaf/tomato insect damage/tomato insect damage (13).jpg,11685109915529922255,tomato insect damage
multiple leaf dataset/tomato leaf/tomato insect damage/tomato insect damage (130).jpg,16623288455980151139,tomato insect damage
multiple leaf dataset/tomato leaf/tomato insect damage/tomato insect damage (131).jpg,17560041580550472800,tomato insect damage
multiple leaf dataset/tomato leaf/tomato insect damage/tomato insect damage (132).jpg,16394450180388447843,tomato insect damage
multiple leaf dataset/tomato leaf/tomato insect damage/tomato insect damage (133).jpg,16619577384123360358,tomato insect damage
multiple leaf dataset/tomato leaf/tomato insect damage/tomato insect damage (134).jpg,12945259113134737892,tomato insect damage
multiple leaf dataset/tomato leaf/tomato insect damage/tomato insect damage (135).jpg,12945259138904803525,tomato insect damage
multiple leaf dataset/tomato leaf/tomato insect damage/tomato insect damage (136).jpg,11647659462445877731,tomato insect damage
multiple leaf dataset/tomato leaf/tomato insect damage/tomato insect damage (137).jpg,16250281253915113100,tomato insect damage
multiple leaf dataset/tomato leaf/tomato insect damage/tomato insect damage (138).jpg,16538799562459754662,tomato insect damage
multiple leaf dataset/tomato leaf/tomato insect damage/tomato insect damage (139).jpg,11953853791441006791,tomato insect damage
multiple leaf dataset/tomato leaf/tomato insect damage/tomato insect damage (14).jpg,11685391390510702284,tomato insect damage
multiple leaf dataset/tomato leaf/tomato insect damage/tomato insect damage (140).jpg,17343536774342021731,tomato insect damage
multiple leaf dataset/tomato leaf/tomato insect damage/tomato insect damage (141).jpg,17415646701734224689,tomato insect damage
multiple leaf dataset/tomato leaf/tomato insect damage/tomato insect damage (142).jpg,16251409350647470994,tomato insect damage
multiple leaf dataset/tomato leaf/tomato insect damage/tomato insect damage (143).jpg,16252605069542661010,tomato insect damage
multiple leaf dataset/tomato leaf/tomato insect damage/tomato insect damage (144).jpg,16258516455491751315,tomato insect damage
multiple leaf dataset/tomato leaf/tomato insect damage/tomato insect damage (145).jpg,16258498899845868947,tomato insect damage
multiple leaf dataset/tomato leaf/tomato insect damage/tomato insect damage (146).jpg,16258517538695320467,tomato insect damage
multiple leaf dataset/tomato leaf/tomato insect damage/tomato insect damage (147).jpg,16250002083086046157,tomato insect damage
multiple leaf dataset/tomato leaf/tomato insect damage/tomato insect damage (148).jpg,16403117856301487690,tomato insect damage
multiple leaf dataset/tomato leaf/tomato insect damage/tomato insect damage (149).jpg,16263516729518482099,tomato insect damage
multiple leaf dataset/tomato leaf/tomato insect damage/tomato insect damage (15).jpg,11685391377625800396,tomato insect damage
multiple leaf dataset/tomato leaf/tomato insect damage/tomato insect damage (150).jpg,13013373113832781976,tomato insect damage
multiple leaf dataset/tomato leaf/tomato insect damage/tomato insect damage (151).jpg,12732179477661797555,tomato insect damage
multiple leaf dataset/tomato leaf/tomato insect damage/tomato insect damage (152).jpg,17481228719389160305,tomato insect damage
multiple leaf dataset/tomato leaf/tomato insect damage/tomato insect damage (153).jpg,16614792140277651865,tomato insect damage
multiple leaf dataset/tomato leaf/tomato insect damage/tomato insect damage (154).jpg,16623869570636198809,tomato insect damage
multiple leaf dataset/tomato leaf/tomato insect damage/tomato insect damage (155).jpg,17553285754840641945,tomato insect damage
multiple leaf dataset/tomato leaf/tomato insect damage/tomato insect damage (156).jpg,16688590228372550553,tomato insect damage
multiple leaf dataset/tomato leaf/tomato insect damage/tomato insect damage (157).jpg,17560604276076721100,tomato insect damage
multiple leaf dataset/tomato leaf/tomato insect damage/tomato insect damage (158).jpg,17555819257309311948,tomato insect damage
multiple leaf dataset/tomato leaf/tomato insect damage/tomato insect damage (159).jpg,17556945292520272268,tomato insect damage
multiple leaf dataset/tomato leaf/tomato insect damage/tomato insect damage (16).jpg,11684264445048804700,tomato insect damage
multiple leaf dataset/tomato leaf/tomato insect damage/tomato insect damage (160).jpg,17547937409195520204,tomato insect damage
multiple leaf dataset/tomato leaf/tomato insect damage/tomato insect damage (161).jpg,17547937409657155788,tomato insect damage
multiple leaf dataset/tomato leaf/tomato insect damage/tomato insect damage (162).jpg,16612821571509969369,tomato insect damage
multiple leaf dataset/tomato leaf/tomato insect damage/tomato insect damage (163).jpg,16539921197480856473,tomato insect damage
multiple leaf dataset/tomato leaf/tomato insect damage/tomato insect damage (164).jpg,16684880264619964057,tomato insect damage
multiple leaf dataset/tomato leaf/tomato insect damage/tomato insect damage (165).jpg,16540765077081174733,tomato insect damage
multiple leaf dataset/tomato leaf/tomato insect damage/tomato insect damage (166).jpg,16540765068490978255,tomato insect damage
multiple leaf dataset/tomato leaf/tomato insect damage/tomato insect damage (167).jpg,16541328018364051651,tomato insect damage
multiple leaf dataset/tomato leaf/tomato insect damage/tomato insect damage (168).jpg,16253097642178787507,tomato insect damage
multiple leaf dataset/tomato leaf/tomato insect damage/tomato insect damage (169).jpg,16249790311235991611,tomato insect damage
multiple leaf dataset/tomato leaf/tomato insect damage/tomato insect damage (17).jpg,12945261333723689766,tomato insect damage
multiple leaf dataset/tomato leaf/tomato insect damage/tomato insect damage (170).jpg,13009152423670302521,tomato insect damage
multiple leaf dataset/tomato leaf/tomato insect damage/tomato insect damage (171).jpg,16184189821661138627,tomato insect damage
multiple leaf dataset/tomato leaf/tomato insect damage/tomato insect damage (172).jpg,16253731626560834767,tomato insect damage
multiple leaf dataset/tomato leaf/tomato insect damage/tomato insect damage (173).jpg,16254291827735382223,tomato insect damage
multiple leaf dataset/tomato leaf/tomato insect damage/tomato insect damage (174).jpg,16542451971759659470,tomato insect damage
multiple leaf dataset/tomato leaf/tomato insect damage/tomato insect damage (175).jpg,16542453071338527168,tomato insect damage
multiple leaf dataset/tomato leaf/tomato insect damage/tomato insect damage (176).jpg,11792337058655095193,tomato insect damage
multiple leaf dataset/tomato leaf/tomato insect damage/tomato insect damage (177).jpg,12945258590105357452,tomato insect damage
multiple leaf dataset/tomato leaf/tomato insect damage/tomato insect damage (178).jpg,12801427620663970244,tomato insect damage
multiple leaf dataset/tomato leaf/tomato insect damage/tomato insect damage (179).jpg,12728245227002585447,tomato insect damage
multiple leaf dataset/tomato leaf/tomato insect damage/tomato insect damage (18).jpg,12945259139028951846,tomato insect damage
multiple leaf dataset/tomato leaf/tomato insect damage/tomato insect damage (180).jpg,12729362330551949761,tomato insect damage
multiple leaf dataset/tomato leaf/tomato insect damage/tomato insect damage (181).jpg,11611914367327787323,tomato insect damage
multiple leaf dataset/tomato leaf/tomato insect damage/tomato insect damage (182).jpg,16259629191331562294,tomato insect damage
multiple leaf dataset/tomato leaf/tomato insect damage/tomato insect damage (183).jpg,11647943190109209446,tomato insect damage
multiple leaf dataset/tomato leaf/tomato insect damage/tomato insect damage (184).jpg,16369350530401748679,tomato insect damage
multiple leaf dataset/tomato leaf/tomato insect damage/tomato insect damage (185).jpg,16405378227909084871,tomato insect damage
multiple leaf dataset/tomato leaf/tomato insect damage/tomato insect damage (186).jpg,16402554682893913401,tomato insect damage
multiple leaf dataset/tomato leaf/tomato insect damage/tomato insect damage (187).jpg,16683746887185372315,tomato insect damage
multiple leaf dataset/tomato leaf/tomato insect damage/tomato insect damage (188).jpg,12804797525878782256,tomato insect damage
multiple leaf dataset/tomato leaf/tomato insect damage/tomato insect damage (189).jpg,12944416926868453516,tomato insect damage
multiple leaf dataset/tomato leaf/tomato insect damage/tomato insect damage (19).jpg,12945188768011659110,tomato insect damage
multiple leaf dataset/tomato leaf/tomato insect damage/tomato insect damage (190).jpg,12800292942700361933,tomato insect damage
multiple leaf dataset/tomato leaf/tomato insect damage/tomato insect damage (191).jpg,12729087456419459939,tomato insect damage
multiple leaf dataset/tomato leaf/tomato insect damage/tomato insect damage (192).jpg,16259348820188866355,tomato insect damage
multiple leaf dataset/tomato leaf/tomato insect damage/tomato insect damage (193).jpg,12728526714036446833,tomato insect damage
multiple leaf dataset/tomato leaf/tomato insect damage/tomato insect damage (194).jpg,16255406823568981445,tomato insect damage
multiple leaf dataset/tomato leaf/tomato insect damage/tomato insect damage (195).jpg,13013372568422017336,tomato insect damage
multiple leaf dataset/tomato leaf/tomato insect damage/tomato insect damage (196).jpg,13230952145548682296,tomato insect damage
multiple leaf dataset/tomato leaf/tomato insect damage/tomato insect damage (197).jpg,12878268424350795539,tomato insect damage
multiple leaf dataset/tomato leaf/tomato insect damage/tomato insect damage (198).jpg,12806210682140133005,tomato insect damage
multiple leaf dataset/tomato leaf/tomato insect damage/tomato insect damage (199).jpg,12950606812130221104,tomato insect damage
multiple leaf dataset/tomato leaf/tomato insect damage/tomato insect damage (2).jpg,16313970041338753862,tomato insect damage
multiple leaf dataset/tomato leaf/tomato insect damage/tomato insect damage (20).jpg,12945188768543303020,tomato insect damage
multiple leaf dataset/tomato leaf/tomato insect damage/tomato insect damage (200).jpg,12948354737556475020,tomato insect damage
multiple leaf dataset/tomato leaf/tomato insect damage/tomato insect damage (201).jpg,16476027364781280316,tomato insect damage
multiple leaf dataset/tomato leaf/tomato insect damage/tomato insect damage (202).jpg,13729717368626866381,tomato insect damage
multiple leaf dataset/tomato leaf/tomato insect damage/tomato insect damage (203).jpg,13014210383464876480,tomato insect damage
multiple leaf dataset/tomato leaf/tomato insect damage/tomato insect damage (204).jpg,17625627025798498753,tomato insect damage
multiple leaf dataset/tomato leaf/tomato insect damage/tomato insect damage (205).jpg,17337115732897569177,tomato insect damage
multiple leaf dataset/tomato leaf/tomato insect damage/tomato insect damage (206).jpg,12725429711819446684,tomato insect damage
multiple leaf dataset/tomato leaf/tomato insect damage/tomato insect damage (207).jpg,12725429162067859510,tomato insect damage
multiple leaf dataset/tomato leaf/tomato insect damage/tomato insect damage (208).jpg,12725429711953709348,tomato insect damage
multiple leaf dataset/tomato leaf/tomato insect damage/tomato insect damage (209).jpg,12806492169611453390,tomato insect damage
multiple leaf dataset/tomato leaf/tomato insect damage/tomato insect damage (21).jpg,12729088554196952173,tomato insect damage
multiple leaf dataset/tomato leaf/tomato insect damage/tomato insect damage (210).jpg,12806492307045163718,tomato insect damage
multiple leaf dataset/tomato leaf/tomato insect damage/tomato insect damage (211).jpg,12806492856807665862,tomato insect damage
multiple leaf dataset/tomato leaf/tomato insect damage/tomato insect damage (212).jpg,12948919607339069644,tomato insect damage
multiple leaf dataset/tomato leaf/tomato insect damage/tomato insect damage (213).jpg,17553285903720683979,tomato insect damage
multiple leaf dataset/tomato leaf/tomato insect damage/tomato insect damage (214).jpg,12950536750079685011,tomato insect damage
multiple leaf dataset/tomato leaf/tomato insect damage/tomato insect damage (215).jpg,16623235507402600755,tomato insect damage
multiple leaf dataset/tomato leaf/tomato insect damage/tomato insect damage (216).jpg,16619858889964022066,tomato insect damage
multiple leaf dataset/tomato leaf/tomato insect damage/tomato insect damage (217).jpg,16619858888890337587,tomato insect damage
multiple leaf dataset/tomato leaf/tomato insect damage/tomato insect damage (218).jpg,16621829217015140914,tomato insect damage
multiple leaf dataset/tomato leaf/tomato insect damage/tomato insect damage (219).jpg,16621829215937205938,tomato insect damage
multiple leaf dataset/tomato leaf/tomato insect damage/tomato insect damage (22).jpg,12729018185452776779,tomato insect damage
multiple leaf dataset/tomato leaf/tomato insect damage/tomato insect damage (220).jpg,16691635011235452562,tomato insect damage
multiple leaf dataset/tomato leaf/tomato insect damage/tomato insect damage (221).jpg,16692196852047320726,tomato insect damage
multiple leaf dataset/tomato leaf/tomato insect damage/tomato insect damage (222).jpg,16476083443737271441,tomato insect damage
multiple leaf dataset/tomato leaf/tomato insect damage/tomato insect damage (223).jpg,16476083443735173271,tomato insect damage
multiple leaf dataset/tomato leaf/tomato insect damage/tomato insect damage (224).jpg,16476009776865025640,tomato insect damage
multiple leaf dataset/tomato leaf/tomato insect damage/tomato insect damage (225).jpg,16476080145608937068,tomato insect damage
multiple leaf dataset/tomato leaf/tomato insect damage/tomato insect damage (226).jpg,16399467069824198472,tomato insect damage
multiple leaf dataset/tomato leaf/tomato insect damage/tomato insect damage (227).jpg,16399449476564414281,tomato insect damage
multiple leaf dataset/tomato leaf/tomato insect damage/tomato insect damage (228).jpg,16399449476564414345,tomato insect damage
multiple leaf dataset/tomato leaf/tomato insect damage/tomato insect damage (229).jpg,16399519845308583825,tomato insect damage
multiple leaf dataset/tomato leaf/tomato insect damage/tomato insect damage (23).jpg,11648154270588824987,tomato insect damage
multiple leaf dataset/tomato leaf/tomato insect damage/tomato insect damage (230).jpg,16399519845308583825,tomato insect damage
multiple leaf dataset/tomato leaf/tomato insect damage/tomato insect damage (231).jpg,16617378154617025387,tomato insect damage
multiple leaf dataset/tomato leaf/tomato insect damage/tomato insect damage (232).jpg,16329147572340691819,tomato insect damage
multiple leaf dataset/tomato leaf/tomato insect damage/tomato insect damage (233).jpg,16184473764127086233,tomato insect damage
multiple leaf dataset/tomato leaf/tomato insect damage/tomato insect damage (234).jpg,16184473774864570009,tomato insect damage
multiple leaf dataset/tomato leaf/tomato insect damage/tomato insect damage (235).jpg,17337113804494116809,tomato insect damage
multiple leaf dataset/tomato leaf/tomato insect damage/tomato insect damage (236).jpg,16328306457137421261,tomato insect damage
multiple leaf dataset/tomato leaf/tomato insect damage/tomato insect damage (237).jpg,17481228309636617165,tomato insect damage
multiple leaf dataset/tomato leaf/tomato insect damage/tomato insect damage (238).jpg,17779043011964831281,tomato insect damage
multiple leaf dataset/tomato leaf/tomato insect damage/tomato insect damage (239).jpg,16625840032381273883,tomato insect damage
multiple leaf dataset/tomato leaf/tomato insect damage/tomato insect damage (24).jpg,11648435754121915706,tomato insect damage
multiple leaf dataset/tomato leaf/tomato insect damage/tomato insect damage (240).jpg,16626965524215942155,tomato insect damage
multiple leaf dataset/tomato leaf/tomato insect damage/tomato insect damage (241).jpg,16482219605160167062,tomato insect damage
multiple leaf dataset/tomato leaf/tomato insect damage/tomato insect damage (242).jpg,17475881051317836825,tomato insect damage
multiple leaf dataset/tomato leaf/tomato insect damage/tomato insect damage (243).jpg,17484887115107518360,tomato insect damage
multiple leaf dataset/tomato leaf/tomato insect damage/tomato insect damage (244).jpg,12873202092572853134,tomato insect damage
multiple leaf dataset/tomato leaf/tomato insect damage/tomato insect damage (245).jpg,12728526153977363655,tomato insect damage
multiple leaf dataset/tomato leaf/tomato insect damage/tomato insect damage (246).jpg,12730777928020712647,tomato insect damage
multiple leaf dataset/tomato leaf/tomato insect damage/tomato insect damage (247).jpg,12730777928093928931,tomato insect damage
multiple leaf dataset/tomato leaf/tomato insect damage/tomato insect damage (248).jpg,12729934065804101913,tomato insect damage
multiple leaf dataset/tomato leaf/tomato insect damage/tomato insect damage (249).jpg,12799738898733963574,tomato insect damage
multiple leaf dataset/tomato leaf/tomato insect damage/tomato insect damage (25).jpg,11792003385004879238,tomato insect damage
multiple leaf dataset/tomato leaf/tomato insect damage/tomato insect damage (250).jpg,12800301840231665974,tomato insect damage
multiple leaf dataset/tomato leaf/tomato insect damage/tomato insect damage (251).jpg,16473004585591262259,tomato insect damage
multiple leaf dataset/tomato leaf/tomato insect damage/tomato insect damage (252).jpg,16473022182051291955,tomato insect damage
multiple leaf dataset/tomato leaf/tomato insect damage/tomato insect damage (253).jpg,16481444436007619791,tomato insect damage
multiple leaf dataset/tomato leaf/tomato insect damage/tomato insect damage (254).jpg,16481164618932359628,tomato insect damage
multiple leaf dataset/tomato leaf/tomato insect damage/tomato insect damage (255).jpg,17634083924547803340,tomato insect damage
multiple leaf dataset/tomato leaf/tomato insect damage/tomato insect damage (256).jpg,16481162445718762252,tomato insect damage
multiple leaf dataset/tomato leaf/tomato insect damage/tomato insect damage (257).jpg,16481724158720807731,tomato insect damage
multiple leaf dataset/tomato leaf/tomato insect damage/tomato insect damage (258).jpg,16625840446308225827,tomato insect damage
multiple leaf dataset/tomato leaf/tomato insect damage/tomato insect damage (259).jpg,16623869571715958311,tomato insect damage
multiple leaf dataset/tomato leaf/tomato insect damage/tomato insect damage (26).jpg,11578930058591221651,tomato insect damage
multiple leaf dataset/tomato leaf/tomato insect damage/tomato insect damage (260).jpg,16623799807454907942,tomato insect damage
multiple leaf dataset/tomato leaf/tomato insect damage/tomato insect damage (261).jpg,16623798931281579623,tomato insect damage
multiple leaf dataset/tomato leaf/tomato insect damage/tomato insect damage (262).jpg,17779042875062748709,tomato insect damage
multiple leaf dataset/tomato leaf/tomato insect damage/tomato insect damage (263).jpg,17053322639328372332,tomato insect damage
multiple leaf dataset/tomato leaf/tomato insect damage/tomato insect damage (264).jpg,17048537701022394061,tomato insect damage
multiple leaf dataset/tomato leaf/tomato insect damage/tomato insect damage (265).jpg,17054167200606807788,tomato insect damage
multiple leaf dataset/tomato leaf/tomato insect damage/tomato insect damage (266).jpg,17045168234800429006,tomato insect damage
multiple leaf dataset/tomato leaf/tomato insect damage/tomato insect damage (267).jpg,17054738375313732326,tomato insect damage
multiple leaf dataset/tomato leaf/tomato insect damage/tomato insect damage (268).jpg,17072752774360085030,tomato insect damage
multiple leaf dataset/tomato leaf/tomato insect damage/tomato insect damage (269).jpg,17059234277416120931,tomato insect damage
multiple leaf dataset/tomato leaf/tomato insect damage/tomato insect damage (27).jpg,12299501879824234131,tomato insect damage
multiple leaf dataset/tomato leaf/tomato insect damage/tomato insect damage (270).jpg,17131295110933001731,tomato insect damage
multiple leaf dataset/tomato leaf/tomato insect damage/tomato insect damage (271).jpg,17131295145761965619,tomato insect damage
multiple leaf dataset/tomato leaf/tomato insect damage/tomato insect damage (272).jpg,17122287911057016635,tomato insect damage
multiple leaf dataset/tomato leaf/tomato insect damage/tomato insect damage (273).jpg,17130732469463322402,tomato insect damage
multiple leaf dataset/tomato leaf/tomato insect damage/tomato insect damage (274).jpg,17131304219820248582,tomato insect damage
multiple leaf dataset/tomato leaf/tomato insect damage/tomato insect damage (275).jpg,16472161266581687943,tomato insect damage
multiple leaf dataset/tomato leaf/tomato insect damage/tomato insect damage (276).jpg,16263299566033836825,tomato insect damage
multiple leaf dataset/tomato leaf/tomato insect damage/tomato insect damage (277).jpg,16407414754096061209,tomato insect damage
multiple leaf dataset/tomato leaf/tomato insect damage/tomato insect damage (278).jpg,16480598246581240723,tomato insect damage
multiple leaf dataset/tomato leaf/tomato insect damage/tomato insect damage (279).jpg,16479472415641143182,tomato insect damage
multiple leaf dataset/tomato leaf/tomato insect damage/tomato insect damage (28).jpg,11723602978499998419,tomato insect damage
multiple leaf dataset/tomato leaf/tomato insect damage/tomato insect damage (280).jpg,16480527946738242718,tomato insect damage
multiple leaf dataset/tomato leaf/tomato insect damage/tomato insect damage (281).jpg,16498535748194210712,tomato insect damage
multiple leaf dataset/tomato leaf/tomato insect damage/tomato insect damage (282).jpg,16479402886547312332,tomato insect damage
multiple leaf dataset/tomato leaf/tomato insect damage/tomato insect damage (283).jpg,17778483498699705862,tomato insect damage
multiple leaf dataset/tomato leaf/tomato insect damage/tomato insect damage (284).jpg,16625558695021366470,tomato insect damage
multiple leaf dataset/tomato leaf/tomato insect damage/tomato insect damage (285).jpg,16626332830563239372,tomato insect damage
multiple leaf dataset/tomato leaf/tomato insect damage/tomato insect damage (286).jpg,16622183256718254861,tomato insect damage
multiple leaf dataset/tomato leaf/tomato insect damage/tomato insect damage (287).jpg,16482501282144609805,tomato insect damage
multiple leaf dataset/tomato leaf/tomato insect damage/tomato insect damage (288).jpg,16495730588868503150,tomato insect damage
multiple leaf dataset/tomato leaf/tomato insect damage/tomato insect damage (289).jpg,12728525874930631526,tomato insect damage
multiple leaf dataset/tomato leaf/tomato insect damage/tomato insect damage (29).jpg,11723884175917692472,tomato insect damage
multiple leaf dataset/tomato leaf/tomato insect damage/tomato insect damage (290).jpg,12727399932065600359,tomato insect damage
multiple leaf dataset/tomato leaf/tomato insect damage/tomato insect damage (291).jpg,12727399937971140454,tomato insect damage
multiple leaf dataset/tomato leaf/tomato insect damage/tomato insect damage (292).jpg,12801709119659664998,tomato insect damage
multiple leaf dataset/tomato leaf/tomato insect damage/tomato insect damage (293).jpg,11720860559307656399,tomato insect damage
multiple leaf dataset/tomato leaf/tomato insect damage/tomato insect damage (294).jpg,16332476355824950419,tomato insect damage
multiple leaf dataset/tomato leaf/tomato insect damage/tomato insect damage (295).jpg,16337262392484926611,tomato insect damage
multiple leaf dataset/tomato leaf/tomato insect damage/tomato insect damage (296).jpg,16334728327554242450,tomato insect damage
multiple leaf dataset/tomato leaf/tomato insect damage/tomato insect damage (297).jpg,16406785835705610651,tomato insect damage
multiple leaf dataset/tomato leaf/tomato insect damage/tomato insect damage (298).jpg,16262741016374972635,tomato insect damage
multiple leaf dataset/tomato leaf/tomato insect damage/tomato insect damage (299).jpg,16262741012012997209,tomato insect damage
multiple leaf dataset/tomato leaf/tomato insect damage/tomato insect damage (3).jpg,16313968942112338246,tomato insect damage
multiple leaf dataset/tomato leaf/tomato insect damage/tomato insect damage (30).jpg,11723602700949435000,tomato insect damage
multiple leaf dataset/tomato leaf/tomato insect damage/tomato insect damage (300).jpg,16406856200055167579,tomato insect damage
multiple leaf dataset/tomato leaf/tomato insect damage/tomato insect damage (301).jpg,17562306157937726156,tomato insect damage
multiple leaf dataset/tomato leaf/tomato insect damage/tomato insect damage (302).jpg,12950606945371855174,tomato insect damage
multiple leaf dataset/tomato leaf/tomato insect damage/tomato insect damage (303).jpg,12797203134637788262,tomato insect damage
multiple leaf dataset/tomato leaf/tomato insect damage/tomato insect damage (304).jpg,12797205337955911267,tomato insect damage
multiple leaf dataset/tomato leaf/tomato insect damage/tomato insect damage (305).jpg,12806491807123544518,tomato insect damage
multiple leaf dataset/tomato leaf/tomato insect damage/tomato insect damage (306).jpg,12950606996911495270,tomato insect damage
multiple leaf dataset/tomato leaf/tomato insect damage/tomato insect damage (307).jpg,12948355188411406566,tomato insect damage
multiple leaf dataset/tomato leaf/tomato insect damage/tomato insect damage (308).jpg,12948355188411414630,tomato insect damage
multiple leaf dataset/tomato leaf/tomato insect damage/tomato insect damage (309).jpg,12944133098958305382,tomato insect damage
multiple leaf dataset/tomato leaf/tomato insect damage/tomato insect damage (31).jpg,11788625496745003420,tomato insect damage
multiple leaf dataset/tomato leaf/tomato insect damage/tomato insect damage (310).jpg,12945258998345054246,tomato insect damage
multiple leaf dataset/tomato leaf/tomato insect damage/tomato insect damage (311).jpg,12801143824764705078,tomato insect damage
multiple leaf dataset/tomato leaf/tomato insect damage/tomato insect damage (312).jpg,12729085940816622390,tomato insect damage
multiple leaf dataset/tomato leaf/tomato insect damage/tomato insect damage (313).jpg,12729086350986012470,tomato insect damage
multiple leaf dataset/tomato leaf/tomato insect damage/tomato insect damage (314).jpg,11854207857346360121,tomato insect damage
multiple leaf dataset/tomato leaf/tomato insect damage/tomato insect damage (315).jpg,11856459657126490937,tomato insect damage
multiple leaf dataset/tomato leaf/tomato insect damage/tomato insect damage (316).jpg,11860963427780813624,tomato insect damage
multiple leaf dataset/tomato leaf/tomato insect damage/tomato insect damage (317).jpg,11861031580252161761,tomato insect damage
multiple leaf dataset/tomato leaf/tomato insect damage/tomato insect damage (318).jpg,11869478441809644751,tomato insect damage
multiple leaf dataset/tomato leaf/tomato insect damage/tomato insect damage (319).jpg,16472156874424995011,tomato insect damage
multiple leaf dataset/tomato leaf/tomato insect damage/tomato insect damage (32).jpg,11788625496744602009,tomato insect damage
multiple leaf dataset/tomato leaf/tomato insect damage/tomato insect damage (320).jpg,17625059120415001755,tomato insect damage
multiple leaf dataset/tomato leaf/tomato insect damage/tomato insect damage (321).jpg,16481164069434841234,tomato insect damage
multiple leaf dataset/tomato leaf/tomato insect damage/tomato insect damage (322).jpg,16481160772783261843,tomato insect damage
multiple leaf dataset/tomato leaf/tomato insect damage/tomato insect damage (323).jpg,16472435048772638739,tomato insect damage
multiple leaf dataset/tomato leaf/tomato insect damage/tomato insect damage (324).jpg,16337327059733414043,tomato insect damage
multiple leaf dataset/tomato leaf/tomato insect damage/tomato insect damage (325).jpg,17562306158344639112,tomato insect damage
multiple leaf dataset/tomato leaf/tomato insect damage/tomato insect damage (326).jpg,17048818583865825683,tomato insect damage
multiple leaf dataset/tomato leaf/tomato insect damage/tomato insect damage (327).jpg,16540766721513055900,tomato insect damage
multiple leaf dataset/tomato leaf/tomato insect damage/tomato insect damage (328).jpg,16541329126006010758,tomato insect damage
multiple leaf dataset/tomato leaf/tomato insect damage/tomato insect damage (329).jpg,16469271523911807950,tomato insect damage
multiple leaf dataset/tomato leaf/tomato insect damage/tomato insect damage (33).jpg,11788625496745126296,tomato insect damage
multiple leaf dataset/tomato leaf/tomato insect damage/tomato insect damage (330).jpg,11857866980349981646,tomato insect damage
multiple leaf dataset/tomato leaf/tomato insect damage/tomato insect damage (331).jpg,11856459639826559691,tomato insect damage
multiple leaf dataset/tomato leaf/tomato insect damage/tomato insect damage (332).jpg,11855333740056556091,tomato insect damage
multiple leaf dataset/tomato leaf/tomato insect damage/tomato insect damage (333).jpg,16295932871290212700,tomato insect damage
multiple leaf dataset/tomato leaf/tomato insect damage/tomato insect damage (334).jpg,16295950463358816596,tomato insect damage
multiple leaf dataset/tomato leaf/tomato insect damage/tomato insect damage (335).jpg,11702124903256578389,tomato insect damage
multiple leaf dataset/tomato leaf/tomato insect damage/tomato insect damage (336).jpg,16316217443340343124,tomato insect damage
multiple leaf dataset/tomato leaf/tomato insect damage/tomato insect damage (34).jpg,12077414415660180889,tomato insect damage
multiple leaf dataset/tomato leaf/tomato insect damage/tomato insect damage (35).jpg,11789188164840269529,tomato insect damage
multiple leaf dataset/tomato leaf/tomato insect damage/tomato insect damage (36).jpg,12003105848660928217,tomato insect damage
multiple leaf dataset/tomato leaf/tomato insect damage/tomato insect damage (37).jpg,12003105848707065565,tomato insect damage
multiple leaf dataset/tomato leaf/tomato insect damage/tomato insect damage (38).jpg,11789240941499134925,tomato insect damage
multiple leaf dataset/tomato leaf/tomato insect damage/tomato insect damage (39).jpg,11788677965770111436,tomato insect damage
multiple leaf dataset/tomato leaf/tomato insect damage/tomato insect damage (4).jpg,17466872613955197283,tomato insect damage
multiple leaf dataset/tomato leaf/tomato insect damage/tomato insect damage (40).jpg,12937095870752987534,tomato insect damage
multiple leaf dataset/tomato leaf/tomato insect damage/tomato insect damage (41).jpg,12938503292877748678,tomato insect damage
multiple leaf dataset/tomato leaf/tomato insect damage/tomato insect damage (42).jpg,12947510524344742726,tomato insect damage
multiple leaf dataset/tomato leaf/tomato insect damage/tomato insect damage (43).jpg,12945259138987012902,tomato insect damage
multiple leaf dataset/tomato leaf/tomato insect damage/tomato insect damage (44).jpg,11863215658610019789,tomato insect damage
multiple leaf dataset/tomato leaf/tomato insect damage/tomato insect damage (45).jpg,11865185983448504806,tomato insect damage
multiple leaf dataset/tomato leaf/tomato insect damage/tomato insect damage (46).jpg,13164745423225106891,tomato insect damage
multiple leaf dataset/tomato leaf/tomato insect damage/tomato insect damage (47).jpg,12217023578444935623,tomato insect damage
multiple leaf dataset/tomato leaf/tomato insect damage/tomato insect damage (48).jpg,11657737193942652473,tomato insect damage
multiple leaf dataset/tomato leaf/tomato insect damage/tomato insect damage (49).jpg,12234756708640654385,tomato insect damage
multiple leaf dataset/tomato leaf/tomato insect damage/tomato insect damage (5).jpg,12369016095104603721,tomato insect damage
multiple leaf dataset/tomato leaf/tomato insect damage/tomato insect damage (50).jpg,11644222207497635187,tomato insect damage
multiple leaf dataset/tomato leaf/tomato insect damage/tomato insect damage (51).jpg,11644231002751813195,tomato insect damage
multiple leaf dataset/tomato leaf/tomato insect damage/tomato insect damage (52).jpg,11644789537478854505,tomato insect damage
multiple leaf dataset/tomato leaf/tomato insect damage/tomato insect damage (53).jpg,11784115301121563723,tomato insect damage
multiple leaf dataset/tomato leaf/tomato insect damage/tomato insect damage (54).jpg,12365924060802616395,tomato insect damage
multiple leaf dataset/tomato leaf/tomato insect damage/tomato insect damage (55).jpg,12363960350214821962,tomato insect damage
multiple leaf dataset/tomato leaf/tomato insect damage/tomato insect damage (56).jpg,11644512507692406985,tomato insect damage
multiple leaf dataset/tomato leaf/tomato insect damage/tomato insect damage (57).jpg,13227225140398955369,tomato insect damage
multiple leaf dataset/tomato leaf/tomato insect damage/tomato insect damage (58).jpg,13227228713845328236,tomato insect damage
multiple leaf dataset/tomato leaf/tomato insect damage/tomato insect damage (59).jpg,13227507710625933208,tomato insect damage
multiple leaf dataset/tomato leaf/tomato insect damage/tomato insect damage (6).jpg,11972417857281363657,tomato insect damage
multiple leaf dataset/tomato leaf/tomato insect damage/tomato insect damage (60).jpg,13237092144945636530,tomato insect damage
multiple leaf dataset/tomato leaf/tomato insect damage/tomato insect damage (61).jpg,11998039361404167932,tomato insect damage
multiple leaf dataset/tomato leaf/tomato insect damage/tomato insect damage (62).jpg,11998039361441916524,tomato insect damage
multiple leaf dataset/tomato leaf/tomato insect damage/tomato insect damage (63).jpg,11791721906177469542,tomato insect damage
multiple leaf dataset/tomato leaf/tomato insect damage/tomato insect damage (64).jpg,11647606718160727494,tomato insect damage
multiple leaf dataset/tomato leaf/tomato insect damage/tomato insect damage (65).jpg,12613624552642861492,tomato insect damage
multiple leaf dataset/tomato leaf/tomato insect damage/tomato insect damage (66).jpg,16635623237694626267,tomato insect damage
multiple leaf dataset/tomato leaf/tomato insect damage/tomato insect damage (67).jpg,16640125054893845709,tomato insect damage
multiple leaf dataset/tomato leaf/tomato insect damage/tomato insect damage (68).jpg,17547937923680433860,tomato insect damage
multiple leaf dataset/tomato leaf/tomato insect damage/tomato insect damage (69).jpg,11864341558522104973,tomato insect damage
multiple leaf dataset/tomato leaf/tomato insect damage/tomato insect damage (7).jpg,11971292979572690765,tomato insect damage
multiple leaf dataset/tomato leaf/tomato insect damage/tomato insect damage (70).jpg,16692190260850143544,tomato insect damage
multiple leaf dataset/tomato leaf/tomato insect damage/tomato insect damage (71).jpg,17268651008254551607,tomato insect damage
multiple leaf dataset/tomato leaf/tomato insect damage/tomato insect damage (72).jpg,16619295877787190951,tomato insect damage
multiple leaf dataset/tomato leaf/tomato insect damage/tomato insect damage (73).jpg,16619295933302676620,tomato insect damage
multiple leaf dataset/tomato leaf/tomato insect damage/tomato insect damage (74).jpg,16620142557256029325,tomato insect damage
multiple leaf dataset/tomato leaf/tomato insect damage/tomato insect damage (75).jpg,12007328027036695711,tomato insect damage
multiple leaf dataset/tomato leaf/tomato insect damage/tomato insect damage (76).jpg,16619576970192696205,tomato insect damage
multiple leaf dataset/tomato leaf/tomato insect damage/tomato insect damage (77).jpg,12007890951798862734,tomato insect damage
multiple leaf dataset/tomato leaf/tomato insect damage/tomato insect damage (78).jpg,12936181156967037830,tomato insect damage
multiple leaf dataset/tomato leaf/tomato insect damage/tomato insect damage (79).jpg,13233418595048038178,tomato insect damage
multiple leaf dataset/tomato leaf/tomato insect damage/tomato insect damage (8).jpg,12012115932754437490,tomato insect damage
multiple leaf dataset/tomato leaf/tomato insect damage/tomato insect damage (80).jpg,16682911584320015672,tomato insect damage
multiple leaf dataset/tomato leaf/tomato insect damage/tomato insect damage (81).jpg,16681493777081931444,tomato insect damage
multiple leaf dataset/tomato leaf/tomato insect damage/tomato insect damage (82).jpg,13222739717201107602,tomato insect damage
multiple leaf dataset/tomato leaf/tomato insect damage/tomato insect damage (83).jpg,12950536713008856380,tomato insect damage
multiple leaf dataset/tomato leaf/tomato insect damage/tomato insect damage (84).jpg,13233700539512691900,tomato insect damage
multiple leaf dataset/tomato leaf/tomato insect damage/tomato insect damage (85).jpg,12945470167640218812,tomato insect damage
multiple leaf dataset/tomato leaf/tomato insect damage/tomato insect damage (86).jpg,13233419081985072568,tomato insect damage
multiple leaf dataset/tomato leaf/tomato insect damage/tomato insect damage (87).jpg,12080497573083322809,tomato insect damage
multiple leaf dataset/tomato leaf/tomato insect damage/tomato insect damage (88).jpg,16692183660230160950,tomato insect damage
multiple leaf dataset/tomato leaf/tomato insect damage/tomato insect damage (89).jpg,16692183625771856438,tomato insect damage
multiple leaf dataset/tomato leaf/tomato insect damage/tomato insect damage (9).jpg,11723883357615122035,tomato insect damage
multiple leaf dataset/tomato leaf/tomato insect damage/tomato insect damage (90).jpg,16682609087686195564,tomato insect damage
multiple leaf dataset/tomato leaf/tomato insect damage/tomato insect damage (91).jpg,16539344940890012691,tomato insect damage
multiple leaf dataset/tomato leaf/tomato insect damage/tomato insect damage (92).jpg,16691895592455070511,tomato insect damage
multiple leaf dataset/tomato leaf/tomato insect damage/tomato insect damage (93).jpg,16690765295039100327,tomato insect damage
multiple leaf dataset/tomato leaf/tomato insect damage/tomato insect damage (94).jpg,16683183060722758855,tomato insect damage
multiple leaf dataset/tomato leaf/tomato insect damage/tomato insect damage (95).jpg,12012113461133496012,tomato insect damage
multiple leaf dataset/tomato leaf/tomato insect damage/tomato insect damage (96).jpg,16620423930494881197,tomato insect damage
multiple leaf dataset/tomato leaf/tomato insect damage/tomato insect damage (97).jpg,17126506064524747699,tomato insect damage
multiple leaf dataset/tomato leaf/tomato insect damage/tomato insect damage (98).jpg,12010687423460225973,tomato insect damage
multiple leaf dataset/tomato leaf/tomato insect damage/tomato insect damage (99).jpg,12001680911534073777,tomato insect damage
multiple leaf dataset/tomato leaf/tomato leaf mold/tomato leaf mold (1).jpg,16253663468777141403,tomato leaf mold
multiple leaf dataset/tomato leaf/tomato leaf mold/tomato leaf mold (10).jpg,16547872761633805106,tomato leaf mold
multiple leaf dataset/tomato leaf/tomato leaf mold/tomato leaf mold (100).jpg,16539920647768665289,tomato leaf mold
multiple leaf dataset/tomato leaf/tomato leaf mold/tomato leaf mold (101).jpg,16548928258504353484,tomato leaf mold
multiple leaf dataset/tomato leaf/tomato leaf mold/tomato leaf mold (102).jpg,16405376028970804844,tomato leaf mold
multiple leaf dataset/tomato leaf/tomato leaf mold/tomato leaf mold (103).jpg,16404817477068087916,tomato leaf mold
multiple leaf dataset/tomato leaf/tomato leaf mold/tomato leaf mold (104).jpg,16251695228175214284,tomato leaf mold
multiple leaf dataset/tomato leaf/tomato leaf mold/tomato leaf mold (105).jpg,16260702297693709108,tomato leaf mold
multiple leaf dataset/tomato leaf/tomato leaf mold/tomato leaf mold (106).jpg,16262945508324652579,tomato leaf mold
multiple leaf dataset/tomato leaf/tomato leaf mold/tomato leaf mold (107).jpg,16262734402165682787,tomato leaf mold
multiple leaf dataset/tomato leaf/tomato leaf mold/tomato leaf mold (108).jpg,16262672863800637026,tomato leaf mold
multiple leaf dataset/tomato leaf/tomato leaf mold/tomato leaf mold (109).jpg,16254280973629416409,tomato leaf mold
multiple leaf dataset/tomato leaf/tomato leaf mold/tomato leaf mold (11).jpg,16547872761637458548,tomato leaf mold
multiple leaf dataset/tomato leaf/tomato leaf mold/tomato leaf mold (110).jpg,11644847820036006809,tomato leaf mold
multiple leaf dataset/tomato leaf/tomato leaf mold/tomato leaf mold (111).jpg,12864194896263866086,tomato leaf mold
multiple leaf dataset/tomato leaf/tomato leaf mold/tomato leaf mold (112).jpg,12865826674568554188,tomato leaf mold
multiple leaf dataset/tomato leaf/tomato leaf mold/tomato leaf mold (113).jpg,11568847164207752942,tomato leaf mold
multiple leaf dataset/tomato leaf/tomato leaf mold/tomato leaf mold (114).jpg,12729089655409553767,tomato leaf mold
multiple leaf dataset/tomato leaf/tomato leaf mold/tomato leaf mold (115).jpg,12728526712462205798,tomato leaf mold
multiple leaf dataset/tomato leaf/tomato leaf mold/tomato leaf mold (116).jpg,12728526712462143847,tomato leaf mold
multiple leaf dataset/tomato leaf/tomato leaf mold/tomato leaf mold (117).jpg,12728518124159010873,tomato leaf mold
multiple leaf dataset/tomato leaf/tomato leaf mold/tomato leaf mold (118).jpg,13016757088074621297,tomato leaf mold
multiple leaf dataset/tomato leaf/tomato leaf mold/tomato leaf mold (119).jpg,11573556662728825657,tomato leaf mold
multiple leaf dataset/tomato leaf/tomato leaf mold/tomato leaf mold (12).jpg,16466526631637775948,tomato leaf mold
multiple leaf dataset/tomato leaf/tomato leaf mold/tomato leaf mold (120).jpg,16770445977715483953,tomato leaf mold
multiple leaf dataset/tomato leaf/tomato leaf mold/tomato leaf mold (121).jpg,16262672850915440179,tomato leaf mold
multiple leaf dataset/tomato leaf/tomato leaf mold/tomato leaf mold (122).jpg,16476018573355621740,tomato leaf mold
multiple leaf dataset/tomato leaf/tomato leaf mold/tomato leaf mold (123).jpg,16476018573355620844,tomato leaf mold
multiple leaf dataset/tomato leaf/tomato leaf mold/tomato leaf mold (124).jpg,16476018573355769124,tomato leaf mold
multiple leaf dataset/tomato leaf/tomato leaf mold/tomato leaf mold (125).jpg,16476027369515751780,tomato leaf mold
multiple leaf dataset/tomato leaf/tomato leaf mold/tomato leaf mold (126).jpg,16623519378118920396,tomato leaf mold
multiple leaf dataset/tomato leaf/tomato leaf mold/tomato leaf mold (127).jpg,16623519378118920648,tomato leaf mold
multiple leaf dataset/tomato leaf/tomato leaf mold/tomato leaf mold (128).jpg,16623800853094780044,tomato leaf mold
multiple leaf dataset/tomato leaf/tomato leaf mold/tomato leaf mold (129).jpg,16616532673210774066,tomato leaf mold
multiple leaf dataset/tomato leaf/tomato leaf mold/tomato leaf mold (13).jpg,16538865528014858092,tomato leaf mold
multiple leaf dataset/tomato leaf/tomato leaf mold/tomato leaf mold (130).jpg,12938504353724616243,tomato leaf mold
multiple leaf dataset/tomato leaf/tomato leaf mold/tomato leaf mold (131).jpg,12938504422504359463,tomato leaf mold
multiple leaf dataset/tomato leaf/tomato leaf mold/tomato leaf mold (132).jpg,12936252486057551718,tomato leaf mold
multiple leaf dataset/tomato leaf/tomato leaf mold/tomato leaf mold (133).jpg,12864194896330844006,tomato leaf mold
multiple leaf dataset/tomato leaf/tomato leaf mold/tomato leaf mold (134).jpg,16542458573105710745,tomato leaf mold
multiple leaf dataset/tomato leaf/tomato leaf mold/tomato leaf mold (135).jpg,16542458573105712777,tomato leaf mold
multiple leaf dataset/tomato leaf/tomato leaf mold/tomato leaf mold (136).jpg,16542458573105450697,tomato leaf mold
multiple leaf dataset/tomato leaf/tomato leaf mold/tomato leaf mold (137).jpg,16542451976069304009,tomato leaf mold
multiple leaf dataset/tomato leaf/tomato leaf mold/tomato leaf mold (138).jpg,16542456369820781517,tomato leaf mold
multiple leaf dataset/tomato leaf/tomato leaf mold/tomato leaf mold (139).jpg,16542456335461698508,tomato leaf mold
multiple leaf dataset/tomato leaf/tomato leaf mold/tomato leaf mold (14).jpg,16550045379410478949,tomato leaf mold
multiple leaf dataset/tomato leaf/tomato leaf mold/tomato leaf mold (140).jpg,16689087206134987149,tomato leaf mold
multiple leaf dataset/tomato leaf/tomato leaf mold/tomato leaf mold (141).jpg,16686848634812248985,tomato leaf mold
multiple leaf dataset/tomato leaf/tomato leaf mold/tomato leaf mold (142).jpg,16695856247254168115,tomato leaf mold
multiple leaf dataset/tomato leaf/tomato leaf mold/tomato leaf mold (143).jpg,16614791042980524851,tomato leaf mold
multiple leaf dataset/tomato leaf/tomato leaf mold/tomato leaf mold (144).jpg,16695856798720483891,tomato leaf mold
multiple leaf dataset/tomato leaf/tomato leaf mold/tomato leaf mold (145).jpg,12948932827248641539,tomato leaf mold
multiple leaf dataset/tomato leaf/tomato leaf mold/tomato leaf mold (146).jpg,16540765076992191625,tomato leaf mold
multiple leaf dataset/tomato leaf/tomato leaf mold/tomato leaf mold (147).jpg,16540765076992191625,tomato leaf mold
multiple leaf dataset/tomato leaf/tomato leaf mold/tomato leaf mold (148).jpg,11929641995609795740,tomato leaf mold
multiple leaf dataset/tomato leaf/tomato leaf mold/tomato leaf mold (149).jpg,16469551894973882008,tomato leaf mold
multiple leaf dataset/tomato leaf/tomato leaf mold/tomato leaf mold (15).jpg,16465603290014336923,tomato leaf mold
multiple leaf dataset/tomato leaf/tomato leaf mold/tomato leaf mold (150).jpg,16468427113399982179,tomato leaf mold
multiple leaf dataset/tomato leaf/tomato leaf mold/tomato leaf mold (151).jpg,16468427113939474521,tomato leaf mold
multiple leaf dataset/tomato leaf/tomato leaf mold/tomato leaf mold (152).jpg,16468427094578601625,tomato leaf mold
multiple leaf dataset/tomato leaf/tomato leaf mold/tomato leaf mold (153).jpg,16544705924208958105,tomato leaf mold
multiple leaf dataset/tomato leaf/tomato leaf mold/tomato leaf mold (154).jpg,16542458539818796697,tomato leaf mold
multiple leaf dataset/tomato leaf/tomato leaf mold/tomato leaf mold (155).jpg,16542458538746103449,tomato leaf mold
multiple leaf dataset/tomato leaf/tomato leaf mold/tomato leaf mold (156).jpg,13083168458058447229,tomato leaf mold
multiple leaf dataset/tomato leaf/tomato leaf mold/tomato leaf mold (157).jpg,13085429601556969769,tomato leaf mold
multiple leaf dataset/tomato leaf/tomato leaf mold/tomato leaf mold (158).jpg,13085420805463423293,tomato leaf mold
multiple leaf dataset/tomato leaf/tomato leaf mold/tomato leaf mold (159).jpg,13022949703755959590,tomato leaf mold
multiple leaf dataset/tomato leaf/tomato leaf mold/tomato leaf mold (16).jpg,16258441637078287591,tomato leaf mold
multiple leaf dataset/tomato leaf/tomato leaf mold/tomato leaf mold (160).jpg,16472142994580728870,tomato leaf mold
multiple leaf dataset/tomato leaf/tomato leaf mold/tomato leaf mold (161).jpg,13022326289481714124,tomato leaf mold
multiple leaf dataset/tomato leaf/tomato leaf mold/tomato leaf mold (162).jpg,13022330617718362568,tomato leaf mold
multiple leaf dataset/tomato leaf/tomato leaf mold/tomato leaf mold (163).jpg,12734169374181674436,tomato leaf mold
multiple leaf dataset/tomato leaf/tomato leaf mold/tomato leaf mold (164).jpg,12725443881899247110,tomato leaf mold
multiple leaf dataset/tomato leaf/tomato leaf mold/tomato leaf mold (165).jpg,12804177473475041671,tomato leaf mold
multiple leaf dataset/tomato leaf/tomato leaf mold/tomato leaf mold (166).jpg,12804247846481664387,tomato leaf mold
multiple leaf dataset/tomato leaf/tomato leaf mold/tomato leaf mold (167).jpg,12728249602836863395,tomato leaf mold
multiple leaf dataset/tomato leaf/tomato leaf mold/tomato leaf mold (168).jpg,17048028296239198936,tomato leaf mold
multiple leaf dataset/tomato leaf/tomato leaf mold/tomato leaf mold (169).jpg,17058653774196860062,tomato leaf mold
multiple leaf dataset/tomato leaf/tomato leaf mold/tomato leaf mold (17).jpg,16182441091268461714,tomato leaf mold
multiple leaf dataset/tomato leaf/tomato leaf mold/tomato leaf mold (170).jpg,17131273016825962718,tomato leaf mold
multiple leaf dataset/tomato leaf/tomato leaf mold/tomato leaf mold (171).jpg,17625612715066629060,tomato leaf mold
multiple leaf dataset/tomato leaf/tomato leaf mold/tomato leaf mold (172).jpg,17055909595587113672,tomato leaf mold
multiple leaf dataset/tomato leaf/tomato leaf mold/tomato leaf mold (173).jpg,17203068029032828054,tomato leaf mold
multiple leaf dataset/tomato leaf/tomato leaf mold/tomato leaf mold (174).jpg,18211373153431982872,tomato leaf mold
multiple leaf dataset/tomato leaf/tomato leaf mold/tomato leaf mold (175).jpg,17634915564908843832,tomato leaf mold
multiple leaf dataset/tomato leaf/tomato leaf mold/tomato leaf mold (176).jpg,17634067300294759201,tomato leaf mold
multiple leaf dataset/tomato leaf/tomato leaf mold/tomato leaf mold (177).jpg,17634366366484431395,tomato leaf mold
multiple leaf dataset/tomato leaf/tomato leaf mold/tomato leaf mold (178).jpg,17346137089913555974,tomato leaf mold
multiple leaf dataset/tomato leaf/tomato leaf mold/tomato leaf mold (179).jpg,17562309597133458433,tomato leaf mold
multiple leaf dataset/tomato leaf/tomato leaf mold/tomato leaf mold (18).jpg,11647046198928434790,tomato leaf mold
multiple leaf dataset/tomato leaf/tomato leaf mold/tomato leaf mold (180).jpg,17417894922054192153,tomato leaf mold
multiple leaf dataset/tomato leaf/tomato leaf mold/tomato leaf mold (181).jpg,17572985326750453040,tomato leaf mold
multiple leaf dataset/tomato leaf/tomato leaf mold/tomato leaf mold (182).jpg,17496423033793904950,tomato leaf mold
multiple leaf dataset/tomato leaf/tomato leaf mold/tomato leaf mold (183).jpg,16178768316011896827,tomato leaf mold
multiple leaf dataset/tomato leaf/tomato leaf mold/tomato leaf mold (184).jpg,13035612603036539841,tomato leaf mold
multiple leaf dataset/tomato leaf/tomato leaf mold/tomato leaf mold (185).jpg,16493816365020558982,tomato leaf mold
multiple leaf dataset/tomato leaf/tomato leaf mold/tomato leaf mold (186).jpg,16198848284698289740,tomato leaf mold
multiple leaf dataset/tomato leaf/tomato leaf mold/tomato leaf mold (187).jpg,16207267260900008524,tomato leaf mold
multiple leaf dataset/tomato leaf/tomato leaf mold/tomato leaf mold (188).jpg,16782883592543037388,tomato leaf mold
multiple leaf dataset/tomato leaf/tomato leaf mold/tomato leaf mold (189).jpg,16761420499576530334,tomato leaf mold
multiple leaf dataset/tomato leaf/tomato leaf mold/tomato leaf mold (19).jpg,11651549789823854259,tomato leaf mold
multiple leaf dataset/tomato leaf/tomato leaf mold/tomato leaf mold (190).jpg,16770445977977692400,tomato leaf mold
multiple leaf dataset/tomato leaf/tomato leaf mold/tomato leaf mold (191).jpg,13300474854227220940,tomato leaf mold
multiple leaf dataset/tomato leaf/tomato leaf mold/tomato leaf mold (192).jpg,16254562413032184167,tomato leaf mold
multiple leaf dataset/tomato leaf/tomato leaf mold/tomato leaf mold (193).jpg,17335427868121273185,tomato leaf mold
multiple leaf dataset/tomato leaf/tomato leaf mold/tomato leaf mold (194).jpg,16623858839499391084,tomato leaf mold
multiple leaf dataset/tomato leaf/tomato leaf mold/tomato leaf mold (195).jpg,16626391023300977505,tomato leaf mold
multiple leaf dataset/tomato leaf/tomato leaf mold/tomato leaf mold (196).jpg,16626391023300981089,tomato leaf mold
multiple leaf dataset/tomato leaf/tomato leaf mold/tomato leaf mold (197).jpg,11739986591573621089,tomato leaf mold
multiple leaf dataset/tomato leaf/tomato leaf mold/tomato leaf mold (198).jpg,12748792908104612193,tomato leaf mold
multiple leaf dataset/tomato leaf/tomato leaf mold/tomato leaf mold (199).jpg,12746541125470796129,tomato leaf mold
multiple leaf dataset/tomato leaf/tomato leaf mold/tomato leaf mold (2).jpg,16262938945656026290,tomato leaf mold
multiple leaf dataset/tomato leaf/tomato leaf mold/tomato leaf mold (20).jpg,11570486096344671923,tomato leaf mold
multiple leaf dataset/tomato leaf/tomato leaf mold/tomato leaf mold (200).jpg,12746822600413948217,tomato leaf mold
multiple leaf dataset/tomato leaf/tomato leaf mold/tomato leaf mold (201).jpg,17358508567100475705,tomato leaf mold
multiple leaf dataset/tomato leaf/tomato leaf mold/tomato leaf mold (202).jpg,12746822583024445753,tomato leaf mold
multiple leaf dataset/tomato leaf/tomato leaf mold/tomato leaf mold (203).jpg,12746821484537277233,tomato leaf mold
multiple leaf dataset/tomato leaf/tomato leaf mold/tomato leaf mold (204).jpg,11656893197962655287,tomato leaf mold
multiple leaf dataset/tomato leaf/tomato leaf mold/tomato leaf mold (205).jpg,11656334646055220791,tomato leaf mold
multiple leaf dataset/tomato leaf/tomato leaf mold/tomato leaf mold (206).jpg,16268016266436097591,tomato leaf mold
multiple leaf dataset/tomato leaf/tomato leaf mold/tomato leaf mold (207).jpg,12801433092469889379,tomato leaf mold
multiple leaf dataset/tomato leaf/tomato leaf mold/tomato leaf mold (208).jpg,17107418798283938956,tomato leaf mold
multiple leaf dataset/tomato leaf/tomato leaf mold/tomato leaf mold (209).jpg,16820327356141455433,tomato leaf mold
multiple leaf dataset/tomato leaf/tomato leaf mold/tomato leaf mold (21).jpg,11926266068659299382,tomato leaf mold
multiple leaf dataset/tomato leaf/tomato leaf mold/tomato leaf mold (210).jpg,16278197865499103539,tomato leaf mold
multiple leaf dataset/tomato leaf/tomato leaf mold/tomato leaf mold (211).jpg,16816941965647842446,tomato leaf mold
multiple leaf dataset/tomato leaf/tomato leaf mold/tomato leaf mold (212).jpg,16494321590714604434,tomato leaf mold
multiple leaf dataset/tomato leaf/tomato leaf mold/tomato leaf mold (213).jpg,16493833407551476626,tomato leaf mold
multiple leaf dataset/tomato leaf/tomato leaf mold/tomato leaf mold (214).jpg,17107418646030882225,tomato leaf mold
multiple leaf dataset/tomato leaf/tomato leaf mold/tomato leaf mold (215).jpg,17907320904826787798,tomato leaf mold
multiple leaf dataset/tomato leaf/tomato leaf mold/tomato leaf mold (216).jpg,17906812664293888915,tomato leaf mold
multiple leaf dataset/tomato leaf/tomato leaf mold/tomato leaf mold (217).jpg,13587860557053303691,tomato leaf mold
multiple leaf dataset/tomato leaf/tomato leaf mold/tomato leaf mold (218).jpg,17920323599070490770,tomato leaf mold
multiple leaf dataset/tomato leaf/tomato leaf mold/tomato leaf mold (219).jpg,13308633251299226267,tomato leaf mold
multiple leaf dataset/tomato leaf/tomato leaf mold/tomato leaf mold (22).jpg,11854206273458894390,tomato leaf mold
multiple leaf dataset/tomato leaf/tomato leaf mold/tomato leaf mold (220).jpg,13452748439366431481,tomato leaf mold
multiple leaf dataset/tomato leaf/tomato leaf mold/tomato leaf mold (221).jpg,13804028106780094825,tomato leaf mold
multiple leaf dataset/tomato leaf/tomato leaf mold/tomato leaf mold (222).jpg,16191448699609625782,tomato leaf mold
multiple leaf dataset/tomato leaf/tomato leaf mold/tomato leaf mold (23).jpg,11863494947284673846,tomato leaf mold
multiple leaf dataset/tomato leaf/tomato leaf mold/tomato leaf mold (24).jpg,16695857347436307494,tomato leaf mold
multiple leaf dataset/tomato leaf/tomato leaf mold/tomato leaf mold (25).jpg,16623869847281421350,tomato leaf mold
multiple leaf dataset/tomato leaf/tomato leaf mold/tomato leaf mold (26).jpg,16623869847281421319,tomato leaf mold
multiple leaf dataset/tomato leaf/tomato leaf mold/tomato leaf mold (27).jpg,16619298146652720141,tomato leaf mold
multiple leaf dataset/tomato leaf/tomato leaf mold/tomato leaf mold (28).jpg,16619298086447810319,tomato leaf mold
multiple leaf dataset/tomato leaf/tomato leaf mold/tomato leaf mold (29).jpg,17046004876427792134,tomato leaf mold
multiple leaf dataset/tomato leaf/tomato leaf mold/tomato leaf mold (3).jpg,16695847451313333267,tomato leaf mold
multiple leaf dataset/tomato leaf/tomato leaf mold/tomato leaf mold (30).jpg,17044316541965700391,tomato leaf mold
multiple leaf dataset/tomato leaf/tomato leaf mold/tomato leaf mold (31).jpg,16467855924957439077,tomato leaf mold
multiple leaf dataset/tomato leaf/tomato leaf mold/tomato leaf mold (32).jpg,16624645278059303057,tomato leaf mold
multiple leaf dataset/tomato leaf/tomato leaf mold/tomato leaf mold (33).jpg,16623873420862968133,tomato leaf mold
multiple leaf dataset/tomato leaf/tomato leaf mold/tomato leaf mold (34).jpg,16623798654072363305,tomato leaf mold
multiple leaf dataset/tomato leaf/tomato leaf mold/tomato leaf mold (35).jpg,16623869031142168841,tomato leaf mold
multiple leaf dataset/tomato leaf/tomato leaf mold/tomato leaf mold (36).jpg,12012187411025533217,tomato leaf mold
multiple leaf dataset/tomato leaf/tomato leaf mold/tomato leaf mold (37).jpg,16620420756783274281,tomato leaf mold
multiple leaf dataset/tomato leaf/tomato leaf mold/tomato leaf mold (38).jpg,16619857798239919001,tomato leaf mold
multiple leaf dataset/tomato leaf/tomato leaf mold/tomato leaf mold (39).jpg,16475743709675690905,tomato leaf mold
multiple leaf dataset/tomato leaf/tomato leaf mold/tomato leaf mold (4).jpg,16695855696543245971,tomato leaf mold
multiple leaf dataset/tomato leaf/tomato leaf mold/tomato leaf mold (40).jpg,16619857789649656611,tomato leaf mold
multiple leaf dataset/tomato leaf/tomato leaf mold/tomato leaf mold (41).jpg,11787219208419695257,tomato leaf mold
multiple leaf dataset/tomato leaf/tomato leaf mold/tomato leaf mold (42).jpg,16322343896752670298,tomato leaf mold
multiple leaf dataset/tomato leaf/tomato leaf mold/tomato leaf mold (43).jpg,11647327674970478182,tomato leaf mold
multiple leaf dataset/tomato leaf/tomato leaf mold/tomato leaf mold (44).jpg,12722325767325626573,tomato leaf mold
multiple leaf dataset/tomato leaf/tomato leaf mold/tomato leaf mold (45).jpg,12735273488460166704,tomato leaf mold
multiple leaf dataset/tomato leaf/tomato leaf mold/tomato leaf mold (46).jpg,12725149321741480411,tomato leaf mold
multiple leaf dataset/tomato leaf/tomato leaf mold/tomato leaf mold (47).jpg,12722897023583794105,tomato leaf mold
multiple leaf dataset/tomato leaf/tomato leaf mold/tomato leaf mold (48).jpg,16253719090906149785,tomato leaf mold
multiple leaf dataset/tomato leaf/tomato leaf mold/tomato leaf mold (49).jpg,16253718025753211833,tomato leaf mold
multiple leaf dataset/tomato leaf/tomato leaf mold/tomato leaf mold (5).jpg,16686568265277657683,tomato leaf mold
multiple leaf dataset/tomato leaf/tomato leaf mold/tomato leaf mold (50).jpg,16398393964692386665,tomato leaf mold
multiple leaf dataset/tomato leaf/tomato leaf mold/tomato leaf mold (51).jpg,16398393822562629241,tomato leaf mold
multiple leaf dataset/tomato leaf/tomato leaf mold/tomato leaf mold (52).jpg,16398675847362138725,tomato leaf mold
multiple leaf dataset/tomato leaf/tomato leaf mold/tomato leaf mold (53).jpg,16407684150356382276,tomato leaf mold
multiple leaf dataset/tomato leaf/tomato leaf mold/tomato leaf mold (54).jpg,16623800861684504601,tomato leaf mold
multiple leaf dataset/tomato leaf/tomato leaf mold/tomato leaf mold (55).jpg,16540765077850433202,tomato leaf mold
multiple leaf dataset/tomato leaf/tomato leaf mold/tomato leaf mold (56).jpg,16541046552846018196,tomato leaf mold
multiple leaf dataset/tomato leaf/tomato leaf mold/tomato leaf mold (57).jpg,16541116917165205132,tomato leaf mold
multiple leaf dataset/tomato leaf/tomato leaf mold/tomato leaf mold (58).jpg,16541121307124053644,tomato leaf mold
multiple leaf dataset/tomato leaf/tomato leaf mold/tomato leaf mold (59).jpg,16180834436446103244,tomato leaf mold
multiple leaf dataset/tomato leaf/tomato leaf mold/tomato leaf mold (6).jpg,16614510533825815251,tomato leaf mold
multiple leaf dataset/tomato leaf/tomato leaf mold/tomato leaf mold (60).jpg,16179707993225914060,tomato leaf mold
multiple leaf dataset/tomato leaf/tomato leaf mold/tomato leaf mold (61).jpg,16180200033395109580,tomato leaf mold
multiple leaf dataset/tomato leaf/tomato leaf mold/tomato leaf mold (62).jpg,16324315771226777164,tomato leaf mold
multiple leaf dataset/tomato leaf/tomato leaf mold/tomato leaf mold (63).jpg,16188715072347530092,tomato leaf mold
multiple leaf dataset/tomato leaf/tomato leaf mold/tomato leaf mold (64).jpg,16323744580304529293,tomato leaf mold
multiple leaf dataset/tomato leaf/tomato leaf mold/tomato leaf mold (65).jpg,16327966644811999117,tomato leaf mold
multiple leaf dataset/tomato leaf/tomato leaf mold/tomato leaf mold (66).jpg,11573344371394078155,tomato leaf mold
multiple leaf dataset/tomato leaf/tomato leaf mold/tomato leaf mold (67).jpg,16551461792296822322,tomato leaf mold
multiple leaf dataset/tomato leaf/tomato leaf mold/tomato leaf mold (68).jpg,16550898842452412102,tomato leaf mold
multiple leaf dataset/tomato leaf/tomato leaf mold/tomato leaf mold (69).jpg,16551740518873992268,tomato leaf mold
multiple leaf dataset/tomato leaf/tomato leaf mold/tomato leaf mold (7).jpg,16467854534189149555,tomato leaf mold
multiple leaf dataset/tomato leaf/tomato leaf mold/tomato leaf mold (70).jpg,16695849762742178184,tomato leaf mold
multiple leaf dataset/tomato leaf/tomato leaf mold/tomato leaf mold (71).jpg,16686850839589211270,tomato leaf mold
multiple leaf dataset/tomato leaf/tomato leaf mold/tomato leaf mold (72).jpg,16616763553468500428,tomato leaf mold
multiple leaf dataset/tomato leaf/tomato leaf mold/tomato leaf mold (73).jpg,16617326503425038788,tomato leaf mold
multiple leaf dataset/tomato leaf/tomato leaf mold/tomato leaf mold (74).jpg,16473200320268687764,tomato leaf mold
multiple leaf dataset/tomato leaf/tomato leaf mold/tomato leaf mold (75).jpg,16540765000557894022,tomato leaf mold
multiple leaf dataset/tomato leaf/tomato leaf mold/tomato leaf mold (76).jpg,16540756213037963958,tomato leaf mold
multiple leaf dataset/tomato leaf/tomato leaf mold/tomato leaf mold (77).jpg,16540765077850462386,tomato leaf mold
multiple leaf dataset/tomato leaf/tomato leaf mold/tomato leaf mold (78).jpg,16475450135661720422,tomato leaf mold
multiple leaf dataset/tomato leaf/tomato leaf mold/tomato leaf mold (79).jpg,16547503325748081510,tomato leaf mold
multiple leaf dataset/tomato leaf/tomato leaf mold/tomato leaf mold (8).jpg,16540765078205654093,tomato leaf mold
multiple leaf dataset/tomato leaf/tomato leaf mold/tomato leaf mold (80).jpg,16259576380429001574,tomato leaf mold
multiple leaf dataset/tomato leaf/tomato leaf mold/tomato leaf mold (81).jpg,16251695082280806180,tomato leaf mold
multiple leaf dataset/tomato leaf/tomato leaf mold/tomato leaf mold (82).jpg,16474320931472140083,tomato leaf mold
multiple leaf dataset/tomato leaf/tomato leaf mold/tomato leaf mold (83).jpg,16903579960123153043,tomato leaf mold
multiple leaf dataset/tomato leaf/tomato leaf mold/tomato leaf mold (84).jpg,16831243094263156377,tomato leaf mold
multiple leaf dataset/tomato leaf/tomato leaf mold/tomato leaf mold (85).jpg,11939780174565107347,tomato leaf mold
multiple leaf dataset/tomato leaf/tomato leaf mold/tomato leaf mold (86).jpg,11867719281992821811,tomato leaf mold
multiple leaf dataset/tomato leaf/tomato leaf mold/tomato leaf mold (87).jpg,16550898833224723510,tomato leaf mold
multiple leaf dataset/tomato leaf/tomato leaf mold/tomato leaf mold (88).jpg,11642594955103462299,tomato leaf mold
multiple leaf dataset/tomato leaf/tomato leaf mold/tomato leaf mold (89).jpg,11642592758223106969,tomato leaf mold
multiple leaf dataset/tomato leaf/tomato leaf mold/tomato leaf mold (9).jpg,16549772717760131686,tomato leaf mold
multiple leaf dataset/tomato leaf/tomato leaf mold/tomato leaf mold (90).jpg,16686567166339986073,tomato leaf mold
multiple leaf dataset/tomato leaf/tomato leaf mold/tomato leaf mold (91).jpg,16686905776662688713,tomato leaf mold
multiple leaf dataset/tomato leaf/tomato leaf mold/tomato leaf mold (92).jpg,16623799753583126035,tomato leaf mold
multiple leaf dataset/tomato leaf/tomato leaf mold/tomato leaf mold (93).jpg,16623798654068877040,tomato leaf mold
multiple leaf dataset/tomato leaf/tomato leaf mold/tomato leaf mold (94).jpg,16620983685258571428,tomato leaf mold
multiple leaf dataset/tomato leaf/tomato leaf mold/tomato leaf mold (95).jpg,16612821984675613798,tomato leaf mold
multiple leaf dataset/tomato leaf/tomato leaf mold/tomato leaf mold (96).jpg,16621828084415555276,tomato leaf mold
multiple leaf dataset/tomato leaf/tomato leaf mold/tomato leaf mold (97).jpg,16619629095526413234,tomato leaf mold
multiple leaf dataset/tomato leaf/tomato leaf mold/tomato leaf mold (98).jpg,16693885674064655076,tomato leaf mold
multiple leaf dataset/tomato leaf/tomato leaf mold/tomato leaf mold (99).jpg,16262672868102145126,tomato leaf mold
multiple leaf dataset/tomato leaf/tomato spider mites/tomato spider mites (1).jpg,16479739090112911756,tomato spider mites
multiple leaf dataset/tomato leaf/tomato spider mites/tomato spider mites (10).jpg,16395810416928985139,tomato spider mites
multiple leaf dataset/tomato leaf/tomato spider mites/tomato spider mites (100).jpg,18200105392801210936,tomato spider mites
multiple leaf dataset/tomato leaf/tomato spider mites/tomato spider mites (101).jpg,18200105375621342776,tomato spider mites
multiple leaf dataset/tomato leaf/tomato spider mites/tomato spider mites (102).jpg,17623653839647174192,tomato spider mites
multiple leaf dataset/tomato leaf/tomato spider mites/tomato spider mites (103).jpg,12151775663390117945,tomato spider mites
multiple leaf dataset/tomato leaf/tomato spider mites/tomato spider mites (104).jpg,13491591239255891656,tomato spider mites
multiple leaf dataset/tomato leaf/tomato spider mites/tomato spider mites (105).jpg,13636498076710178633,tomato spider mites
multiple leaf dataset/tomato leaf/tomato spider mites/tomato spider mites (106).jpg,12518479468829805929,tomato spider mites
multiple leaf dataset/tomato leaf/tomato spider mites/tomato spider mites (107).jpg,13672526875460454153,tomato spider mites
multiple leaf dataset/tomato leaf/tomato spider mites/tomato spider mites (108).jpg,13672526879755388292,tomato spider mites
multiple leaf dataset/tomato leaf/tomato spider mites/tomato spider mites (109).jpg,13599352181903123908,tomato spider mites
multiple leaf dataset/tomato leaf/tomato spider mites/tomato spider mites (11).jpg,17912156476222899527,tomato spider mites
multiple leaf dataset/tomato leaf/tomato spider mites/tomato spider mites (110).jpg,13013325686895855462,tomato spider mites
multiple leaf dataset/tomato leaf/tomato spider mites/tomato spider mites (111).jpg,13013325678306051942,tomato spider mites
multiple leaf dataset/tomato leaf/tomato spider mites/tomato spider mites (112).jpg,13013325678507247076,tomato spider mites
multiple leaf dataset/tomato leaf/tomato spider mites/tomato spider mites (113).jpg,12734097605546790342,tomato spider mites
multiple leaf dataset/tomato leaf/tomato spider mites/tomato spider mites (114).jpg,11653233677800623556,tomato spider mites
multiple leaf dataset/tomato leaf/tomato spider mites/tomato spider mites (115).jpg,16539925763899757203,tomato spider mites
multiple leaf dataset/tomato leaf/tomato spider mites/tomato spider mites (116).jpg,16684040896140907411,tomato spider mites
multiple leaf dataset/tomato leaf/tomato spider mites/tomato spider mites (117).jpg,11640853738433321939,tomato spider mites
multiple leaf dataset/tomato leaf/tomato spider mites/tomato spider mites (118).jpg,11658867905081284787,tomato spider mites
multiple leaf dataset/tomato leaf/tomato spider mites/tomato spider mites (119).jpg,12800864800382426648,tomato spider mites
multiple leaf dataset/tomato leaf/tomato spider mites/tomato spider mites (12).jpg,17912165285200757831,tomato spider mites
multiple leaf dataset/tomato leaf/tomato spider mites/tomato spider mites (120).jpg,12733019036349524163,tomato spider mites
multiple leaf dataset/tomato leaf/tomato spider mites/tomato spider mites (121).jpg,12729371118269931032,tomato spider mites
multiple leaf dataset/tomato leaf/tomato spider mites/tomato spider mites (122).jpg,12746821467280888601,tomato spider mites
multiple leaf dataset/tomato leaf/tomato spider mites/tomato spider mites (123).jpg,13610382332209492265,tomato spider mites
multiple leaf dataset/tomato leaf/tomato spider mites/tomato spider mites (124).jpg,13664416181960389473,tomato spider mites
multiple leaf dataset/tomato leaf/tomato spider mites/tomato spider mites (125).jpg,13376187417797081197,tomato spider mites
multiple leaf dataset/tomato leaf/tomato spider mites/tomato spider mites (126).jpg,12158758859490313678,tomato spider mites
multiple leaf dataset/tomato leaf/tomato spider mites/tomato spider mites (127).jpg,13300470457626433135,tomato spider mites
multiple leaf dataset/tomato leaf/tomato spider mites/tomato spider mites (128).jpg,12731838236994606796,tomato spider mites
multiple leaf dataset/tomato leaf/tomato spider mites/tomato spider mites (129).jpg,11650982022839374745,tomato spider mites
multiple leaf dataset/tomato leaf/tomato spider mites/tomato spider mites (13).jpg,17912164975963129031,tomato spider mites
multiple leaf dataset/tomato leaf/tomato spider mites/tomato spider mites (130).jpg,11579488443873203149,tomato spider mites
multiple leaf dataset/tomato leaf/tomato spider mites/tomato spider mites (131).jpg,13011963383598894150,tomato spider mites
multiple leaf dataset/tomato leaf/tomato spider mites/tomato spider mites (132).jpg,11570538858299608221,tomato spider mites
multiple leaf dataset/tomato leaf/tomato spider mites/tomato spider mites (133).jpg,16542441454826015129,tomato spider mites
multiple leaf dataset/tomato leaf/tomato spider mites/tomato spider mites (134).jpg,16551730090671327384,tomato spider mites
multiple leaf dataset/tomato leaf/tomato spider mites/tomato spider mites (135).jpg,16551721243105806488,tomato spider mites
multiple leaf dataset/tomato leaf/tomato spider mites/tomato spider mites (136).jpg,16540471031473346972,tomato spider mites
multiple leaf dataset/tomato leaf/tomato spider mites/tomato spider mites (137).jpg,16549495273218169188,tomato spider mites
multiple leaf dataset/tomato leaf/tomato spider mites/tomato spider mites (138).jpg,11651052357321374105,tomato spider mites
multiple leaf dataset/tomato leaf/tomato spider mites/tomato spider mites (139).jpg,16550964371027007890,tomato spider mites
multiple leaf dataset/tomato leaf/tomato spider mites/tomato spider mites (14).jpg,18199832681330186344,tomato spider mites
multiple leaf dataset/tomato leaf/tomato spider mites/tomato spider mites (140).jpg,16549820878920522084,tomato spider mites
multiple leaf dataset/tomato leaf/tomato spider mites/tomato spider mites (141).jpg,16549829666420463910,tomato spider mites
multiple leaf dataset/tomato leaf/tomato spider mites/tomato spider mites (142).jpg,16567773696185768292,tomato spider mites
multiple leaf dataset/tomato leaf/tomato spider mites/tomato spider mites (143).jpg,16568055171162478884,tomato spider mites
multiple leaf dataset/tomato leaf/tomato spider mites/tomato spider mites (144).jpg,16550111141397174564,tomato spider mites
multiple leaf dataset/tomato leaf/tomato spider mites/tomato spider mites (145).jpg,16568055171162478884,tomato spider mites
multiple leaf dataset/tomato leaf/tomato spider mites/tomato spider mites (146).jpg,13807124315166293010,tomato spider mites
multiple leaf dataset/tomato leaf/tomato spider mites/tomato spider mites (147).jpg,13672034433900045458,tomato spider mites
multiple leaf dataset/tomato leaf/tomato spider mites/tomato spider mites (148).jpg,13563890790057921816,tomato spider mites
multiple leaf dataset/tomato leaf/tomato spider mites/tomato spider mites (149).jpg,13598793268396844174,tomato spider mites
multiple leaf dataset/tomato leaf/tomato spider mites/tomato spider mites (15).jpg,17911039338014454591,tomato spider mites
multiple leaf dataset/tomato leaf/tomato spider mites/tomato spider mites (150).jpg,13022381994186000518,tomato spider mites
multiple leaf dataset/tomato leaf/tomato spider mites/tomato spider mites (151).jpg,13022328118114150542,tomato spider mites
multiple leaf dataset/tomato leaf/tomato spider mites/tomato spider mites (152).jpg,13022381994177612166,tomato spider mites
multiple leaf dataset/tomato leaf/tomato spider mites/tomato spider mites (153).jpg,12725144414476228775,tomato spider mites
multiple leaf dataset/tomato leaf/tomato spider mites/tomato spider mites (154).jpg,12725142215218875635,tomato spider mites
multiple leaf dataset/tomato leaf/tomato spider mites/tomato spider mites (155).jpg,13302728661266517107,tomato spider mites
multiple leaf dataset/tomato leaf/tomato spider mites/tomato spider mites (156).jpg,12734149465978625267,tomato spider mites
multiple leaf dataset/tomato leaf/tomato spider mites/tomato spider mites (157).jpg,12806481873700493670,tomato spider mites
multiple leaf dataset/tomato leaf/tomato spider mites/tomato spider mites (158).jpg,12732190046277761427,tomato spider mites
multiple leaf dataset/tomato leaf/tomato spider mites/tomato spider mites (159).jpg,12513744790637672461,tomato spider mites
multiple leaf dataset/tomato leaf/tomato spider mites/tomato spider mites (16).jpg,17343603823835268816,tomato spider mites
multiple leaf dataset/tomato leaf/tomato spider mites/tomato spider mites (160).jpg,12514870956558872812,tomato spider mites
multiple leaf dataset/tomato leaf/tomato spider mites/tomato spider mites (161).jpg,12515436089697829180,tomato spider mites
multiple leaf dataset/tomato leaf/tomato spider mites/tomato spider mites (162).jpg,17235160054518908681,tomato spider mites
multiple leaf dataset/tomato leaf/tomato spider mites/tomato spider mites (163).jpg,12519961612600943884,tomato spider mites
multiple leaf dataset/tomato leaf/tomato spider mites/tomato spider mites (164).jpg,13672861264971177996,tomato spider mites
multiple leaf dataset/tomato leaf/tomato spider mites/tomato spider mites (165).jpg,13672861264971063488,tomato spider mites
multiple leaf dataset/tomato leaf/tomato spider mites/tomato spider mites (166).jpg,13672862227026699488,tomato spider mites
multiple leaf dataset/tomato leaf/tomato spider mites/tomato spider mites (167).jpg,13636789459760038916,tomato spider mites
multiple leaf dataset/tomato leaf/tomato spider mites/tomato spider mites (168).jpg,13564453740815606924,tomato spider mites
multiple leaf dataset/tomato leaf/tomato spider mites/tomato spider mites (169).jpg,16271397910178057062,tomato spider mites
multiple leaf dataset/tomato leaf/tomato spider mites/tomato spider mites (17).jpg,17631763829578581906,tomato spider mites
multiple leaf dataset/tomato leaf/tomato spider mites/tomato spider mites (170).jpg,12233920844240440103,tomato spider mites
multiple leaf dataset/tomato leaf/tomato spider mites/tomato spider mites (171).jpg,16829842078911188004,tomato spider mites
multiple leaf dataset/tomato leaf/tomato spider mites/tomato spider mites (172).jpg,16826464400394144044,tomato spider mites
multiple leaf dataset/tomato leaf/tomato spider mites/tomato spider mites (173).jpg,16846721819803568484,tomato spider mites
multiple leaf dataset/tomato leaf/tomato spider mites/tomato spider mites (174).jpg,17134954395229899616,tomato spider mites
multiple leaf dataset/tomato leaf/tomato spider mites/tomato spider mites (175).jpg,17134444221947841472,tomato spider mites
multiple leaf dataset/tomato leaf/tomato spider mites/tomato spider mites (176).jpg,17143446858923911489,tomato spider mites
multiple leaf dataset/tomato leaf/tomato spider mites/tomato spider mites (177).jpg,12531761390317877249,tomato spider mites
multiple leaf dataset/tomato leaf/tomato spider mites/tomato spider mites (178).jpg,12513746989663025153,tomato spider mites
multiple leaf dataset/tomato leaf/tomato spider mites/tomato spider mites (179).jpg,13013656640019745932,tomato spider mites
multiple leaf dataset/tomato leaf/tomato spider mites/tomato spider mites (18).jpg,17667791527085698451,tomato spider mites
multiple leaf dataset/tomato leaf/tomato spider mites/tomato spider mites (180).jpg,17634348757116505228,tomato spider mites
multiple leaf dataset/tomato leaf/tomato spider mites/tomato spider mites (181).jpg,16472362639281261772,tomato spider mites
multiple leaf dataset/tomato leaf/tomato spider mites/tomato spider mites (182).jpg,16544139033216584857,tomato spider mites
multiple leaf dataset/tomato leaf/tomato spider mites/tomato spider mites (183).jpg,16693883560783154330,tomato spider mites
multiple leaf dataset/tomato leaf/tomato spider mites/tomato spider mites (184).jpg,16693883560749602971,tomato spider mites
multiple leaf dataset/tomato leaf/tomato spider mites/tomato spider mites (185).jpg,16279551915135782041,tomato spider mites
multiple leaf dataset/tomato leaf/tomato spider mites/tomato spider mites (186).jpg,16278153336343137433,tomato spider mites
multiple leaf dataset/tomato leaf/tomato spider mites/tomato spider mites (187).jpg,11657460658711206299,tomato spider mites
multiple leaf dataset/tomato leaf/tomato spider mites/tomato spider mites (188).jpg,16271114171753667430,tomato spider mites
multiple leaf dataset/tomato leaf/tomato spider mites/tomato spider mites (189).jpg,16262659658359590294,tomato spider mites
multiple leaf dataset/tomato leaf/tomato spider mites/tomato spider mites (19).jpg,16262668451969592978,tomato spider mites
multiple leaf dataset/tomato leaf/tomato spider mites/tomato spider mites (190).jpg,16263231420716649618,tomato spider mites
multiple leaf dataset/tomato leaf/tomato spider mites/tomato spider mites (191).jpg,16551461796969222692,tomato spider mites
multiple leaf dataset/tomato leaf/tomato spider mites/tomato spider mites (192).jpg,16479474537315736100,tomato spider mites
multiple leaf dataset/tomato leaf/tomato spider mites/tomato spider mites (193).jpg,16479756012292442884,tomato spider mites
multiple leaf dataset/tomato leaf/tomato spider mites/tomato spider mites (194).jpg,17634366367564335492,tomato spider mites
multiple leaf dataset/tomato leaf/tomato spider mites/tomato spider mites (195).jpg,17490234669634193798,tomato spider mites
multiple leaf dataset/tomato leaf/tomato spider mites/tomato spider mites (196).jpg,17490234661094722598,tomato spider mites
multiple leaf dataset/tomato leaf/tomato spider mites/tomato spider mites (197).jpg,16616539682381392934,tomato spider mites
multiple leaf dataset/tomato leaf/tomato spider mites/tomato spider mites (198).jpg,16625489715839536164,tomato spider mites
multiple leaf dataset/tomato leaf/tomato spider mites/tomato spider mites (199).jpg,13013661029528673318,tomato spider mites
multiple leaf dataset/tomato leaf/tomato spider mites/tomato spider mites (2).jpg,17776213107707517324,tomato spider mites
multiple leaf dataset/tomato leaf/tomato spider mites/tomato spider mites (20).jpg,16551462432523716233,tomato spider mites
multiple leaf dataset/tomato leaf/tomato spider mites/tomato spider mites (200).jpg,17916383216694604837,tomato spider mites
multiple leaf dataset/tomato leaf/tomato spider mites/tomato spider mites (201).jpg,17916383216694604069,tomato spider mites
multiple leaf dataset/tomato leaf/tomato spider mites/tomato spider mites (202).jpg,17916382804374992199,tomato spider mites
multiple leaf dataset/tomato leaf/tomato spider mites/tomato spider mites (203).jpg,17913000920584571539,tomato spider mites
multiple leaf dataset/tomato leaf/tomato spider mites/tomato spider mites (204).jpg,18271317197889497987,tomato spider mites
multiple leaf dataset/tomato leaf/tomato spider mites/tomato spider mites (205).jpg,18208267058537590843,tomato spider mites
multiple leaf dataset/tomato leaf/tomato spider mites/tomato spider mites (206).jpg,18280324652575518873,tomato spider mites
multiple leaf dataset/tomato leaf/tomato spider mites/tomato spider mites (207).jpg,18271881513637263761,tomato spider mites
multiple leaf dataset/tomato leaf/tomato spider mites/tomato spider mites (208).jpg,18280888693701894289,tomato spider mites
multiple leaf dataset/tomato leaf/tomato spider mites/tomato spider mites (209).jpg,16840862714959770290,tomato spider mites
multiple leaf dataset/tomato leaf/tomato spider mites/tomato spider mites (21).jpg,17632379119734655436,tomato spider mites
multiple leaf dataset/tomato leaf/tomato spider mites/tomato spider mites (210).jpg,16768193109847271604,tomato spider mites
multiple leaf dataset/tomato leaf/tomato spider mites/tomato spider mites (211).jpg,16263794353523942578,tomato spider mites
multiple leaf dataset/tomato leaf/tomato spider mites/tomato spider mites (212).jpg,12873204427742846153,tomato spider mites
multiple leaf dataset/tomato leaf/tomato spider mites/tomato spider mites (213).jpg,12873204426673304012,tomato spider mites
multiple leaf dataset/tomato leaf/tomato spider mites/tomato spider mites (214).jpg,13161432466631242636,tomato spider mites
multiple leaf dataset/tomato leaf/tomato spider mites/tomato spider mites (215).jpg,13017317828244091790,tomato spider mites
multiple leaf dataset/tomato leaf/tomato spider mites/tomato spider mites (216).jpg,13016756527570301902,tomato spider mites
multiple leaf dataset/tomato leaf/tomato spider mites/tomato spider mites (217).jpg,13016756527587079118,tomato spider mites
multiple leaf dataset/tomato leaf/tomato spider mites/tomato spider mites (218).jpg,13016757077346956230,tomato spider mites
multiple leaf dataset/tomato leaf/tomato spider mites/tomato spider mites (219).jpg,17919756623618323010,tomato spider mites
multiple leaf dataset/tomato leaf/tomato spider mites/tomato spider mites (22).jpg,18269084123373143189,tomato spider mites
multiple leaf dataset/tomato leaf/tomato spider mites/tomato spider mites (220).jpg,17918630586272543426,tomato spider mites
multiple leaf dataset/tomato leaf/tomato spider mites/tomato spider mites (221).jpg,17918635119612604997,tomato spider mites
multiple leaf dataset/tomato leaf/tomato spider mites/tomato spider mites (222).jpg,17918634982190494245,tomato spider mites
multiple leaf dataset/tomato leaf/tomato spider mites/tomato spider mites (223).jpg,13167905069384999705,tomato spider mites
multiple leaf dataset/tomato leaf/tomato spider mites/tomato spider mites (224).jpg,13167628004802831233,tomato spider mites
multiple leaf dataset/tomato leaf/tomato spider mites/tomato spider mites (225).jpg,12878271728811402113,tomato spider mites
multiple leaf dataset/tomato leaf/tomato spider mites/tomato spider mites (226).jpg,12878286984669577923,tomato spider mites
multiple leaf dataset/tomato leaf/tomato spider mites/tomato spider mites (227).jpg,12878269529922601862,tomato spider mites
multiple leaf dataset/tomato leaf/tomato spider mites/tomato spider mites (228).jpg,12735280220177924999,tomato spider mites
multiple leaf dataset/tomato leaf/tomato spider mites/tomato spider mites (229).jpg,12735279412721993411,tomato spider mites
multiple leaf dataset/tomato leaf/tomato spider mites/tomato spider mites (23).jpg,18410928820005680261,tomato spider mites
multiple leaf dataset/tomato leaf/tomato spider mites/tomato spider mites (230).jpg,12735279412856211075,tomato spider mites
multiple leaf dataset/tomato leaf/tomato spider mites/tomato spider mites (231).jpg,12807337075471927169,tomato spider mites
multiple leaf dataset/tomato leaf/tomato spider mites/tomato spider mites (232).jpg,13380700374681007815,tomato spider mites
multiple leaf dataset/tomato leaf/tomato spider mites/tomato spider mites (233).jpg,12948921610308163846,tomato spider mites
multiple leaf dataset/tomato leaf/tomato spider mites/tomato spider mites (234).jpg,12873204427742853324,tomato spider mites
multiple leaf dataset/tomato leaf/tomato spider mites/tomato spider mites (235).jpg,11576167073626813241,tomato spider mites
multiple leaf dataset/tomato leaf/tomato spider mites/tomato spider mites (236).jpg,11864608556027818897,tomato spider mites
multiple leaf dataset/tomato leaf/tomato spider mites/tomato spider mites (237).jpg,11936173560258179986,tomato spider mites
multiple leaf dataset/tomato leaf/tomato spider mites/tomato spider mites (238).jpg,11936173010435389078,tomato spider mites
multiple leaf dataset/tomato leaf/tomato spider mites/tomato spider mites (239).jpg,11936173008555685814,tomato spider mites
multiple leaf dataset/tomato leaf/tomato spider mites/tomato spider mites (24).jpg,18410926621015979201,tomato spider mites
multiple leaf dataset/tomato leaf/tomato spider mites/tomato spider mites (240).jpg,12512629920084604598,tomato spider mites
multiple leaf dataset/tomato leaf/tomato spider mites/tomato spider mites (241).jpg,13086011623489939343,tomato spider mites
multiple leaf dataset/tomato leaf/tomato spider mites/tomato spider mites (242).jpg,13022943636604593807,tomato spider mites
multiple leaf dataset/tomato leaf/tomato spider mites/tomato spider mites (243).jpg,13086275437896688015,tomato spider mites
multiple leaf dataset/tomato leaf/tomato spider mites/tomato spider mites (244).jpg,13086268016222585230,tomato spider mites
multiple leaf dataset/tomato leaf/tomato spider mites/tomato spider mites (245).jpg,11933355273310585808,tomato spider mites
multiple leaf dataset/tomato leaf/tomato spider mites/tomato spider mites (246).jpg,13023244525677852433,tomato spider mites
multiple leaf dataset/tomato leaf/tomato spider mites/tomato spider mites (247).jpg,13158337102423580960,tomato spider mites
multiple leaf dataset/tomato leaf/tomato spider mites/tomato spider mites (248).jpg,12878553049304318144,tomato spider mites
multiple leaf dataset/tomato leaf/tomato spider mites/tomato spider mites (249).jpg,12878271574327476673,tomato spider mites
multiple leaf dataset/tomato leaf/tomato spider mites/tomato spider mites (25).jpg,18410928820035032265,tomato spider mites
multiple leaf dataset/tomato leaf/tomato spider mites/tomato spider mites (250).jpg,12878270216242239939,tomato spider mites
multiple leaf dataset/tomato leaf/tomato spider mites/tomato spider mites (251).jpg,12878270199078885835,tomato spider mites
multiple leaf dataset/tomato leaf/tomato spider mites/tomato spider mites (252).jpg,12734151781170911693,tomato spider mites
multiple leaf dataset/tomato leaf/tomato spider mites/tomato spider mites (253).jpg,12735275749214854556,tomato spider mites
multiple leaf dataset/tomato leaf/tomato spider mites/tomato spider mites (254).jpg,12733593358834374968,tomato spider mites
multiple leaf dataset/tomato leaf/tomato spider mites/tomato spider mites (255).jpg,12729366707288226104,tomato spider mites
multiple leaf dataset/tomato leaf/tomato spider mites/tomato spider mites (256).jpg,12729366707288226104,tomato spider mites
multiple leaf dataset/tomato leaf/tomato spider mites/tomato spider mites (257).jpg,11792266136963461945,tomato spider mites
multiple leaf dataset/tomato leaf/tomato spider mites/tomato spider mites (258).jpg,12945190939023586105,tomato spider mites
multiple leaf dataset/tomato leaf/tomato spider mites/tomato spider mites (259).jpg,12729018157985522493,tomato spider mites
multiple leaf dataset/tomato leaf/tomato spider mites/tomato spider mites (26).jpg,18410928751315555531,tomato spider mites
multiple leaf dataset/tomato leaf/tomato spider mites/tomato spider mites (260).jpg,16820322912623714659,tomato spider mites
multiple leaf dataset/tomato leaf/tomato spider mites/tomato spider mites (261).jpg,16243022087556811928,tomato spider mites
multiple leaf dataset/tomato leaf/tomato spider mites/tomato spider mites (262).jpg,16240715367998540746,tomato spider mites
multiple leaf dataset/tomato leaf/tomato spider mites/tomato spider mites (263).jpg,13303850020864343708,tomato spider mites
multiple leaf dataset/tomato leaf/tomato spider mites/tomato spider mites (264).jpg,13372526959019458189,tomato spider mites
multiple leaf dataset/tomato leaf/tomato spider mites/tomato spider mites (265).jpg,13381534021001113756,tomato spider mites
multiple leaf dataset/tomato leaf/tomato spider mites/tomato spider mites (266).jpg,13372526967909413021,tomato spider mites
multiple leaf dataset/tomato leaf/tomato spider mites/tomato spider mites (267).jpg,13381816037110850201,tomato spider mites
multiple leaf dataset/tomato leaf/tomato spider mites/tomato spider mites (268).jpg,13382378987180664409,tomato spider mites
multiple leaf dataset/tomato leaf/tomato spider mites/tomato spider mites (269).jpg,13380981608833492569,tomato spider mites
multiple leaf dataset/tomato leaf/tomato spider mites/tomato spider mites (27).jpg,18338872543469947750,tomato spider mites
multiple leaf dataset/tomato leaf/tomato spider mites/tomato spider mites (270).jpg,13669209803078895373,tomato spider mites
multiple leaf dataset/tomato leaf/tomato spider mites/tomato spider mites (271).jpg,13157764256328259470,tomato spider mites
multiple leaf dataset/tomato leaf/tomato spider mites/tomato spider mites (272).jpg,16550898846166755382,tomato spider mites
multiple leaf dataset/tomato leaf/tomato spider mites/tomato spider mites (273).jpg,16550898833268765750,tomato spider mites
multiple leaf dataset/tomato leaf/tomato spider mites/tomato spider mites (274).jpg,11939775764264498738,tomato spider mites
multiple leaf dataset/tomato leaf/tomato spider mites/tomato spider mites (275).jpg,11940055040217921075,tomato spider mites
multiple leaf dataset/tomato leaf/tomato spider mites/tomato spider mites (276).jpg,12012112636503532391,tomato spider mites
multiple leaf dataset/tomato leaf/tomato spider mites/tomato spider mites (277).jpg,12012113736010976614,tomato spider mites
multiple leaf dataset/tomato leaf/tomato spider mites/tomato spider mites (278).jpg,12012113173388381225,tomato spider mites
multiple leaf dataset/tomato leaf/tomato spider mites/tomato spider mites (279).jpg,12945259139857696397,tomato spider mites
multiple leaf dataset/tomato leaf/tomato spider mites/tomato spider mites (28).jpg,18338872543469947846,tomato spider mites
multiple leaf dataset/tomato leaf/tomato spider mites/tomato spider mites (280).jpg,12873201545903674311,tomato spider mites
multiple leaf dataset/tomato leaf/tomato spider mites/tomato spider mites (281).jpg,12873201544967297987,tomato spider mites
multiple leaf dataset/tomato leaf/tomato spider mites/tomato spider mites (282).jpg,11863833384332243863,tomato spider mites
multiple leaf dataset/tomato leaf/tomato spider mites/tomato spider mites (283).jpg,11866368820015216172,tomato spider mites
multiple leaf dataset/tomato leaf/tomato spider mites/tomato spider mites (284).jpg,13106824648694194479,tomato spider mites
multiple leaf dataset/tomato leaf/tomato spider mites/tomato spider mites (285).jpg,16611699688243147667,tomato spider mites
multiple leaf dataset/tomato leaf/tomato spider mites/tomato spider mites (286).jpg,16711901172236169779,tomato spider mites
multiple leaf dataset/tomato leaf/tomato spider mites/tomato spider mites (287).jpg,16414665933025535585,tomato spider mites
multiple leaf dataset/tomato leaf/tomato spider mites/tomato spider mites (288).jpg,16268295642728196972,tomato spider mites
multiple leaf dataset/tomato leaf/tomato spider mites/tomato spider mites (289).jpg,16271112590435509860,tomato spider mites
multiple leaf dataset/tomato leaf/tomato spider mites/tomato spider mites (29).jpg,18050646565331192775,tomato spider mites
multiple leaf dataset/tomato leaf/tomato spider mites/tomato spider mites (290).jpg,16494045062595558182,tomato spider mites
multiple leaf dataset/tomato leaf/tomato spider mites/tomato spider mites (291).jpg,16494318428849644644,tomato spider mites
multiple leaf dataset/tomato leaf/tomato spider mites/tomato spider mites (292).jpg,16475789880039945766,tomato spider mites
multiple leaf dataset/tomato leaf/tomato spider mites/tomato spider mites (293).jpg,16475737377260037219,tomato spider mites
multiple leaf dataset/tomato leaf/tomato spider mites/tomato spider mites (294).jpg,16480029806314676321,tomato spider mites
multiple leaf dataset/tomato leaf/tomato spider mites/tomato spider mites (295).jpg,16552015898408140385,tomato spider mites
multiple leaf dataset/tomato leaf/tomato spider mites/tomato spider mites (296).jpg,11940338710365871215,tomato spider mites
multiple leaf dataset/tomato leaf/tomato spider mites/tomato spider mites (297).jpg,16260975089049908133,tomato spider mites
multiple leaf dataset/tomato leaf/tomato spider mites/tomato spider mites (298).jpg,12733514261190162043,tomato spider mites
multiple leaf dataset/tomato leaf/tomato spider mites/tomato spider mites (299).jpg,11578929255569122099,tomato spider mites
multiple leaf dataset/tomato leaf/tomato spider mites/tomato spider mites (3).jpg,17490225666359860364,tomato spider mites
multiple leaf dataset/tomato leaf/tomato spider mites/tomato spider mites (30).jpg,18343376146864044163,tomato spider mites
multiple leaf dataset/tomato leaf/tomato spider mites/tomato spider mites (300).jpg,16254561312081093529,tomato spider mites
multiple leaf dataset/tomato leaf/tomato spider mites/tomato spider mites (301).jpg,16470394800351845276,tomato spider mites
multiple leaf dataset/tomato leaf/tomato spider mites/tomato spider mites (302).jpg,16756371066806035817,tomato spider mites
multiple leaf dataset/tomato leaf/tomato spider mites/tomato spider mites (303).jpg,16261828327811682457,tomato spider mites
multiple leaf dataset/tomato leaf/tomato spider mites/tomato spider mites (304).jpg,16253379680658408822,tomato spider mites
multiple leaf dataset/tomato leaf/tomato spider mites/tomato spider mites (305).jpg,16271394078900012337,tomato spider mites
multiple leaf dataset/tomato leaf/tomato spider mites/tomato spider mites (306).jpg,16837726131034255361,tomato spider mites
multiple leaf dataset/tomato leaf/tomato spider mites/tomato spider mites (307).jpg,17632097644766337420,tomato spider mites
multiple leaf dataset/tomato leaf/tomato spider mites/tomato spider mites (31).jpg,18056271664310802821,tomato spider mites
multiple leaf dataset/tomato leaf/tomato spider mites/tomato spider mites (32).jpg,17772551145578902502,tomato spider mites
multiple leaf dataset/tomato leaf/tomato spider mites/tomato spider mites (33).jpg,17772553344602153958,tomato spider mites
multiple leaf dataset/tomato leaf/tomato spider mites/tomato spider mites (34).jpg,17628719631503009510,tomato spider mites
multiple leaf dataset/tomato leaf/tomato spider mites/tomato spider mites (35).jpg,18203773558743708007,tomato spider mites
multiple leaf dataset/tomato leaf/tomato spider mites/tomato spider mites (36).jpg,18203773558745804903,tomato spider mites
multiple leaf dataset/tomato leaf/tomato spider mites/tomato spider mites (37).jpg,18194765927708452559,tomato spider mites
multiple leaf dataset/tomato leaf/tomato spider mites/tomato spider mites (38).jpg,18194757132033812175,tomato spider mites
multiple leaf dataset/tomato leaf/tomato spider mites/tomato spider mites (39).jpg,18266814726071740103,tomato spider mites
multiple leaf dataset/tomato leaf/tomato spider mites/tomato spider mites (4).jpg,17773956841127844248,tomato spider mites
multiple leaf dataset/tomato leaf/tomato spider mites/tomato spider mites (40).jpg,18269066526959232645,tomato spider mites
multiple leaf dataset/tomato leaf/tomato spider mites/tomato spider mites (41).jpg,18197026529335223445,tomato spider mites
multiple leaf dataset/tomato leaf/tomato spider mites/tomato spider mites (42).jpg,16551461367464171660,tomato spider mites
multiple leaf dataset/tomato leaf/tomato spider mites/tomato spider mites (43).jpg,16551452571406538885,tomato spider mites
multiple leaf dataset/tomato leaf/tomato spider mites/tomato spider mites (44).jpg,16551461358909299084,tomato spider mites
multiple leaf dataset/tomato leaf/tomato spider mites/tomato spider mites (45).jpg,16552582847890985880,tomato spider mites
multiple leaf dataset/tomato leaf/tomato spider mites/tomato spider mites (46).jpg,16547514099272291229,tomato spider mites
multiple leaf dataset/tomato leaf/tomato spider mites/tomato spider mites (47).jpg,17125391005230404300,tomato spider mites
multiple leaf dataset/tomato leaf/tomato spider mites/tomato spider mites (48).jpg,17125391000934912910,tomato spider mites
multiple leaf dataset/tomato leaf/tomato spider mites/tomato spider mites (49).jpg,16557924339671145254,tomato spider mites
multiple leaf dataset/tomato leaf/tomato spider mites/tomato spider mites (5).jpg,16540840278401585529,tomato spider mites
multiple leaf dataset/tomato leaf/tomato spider mites/tomato spider mites (50).jpg,17619434384672396978,tomato spider mites
multiple leaf dataset/tomato leaf/tomato spider mites/tomato spider mites (51).jpg,17628441583661192083,tomato spider mites
multiple leaf dataset/tomato leaf/tomato spider mites/tomato spider mites (52).jpg,17629005633123615666,tomato spider mites
multiple leaf dataset/tomato leaf/tomato spider mites/tomato spider mites (53).jpg,17628442691741750246,tomato spider mites
multiple leaf dataset/tomato leaf/tomato spider mites/tomato spider mites (54).jpg,18266836230655861217,tomato spider mites
multiple leaf dataset/tomato leaf/tomato spider mites/tomato spider mites (55).jpg,18275843429908505953,tomato spider mites
multiple leaf dataset/tomato leaf/tomato spider mites/tomato spider mites (56).jpg,16942715268723518583,tomato spider mites
multiple leaf dataset/tomato leaf/tomato spider mites/tomato spider mites (57).jpg,16335855224023968947,tomato spider mites
multiple leaf dataset/tomato leaf/tomato spider mites/tomato spider mites (58).jpg,16335010283701941427,tomato spider mites
multiple leaf dataset/tomato leaf/tomato spider mites/tomato spider mites (59).jpg,16911461674342245940,tomato spider mites
multiple leaf dataset/tomato leaf/tomato spider mites/tomato spider mites (6).jpg,16684111024367506322,tomato spider mites
multiple leaf dataset/tomato leaf/tomato spider mites/tomato spider mites (60).jpg,17670047716761715937,tomato spider mites
multiple leaf dataset/tomato leaf/tomato spider mites/tomato spider mites (61).jpg,13094386131666789568,tomato spider mites
multiple leaf dataset/tomato leaf/tomato spider mites/tomato spider mites (62).jpg,16262668454753758350,tomato spider mites
multiple leaf dataset/tomato leaf/tomato spider mites/tomato spider mites (63).jpg,16262665700643818639,tomato spider mites
multiple leaf dataset/tomato leaf/tomato spider mites/tomato spider mites (64).jpg,16263228792297540764,tomato spider mites
multiple leaf dataset/tomato leaf/tomato spider mites/tomato spider mites (65).jpg,16696693517661575321,tomato spider mites
multiple leaf dataset/tomato leaf/tomato spider mites/tomato spider mites (66).jpg,16568066505402522723,tomato spider mites
multiple leaf dataset/tomato leaf/tomato spider mites/tomato spider mites (67).jpg,16567785030627252763,tomato spider mites
multiple leaf dataset/tomato leaf/tomato spider mites/tomato spider mites (68).jpg,16423669842551396891,tomato spider mites
multiple leaf dataset/tomato leaf/tomato spider mites/tomato spider mites (69).jpg,16711900218703108627,tomato spider mites
multiple leaf dataset/tomato leaf/tomato spider mites/tomato spider mites (7).jpg,16684040655639712690,tomato spider mites
multiple leaf dataset/tomato leaf/tomato spider mites/tomato spider mites (70).jpg,16279554637329249969,tomato spider mites
multiple leaf dataset/tomato leaf/tomato spider mites/tomato spider mites (71).jpg,16206148938722030228,tomato spider mites
multiple leaf dataset/tomato leaf/tomato spider mites/tomato spider mites (72).jpg,17628723496703603348,tomato spider mites
multiple leaf dataset/tomato leaf/tomato spider mites/tomato spider mites (73).jpg,17691786535753183817,tomato spider mites
multiple leaf dataset/tomato leaf/tomato spider mites/tomato spider mites (74).jpg,17700776142939173737,tomato spider mites
multiple leaf dataset/tomato leaf/tomato spider mites/tomato spider mites (75).jpg,17700486419817440109,tomato spider mites
multiple leaf dataset/tomato leaf/tomato spider mites/tomato spider mites (76).jpg,17664739063415460715,tomato spider mites
multiple leaf dataset/tomato leaf/tomato spider mites/tomato spider mites (77).jpg,18275838834268332589,tomato spider mites
multiple leaf dataset/tomato leaf/tomato spider mites/tomato spider mites (78).jpg,17335141593653208753,tomato spider mites
multiple leaf dataset/tomato leaf/tomato spider mites/tomato spider mites (79).jpg,17623372485200995986,tomato spider mites
multiple leaf dataset/tomato leaf/tomato spider mites/tomato spider mites (8).jpg,16693116093059931537,tomato spider mites
multiple leaf dataset/tomato leaf/tomato spider mites/tomato spider mites (80).jpg,17595805426268064998,tomato spider mites
multiple leaf dataset/tomato leaf/tomato spider mites/tomato spider mites (81).jpg,16228601197993086084,tomato spider mites
multiple leaf dataset/tomato leaf/tomato spider mites/tomato spider mites (82).jpg,16228601189386407064,tomato spider mites
multiple leaf dataset/tomato leaf/tomato spider mites/tomato spider mites (83).jpg,16800556143240453530,tomato spider mites
multiple leaf dataset/tomato leaf/tomato spider mites/tomato spider mites (84).jpg,17088786519392228506,tomato spider mites
multiple leaf dataset/tomato leaf/tomato spider mites/tomato spider mites (85).jpg,17124533841434351257,tomato spider mites
multiple leaf dataset/tomato leaf/tomato spider mites/tomato spider mites (86).jpg,16512325767088740057,tomato spider mites
multiple leaf dataset/tomato leaf/tomato spider mites/tomato spider mites (87).jpg,17052481813669517977,tomato spider mites
multiple leaf dataset/tomato leaf/tomato spider mites/tomato spider mites (88).jpg,16511270347724986068,tomato spider mites
multiple leaf dataset/tomato leaf/tomato spider mites/tomato spider mites (89).jpg,16439221618068066998,tomato spider mites
multiple leaf dataset/tomato leaf/tomato spider mites/tomato spider mites (9).jpg,16711126093590007185,tomato spider mites
multiple leaf dataset/tomato leaf/tomato spider mites/tomato spider mites (90).jpg,16442590521908827556,tomato spider mites
multiple leaf dataset/tomato leaf/tomato spider mites/tomato spider mites (91).jpg,16263503532765596044,tomato spider mites
multiple leaf dataset/tomato leaf/tomato spider mites/tomato spider mites (92).jpg,16263503635878300041,tomato spider mites
multiple leaf dataset/tomato leaf/tomato spider mites/tomato spider mites (93).jpg,16695849200069822856,tomato spider mites
multiple leaf dataset/tomato leaf/tomato spider mites/tomato spider mites (94).jpg,16695853611026123160,tomato spider mites
multiple leaf dataset/tomato leaf/tomato spider mites/tomato spider mites (95).jpg,16692475911262595226,tomato spider mites
multiple leaf dataset/tomato leaf/tomato spider mites/tomato spider mites (96).jpg,16691921757200344728,tomato spider mites
multiple leaf dataset/tomato leaf/tomato spider mites/tomato spider mites (97).jpg,16547859962014753420,tomato spider mites
multiple leaf dataset/tomato leaf/tomato spider mites/tomato spider mites (98).jpg,17404044736946708842,tomato spider mites
multiple leaf dataset/tomato leaf/tomato spider mites/tomato spider mites (99).jpg,17906808459586118776,tomato spider mites
